0.05918339639902114,-0.004131767898797989,0.772481620311737,0.9994428753852845,0.0034711214248090982,-0.03318775072693825,-0.0006596609600819647,0.03255803510546684,0.09496359527111053,0.1969442367553711,0.29135149717330927,-0.26710838079452515,-0.10358302295207976,0.01141637098044157,-0.10812894254922865,-0.206220418214798,0.32717278599739075,-0.27936699986457825,0.10601869225502014,-0.06949644535779953,0.011093469336628912,0.20311270654201508,0.005766698624938726,0.3040902614593506,-0.5740227103233337,0.9932024478912352,-0.1163765862584114,0.021614287048578262,0.02993102371692657,-0.027567811310291287,-0.2628782391548157,0.4704464375972748,1.06917667388916,-0.05267605930566788,0.11726057529449462,-0.06045978516340256
0.05877593904733658,-0.00462657492607832,0.7726324200630189,0.9994359612464904,0.0039034688379615545,-0.03319014236330986,-0.003303505713120103,0.03527507185935974,0.09543888270854949,0.20242862403392792,0.2850324213504791,-0.2664386034011841,-0.10477574914693832,0.010085215792059898,-0.10809309780597685,-0.20264023542404172,0.32709965109825134,-0.2789289057254791,0.107048861682415,-0.06896732747554779,0.010710573755204676,0.2009078711271286,0.014502725563943386,0.3031714856624603,-0.5806118845939636,0.9953722357749939,-0.11564578115940093,0.017040444537997242,0.02544497139751911,-0.026526082307100296,-0.26303794980049133,0.4622652232646942,1.0689709186553955,-0.05457386001944542,0.11897488683462142,-0.06046149879693985
0.0586555004119873,-0.005156569182872772,0.7726079821586608,0.9994134306907652,0.004524892661720513,-0.0333203561604023,-0.006490046624094248,0.03845053911209106,0.09523027390241624,0.20792096853256223,0.27893003821372986,-0.26527705788612366,-0.10525867342948912,0.007005324121564627,-0.10867931693792345,-0.19814391434192655,0.33020585775375366,-0.28036415576934814,0.10739817470312119,-0.07044721394777298,0.00992803368717432,0.19961556792259216,0.021690074354410168,0.3015245199203491,-0.5864635109901428,1.003955602645874,-0.11530490219593048,0.009297703392803669,0.023218380287289616,-0.02728002890944481,-0.26192736625671387,0.451070100069046,1.0684459209442139,-0.05177673324942589,0.12030769139528275,-0.06189732626080513
0.058653883635997765,-0.0055622668005526075,0.7724329233169556,0.9993573427200316,0.005367783829569817,-0.03386598452925682,-0.010451807640492916,0.04352719336748123,0.09462607651948927,0.2147214710712433,0.273357629776001,-0.26502421498298645,-0.10609780251979828,0.002874211175367236,-0.10953707993030548,-0.19117598235607147,0.33753478527069086,-0.28331702947616577,0.10773215442895888,-0.07343483716249467,0.007958353497087955,0.19888992607593536,0.02539128065109253,0.297857403755188,-0.5864022970199585,1.0281786918640137,-0.12291298806667328,0.006079146172851324,0.029030203819274902,-0.029591212049126625,-0.2585100829601288,0.4390770196914673,1.0666685104370115,-0.04723989218473434,0.11997801065444946,-0.0642937570810318
0.05866759270429611,-0.005951665341854096,0.772179126739502,0.9992785453796386,0.006301762536168098,-0.034542955458164215,-0.014474744908511639,0.049741733819246285,0.09423159807920457,0.2231285274028778,0.2687267661094665,-0.2655695676803589,-0.10722792148590088,-0.0022165507543832064,-0.11020741611719131,-0.1824204623699188,0.3469212055206299,-0.28668588399887085,0.10692716389894484,-0.0787523314356804,0.005596278700977564,0.1986086219549179,0.021277818828821186,0.28820300102233887,-0.5705891251564026,1.0752811431884763,-0.14344669878482819,0.012156124226748943,0.054524872452020645,-0.033685244619846344,-0.2525380849838257,0.42465144395828247,1.0621752738952637,-0.04066520556807519,0.1168178543448448,-0.06818799674510956
0.0587347075343132,-0.006430914159864187,0.7720230221748352,0.9992030858993529,0.007434877566993235,-0.034884389489889145,-0.017916185781359673,0.055049728602170944,0.09363751113414764,0.2323537170886993,0.26524978876113886,-0.265346884727478,-0.10758113861083984,-0.008377046324312689,-0.1115272268652916,-0.17424216866493225,0.357145220041275,-0.2897679805755615,0.10444172471761703,-0.086752749979496,0.0038141452241688967,0.1994960904121399,0.0021936558187007904,0.2685791850090027,-0.5237669348716736,1.1309845447540283,-0.18819011747837064,0.03176947683095932,0.11510895192623138,-0.038182158023118966,-0.24429412186145785,0.40694519877433777,1.0530372858047483,-0.02712054923176765,0.1091943234205246,-0.07517965883016585
0.058434415608644485,-0.006820146460086107,0.7720595598220825,0.999147891998291,0.008455115370452404,-0.03443622216582298,-0.02112225070595741,0.056920107454061515,0.09279047697782515,0.23960398137569427,0.2629344165325165,-0.26365774869918823,-0.10697807371616364,-0.01540542859584093,-0.11348594725131989,-0.17130006849765775,0.3647685647010803,-0.29127037525177,0.10127459466457366,-0.09440644830465315,0.004495608154684305,0.20324158668518064,-0.036082856357097626,0.24715681374073029,-0.4610887467861176,1.1429448127746582,-0.25760528445243835,0.046913184225559235,0.1879010647535324,-0.04350756481289864,-0.23607259988784793,0.38877621293067927,1.0400385856628416,-0.01135313045233488,0.10238193720579147,-0.08644877374172209
0.05781401693820953,-0.0071976426988840094,0.7723746299743651,0.999155044555664,0.008763759396970272,-0.03202994540333748,-0.02421746216714382,0.05236419662833214,0.09400770813226701,0.24646301567554477,0.26233115792274475,-0.25987961888313293,-0.1058540865778923,-0.02620544284582138,-0.11382658034563065,-0.1714150458574295,0.3666234016418457,-0.28874701261520386,0.09762538224458694,-0.10309785604476927,0.009837226010859011,0.2092930972576141,-0.09372317790985107,0.22874538600444796,-0.40851944684982294,1.079912781715393,-0.3488736152648926,0.04540979489684105,0.2699939608573913,-0.05049951747059822,-0.23242029547691345,0.3808670938014984,1.0222355127334595,0.003061635186895728,0.0968015640974045,-0.09810850769281389
0.05638057366013527,-0.007571698632091283,0.773115634918213,0.9992442727088928,0.007669891230762003,-0.027257846668362617,-0.02662750706076622,0.03851386904716492,0.09943653643131256,0.251137912273407,0.26553383469581604,-0.2552338242530823,-0.10336481779813766,-0.04008372128009796,-0.11000099778175354,-0.17153476178646088,0.3581984341144562,-0.27935776114463806,0.09340700507164,-0.11579540371894836,0.021473351866006848,0.2168645411729813,-0.1642863154411316,0.2211459279060364,-0.3938386738300323,0.916019856929779,-0.4586332440376282,0.011264406144618988,0.3076291084289551,-0.05815405771136284,-0.23973423242568967,0.3937270641326904,0.9920654296875,0.003062250791117549,0.09316772967576979,-0.09988730400800705
0.05406520515680313,-0.008501332253217697,0.7742081880569458,0.9993653893470765,0.005098110996186732,-0.020237650722265244,-0.02886705473065376,0.015305585227906704,0.10778164863586424,0.2503407895565033,0.2706913650035858,-0.2483139783143997,-0.10137046128511427,-0.05285142362117767,-0.100420743227005,-0.1681683361530304,0.3357982635498047,-0.2610275447368622,0.08934783190488814,-0.13344211876392365,0.04224884882569313,0.22242338955402371,-0.2338905781507492,0.2418341487646103,-0.44718775153160095,0.6383069753646851,-0.5441348552703857,-0.035857930779457085,0.2754715085029602,-0.0595344677567482,-0.2643900513648987,0.41618266701698303,0.929642617702484,-0.0068970336578786364,0.09309667348861694,-0.08359327912330627
0.051052238792181015,-0.00962572917342186,0.7755246162414551,0.9995077252388,0.0022787803318351507,-0.01243217010051012,-0.02871433086693287,-0.009020786732435226,0.11556924879550932,0.24530552327632904,0.27230545878410334,-0.23724688589572904,-0.1013396456837654,-0.061222102493047714,-0.08806847780942915,-0.1647190302610397,0.3050323724746704,-0.23854027688503265,0.08693758398294447,-0.1486496478319168,0.06980139017105103,0.22256158292293549,-0.3030736446380615,0.301596075296402,-0.5584605932235718,0.2996150553226471,-0.5518572330474854,-0.04277127981185913,0.2015855312347412,-0.04814357310533524,-0.3003610670566559,0.4142504334449768,0.8432990908622741,-0.004156769718974829,0.09397126734256744,-0.05964995548129082
0.04782572761178017,-0.010966543108224869,0.7772963643074036,0.9996768832206726,0.00033129940857179463,-0.0041344896890223035,-0.02507968246936798,-0.032818570733070374,0.1201234459877014,0.23543451726436612,0.2646031081676483,-0.22092944383621213,-0.10325860977172852,-0.06571396440267563,-0.07726342231035233,-0.16782350838184357,0.26885199546813965,-0.21384698152542117,0.08627477288246153,-0.15543662011623383,0.09663689881563185,0.21721595525741577,-0.3854267001152039,0.3920049071311951,-0.695071280002594,-0.06676364690065384,-0.49421104788780207,-0.002557559870183468,0.03203010559082031,-0.03207800164818764,-0.3370508551597595,0.3923076093196869,0.7633874416351318,0.011221698485314846,0.09504159539937972,-0.0391932800412178
0.0450180321931839,-0.012076882645487784,0.778955340385437,0.9997456073760985,-0.0005525276646949351,0.0036590143572539087,-0.022248975932598117,-0.04844169691205025,0.12048672139644621,0.22704643011093137,0.2454330325126648,-0.2012729048728943,-0.10572132468223572,-0.06818584352731705,-0.06888066232204437,-0.17345401644706726,0.2313077598810196,-0.18961834907531736,0.08709590137004851,-0.15363553166389465,0.118173286318779,0.2112278491258621,-0.4757907688617706,0.48927992582321167,-0.815151274204254,-0.39486405253410334,-0.4332740306854248,0.03669317811727524,-0.11649122089147568,-0.01902536116540432,-0.3648290932178497,0.36727261543273926,0.7161859869956969,0.02206694521009922,0.094282366335392,-0.03850187733769417
0.04306280985474586,-0.012799125164747238,0.78009694814682,0.999742805957794,-0.001057943212799728,0.010399539023637772,-0.02012450061738491,-0.05758623778820038,0.11879225820302965,0.22284924983978271,0.22254692018032077,-0.18409405648708344,-0.10791759938001633,-0.07141606509685516,-0.06314855813980103,-0.1791621297597885,0.1968557983636856,-0.1689346730709076,0.08618681877851486,-0.15210965275764465,0.13346658647060394,0.20972773432731628,-0.5579683780670166,0.5677029490470886,-0.885422945022583,-0.6190551519393921,-0.34909355640411377,0.06326797604560852,-0.252305120229721,-0.014573486521840096,-0.3789430856704712,0.3434041142463684,0.6978657245635985,0.035857588052749634,0.08976263552904129,-0.049306053668260574
0.0409938283264637,-0.012879916466772556,0.7807532548904419,0.9997277855873109,-0.0012717527570202947,0.014815619215369225,-0.017980612814426422,-0.06415890902280807,0.11598218232393263,0.2186913788318634,0.20636245608329767,-0.1730521023273468,-0.10595210641622543,-0.0741201862692833,-0.06194346025586128,-0.1871536076068878,0.17338240146636963,-0.15440548956394196,0.08476878702640533,-0.15612266957759857,0.14134056866168976,0.2147788852453232,-0.6362683176994324,0.5854582786560059,-0.8925949931144713,-0.6981820464134216,-0.26060375571250916,0.09136132895946503,-0.31637030839920044,-0.026470776647329327,-0.3811655938625336,0.32421088218688965,0.7011059522628784,0.04953056946396828,0.08683717995882033,-0.06589969247579575
0.03887765109539032,-0.012274387292563915,0.7811825275421143,0.9997071027755736,-0.0010769437067210674,0.016773447394371033,-0.01741214096546173,-0.06879689544439316,0.11292126029729845,0.21592469513416288,0.1967802792787552,-0.16676065325737,-0.10292255878448486,-0.07950574904680253,-0.06367581337690353,-0.19233007729053497,0.165884330868721,-0.14471235871315002,0.08631250262260437,-0.16340479254722595,0.142949640750885,0.22669632732868197,-0.7056096792221069,0.5447401404380798,-0.8757450580596925,-0.6886386275291443,-0.17108614742755887,0.12841761112213135,-0.35245421528816223,-0.05363863706588745,-0.37939199805259693,0.32015642523765564,0.7149826288223267,0.06374794989824295,0.0803680121898651,-0.09030116349458694
0.0369153469800949,-0.011714911088347437,0.7814533710479736,0.9996861815452576,-0.0005894568748772144,0.0171417985111475,-0.018257884308695797,-0.07045392692089081,0.11103097349405287,0.21723335981369016,0.1904810965061188,-0.1625324785709381,-0.10197988152503969,-0.08529944717884062,-0.06577194482088089,-0.19398961961269376,0.16783422231674194,-0.13938777148723602,0.09021390974521637,-0.17094482481479645,0.13808917999267578,0.23901650309562683,-0.7564777731895447,0.4722516238689423,-0.8670234680175781,-0.6503902077674866,-0.09488571435213089,0.16547457873821259,-0.367493748664856,-0.08854354918003082,-0.37782949209213257,0.33377259969711304,0.7319557666778563,0.08595499396324156,0.06982377171516417,-0.1152118295431137
0.03539084270596504,-0.011534051969647408,0.7814406156539918,0.9996552467346193,-0.00043583146180026233,0.016783928498625755,-0.020189950242638588,-0.07118204236030579,0.11199236661195756,0.22149130702018735,0.19043801724910736,-0.162159264087677,-0.10319024324417114,-0.09016206860542296,-0.06641027331352234,-0.19250214099884036,0.17397139966487885,-0.1378901898860931,0.09477639198303223,-0.177165687084198,0.1295941323041916,0.24796336889266968,-0.7857985496520995,0.3923867344856262,-0.8705319762229918,-0.6144696474075316,-0.024772694334387776,0.19503213465213773,-0.38354635238647455,-0.1223270297050476,-0.3771292269229889,0.354306697845459,0.7481563687324525,0.10663287341594696,0.06041909754276276,-0.13503527641296387
0.03442898765206337,-0.011789374984800816,0.7812913060188292,0.9996129274368286,-0.0009459639550186691,0.015833275392651554,-0.022856293246150017,-0.07115813344717026,0.11594101786613464,0.22636692225933075,0.1964881420135498,-0.16570234298706055,-0.10490378737449646,-0.09408041834831235,-0.06505886465311049,-0.1897893697023392,0.18274846673011777,-0.13893166184425354,0.09854953736066818,-0.18156480789184568,0.12043780088424683,0.2539219856262207,-0.795464813709259,0.3208922743797302,-0.8814603686332703,-0.584973156452179,0.0435304157435894,0.21508184075355527,-0.4127721786499024,-0.1508449763059616,-0.3771389126777649,0.37193065881729126,0.763583242893219,0.11772598326206209,0.05458490550518036,-0.1517947018146515
0.034033749252557755,-0.012387126684188843,0.7810896039009094,0.9995768666267395,-0.0020412534940987825,0.01410095114260912,-0.025358270853757855,-0.06971893459558487,0.12211221456527709,0.23023663461208344,0.20665037631988523,-0.17250965535640717,-0.10687991231679916,-0.09522577375173567,-0.0618046335875988,-0.1878234297037125,0.19155654311180115,-0.14117565751075745,0.09929588437080385,-0.18422219157218933,0.11249905824661253,0.25758716464042664,-0.7923572063446046,0.26686879992485046,-0.8942517042160033,-0.5633254051208496,0.10647644102573393,0.2286228835582733,-0.45198419690132147,-0.17158977687358856,-0.3777880072593689,0.3823191225528717,0.7754194736480714,0.1194654032588005,0.052346117794513695,-0.1662046909332275
0.034051436930894845,-0.013275953009724615,0.7808627486228944,0.9995611310005189,-0.0031093088909983635,0.011614429764449596,-0.027073798701167103,-0.0668003112077713,0.12826786935329437,0.23269920051097867,0.2177080363035202,-0.1789994239807129,-0.10836458951234816,-0.09282939136028288,-0.05816743150353432,-0.1861526519060135,0.1989986747503281,-0.1442456692457199,0.09807083010673523,-0.1850265711545944,0.10599173605442049,0.2594650685787201,-0.7891874909400941,0.23007723689079285,-0.9043670296669006,-0.5498829483985901,0.1592162847518921,0.2374781966209412,-0.4911051094532013,-0.1832665503025055,-0.3785017132759094,0.3849950432777405,0.7773300409317015,0.11637762188911437,0.05258334055542946,-0.17829760909080505
0.03431621566414833,-0.01438010297715664,0.780653417110443,0.9995637536048888,-0.0038586128503084174,0.008733049966394901,-0.027948120608925816,-0.06147540360689163,0.1329699158668518,0.23442204296588895,0.22473080456256864,-0.1834520250558853,-0.10987871885299683,-0.08734457194805145,-0.054877791553735726,-0.18502208590507507,0.2029661238193512,-0.14735670387744904,0.09542720019817352,-0.1843223422765732,0.10084030777215956,0.2598065435886383,-0.7906492948532104,0.20639553666114807,-0.9084848165512085,-0.5436860322952272,0.20081888139247892,0.24253498017787933,-0.5229433178901672,-0.1856475621461868,-0.378944993019104,0.38312399387359614,0.7651888132095338,0.11200647801160812,0.053382761776447296,-0.18988750874996185
0.03528885170817375,-0.016409609466791153,0.780522882938385,0.9995787739753724,-0.004333721473813057,0.0059672268107533455,-0.028070762753486637,-0.05440632998943329,0.13608238101005554,0.23526486754417417,0.22643247246742249,-0.1854132413864136,-0.11176531016826628,-0.08000354468822478,-0.051792368292808526,-0.18479737639427185,0.20274603366851807,-0.14894813299179077,0.09246556460857391,-0.1829565316438675,0.0969291478395462,0.2586472332477569,-0.7983425259590149,0.19106745719909668,-0.9060176014900208,-0.5417144298553467,0.22770462930202484,0.24527162313461304,-0.5421742796897888,-0.18105114996433255,-0.379498302936554,0.3822138607501984,0.7397422194480896,0.1135047823190689,0.051699209958314896,-0.2003580331802368
0.0359550341963768,-0.01794637180864811,0.7804471850395202,0.9996079206466675,-0.004714773036539555,0.0036316977348178634,-0.027360713109374046,-0.047146528959274285,0.13869549334049225,0.23569869995117188,0.22462351620197296,-0.18599809706211087,-0.11498739570379256,-0.07254262268543243,-0.0489206425845623,-0.18594002723693848,0.20033761858940125,-0.14977918565273285,0.08949951827526093,-0.18296682834625244,0.09363563358783722,0.25623008608818054,-0.8089739084243774,0.18114641308784485,-0.8998926877975463,-0.5393047332763672,0.2360011488199234,0.24733909964561465,-0.5499795079231262,-0.17329418659210205,-0.3800161778926849,0.3860043883323669,0.70943284034729,0.11993884295225143,0.04598171636462212,-0.20534414052963257
0.036571014672517776,-0.019463699311017994,0.7803410291671754,0.9996480941772462,-0.0051830788142979145,0.001426186878234148,-0.02597712352871895,-0.040346112102270126,0.1414397656917572,0.23448102176189425,0.22227193415164948,-0.1865010857582092,-0.11911652982234953,-0.06478909403085709,-0.04640609398484231,-0.18899717926979065,0.19747132062911987,-0.1507884711027145,0.08650702983140945,-0.18362815678119657,0.09093426167964937,0.253606915473938,-0.8195955157279968,0.1746874302625656,-0.894219398498535,-0.5341275334358215,0.23042593896389008,0.2490466833114624,-0.5494353771209717,-0.16511100530624387,-0.38058748841285706,0.39275297522544866,0.6835985779762268,0.12384389340877532,0.038252998143434525,-0.20293106138706207
0.03704819455742836,-0.02087397500872612,0.7801268100738524,0.9996888637542723,-0.0056114988401532164,-0.0007571360911242663,-0.024291597306728363,-0.03526986762881279,0.1442916989326477,0.2321996837854385,0.2229604572057724,-0.18802043795585632,-0.12262606620788574,-0.058079570531845086,-0.04462287202477455,-0.19288052618503568,0.19720497727394104,-0.15342135727405548,0.08367151021957397,-0.1841233521699905,0.0886140689253807,0.25131893157958984,-0.8299250602722168,0.17030030488967896,-0.8905240297317504,-0.5253450274467468,0.2194930464029312,0.25002971291542053,-0.544470489025116,-0.1590815782546997,-0.3807344138622284,0.400505393743515,0.6712247133255005,0.12220507860183716,0.033117037266492844,-0.19735343754291532
0.03739814460277557,-0.02213703654706478,0.779771089553833,0.9997171759605408,-0.0060242400504648685,-0.002645581727847457,-0.022855080664157867,-0.03285473212599754,0.14746002852916715,0.22978807985782623,0.22823189198970795,-0.1913805305957794,-0.12530986964702606,-0.05384162068367004,-0.04316543415188789,-0.19665737450122836,0.2003808170557022,-0.15763136744499207,0.08157136291265486,-0.18394663929939273,0.08668652921915054,0.2493748962879181,-0.83862966299057,0.16782771050930023,-0.8893713355064392,-0.5154380798339844,0.20884911715984344,0.2489004582166672,-0.5395380854606628,-0.15557195246219635,-0.38045680522918707,0.4078087210655213,0.6717092990875244,0.1176409274339676,0.03345607966184616,-0.1926249563694
0.03759345039725304,-0.023194067180156708,0.7793774008750916,0.9997339844703673,-0.006558623164892197,-0.0036820629611611366,-0.021803529933094975,-0.034618306905031204,0.1513502597808838,0.2274589240550995,0.23810438811779025,-0.19581541419029236,-0.126869335770607,-0.05269119143486023,-0.0413813441991806,-0.19965019822120664,0.20495830476284027,-0.1614883840084076,0.08033233880996704,-0.1835771203041077,0.08551650494337083,0.2474734336137772,-0.8440063595771788,0.16744236648082733,-0.8901890516281128,-0.5078442096710205,0.19865891337394717,0.24608932435512543,-0.5363907814025879,-0.15571044385433197,-0.38037845492362976,0.4134181141853333,0.679581344127655,0.11264257133007048,0.03745509311556816,-0.18891917169094083
0.037682995200157166,-0.024209577590227127,0.7790532708168029,0.9997448921203613,-0.00743464333936572,-0.004084918648004532,-0.02093075029551983,-0.039265699684619904,0.1560182273387909,0.22468192875385284,0.2503277659416199,-0.20125700533390045,-0.1281115561723709,-0.052303854376077645,-0.03851593658328056,-0.2019783854484558,0.2070216536521912,-0.16311122477054596,0.07953708618879318,-0.18301567435264587,0.08551719039678572,0.2458409667015076,-0.8450993299484254,0.16823340952396393,-0.8919597864151002,-0.5027055144309998,0.18827393651008603,0.2420980930328369,-0.5344311594963074,-0.1582183837890625,-0.3814273476600647,0.41704228520393366,0.6890196204185486,0.10825387388467787,0.04153412953019142,-0.18551898002624512
0.03762112930417061,-0.025137437507510185,0.7788605690002441,0.9997524619102478,-0.00837954692542553,-0.004046530462801456,-0.020207174122333527,-0.04429692775011063,0.16031906008720395,0.221635565161705,0.2606561481952667,-0.20640334486961365,-0.1296607106924057,-0.052038680762052536,-0.035412877798080444,-0.20377345383167264,0.20691703259944916,-0.16269397735595703,0.07932235300540925,-0.1824445277452469,0.08617521077394485,0.24461752176284793,-0.8409841060638428,0.16943517327308655,-0.8948151469230653,-0.4984291195869446,0.17735096812248227,0.2384243458509445,-0.5337404012680054,-0.16190463304519653,-0.3839430809020996,0.4200889468193054,0.6992549300193787,0.10598112642765044,0.04447633773088455,-0.182646706700325
0.03743795678019524,-0.02582230232656002,0.7788137197494506,0.9997633695602418,-0.008956746198236942,-0.003660348476842046,-0.01948060654103756,-0.04783088341355324,0.1631818562746048,0.2198883146047592,0.2658972442150116,-0.2090466469526291,-0.1312437802553177,-0.05160453543066978,-0.033209171146154404,-0.20543979108333588,0.2053792029619217,-0.16143810749053955,0.07905142754316331,-0.18171633780002597,0.08697170019149779,0.2438684552907944,-0.8336403369903564,0.1704518347978592,-0.898747980594635,-0.4936156272888184,0.16654303669929504,0.23646531999111173,-0.534781813621521,-0.16567662358283997,-0.38771396875381464,0.4217615723609924,0.7095656394958496,0.10761082917451859,0.04601428657770157,-0.18090154230594635
0.03716474026441574,-0.026184529066085812,0.778850793838501,0.9997831583023072,-0.009002666920423508,-0.0030738466884940863,-0.0185252595692873,-0.049864288419485085,0.16417263448238373,0.2194262146949768,0.2660927474498749,-0.20827580988407132,-0.13220521807670593,-0.05116000398993492,-0.032247718423604965,-0.206450030207634,0.2030101716518402,-0.1604474037885666,0.07774024456739426,-0.18053175508975983,0.08785746991634368,0.24291387200355527,-0.829785645008087,0.17035959661006927,-0.9007656574249268,-0.49088874459266657,0.15827147662639615,0.23540110886096957,-0.5368303060531616,-0.16696345806121826,-0.39192464947700495,0.4213821589946746,0.7170249819755553,0.11118598282337187,0.0464065819978714,-0.17867805063724515
0.03678767010569573,-0.02642314881086349,0.7789469361305236,0.9998033046722413,-0.008598549291491507,-0.002297613536939025,-0.017723165452480316,-0.05139370635151863,0.16347479820251465,0.21905691921710968,0.26301807165145874,-0.20518802106380463,-0.13299433887004852,-0.05178330093622208,-0.03230642154812813,-0.20614224672317505,0.2003847062587738,-0.15929995477199554,0.07678354531526564,-0.1782064139842987,0.08887410163879393,0.2408267855644226,-0.8345355987548829,0.1688271164894104,-0.898461639881134,-0.49476772546768183,0.14879487454891205,0.23414795100688932,-0.5333784222602844,-0.16519951820373535,-0.39655965566635126,0.4206551611423493,0.7172278165817261,0.11640044301748276,0.04491637647151947,-0.17506416141986847
0.03638474270701408,-0.02671736851334572,0.7790690064430237,0.9998170137405396,-0.008272179402410984,-0.0015529325464740396,-0.017179466784000397,-0.05279076844453812,0.16264338791370392,0.21803972125053403,0.259848415851593,-0.20250087976455688,-0.1346517503261566,-0.052591830492019646,-0.03213797137141228,-0.20520563423633573,0.1965751200914383,-0.15707145631313324,0.07667507231235504,-0.17511698603630063,0.09061698615550995,0.23810724914073944,-0.8434287309646606,0.16742637753486633,-0.8940629959106445,-0.5034698247909546,0.13665661215782163,0.23295360803604123,-0.5250629782676697,-0.16179637610912323,-0.40167555212974554,0.4212222397327423,0.7133798599243164,0.12325341254472733,0.0420801118016243,-0.1706734150648117
0.03601115942001343,-0.026988886296749115,0.779174566268921,0.9998262524604796,-0.008127793669700623,-0.001073556370101869,-0.016740750521421432,-0.05350499972701073,0.1622624397277832,0.21732236444950104,0.25751060247421265,-0.2009119540452957,-0.1363525539636612,-0.052482496947050095,-0.03164823353290558,-0.20492860674858093,0.1919594556093216,-0.1549455225467682,0.0769059583544731,-0.1724095642566681,0.09289832413196564,0.23555998504161835,-0.8499491810798645,0.16819719970226288,-0.8913872838020324,-0.5124050974845886,0.12921825051307678,0.23326975107192996,-0.5179911255836487,-0.15861783921718595,-0.4067437648773193,0.4233719408512115,0.7105947136878967,0.12855324149131775,0.0393337570130825,-0.16651169955730438
0.03574280068278313,-0.0272529199719429,0.7792866230010985,0.9998362660408019,-0.008163186721503735,-0.0008880844106897711,-0.016124708577990532,-0.05349215865135193,0.16230686008930206,0.216803640127182,0.2561110556125641,-0.20020051300525665,-0.13766302168369293,-0.050789222121238715,-0.030876655131578445,-0.20559000968933103,0.18684819340705872,-0.153208389878273,0.0770403742790222,-0.170596644282341,0.09527530521154404,0.23353467881679532,-0.8523613214492797,0.17071491479873657,-0.8916131258010864,-0.5206654071807861,0.12832073867321014,0.23408016562461853,-0.5153394341468811,-0.1566952019929886,-0.4109139144420624,0.4253883361816406,0.7095169425010681,0.1312917023897171,0.038024835288524635,-0.16432487964630127
0.03557863458991051,-0.02751287072896957,0.7793778777122498,0.9998453259468079,-0.008267213590443134,-0.0007922477670945227,-0.01550703402608633,-0.05313686653971672,0.16267380118370056,0.21685627102851868,0.25502216815948486,-0.19959506392478943,-0.1380782276391983,-0.04898947849869728,-0.03014424070715904,-0.2067250460386276,0.18295355141162872,-0.15203671157360077,0.07699394971132278,-0.16933666169643402,0.0975780040025711,0.23192866146564484,-0.851895272731781,0.17414331436157227,-0.8928393721580505,-0.5285100340843201,0.1273396462202072,0.234040230512619,-0.5145868062973022,-0.15507201850414276,-0.4138354659080505,0.4268856644630432,0.7094720602035521,0.1336023509502411,0.03748695179820061,-0.16397292912006378
0.03550740331411362,-0.027666162699460983,0.7794485092163086,0.9998553991317747,-0.008371606469154358,-0.0007502541411668062,-0.014785300940275192,-0.05284813046455383,0.16303814947605133,0.21692021191120148,0.25402429699897766,-0.1990472227334976,-0.13796783983707428,-0.04721452668309212,-0.029436955228447918,-0.2080725729465485,0.1797686666250229,-0.15146997570991516,0.07658178359270096,-0.1687725335359573,0.09966104477643967,0.2306470274925232,-0.8503870368003845,0.17748546600341797,-0.8945078253746032,-0.5354132056236267,0.12387460470199584,0.23331682384014127,-0.5143013000488281,-0.15374355018138883,-0.41535085439682007,0.42737466096878046,0.709786891937256,0.1364874243736267,0.03716357052326202,-0.16392208635807037
0.035539813339710236,-0.027730552479624748,0.7795173525810242,0.9998685121536256,-0.008474982343614101,-0.0007833012496121228,-0.013800490647554396,-0.05274555459618568,0.16323861479759216,0.21586762368679047,0.25311213731765747,-0.1986074298620224,-0.13794462382793427,-0.04537235200405121,-0.0288167092949152,-0.20944729447364807,0.17709219455718994,-0.1512620747089386,0.07590831816196442,-0.16867171227931976,0.10162892192602156,0.22951848804950717,-0.8496694564819336,0.18024089932441711,-0.896405518054962,-0.5422054529190063,0.11909080296754836,0.23232468962669367,-0.5131968855857849,-0.15198267996311188,-0.41622915863990784,0.4270611703395844,0.7098968029022217,0.1405654400587082,0.036376483738422394,-0.16257160902023315
0.03566168248653412,-0.02776272594928741,0.7795320749282837,0.9998834133148192,-0.008509732782840729,-0.0009454783867113293,-0.012640738859772682,-0.05235605686903,0.16314537823200223,0.2142076939344406,0.25214543938636774,-0.19861799478530884,-0.1383024305105209,-0.043461646884679794,-0.02846718207001686,-0.21117959916591644,0.17509509623050687,-0.1518729031085968,0.07490359246730803,-0.16880308091640472,0.10333263874053956,0.2285593003034592,-0.8496801853179932,0.18244025111198425,-0.8985230326652528,-0.5487671494483948,0.11572914570569992,0.2314281314611435,-0.5118923783302307,-0.14986740052700043,-0.4167768657207489,0.42616862058639526,0.7102310061454773,0.14473837614059448,0.035752072930336,-0.16005286574363708
0.03581440448760986,-0.02787148207426071,0.7795007824897766,0.9998979568481443,-0.008541965857148169,-0.0011646330822259188,-0.011387184262275696,-0.051527366042137146,0.16287365555763245,0.21167340874671936,0.2508853077888489,-0.1986578851938248,-0.13863444328308103,-0.04139075428247452,-0.028194308280944824,-0.21320523321628568,0.1734239161014557,-0.15279144048690796,0.07399517297744752,-0.169008269906044,0.10495713353157043,0.2278836220502853,-0.8500112891197203,0.18401286005973813,-0.9011162519454957,-0.5553604960441588,0.11552321165800095,0.22941239178180692,-0.5103908777236937,-0.14771687984466553,-0.4171000123023986,0.42487576603889465,0.7112065553665161,0.14825880527496335,0.035747334361076355,-0.15772214531898499
0.035960603505373,-0.02806730195879936,0.7794579863548279,0.9999103546142578,-0.008661404252052307,-0.001390708377584815,-0.010119508951902388,-0.05056801438331604,0.16283506155014038,0.2088400721549988,0.24987725913524628,-0.19899813830852509,-0.138916477560997,-0.0395345650613308,-0.027820520102977753,-0.2155606299638748,0.17240290343761444,-0.15371985733509064,0.07285121828317642,-0.16925641894340515,0.10688737034797668,0.22744338214397433,-0.8501614332199096,0.18515077233314517,-0.9044485688209533,-0.561459481716156,0.11798728257417677,0.2266417294740677,-0.5094007849693297,-0.14570264518260956,-0.4171241223812103,0.422668993473053,0.7136204838752747,0.15149736404418945,0.03603431209921837,-0.1570768803358078
0.03614600747823715,-0.02840808406472206,0.7794101834297181,0.9999210834503172,-0.008812126703560352,-0.001685604453086853,-0.008796130307018755,-0.049495842307806015,0.1630927473306656,0.20626737177371976,0.249510258436203,-0.1997940689325333,-0.13959458470344543,-0.03728813678026199,-0.027339356020092964,-0.2182098478078842,0.17153935134410858,-0.1546995639801025,0.07184965163469315,-0.16956712305545807,0.10882981121540068,0.227229043841362,-0.8501976132392883,0.18562234938144684,-0.9085429906845092,-0.5671106576919556,0.12051323056221008,0.22440962493419647,-0.5090764760971069,-0.1444718837738037,-0.41671252250671387,0.4193309247493744,0.7177705764770508,0.1540825515985489,0.03623245656490326,-0.15775971114635468
0.03638776019215584,-0.028881706297397614,0.7793472409248352,0.9999289512634275,-0.00904439389705658,-0.0021578765008598566,-0.007455473765730858,-0.048248812556266785,0.16368049383163452,0.2032230645418167,0.2501455247402191,-0.2010025978088379,-0.1401427537202835,-0.034379374235868454,-0.02662366442382336,-0.22113244235515597,0.17079481482505798,-0.15553753077983856,0.07059913128614426,-0.16991734504699707,0.11061136424541472,0.22730319201946256,-0.8504438996315001,0.18531498312950132,-0.9124985337257384,-0.572257399559021,0.12337026000022888,0.22262161970138547,-0.5092357993125916,-0.14356419444084167,-0.41564115881919855,0.4149354994297028,0.7232434153556823,0.15509170293807983,0.036477193236351006,-0.159992516040802
0.03670426085591316,-0.029409386217594143,0.7792717218399047,0.9999331235885619,-0.009330278262495993,-0.002834780141711235,-0.006219981703907251,-0.04633386060595512,0.1646863967180252,0.20059873163700104,0.2510879635810852,-0.2020880877971649,-0.1410131603479385,-0.03119257092475891,-0.025724956765770912,-0.2239186465740204,0.17046859860420227,-0.15636311471462247,0.06937973946332932,-0.17017212510108948,0.11224532127380372,0.22771665453910828,-0.851172387599945,0.18389561772346497,-0.9165075421333314,-0.5766509175300598,0.1280967742204666,0.22161439061164853,-0.5103105902671814,-0.14328548312187195,-0.4140468835830688,0.41055703163146967,0.7297897338867188,0.15524309873580933,0.03636111319065093,-0.164097860455513
0.03706093505024909,-0.029984906315803528,0.7791928052902221,0.9999340176582336,-0.00965800229460001,-0.0037390755023807287,-0.004966385196894407,-0.0442175567150116,0.16598439216613767,0.1983981728553772,0.25273254513740534,-0.20384706556797028,-0.1421073079109192,-0.02728812955319881,-0.024653155356645584,-0.2269526422023773,0.17012816667556763,-0.15755683183670044,0.06794223189353943,-0.17083190381526947,0.11352327466011047,0.228360116481781,-0.8514716029167174,0.18146656453609464,-0.9196152091026306,-0.5799165368080139,0.1327418088912964,0.2212046384811401,-0.5117676854133606,-0.14404641091823575,-0.41220822930336,0.40715599060058594,0.7362620234489442,0.15547843277454376,0.03608301654458045,-0.1678619235754013
0.03745446354150772,-0.03061000257730484,0.7791248559951782,0.999931752681732,-0.010014884173870087,-0.004788602236658336,-0.0036422125995159145,-0.042118288576602936,0.16755090653896332,0.19634093344211576,0.254941999912262,-0.2060031294822693,-0.14343668520450592,-0.022946538403630257,-0.023324739187955856,-0.22985245287418363,0.16946275532245636,-0.15838155150413513,0.0664973109960556,-0.17199742794036865,0.11447087675333024,0.22884640097618103,-0.8519872426986694,0.1784386783838272,-0.9217852950096129,-0.5817620754241943,0.13722774386405945,0.2198801189661026,-0.5126715302467345,-0.14481428265571594,-0.4109147787094116,0.4044940769672394,0.739736795425415,0.15655300021171567,0.03552822396159172,-0.17061772942543027
0.03783129155635834,-0.03128018230199814,0.779076874256134,0.9999256134033203,-0.010402764193713663,-0.0059989215806126595,-0.0021116503048688173,-0.04098409041762352,0.16935493052005768,0.19375005364418027,0.25888994336128235,-0.20878405869007113,-0.14465390145778656,-0.01778089255094528,-0.02170305699110031,-0.23285165429115293,0.1680343002080917,-0.15919749438762665,0.06516318023204803,-0.17329099774360657,0.11489348858594894,0.22932931780815125,-0.8532253503799438,0.17483949661254883,-0.9226716160774232,-0.5818122029304504,0.13991133868694303,0.21935798227787015,-0.511597216129303,-0.14571087062358856,-0.410452276468277,0.40145972371101374,0.7388635277748109,0.15945589542388916,0.03471504524350166,-0.17212608456611633
0.03814094886183739,-0.03196139633655548,0.7790395021438599,0.9999140501022339,-0.010870792903006077,-0.007305227220058442,-0.0005454581696540117,-0.04061223939061165,0.17148709297180176,0.19073995947837827,0.26440593600273127,-0.2119034677743912,-0.14582426846027374,-0.012493289075791836,-0.019776929169893265,-0.23562106490135193,0.1661723107099533,-0.15986639261245728,0.06377977877855301,-0.17435605823993683,0.11495210975408554,0.2294941395521164,-0.8547861576080321,0.17065557837486267,-0.9223236441612244,-0.580994725227356,0.14263929426670074,0.22002485394477844,-0.509205162525177,-0.14666426181793213,-0.41073101758956904,0.3978640735149384,0.7351120710372925,0.16270464658737183,0.033755093812942505,-0.1729893535375595
0.03841108828783035,-0.03258587047457695,0.7789648175239563,0.9998964667320253,-0.011462893337011336,-0.008637339808046818,0.0009996192529797554,-0.04102681204676628,0.1738549917936325,0.18733125925064087,0.27150699496269226,-0.2153782397508621,-0.14685145020484924,-0.007208698894828558,-0.017678502947092056,-0.23828870058059687,0.16369545459747314,-0.1600855439901352,0.06273176521062851,-0.17493855953216553,0.11503850668668746,0.22939959168434143,-0.8568500876426696,0.16627292335033417,-0.9217433333396912,-0.5797249078750609,0.14684061706066132,0.2207661420106888,-0.5058587193489075,-0.14838784933090207,-0.41175925731658936,0.3935518562793732,0.7303988933563232,0.16634145379066467,0.03226672485470772,-0.17421121895313263
0.03859836608171463,-0.03303263336420059,0.7788003683090211,0.9998712539672852,-0.012230324558913708,-0.010057036764919756,0.002594443503767252,-0.041742231696844094,0.17649362981319427,0.18364588916301727,0.27967289090156555,-0.21941378712654117,-0.14792345464229584,-0.00187202135566622,-0.015544025227427483,-0.24116903543472287,0.16135843098163605,-0.1606079787015915,0.06224937364459038,-0.1752701550722122,0.11530745029449462,0.22952191531658167,-0.8579052686691283,0.16211992502212524,-0.9218189120292664,-0.5781786441802979,0.15187692642211914,0.22202149033546448,-0.502669095993042,-0.1513395756483078,-0.413266271352768,0.3897441327571869,0.7275005578994752,0.17005357146263123,0.030839262530207637,-0.17557722330093384
0.038691513240337365,-0.03321079909801483,0.7785519957542419,0.9998384714126587,-0.013141904957592487,-0.011576304212212563,0.004039097111672163,-0.04231436923146248,0.17946748435497284,0.18088845908641812,0.2886711955070496,-0.2243382036685944,-0.14909720420837402,0.0030336969066411257,-0.013541764579713345,-0.24392351508140564,0.16033875942230225,-0.16159601509571075,0.06226048618555069,-0.17533469200134277,0.11589336395263672,0.23009072244167328,-0.8574454188346863,0.15861620008945465,-0.9226490259170531,-0.5757609605789185,0.15678338706493375,0.22320125997066495,-0.5007773637771606,-0.1561182290315628,-0.4150828421115875,0.3867768347263336,0.7279523611068724,0.17192122340202332,0.03034264408051968,-0.17715606093406677
0.03873690590262413,-0.03311430662870407,0.7782649397850036,0.9997983574867249,-0.014106099493801592,-0.01321589294821024,0.005445337388664484,-0.04279495775699616,0.18227955698966977,0.1783962994813919,0.29815948009490967,-0.22956755757331848,-0.14963524043560028,0.007721659727394579,-0.011876131407916544,-0.24678172171115875,0.160537451505661,-0.16295975446701047,0.06284232437610626,-0.17490848898887634,0.11670392006635665,0.2311566323041916,-0.8559257388114929,0.15603505074977875,-0.9238797426223754,-0.572737455368042,0.1627480387687683,0.22405466437339783,-0.499898374080658,-0.16228868067264557,-0.41760626435279846,0.38436728715896606,0.7306548357009887,0.17101691663265228,0.03126307949423789,-0.1787174642086029
0.038767602294683456,-0.032828602939844125,0.7779842615127563,0.9997507929801941,-0.015046645887196064,-0.015014033764600752,0.00681165186688304,-0.043360717594623566,0.18456821143627167,0.1758408546447754,0.3080669045448303,-0.234746977686882,-0.14935824275016785,0.01243357826024294,-0.010717594996094704,-0.24990344047546384,0.16121721267700195,-0.16427817940711975,0.06369715929031372,-0.17390111088752747,0.11769351363182068,0.23261012136936188,-0.8533710837364196,0.1544944643974304,-0.924627661705017,-0.5693157911300659,0.1693507134914398,0.22475489974021912,-0.49983611702919006,-0.1689697951078415,-0.4210057854652405,0.382230281829834,0.7344239354133606,0.1690838634967804,0.032622501254081726,-0.1796547174453735
0.03873809054493904,-0.03233089670538902,0.7777364253997802,0.9996968507766724,-0.015877580270171165,-0.01692064106464386,0.008235041983425617,-0.04410748183727264,0.18589447438716888,0.17254754900932312,0.31801903247833246,-0.2396279722452164,-0.14843101799488068,0.016953986138105392,-0.010359685868024826,-0.2530601024627685,0.16262105107307434,-0.16552013158798215,0.06451093405485153,-0.17250752449035645,0.1185789331793785,0.2339458614587784,-0.8500211834907532,0.15353095531463623,-0.9247910976409912,-0.5658542513847351,0.17766147851943967,0.2250937968492508,-0.5005303025245667,-0.17633157968521118,-0.42505478858947754,0.3802470862865448,0.7397742867469788,0.16780374944210052,0.034130245447158813,-0.17931441962718964
0.03858885914087296,-0.03152516856789589,0.7774779200553894,0.999635934829712,-0.01665007695555687,-0.018877258524298668,0.009717714972794058,-0.04461201652884483,0.1863849312067032,0.16868318617343903,0.32702627778053284,-0.2440873682498932,-0.14732570946216583,0.021310044452548027,-0.0105148795992136,-0.2557882666587829,0.16408014297485352,-0.16638721525669095,0.06535124778747559,-0.17064644396305084,0.11964950710535048,0.23509028553962708,-0.8463628292083741,0.15289591252803802,-0.9243676662445068,-0.5627003908157349,0.1863810867071152,0.2247171849012375,-0.5008753538131714,-0.18405896425247192,-0.4296638071537018,0.37836334109306335,0.7468042969703673,0.1676364541053772,0.035492319613695145,-0.17717880010604858
0.03825253620743752,-0.030340172350406647,0.7772079110145568,0.9995720982551575,-0.01724807731807232,-0.02082100883126259,0.011162723414599895,-0.04457929730415344,0.18564975261688232,0.16458474099636075,0.3349379599094391,-0.24808053672313687,-0.14570307731628415,0.024945594370365143,-0.011813030578196049,-0.25803616642951965,0.1667560636997223,-0.1675988733768463,0.06712845712900162,-0.1683380901813507,0.12072721868753432,0.2361004799604416,-0.842377781867981,0.1527566909790039,-0.9237478971481324,-0.5603316426277161,0.19774411618709564,0.22394467890262604,-0.5010522603988647,-0.19237202405929563,-0.4351465702056885,0.37781113386154175,0.755368709564209,0.16712556779384613,0.03745674341917037,-0.17386971414089203
0.03768213465809822,-0.028655750676989555,0.7769512534141539,0.999505579471588,-0.017658840864896774,-0.022854257375001907,0.012426902540028095,-0.043028172105550766,0.18357932567596436,0.16152401268482208,0.3410022258758545,-0.25188812613487244,-0.14334800839424133,0.027602333575487137,-0.014516633935272692,-0.25976115465164185,0.1715189665555954,-0.1693178415298462,0.06991849094629288,-0.16550208628177643,0.122130885720253,0.2374790608882904,-0.8381356000900269,0.15365637838840485,-0.9227403402328492,-0.5589788556098938,0.2107429802417755,0.224199041724205,-0.5012460947036743,-0.20124810934066767,-0.4416446387767792,0.378964900970459,0.7658454775810242,0.1636308878660202,0.03983797505497933,-0.16997350752353668
0.03685946017503738,-0.026486016809940335,0.7767611145973204,0.9994491338729857,-0.017722122371196747,-0.024756895378232,0.013207754120230675,-0.04060357064008713,0.18007972836494443,0.16017253696918488,0.3446507751941681,-0.2549006938934326,-0.1405039131641388,0.028049461543560028,-0.01921812444925308,-0.2608034014701843,0.1794860064983368,-0.17202299833297727,0.07356953620910643,-0.16224433481693268,0.12345797568559647,0.23903200030326843,-0.8333339691162108,0.15530076622962952,-0.9214374423027039,-0.5590684413909912,0.2264895141124725,0.22518324851989743,-0.501945436000824,-0.21089451014995572,-0.4487099349498749,0.38233253359794617,0.7775358557701111,0.1573987454175949,0.04278058931231499,-0.16661526262760162
0.035670224577188485,-0.023685721680521965,0.7766305804252625,0.9994111061096193,-0.01740913651883602,-0.026551516726613045,0.01301420759409666,-0.03760458156466484,0.1751757264137268,0.16126079857349396,0.34638968110084534,-0.25714829564094543,-0.1365358829498291,0.025948505848646164,-0.025900855660438538,-0.2605483829975128,0.19084061682224276,-0.17517049610614777,0.07809751480817795,-0.15817943215370178,0.1249912977218628,0.24114425480365756,-0.8265870213508606,0.1582089066505432,-0.9197539687156675,-0.5602982640266417,0.24406377971172327,0.22623619437217712,-0.5032934546470642,-0.22200091183185575,-0.4560980498790741,0.38744089007377613,0.7907118797302246,0.149085134267807,0.04641332104802132,-0.16443943977355957
0.03419431671500205,-0.02033638581633568,0.776549756526947,0.9993900060653687,-0.016797363758087158,-0.028309671208262444,0.011666488833725452,-0.03440544381737709,0.16922010481357574,0.16471081972122192,0.3469769060611725,-0.25877854228019714,-0.13095656037330627,0.02192729152739048,-0.03369193524122238,-0.25779345631599426,0.20390555262565607,-0.177706778049469,0.08276735991239548,-0.15325091779232025,0.12653960287570953,0.24389563500881195,-0.8167149424552916,0.16325348615646362,-0.9175885319709776,-0.5615174770355225,0.2616539299488068,0.22725790739059448,-0.5044784545898438,-0.23355962336063385,-0.462893009185791,0.3927094638347626,0.8034157156944275,0.14230108261108398,0.04990902170538902,-0.1623927354812622
0.03242754563689232,-0.016394145786762238,0.7765570878982544,0.9993835687637328,-0.015958333387970924,-0.029918117448687557,0.009101895615458488,-0.03124120645225048,0.1622118204832077,0.17009024322032928,0.3462100923061371,-0.2595024108886719,-0.12351655215024948,0.016278626397252083,-0.0420408733189106,-0.25183963775634766,0.21711479127407077,-0.17851711809635162,0.08745623379945755,-0.1477106362581253,0.12786704301834106,0.24712957441806796,-0.8036413192749022,0.1710899919271469,-0.9134879112243651,-0.5614425539970398,0.27654972672462463,0.22758351266384125,-0.5032709240913391,-0.24534559249877927,-0.46812966465950007,0.39661532640457153,0.8144587874412536,0.13821518421173096,0.052824605256319046,-0.1596381515264511
0.03033245913684368,-0.01185840368270874,0.7766608595848083,0.999380946159363,-0.015007119625806808,-0.031388312578201294,0.00522582745179534,-0.027322882786393166,0.15421532094478607,0.17712832987308502,0.34319266676902765,-0.25918126106262207,-0.11495793610811232,0.009713512845337393,-0.05045054480433464,-0.2424411773681641,0.22877536714076996,-0.17696954309940338,0.09235152602195741,-0.1420736014842987,0.1285664588212967,0.2509340047836304,-0.7885804772377014,0.1825522482395172,-0.906617760658264,-0.5603970885276793,0.28664565086364746,0.2271320968866348,-0.4980009794235229,-0.25819358229637146,-0.47028407454490656,0.3995652198791504,0.8240606784820557,0.13751785457134247,0.05442589521408081,-0.15497078001499176
0.027923939749598503,-0.006876279599964619,0.7767605185508728,0.999369204044342,-0.014063538052141666,-0.032611213624477386,-9.101775503950192e-05,-0.02255048230290413,0.14619041979312897,0.18666431307792664,0.3383394777774811,-0.25821346044540405,-0.1066957041621208,0.0016939323395490646,-0.058375611901283264,-0.22987323999404907,0.23812404274940488,-0.1736646145582199,0.09707285463809968,-0.13647931814193723,0.12877190113067627,0.25492674112319946,-0.7706696391105651,0.19895416498184204,-0.8958861231803894,-0.5608428716659546,0.28992998600006104,0.22572094202041623,-0.48987898230552673,-0.27118682861328125,-0.4686456918716431,0.4039733111858368,0.8324270248413086,0.1387602537870407,0.05477781966328621,-0.14787650108337402
0.02510826289653778,-0.0014250343665480612,0.7767264842987059,0.9993310570716858,-0.012655416503548622,-0.033529240638017654,-0.007289556786417962,-0.016228891909122467,0.13724295794963837,0.1999017894268036,0.3308388888835907,-0.25617587566375727,-0.09866954386234285,-0.009747358039021492,-0.0673726424574852,-0.21354576945304873,0.24882791936397552,-0.17110472917556763,0.10256987065076828,-0.13065119087696075,0.12768779695034027,0.2590910196304321,-0.7481315732002257,0.22139766812324524,-0.8817014098167419,-0.5644432306289673,0.2888921797275543,0.22370764613151553,-0.4804228842258453,-0.2839019000530243,-0.4634993970394135,0.41295355558395386,0.8410672545433043,0.1377001851797104,0.054709963500499725,-0.1380816251039505
0.021800782531499863,0.004509114660322665,0.7764838337898254,0.9992299079895021,-0.010566432029008864,-0.033944953233003616,-0.016604529693722725,-0.010325203649699688,0.12706249952316284,0.21718959510326383,0.3226282000541687,-0.2535288631916046,-0.08941370248794556,-0.026672130450606343,-0.07805415987968445,-0.1933445632457733,0.2641313672065735,-0.17017357051372528,0.10891257971525192,-0.12336436659097672,0.1253741979598999,0.263794869184494,-0.7213521003723145,0.24883620440959928,-0.8641167879104614,-0.5705045461654663,0.2884068489074707,0.2236182242631912,-0.4703815281391144,-0.29721766710281367,-0.45578369498252874,0.4279420375823975,0.8519832491874695,0.13278593122959137,0.05481606721878052,-0.12819550931453705
0.017751432955265045,0.01116776093840599,0.7760488986968994,0.998992085456848,-0.007606785278767347,-0.033895667642354965,-0.02842668443918228,-0.005955157801508904,0.1150270402431488,0.2389373928308487,0.3155762851238251,-0.25047147274017334,-0.07796047627925871,-0.05060346052050591,-0.09096436202526093,-0.16903185844421387,0.28675615787506104,-0.17020002007484436,0.1161532998085022,-0.11437448859214781,0.1214764267206192,0.2701280117034912,-0.6854713559150696,0.2819381356239319,-0.8416224718093872,-0.576526939868927,0.2931741178035736,0.2253271192312241,-0.45993572473526,-0.31213700771331787,-0.44596087932586664,0.449995070695877,0.8660099506378173,0.12377069890499114,0.05624132975935936,-0.11904211342334747
0.013085654005408289,0.01842632330954075,0.7756136655807494,0.99854975938797,-0.003779767313972116,-0.03348748758435249,-0.041984714567661285,-0.002296349499374628,0.10081501305103302,0.2646743953227997,0.3068356215953827,-0.24555592238903043,-0.06497179716825485,-0.07851871848106384,-0.10481353104114532,-0.1416500359773636,0.3123915791511536,-0.16923289000988007,0.1242966055870056,-0.10528581589460372,0.11554262787103652,0.2789568603038788,-0.6351693868637085,0.32025408744812006,-0.8113887310028077,-0.5781123042106628,0.305823028087616,0.2278742343187332,-0.44747054576873774,-0.32700586318969727,-0.43380653858184814,0.4773896634578705,0.8812475204467772,0.1136827915906906,0.0581490583717823,-0.11229308694601058
0.00842387042939663,0.025871066376566887,0.7754456400871277,0.9979224801063536,6.264167495828588e-06,-0.03307703137397766,-0.05528781935572624,0.0026991309132426977,0.08569581061601639,0.290375292301178,0.29175034165382385,-0.23711812496185303,-0.0515429861843586,-0.1033601462841034,-0.11685241013765336,-0.11513198167085648,0.33154794573783875,-0.16411398351192474,0.13245263695716855,-0.09787220507860184,0.10816775262355804,0.28970667719841003,-0.5698474645614624,0.3603931367397308,-0.7718150019645691,-0.5716552138328552,0.32406508922576904,0.23123718798160553,-0.43190258741378784,-0.33654484152793884,-0.41895142197608953,0.5027215480804443,0.8939442634582518,0.10550720244646072,0.06025553122162818,-0.10971467196941376
0.00433565117418766,0.03297843039035797,0.7756014466285706,0.9972135424613952,0.0023446474224328995,-0.032664958387613297,-0.06702722609043121,0.007824012078344822,0.07295845448970793,0.3120310306549072,0.27376705408096313,-0.22759543359279633,-0.038477979600429535,-0.12059804052114485,-0.12388043850660324,-0.09166569262742995,0.3371119797229767,-0.15348295867443085,0.1404571384191513,-0.09217759221792221,0.10143914818763732,0.3001081049442291,-0.4940982162952423,0.39795163273811346,-0.7232295870780944,-0.5571324825286865,0.33817043900489807,0.23395252227783203,-0.4107168316841125,-0.33555951714515686,-0.40094238519668574,0.5170915722846985,0.9033474326133728,0.09912104904651642,0.06265246123075485,-0.11116312444210052
0.0009720262605696915,0.03952736780047417,0.775932490825653,0.996539294719696,0.0030078464187681675,-0.03204131871461868,-0.07664026319980621,0.011141336522996424,0.06364137679338455,0.3279460072517395,0.25734278559684753,-0.22039073705673215,-0.027447549626231197,-0.13095438480377197,-0.12674343585968015,-0.07271333038806915,0.3302203118801117,-0.138886958360672,0.14788638055324554,-0.08836239576339722,0.09598171710968016,0.3074599802494049,-0.41508206725120544,0.43178039789199835,-0.6667490601539612,-0.5369181036949158,0.334031194448471,0.237075075507164,-0.3813892006874085,-0.3243026733398437,-0.3791861236095429,0.5191313028335571,0.9145772457122802,0.09778341650962828,0.06525029242038727,-0.11711020022630692
-0.0018339385278522968,0.04553063586354256,0.7762606739997863,0.9959663152694702,0.0029713185504078865,-0.03095603920519352,-0.08416614681482315,0.011931863613426684,0.05633869022130966,0.33990851044654846,0.24382606148719788,-0.21485230326652527,-0.018258206546306607,-0.13783085346221924,-0.1287749707698822,-0.05920480191707611,0.3176145851612091,-0.12343279272317886,0.15363489091396332,-0.08634021133184433,0.09027084708213806,0.3116418421268463,-0.3360084295272827,0.4628493785858154,-0.6071405410766602,-0.5152928233146667,0.3088686764240265,0.24316655099391937,-0.344705730676651,-0.30497393012046814,-0.35442891716957087,0.5142379403114319,0.9331244230270384,0.10241346061229704,0.06751109659671783,-0.12724547088146207
-0.0043220967054367065,0.05105341598391533,0.7765091061592102,0.9955358505249025,0.002762807533144951,-0.02962726913392544,-0.08957094699144363,0.010854631662368774,0.05003567785024642,0.3490557968616485,0.2330499291419983,-0.2096291184425354,-0.010582846589386463,-0.14302125573158264,-0.13132640719413757,-0.050687149167060845,0.3044731318950653,-0.10988726466894148,0.1581631600856781,-0.08496845513582228,0.08299417793750763,0.31383842229843134,-0.2630928456783294,0.4923368096351624,-0.5540075302124025,-0.4927628636360168,0.2729278802871704,0.2482900619506836,-0.3085939884185791,-0.279774934053421,-0.3288068473339081,0.5095283389091492,0.9604431390762328,0.11058314144611359,0.06821871548891068,-0.13865995407104492
-0.006473091430962086,0.055664509534835815,0.7767003178596495,0.99527108669281,0.002445855177938938,-0.028481144458055496,-0.09283500164747238,0.009355696849524977,0.044860340654850006,0.3549295961856842,0.2252409905195236,-0.2051731199026108,-0.004736940376460552,-0.14570151269435883,-0.13341054320335388,-0.04485773295164108,0.293369859457016,-0.10011687874794006,0.1623833030462265,-0.08361655473709105,0.07379090785980225,0.3150874972343445,-0.20143550634384155,0.5209914445877075,-0.5160871148109436,-0.4686881005764008,0.24194408953189847,0.24862705171108243,-0.27685821056365967,-0.2508144080638885,-0.3053877353668213,0.5130767226219177,0.9943912625312803,0.11946151405572893,0.06872469186782837,-0.1466415375471115
-0.008086810819804668,0.058961234986782074,0.7767751216888428,0.9951844215393065,0.002111696870997548,-0.027833284810185432,-0.09396146237850189,0.008136631920933723,0.041023410856723785,0.3581810593605041,0.22024250030517575,-0.2029074728488922,0.0002048612077487633,-0.14410051703453064,-0.13454976677894592,-0.03973275050520897,0.28480926156044006,-0.09792783856391905,0.16822056472301483,-0.08263961225748062,0.06321190297603607,0.31493574380874634,-0.15136441588401794,0.5504555702209473,-0.4975418746471405,-0.4406302869319916,0.22378741204738617,0.24706897139549253,-0.2512102723121643,-0.21915972232818604,-0.28694903850555414,0.5300023555755615,1.0312319993972778,0.12751327455043793,0.06994573771953583,-0.14801515638828275
-0.009120242670178413,0.06101391091942787,0.7767510414123534,0.9952796101570128,0.0016150650335475802,-0.027879834175109863,-0.09294399619102478,0.00563160190358758,0.0378747396171093,0.3544384837150574,0.22053229808807373,-0.20459577441215515,0.003937949426472187,-0.14161595702171323,-0.1355820000171661,-0.037188518792390816,0.282507598400116,-0.10349795967340468,0.17700666189193723,-0.0824213996529579,0.05209888517856598,0.3120748698711395,-0.10900916904211044,0.5846421718597412,-0.5038262605667113,-0.41288599371910095,0.2267526090145111,0.24949064850807187,-0.23313638567924497,-0.186183363199234,-0.2751644551753998,0.5647135376930237,1.0693650245666504,0.12429697066545486,0.07445995509624481,-0.13725915551185608
-0.009259994141757488,0.06153706461191177,0.7769389152526854,0.9955280423164368,-0.00022026292572263628,-0.02878585271537304,-0.0899735689163208,0.0055022649466991425,0.040858529508113854,0.347990483045578,0.2293786257505417,-0.21061789989471436,0.008172616362571715,-0.13343288004398343,-0.13743333518505096,-0.04680127650499344,0.2892032861709595,-0.12185592949390411,0.17304135859012604,-0.07965533435344696,0.0441562794148922,0.3094422221183777,-0.0804760605096817,0.6244633197784424,-0.5352250337600708,-0.38644582033157354,0.26084694266319275,0.25933220982551575,-0.2334235608577728,-0.15244773030281067,-0.2745920121669769,0.6253926753997803,1.101978063583374,0.09879665821790697,0.07885242253541945,-0.11348767578601836
-0.009028244763612749,0.061326947063207626,0.7770379781723022,0.9959043860435485,-0.0019814909901469946,-0.02950765937566757,-0.08543913066387177,0.002233484061434865,0.04293300583958626,0.3341151177883148,0.24062214791774747,-0.2218566983938217,0.012421959079802036,-0.1269056051969528,-0.14195512235164642,-0.0589471347630024,0.31849783658981323,-0.14659807085990903,0.1645316630601883,-0.07719960063695908,0.03863269463181496,0.3033196032047272,-0.06678473204374313,0.6766678690910339,-0.6021819114685059,-0.3664141297340393,0.353615939617157,0.27875569462776184,-0.2676254212856293,-0.1173306182026863,-0.28851473331451416,0.7249956727027893,1.121872305870056,0.034003593027591705,0.08212282508611679,-0.07432962208986281
-0.008496852591633795,0.06029318645596504,0.7771157026290892,0.9963603615760803,-0.0031378737185150385,-0.029684182256460186,-0.0798439085483551,-0.0032004532404243946,0.0439220666885376,0.3175010979175568,0.25178420543670654,-0.23232609033584595,0.015315865166485308,-0.12023349851369856,-0.14573082327842712,-0.06003788113594055,0.3506720960140228,-0.1689835786819458,0.16013756394386292,-0.07383984327316284,0.03351674973964691,0.2929407358169556,-0.06376844644546509,0.7436830401420593,-0.6990771889686584,-0.37375164031982416,0.506518304347992,0.3104460835456848,-0.3459697365760803,-0.08469894528388977,-0.3171606957912445,0.8582692146301268,1.124646782875061,-0.09907317161560057,0.08615365624427795,-0.01605881378054619
-0.007920505478978157,0.05826231837272644,0.7772439718246461,0.9968585968017578,-0.0037855578120797873,-0.028589190915226936,-0.07376454770565033,-0.011132952757179735,0.04436463862657546,0.29979103803634644,0.25941604375839233,-0.2390584498643875,0.0152948135510087,-0.11354758590459824,-0.1490621715784073,-0.06334096938371657,0.37304756045341486,-0.18668393790721893,0.15583497285842896,-0.06958180665969849,0.02659638039767742,0.2786908745765686,-0.05597195401787758,0.8200913071632385,-0.7902992963790892,-0.41969263553619374,0.6533064842224121,0.3404339253902436,-0.4262134432792664,-0.054547451436519616,-0.3504548370838165,0.9950066804885864,1.1174685955047607,-0.26362666487693787,0.09694233536720276,0.04266801103949546
-0.007241668179631233,0.05529686063528061,0.7772400975227357,0.9973426461219789,-0.003146914998069405,-0.02669803984463215,-0.06771297007799149,-0.01788306050002575,0.04243257641792297,0.2846980392932892,0.2597987651824951,-0.23991328477859497,0.012947926297783852,-0.1029120311141014,-0.15185263752937317,-0.07197421044111252,0.36788976192474365,-0.2005876898765564,0.155629962682724,-0.06325794011354446,0.016295291483402252,0.26295641064643854,-0.038036465644836426,0.8943783044815062,-0.8444775938987733,-0.491693377494812,0.7457365989685057,0.36482611298561096,-0.4693448841571808,-0.02403182163834572,-0.37833258509635925,1.1011881828308103,1.1111758947372437,-0.4198415875434875,0.11162284761667252,0.08902274817228317
-0.006624942645430565,0.051641099154949195,0.7770496010780334,0.9977702498435974,-0.0011477122316136956,-0.024485964328050613,-0.06207772716879845,-0.0196465477347374,0.03865803405642509,0.2732856869697571,0.25197994709014887,-0.23434084653854367,0.008733934722840788,-0.09362251311540605,-0.14959241449832916,-0.07394942641258238,0.33943456411361694,-0.1995249837636948,0.15998628735542297,-0.05372221395373344,0.003560744458809495,0.2485515922307968,-0.015374913811683655,0.9617801904678344,-0.855567693710327,-0.5778938531875609,0.7914338111877441,0.3842974603176117,-0.48075786232948303,0.009759967215359211,-0.39915940165519714,1.172013521194458,1.1030207872390747,-0.5367944240570068,0.12144190073013304,0.12038785219192503
-0.006059275940060616,0.04726521670818329,0.7772244215011597,0.9980890154838562,0.0014446573331952095,-0.02194255962967873,-0.05774706229567528,-0.01891617849469185,0.034282248467206955,0.26459166407585144,0.23743604123592377,-0.2274092137813568,-0.0016026579542085528,-0.08977623283863068,-0.1462395042181015,-0.07633406668901443,0.3151058554649353,-0.1956628710031509,0.15879330039024353,-0.04310564324259757,-0.009306245483458042,0.23726618289947507,0.006082928739488125,1.0154736042022705,-0.8244909644126893,-0.66220623254776,0.8143486976623534,0.3926942050457001,-0.48716083168983454,0.04312492534518242,-0.411155492067337,1.215887188911438,1.0931755304336548,-0.6095958352088928,0.12067625671625136,0.14386120438575745
-0.005811791867017746,0.04264543205499649,0.7773496508598327,0.9983135461807251,0.0036896551027894016,-0.020342977717518806,-0.05424598976969719,-0.017676226794719696,0.03300381079316139,0.2592638731002808,0.2243575155735016,-0.21867616474628448,-0.011833083815872667,-0.09330501407384872,-0.15001478791236875,-0.09284262359142303,0.31892159581184387,-0.20220713317394257,0.15600809454917908,-0.030910629779100415,-0.019495487213134766,0.23259659111499784,0.021195994690060612,1.0518234968185425,-0.7773170471191406,-0.7395360469818115,0.8151705861091613,0.39885863661766047,-0.4759658873081207,0.06746823340654373,-0.4174252152442932,1.2425587177276611,1.0797960758209229,-0.6386136412620544,0.11162254214286804,0.15061131119728088
-0.00578702986240387,0.03753070533275604,0.7772876024246215,0.9984605908393859,0.005583344958722592,-0.019274240359663963,-0.05170822888612747,-0.01870365440845489,0.03430967032909393,0.25485941767692566,0.21920330822467804,-0.21428717672824857,-0.02158871851861477,-0.09830585122108461,-0.15205691754817963,-0.10482079535722733,0.33062639832496643,-0.2109984755516052,0.15220655500888824,-0.018911294639110565,-0.027296442538499832,0.23264293372631076,0.03206012398004532,1.0658754110336304,-0.7208290100097656,-0.7940825819969177,0.8168748021125793,0.4014437198638916,-0.4651420414447784,0.08080271631479262,-0.4189472496509552,1.2499197721481323,1.0649445056915283,-0.6382861137390137,0.10126306116580965,0.1414545178413391
-0.005719691514968872,0.032221272587776184,0.7771943807601928,0.9985827207565309,0.006746136117726564,-0.01865868456661701,-0.04938512668013573,-0.021805409342050552,0.03875529766082764,0.2500353157520294,0.22180990874767303,-0.21392756700515747,-0.030250880867242813,-0.1015847399830818,-0.1505604088306427,-0.11258919537067412,0.3419671654701233,-0.2209908813238144,0.14643840491771698,-0.012063649483025074,-0.032674457877874374,0.23422889411449432,0.037898637354373925,1.0563961267471311,-0.6742329001426697,-0.8097182512283325,0.8290112614631652,0.4033077955245972,-0.46453818678855896,0.08247233182191847,-0.41665837168693537,1.23618745803833,1.0544008016586304,-0.6147809028625488,0.09302759915590286,0.12010817229747772
-0.00533752329647541,0.02714538015425205,0.7774017453193665,0.9986631274223328,0.006004718132317065,-0.018938027322292328,-0.047720473259687424,-0.02368577755987644,0.047937095165252686,0.24428194761276245,0.22780311107635495,-0.21477903425693512,-0.0379592590034008,-0.097360759973526,-0.14225737750530243,-0.11746975779533386,0.34152770042419434,-0.225258931517601,0.1396726667881012,-0.010351175442337988,-0.03314049169421196,0.23481029272079468,0.03954610973596573,1.0263997316360471,-0.6485671401023865,-0.7922805547714233,0.8377514481544495,0.4045081436634064,-0.46637687087059027,0.07520519942045212,-0.4130452871322632,1.2099494934082031,1.0497934818267822,-0.5759053826332092,0.09010311216115952,0.09380544722080231
-0.004662135615944862,0.021982373669743534,0.7778067588806152,0.9986966252326963,0.0032105299178510904,-0.020210660994052887,-0.04675746336579322,-0.024200964719057083,0.06300955265760422,0.23835903406143188,0.23875676095485687,-0.2181406319141388,-0.04605921730399132,-0.08424168825149536,-0.1274077147245407,-0.12142377346754074,0.3282691538333893,-0.22278077900409696,0.13117076456546783,-0.012523033656179903,-0.028329400345683094,0.23411121964454648,0.03747943788766861,0.9746947288513184,-0.6405819654464722,-0.7456780672073363,0.8329349160194398,0.4018251895904541,-0.46209204196929926,0.06310994923114777,-0.40883600711822504,1.1752650737762451,1.0497814416885376,-0.5257853865623474,0.09057385474443437,0.06567695736885071
-0.0038802400231361385,0.016468456014990807,0.7780641913414001,0.998705208301544,-0.0011547061149030924,-0.021544894203543663,-0.0460689514875412,-0.02879476360976696,0.08405403792858124,0.23279789090156555,0.261305034160614,-0.22657291591167447,-0.055089343339204795,-0.0686665028333664,-0.10871393978595732,-0.1260673850774765,0.310271292924881,-0.21641729772090912,0.12033295631408691,-0.0177654642611742,-0.01888182014226913,0.2322559207677841,0.028752237558364868,0.9042569398880003,-0.6448208689689636,-0.6709677577018738,0.8076769113540649,0.38918575644493103,-0.4435541927814484,0.05127741768956184,-0.40207976102828974,1.1321476697921753,1.0540841817855835,-0.46650198101997375,0.08994822949171066,0.0336354523897171
-0.003187093883752823,0.010783270932734013,0.7778166532516478,0.9986917376518248,-0.006276410538703203,-0.022595761343836784,-0.04544113576412201,-0.03974639624357224,0.10849572718143465,0.22650298476219177,0.29705727100372314,-0.24096210300922397,-0.06383582949638367,-0.056600984185934074,-0.08917768299579619,-0.13274963200092316,0.29719817638397217,-0.21058912575244904,0.10952889174222946,-0.02480904757976532,-0.00593382865190506,0.2295648157596588,0.010113441385328768,0.8235365152359008,-0.6609836220741272,-0.5757472515106201,0.7697007656097411,0.3635063767433167,-0.4186573624610901,0.039615556597709656,-0.39033189415931696,1.0787793397903442,1.0630741119384763,-0.3994621932506561,0.08721789717674254,-0.002864866517484188
-0.0025621987879276276,0.005264998413622379,0.7767397165298462,0.9986414313316344,-0.011142367497086523,-0.02385830134153366,-0.04496553540229797,-0.05396990478038788,0.1326311081647873,0.2187366634607315,0.34050485491752625,-0.2594785988330841,-0.07153335213661194,-0.0494295172393322,-0.07132773846387863,-0.14007121324539185,0.29493117332458496,-0.21135750412940976,0.09992688894271849,-0.032560966908931725,0.007882754318416119,0.2275957316160202,-0.01767272688448429,0.7413063645362854,-0.6841633319854736,-0.4699896275997162,0.7285125851631165,0.32560375332832336,-0.3966131806373596,0.026283929124474525,-0.37342774868011475,1.016642689704895,1.0735621452331543,-0.32688936591148376,0.08309391140937805,-0.040347035974264145
-0.0021036919206380844,-6.664637476205826e-05,0.7750821709632874,0.9985354542732239,-0.015727292746305466,-0.02561331167817116,-0.044984620064496994,-0.06863485276699066,0.1557837426662445,0.209018275141716,0.38429915904998774,-0.27898794412612915,-0.07979714125394821,-0.04544007033109665,-0.05377424508333206,-0.14571556448936462,0.30103266239166254,-0.2178622335195541,0.09107933938503264,-0.039427470415830605,0.02058683894574642,0.2282143831253052,-0.048331040889024734,0.6645418405532837,-0.6985344290733337,-0.3671634793281555,0.6833966374397278,0.2856214940547943,-0.37546306848526,0.00808640569448471,-0.3543317914009094,0.9517196416854857,1.07770574092865,-0.2597067952156067,0.0784647986292839,-0.06735314428806305
-0.0016466882079839706,-0.005312708206474781,0.7737820148468018,0.9984025955200195,-0.019617751240730286,-0.027501286938786503,-0.04528946429491043,-0.07787751406431198,0.17629118263721466,0.2001767456531525,0.41558757424354553,-0.2935292422771454,-0.08951347321271896,-0.04082394391298294,-0.03650235757231712,-0.14858928322792053,0.30568504333496094,-0.22389160096645355,0.08208560198545456,-0.04577435925602913,0.030875103548169136,0.2300792932510376,-0.07781203091144562,0.5944560170173645,-0.7026112675666809,-0.27058660984039307,0.6412771344184875,0.25328800082206726,-0.3509846031665802,-0.014965370297431944,-0.33654215931892395,0.8875752091407776,1.0710177421569824,-0.20503802597522733,0.07430581003427505,-0.07800649851560593
-0.0010045859962701795,-0.010369263589382172,0.77310311794281,0.9982448816299438,-0.02248568832874298,-0.029128378257155415,-0.04640223458409309,-0.07912763953208923,0.19294823706150052,0.19524888694286344,0.43040987849235535,-0.30050548911094666,-0.0997474044561386,-0.03318405523896217,-0.020502064377069477,-0.1485764980316162,0.3027375042438507,-0.22602626681327817,0.07155462354421616,-0.0527077242732048,0.03943870216608048,0.23103658854961395,-0.10550834983587264,0.5276426672935486,-0.7009610533714294,-0.17441019415855408,0.6149536967277527,0.23170796036720276,-0.3254545927047729,-0.038488425314426415,-0.319861352443695,0.8210036158561705,1.0590498447418213,-0.1578117460012436,0.07182793319225311,-0.07908032089471817
-6.495602428913116e-05,-0.015539325773715971,0.7729073166847229,0.9980667829513549,-0.024436926469206807,-0.030644502490758892,-0.04823274537920952,-0.07312490046024321,0.20612812042236328,0.19328704476356504,0.43290635943412786,-0.3024417459964752,-0.1090789884328842,-0.02276410721242428,-0.005600149743258953,-0.14599007368087769,0.29237350821495056,-0.22468851506710047,0.05996054410934448,-0.05871802568435669,0.04743054881691933,0.230914369225502,-0.13441662490367887,0.4680679440498352,-0.6973255276679993,-0.08440446853637694,0.6102014183998108,0.223212793469429,-0.30238667130470276,-0.061728324741125114,-0.30324220657348633,0.7527994513511658,1.0485657453536987,-0.1048564463853836,0.07020298391580582,-0.0792410969734192
0.0009291470050811768,-0.020992750301957127,0.7724594473838806,0.9978639483451843,-0.02726532332599163,-0.031668491661548615,-0.050211962312459946,-0.0689297541975975,0.22179707884788516,0.1917517781257629,0.437897652387619,-0.30563944578170776,-0.11967577040195464,-0.012600991874933243,0.01098949648439884,-0.14530552923679352,0.27929726243019104,-0.22180685400962827,0.04900306090712547,-0.06445838510990143,0.05769897252321243,0.23003816604614255,-0.16401231288909912,0.4196273386478424,-0.6962560415267944,-0.001507562235929072,0.6164360046386719,0.22223883867263797,-0.28026038408279413,-0.08707103133201598,-0.28679424524307245,0.6886545419692993,1.0393040180206299,-0.04908958449959754,0.06746237725019455,-0.08210854977369308
0.0016547944396734236,-0.026582907885313038,0.7714616656303405,0.9976086616516112,-0.031694501638412476,-0.03281191363930702,-0.051920559257268906,-0.07168117165565491,0.24272367358207703,0.18834049999713895,0.4569862484931946,-0.3127789795398712,-0.1294824481010437,-0.0032435422763228416,0.030586453154683117,-0.14705947041511536,0.26786637306213373,-0.2190271317958832,0.03789339959621429,-0.07036156952381134,0.07045626640319824,0.230583131313324,-0.19356718659400937,0.3818417489528656,-0.6978883743286133,0.07712827622890472,0.6260920763015747,0.22122700512409207,-0.25515875220298767,-0.11575659364461897,-0.27387428283691406,0.6365842819213867,1.0304086208343504,-0.007353584747761488,0.06213371828198433,-0.08575768768787384
0.0020794831216335297,-0.0322628952562809,0.7697537541389465,0.9972546100616456,-0.03820830583572388,-0.03449348360300064,-0.05323048308491706,-0.0828064978122711,0.2699936330318451,0.18028797209262848,0.49473401904106146,-0.32655149698257446,-0.13813093304634094,0.005886306054890156,0.05430662631988525,-0.1511712670326233,0.25940409302711487,-0.21696218848228452,0.02499011531472206,-0.07639213651418686,0.08580148965120316,0.23312488198280332,-0.2205141633749008,0.35346519947052,-0.7002301216125488,0.14998261630535123,0.6366478204727173,0.2172910124063492,-0.22745978832244876,-0.1474092602729797,-0.2675415277481079,0.6048591136932373,1.0221976041793823,0.017852479591965675,0.05586152151226997,-0.08825448155403137
0.002337031066417694,-0.037961024791002274,0.7674052715301514,0.9967955946922302,-0.046070046722888953,-0.03705105185508728,-0.0538824051618576,-0.09844470769166945,0.30067604780197144,0.16604503989219663,0.5437672138214111,-0.3458448648452759,-0.14621271193027496,0.01480670366436243,0.08024364709854126,-0.15684562921524048,0.2566429376602173,-0.2178824096918106,0.011975445784628391,-0.08315053582191467,0.10260013490915298,0.23848125338554385,-0.2415916174650192,0.3326784670352936,-0.7020918130874634,0.21702493727207184,0.6492190361022949,0.21258534491062164,-0.19978027045726776,-0.18175280094146729,-0.26755267381668085,0.5915288329124451,1.0151518583297727,0.03429541736841202,0.051277007907629006,-0.08937783539295197
0.0022073704749345775,-0.04320573806762695,0.7650873064994813,0.9963590502738952,-0.05217456072568893,-0.040557201951742165,-0.053865961730480194,-0.1125124618411064,0.32689160108566284,0.1532909125089645,0.5891997218132019,-0.3609024882316589,-0.1513461321592331,0.022504277527332302,0.100468210875988,-0.16383197903633115,0.26272794604301447,-0.224739134311676,0.002524804323911667,-0.0895831510424614,0.11466864496469496,0.2468745410442352,-0.2541506290435791,0.31847694516181946,-0.7038716673851013,0.2838551104068756,0.656176745891571,0.20958639681339264,-0.17205609381198883,-0.2141149789094925,-0.2704620957374573,0.5837397575378418,1.0092947483062744,0.045138034969568246,0.0525376982986927,-0.09296178817749023
0.001910096034407616,-0.04774846136569977,0.7636616230010985,0.9961485266685485,-0.0553208626806736,-0.04305526241660118,-0.05266843736171722,-0.12706489861011505,0.3439435660839081,0.14398306608200073,0.6234952211380005,-0.36370819807052607,-0.15410484373569489,0.029457662254571915,0.11335518956184389,-0.16940708458423615,0.26623573899269104,-0.23075118660926816,-0.00608891062438488,-0.0954381451010704,0.1203055754303932,0.2534084618091583,-0.25972753763198847,0.30886682868003845,-0.7042919397354126,0.35020485520362854,0.6566057801246643,0.20546448230743408,-0.14338842034339905,-0.23701009154319763,-0.2710545063018799,0.561380922794342,1.0019536018371582,0.049374554306268685,0.057381629943847656,-0.10344374179840088
0.0016576535999774933,-0.051613420248031616,0.7630205154418945,0.9961679577827453,-0.05560298264026642,-0.04466784745454788,-0.05062146857380867,-0.1421457827091217,0.35033512115478516,0.1341249048709869,0.6516655087471008,-0.3573611080646515,-0.1570440977811813,0.03409464657306671,0.11883521825075148,-0.17353142797946927,0.26762518286705017,-0.2354926764965057,-0.012078366242349148,-0.10097987949848176,0.12023282051086424,0.2574537992477417,-0.2619208097457886,0.3032550811767578,-0.7008393406867981,0.4121411442756653,0.637166440486908,0.19867245852947235,-0.11984357237815856,-0.2482815980911255,-0.2675773799419403,0.5285245180130005,0.9947962164878845,0.04988446459174156,0.06282498687505722,-0.119775153696537
0.0013583377003669739,-0.05478938296437264,0.7624683976173402,0.9962301850318909,-0.05550152435898781,-0.04599396884441376,-0.048265744000673294,-0.16029411554336548,0.3530350923538208,0.12091316282749176,0.685364305973053,-0.3499113321304321,-0.16260941326618195,0.03612680733203888,0.12137109786272048,-0.17845652997493744,0.2706822454929352,-0.239748939871788,-0.015156279318034647,-0.10618908703327178,0.1197180226445198,0.26109322905540466,-0.25759267807006836,0.30354055762290955,-0.6945748925209044,0.4630347490310669,0.5914433002471924,0.18669795989990237,-0.10537068545818327,-0.24972203373909,-0.26374581456184387,0.5033997297286987,0.9868795275688172,0.04756093397736549,0.06357317417860031,-0.12951791286468503
0.000858960673213005,-0.0570659413933754,0.7617191076278687,0.9962546229362488,-0.05614772066473961,-0.0470336489379406,-0.04595642164349556,-0.17903698980808258,0.3560729026794433,0.10741560906171797,0.7180337905883789,-0.34746286273002625,-0.16938820481300354,0.03762653470039368,0.12391529232263564,-0.18525357544422147,0.27541041374206543,-0.24465765058994293,-0.016432443633675575,-0.11143099516630171,0.12207967042922972,0.26529547572135925,-0.2453438639640808,0.3101426959037781,-0.6843517422676086,0.5082188844680786,0.527676522731781,0.17034026980400083,-0.09403619915246964,-0.2472292631864548,-0.2641746997833252,0.49662402272224426,0.9823644161224365,0.041775144636631005,0.061289969831705086,-0.1275152713060379
0.000540034845471382,-0.0585920624434948,0.7610079050064088,0.9963207840919495,-0.057372625917196274,-0.046377029269933694,-0.043616998940706246,-0.19116905331611636,0.3611253201961517,0.10225351154804228,0.7282489538192749,-0.35369575023651123,-0.17664955556392667,0.03642468154430389,0.1263154000043869,-0.1953200250864029,0.2777370810508728,-0.24820588529109955,-0.018336573615670204,-0.1162567064166069,0.12665054202079773,0.26765745878219604,-0.2290057986974716,0.3192761242389679,-0.678597092628479,0.555558443069458,0.4669488668441773,0.14608754217624664,-0.07448743283748625,-0.24142032861709595,-0.2709946930408478,0.5090280771255493,0.9885523915290833,0.031954437494277954,0.05227626487612724,-0.11566881835460661
0.0007243398576974868,-0.0592377670109272,0.7608981132507325,0.9964669942855835,-0.05663163587450981,-0.045579712837934494,-0.042057406157255166,-0.19462238252162933,0.35408493876457214,0.09473000466823578,0.7001535296440125,-0.358975887298584,-0.1785837560892105,0.035596758127212524,0.12458510696887969,-0.20057481527328488,0.2779695391654968,-0.25178956985473633,-0.0184639822691679,-0.1183563247323036,0.1269015222787857,0.2677534818649292,-0.20873410999774927,0.3282361626625061,-0.676139771938324,0.6019232869148254,0.4170270562171936,0.12989206612110135,-0.0671924501657486,-0.23236072063446045,-0.2771981954574585,0.5329990983009337,0.9997019171714783,0.019603613764047623,0.05143188312649727,-0.10029475390911102
0.0013532713055610657,-0.05944303795695305,0.7610337734222413,0.9967231154441832,-0.05497430637478829,-0.044002268463373184,-0.03980675712227821,-0.19537502527236936,0.3440321087837219,0.09282698482275008,0.6530651450157166,-0.35153675079345703,-0.1732096970081329,0.03456041216850281,0.12006645649671555,-0.20597581565380096,0.2743968963623047,-0.2542041540145874,-0.016321996226906776,-0.12020526826381683,0.1250348836183548,0.2653063237667084,-0.1886810660362244,0.3375178575515747,-0.6784632205963135,0.6561633348464966,0.36826646327972407,0.11076731979846954,-0.06449767202138901,-0.21821781992912287,-0.2839434742927551,0.5731943249702454,1.0187740325927734,0.002831941470503807,0.05220216140151024,-0.0789349302649498
0.002085283398628235,-0.05898439884185791,0.7616083621978759,0.9970247745513917,-0.052613243460655205,-0.042551402002573006,-0.03691660612821578,-0.1942753791809082,0.335776150226593,0.09630390256643297,0.6149425506591797,-0.3366638720035553,-0.15912984311580655,0.034972190856933594,0.11319046467542648,-0.21100649237632751,0.2675196826457977,-0.2569821774959564,-0.013047385029494762,-0.1231551170349121,0.12111896276474,0.26215133070945734,-0.1654819697141647,0.34609541296958923,-0.6745351552963257,0.7137285470962524,0.3178451359272003,0.09768185764551161,-0.06864077597856522,-0.20139640569686887,-0.2893637418746948,0.6272874474525452,1.0410537719726562,-0.02484691701829433,0.061893347650766366,-0.04648865759372711
0.0030795224010944366,-0.0580323152244091,0.762086033821106,0.9972015619277954,-0.052603680640459054,-0.04100513830780983,-0.03377184644341469,-0.19513827562332156,0.3346870839595794,0.09945258498191832,0.6086813807487488,-0.3336110711097717,-0.1529719829559326,0.04003388807177544,0.11140818148851395,-0.2159004360437393,0.255258709192276,-0.2541158199310303,-0.011113073676824568,-0.12349527329206467,0.12180299311876296,0.25861534476280207,-0.14378292858600616,0.3522198796272278,-0.6699404120445251,0.7736399173736572,0.2716499865055084,0.08174627274274826,-0.06561211496591568,-0.18049103021621704,-0.29644471406936646,0.6846098303794861,1.0634105205535889,-0.07076165080070496,0.063756063580513,-0.008346906863152979
0.00429266132414341,-0.056421741843223565,0.7626340985298157,0.9973592758178712,-0.0524911843240261,-0.0393572673201561,-0.031148426234722137,-0.19660572707653043,0.3317502439022064,0.1019909381866455,0.6074559688568115,-0.33168065547943115,-0.15014579892158508,0.04605783149600029,0.10949374735355376,-0.21792225539684293,0.2420710176229477,-0.24917528033256528,-0.008815535344183445,-0.12190018594264984,0.1221827045083046,0.2550790309906006,-0.12000329047441483,0.35557126998901367,-0.6552090644836426,0.8266146183013917,0.235914409160614,0.07291628420352934,-0.06274177879095078,-0.15338696539402008,-0.30073943734169006,0.7355728149414062,1.082480788230896,-0.12956751883029935,0.06771256774663925,0.02910786122083664
0.005947079509496689,-0.054165080189704895,0.7634941935539244,0.9975985288619997,-0.05112370848655701,-0.03728381916880608,-0.02816913649439812,-0.1957074850797653,0.3238316774368286,0.10636688023805618,0.5982301831245422,-0.3276385962963104,-0.14900639653205872,0.050813652575016015,0.1039089560508728,-0.21903805434703824,0.22985389828681943,-0.2442617267370224,-0.005143274087458849,-0.12078570574522018,0.1200323849916458,0.24945230782032007,-0.09319598227739334,0.3565916121006012,-0.6310168504714966,0.8739379048347473,0.20890796184539795,0.06884671747684479,-0.060117334127426154,-0.11893123388290404,-0.30191394686698914,0.766060471534729,1.0961177349090576,-0.18405453860759732,0.07369998842477798,0.059749700129032135
0.008185986429452896,-0.05131532251834869,0.7647473216056823,0.9979608058929443,-0.047636643052101135,-0.03506109118461609,-0.02399290911853313,-0.18950229883193967,0.3080292046070099,0.11130037903785704,0.5766698718070984,-0.3198443651199341,-0.1483970731496811,0.053837984800338745,0.09194675087928773,-0.2211333513259888,0.22151379287242887,-0.242663249373436,0.0007720867870375514,-0.12112259119749068,0.11310098320245741,0.2409958392381668,-0.06376761943101883,0.3565064072608948,-0.6005811095237732,0.9157257080078125,0.19176582992076877,0.06835334002971649,-0.05819612368941307,-0.07775326073169708,-0.2995189428329468,0.7657716870307921,1.10540771484375,-0.2104401588439941,0.07998979836702345,0.07530773431062697
0.011008050292730331,-0.047983668744564056,0.7662988901138306,0.998382329940796,-0.04217752441763878,-0.03315705806016921,-0.01882624253630638,-0.1771511733531952,0.2852749228477478,0.11582731455564498,0.5451201200485228,-0.30882126092910767,-0.149161159992218,0.05702045559883118,0.07409295439720154,-0.22448010742664337,0.21635538339614868,-0.24448527395725247,0.00891114491969347,-0.121324323117733,0.10142891854047777,0.23036335408687592,-0.03289714828133583,0.35631617903709406,-0.5683125257492065,0.9521775245666506,0.18165983259677887,0.07016295939683914,-0.057645656168460846,-0.032758679240942,-0.2940625250339508,0.7392494678497313,1.111817479133606,-0.2052534818649292,0.0851469412446022,0.07634653896093369
0.01405041106045246,-0.044312510639429085,0.7679338455200195,0.9987806677818297,-0.03572537377476692,-0.031226348131895065,-0.013629929162561892,-0.16274116933345795,0.2598616182804108,0.12142910063266754,0.5101629495620728,-0.2957356870174408,-0.14912803471088407,0.05931171402335167,0.0530247800052166,-0.2276575267314911,0.21466758847236636,-0.24854618310928345,0.01839561760425568,-0.11935976147651672,0.08769718557596207,0.2180710881948471,-0.0022365669719874855,0.3563189804553985,-0.5346541404724121,0.9816867113113404,0.1734623610973358,0.07263771444559097,-0.05707256868481636,0.011262053623795508,-0.28713035583496094,0.6977706551551819,1.116068959236145,-0.18042114377021787,0.08774653822183609,0.06920550763607025
0.017055200412869453,-0.04032879322767258,0.7694889307022095,0.9991120100021361,-0.02912674658000469,-0.02905932068824768,-0.009075003676116465,-0.14801861345767975,0.23452267050743103,0.12870338559150696,0.47415953874588007,-0.28156861662864685,-0.14845147728919983,0.06057313084602356,0.03100256808102131,-0.2298263609409332,0.21498677134513852,-0.25318875908851624,0.028768073767423626,-0.11459408700466156,0.07389550656080246,0.20522402226924896,0.02711999975144863,0.35530415177345276,-0.4969037175178528,1.004380464553833,0.1618298292160034,0.07470104098320006,-0.054401930421590805,0.050875291228294366,-0.27996766567230225,0.6513350009918213,1.1185834407806396,-0.150617316365242,0.08871756494045258,0.059000153094530106
0.019751695916056636,-0.03627600893378258,0.770753026008606,0.9993517398834227,-0.02330385521054268,-0.026898905634880062,-0.005427365191280842,-0.1355985403060913,0.21196189522743225,0.136330246925354,0.44293519854545593,-0.2684073746204376,-0.14635059237480164,0.06115594133734703,0.010598722845315931,-0.2312148064374924,0.2161058336496353,-0.25752389430999756,0.039206720888614655,-0.1081436201930046,0.061987217515707016,0.1938219368457794,0.053621839731931686,0.3518418371677398,-0.45489972829818726,1.020849585533142,0.14215368032455444,0.07557323575019836,-0.0475119948387146,0.08226870000362396,-0.2734202742576599,0.6066588759422302,1.1198889017105103,-0.12410197407007216,0.08955936878919601,0.04844580218195915
0.022318407893180847,-0.03202156350016594,0.7717156410217285,0.9995258450508115,-0.018073091283440586,-0.02478659152984619,-0.0026544593274593358,-0.1257764846086502,0.1912410408258438,0.1432560831308365,0.41831099987030024,-0.2577667534351349,-0.14139054715633392,0.059755157679319375,-0.00920207891613245,-0.23175457119941711,0.22077469527721405,-0.26297280192375183,0.050527065992355354,-0.0998258665204048,0.0516999289393425,0.1842755675315857,0.07624690234661102,0.3449060618877411,-0.40749365091323847,1.0335373878479004,0.1096111461520195,0.07433907687664032,-0.0361485630273819,0.10554489493370056,-0.26755693554878235,0.5634372234344481,1.1204925775527954,-0.09919656068086624,0.09085553139448163,0.03821709379553794
0.024709666147828106,-0.027616744861006737,0.7721845507621765,0.9996474385261536,-0.013317129574716091,-0.022949090227484703,-0.0009932219982147217,-0.11916614323854446,0.1720552146434784,0.14921636879444122,0.4026050865650177,-0.2526569366455078,-0.13297799229621887,0.05393228307366371,-0.029376277700066566,-0.23107163608074188,0.23455004394054407,-0.27221068739891047,0.062344081699848175,-0.08994027972221375,0.042792152613401406,0.17703919112682343,0.0937281548976898,0.3351631760597229,-0.36049994826316833,1.0445086956024168,0.06610903143882751,0.07004863768815994,-0.0213568601757288,0.12089970707893372,-0.26295405626297,0.5225154757499695,1.1195557117462158,-0.07545749098062515,0.09225097298622131,0.027693143114447597
0.026909016072750088,-0.02307390421628952,0.7720471024513245,0.9997267127037048,-0.008537491783499716,-0.02174784243106842,-0.0007926318794488906,-0.11307375133037569,0.15365971624851227,0.15693224966526031,0.3928784728050232,-0.25280192494392395,-0.12302325665950777,0.04224948212504386,-0.051393743604421616,-0.22815552353858948,0.26203545928001404,-0.28737661242485046,0.07382500916719437,-0.07957762479782104,0.03399180993437767,0.17249232530593872,0.104614220559597,0.3249189555644989,-0.32550767064094543,1.0557210445404053,0.024986872449517247,0.06493395566940308,-0.009719504974782467,0.1269766390323639,-0.2607140243053436,0.48737859725952154,1.1180136203765867,-0.056120533496141434,0.09327795356512067,0.017818797379732132
0.028991760686039925,-0.01821120828390121,0.7714971303939819,0.9997649192810057,-0.003249904373660684,-0.021372750401496887,-0.0016434923745691776,-0.10571534931659698,0.1346188187599182,0.16681985557079315,0.3851361572742462,-0.25514844059944153,-0.11216244846582411,0.02636078745126724,-0.07558635622262953,-0.22284983098506927,0.3003552258014679,-0.3060332238674164,0.08466228097677232,-0.0706615000963211,0.023478336632251736,0.17071446776390076,0.10931096971035004,0.3165075480937958,-0.3101453483104706,1.0688973665237427,-0.0008476529619656502,0.06222831085324288,-0.006077347788959742,0.12301067262887953,-0.26052823662757874,0.4572282135486602,1.1178861856460571,-0.04122762382030487,0.09485123306512833,0.009440637193620207
0.031184121966362,-0.013061154633760452,0.7708353400230407,0.9997475147247313,0.002383242826908827,-0.022104116156697277,-0.0032644537277519703,-0.09572465717792512,0.11498048156499863,0.17772996425628662,0.3771539628505706,-0.25713974237442017,-0.1010868027806282,0.011612787842750548,-0.10015441477298737,-0.21512888371944427,0.3404191732406616,-0.323571652173996,0.09550365805625917,-0.06344383209943771,0.0108120646327734,0.1714575886726379,0.10913967341184616,0.31086698174476624,-0.31411370635032654,1.0831665992736816,-0.008202943950891495,0.06390757113695145,-0.00963096600025892,0.11010047793388365,-0.2612445056438446,0.42992803454399114,1.1181135177612305,-0.028009790927171707,0.09665490686893465,0.0012710782466456294
0.033562492579221725,-0.0078118257224559775,0.7702085375785828,0.9996631741523743,0.007587088271975516,-0.024202434346079823,-0.005494920071214437,-0.08226065337657928,0.09655461460351945,0.18914081156253812,0.3688522577285767,-0.2590751647949219,-0.09157060086727142,0.002229551086202264,-0.12226966023445128,-0.20484206080436704,0.37543773651123047,-0.3378093242645264,0.10607987642288208,-0.05732621252536774,-0.002430695109069348,0.17392820119857788,0.10694895684719084,0.30689874291419983,-0.32977458834648127,1.094977855682373,-0.002192965941503644,0.06893938034772873,-0.017131470143795013,0.09040670841932295,-0.2615611255168915,0.40299323201179504,1.1165206432342527,-0.01687571406364441,0.09755931049585342,-0.0078107863664627075
0.03600940853357315,-0.002872074022889137,0.7696028351783752,0.9995348453521729,0.011523855850100516,-0.027069048956036568,-0.00803495943546295,-0.06822093576192856,0.08131923526525497,0.19824832677841184,0.36352208256721497,-0.2629810869693756,-0.08348055183887482,-0.0022733276709914207,-0.14046426117420197,-0.19514100253582,0.40346702933311457,-0.3480236828327179,0.1152251809835434,-0.051351241767406464,-0.01365087367594242,0.17693385481834412,0.10300342738628387,0.30342191457748413,-0.3476804792881012,1.1000738143920898,0.004637549165636301,0.07219304889440536,-0.02394392155110836,0.06844911724328995,-0.2618415951728821,0.379972368478775,1.109742760658264,-0.007213817443698643,0.0948742851614952,-0.015680579468607903
0.03821412473917008,0.0017147846519947052,0.7688940763473511,0.9993783235549927,0.014792760834097862,-0.02995113097131252,-0.011269842274487019,-0.0549384243786335,0.06850490719079971,0.2079409658908844,0.36067917943000793,-0.2687205672264099,-0.07655002921819687,-0.008217252790927889,-0.15712183713912964,-0.18590718507766724,0.43290114402771,-0.35728129744529724,0.1228124126791954,-0.04488206654787064,-0.02337910234928131,0.18025982379913327,0.09727316349744797,0.3000326752662658,-0.36491310596466064,1.098224639892578,0.005891217384487391,0.0719728022813797,-0.02590775676071644,0.04648517444729805,-0.2636052966117859,0.3650327920913696,1.098203420639038,0.0003167891991324723,0.08969984948635101,-0.022707534953951836
0.04009123891592026,0.006226100027561188,0.7679665088653564,0.9991664886474608,0.018305169418454167,-0.03305608034133911,-0.015446485951542854,-0.04139738902449608,0.05579425767064095,0.21997216343879697,0.35859572887420654,-0.27492913603782654,-0.07005374878644943,-0.019616989418864247,-0.17480067908763883,-0.1749850362539291,0.47221294045448303,-0.3678402304649353,0.12965987622737885,-0.038089025765657425,-0.0336487703025341,0.18504191935062408,0.0899520218372345,0.29714080691337585,-0.382832020521164,1.0910358428955078,0.004207239951938392,0.0700676366686821,-0.02385950833559036,0.02265636436641216,-0.267976850271225,0.3568144738674164,1.0848236083984375,0.004590907134115696,0.08557689934968947,-0.02968444116413593
0.04158047959208488,0.0107794851064682,0.7669124007225037,0.9988691210746765,0.02218233607709408,-0.03666919469833375,-0.020585441961884495,-0.02707481384277344,0.0427723340690136,0.23362210392951965,0.35681578516960144,-0.28052064776420593,-0.06343851238489151,-0.03888404369354248,-0.19338123500347135,-0.160336434841156,0.5264174342155457,-0.3771427869796753,0.1375158727169037,-0.031353820115327835,-0.045098945498466485,0.1920389533042908,0.08035387843847273,0.29454958438873285,-0.40163984894752497,1.0806419849395752,0.002031944459304213,0.06837857514619827,-0.018558206036686897,-0.0041650780476629725,-0.2748986780643463,0.3522801995277405,1.0701340436935425,0.004885053262114525,0.08280475437641142,-0.03761692717671394
0.04275330901145935,0.015269821509718893,0.7656922340393065,0.9984894394874573,0.025716893374919888,-0.04050973802804946,-0.026765543967485428,-0.012599597685039043,0.03226165845990181,0.2494048625230789,0.3561777174472809,-0.2864864766597748,-0.05756156519055367,-0.06861541420221329,-0.2102018445730209,-0.13895408809185028,0.5967533588409424,-0.3810685575008392,0.1485353410243988,-0.024918388575315475,-0.05591413378715515,0.20195347070693967,0.06640392541885376,0.29244762659072876,-0.4182207584381104,1.06560480594635,-0.0016984501853585243,0.06587223708629608,-0.012956204824149609,-0.035287585109472275,-0.2841190695762634,0.3460594415664673,1.051389455795288,0.0018884727032855155,0.08083190768957138,-0.05009132996201515
0.04334011673927307,0.019224779680371284,0.7649001479148864,0.998035192489624,0.02875164709985256,-0.044466018676757806,-0.033494733273983,0.0007726986659690738,0.02320953272283077,0.2639718353748321,0.3543756902217865,-0.2908774018287658,-0.05333597213029861,-0.10674264281988144,-0.2245025187730789,-0.11673276871442793,0.6806328892707825,-0.3768936991691589,0.16241998970508575,-0.019963612779974937,-0.06657770276069641,0.21321301162242887,0.05176331102848053,0.29024648666381836,-0.4352972507476807,1.0496549606323242,-0.004183202516287565,0.06392481178045273,9.703991236165166e-05,-0.06591328978538513,-0.29352787137031555,0.33944621682167053,1.0245561599731443,0.0009068208746612073,0.07824596017599107,-0.06591799855232239
0.043921813368797295,0.022255364805459976,0.7639352083206176,0.9976361393928528,0.031332556158304214,-0.047255486249923706,-0.03882483765482903,0.008410126902163027,0.016456862911581993,0.2758008539676666,0.35573196411132807,-0.2952628433704376,-0.050347317010164254,-0.1431945264339447,-0.23724982142448425,-0.10334114730358124,0.7514357566833496,-0.37453138828277593,0.17672157287597656,-0.01896225474774837,-0.07628753781318665,0.22343590855598447,0.03894209116697312,0.28943300247192383,-0.4482895731925964,1.0301628112792969,-0.010208778083324432,0.06155029684305191,0.017820976674556732,-0.09220514446496964,-0.30246874690055847,0.329304039478302,0.9886554479599,-0.003957133740186691,0.07423684746026991,-0.08713927119970322
0.044669788330793374,0.023996569216251373,0.7633489370346069,0.9974083900451661,0.03193885087966919,-0.04897458478808403,-0.041928138583898544,0.012904975563287733,0.014433481730520724,0.28210923075675964,0.35881149768829346,-0.29895573854446406,-0.050840731710195534,-0.16539131104946136,-0.2423576861619949,-0.09707184880971907,0.7794278264045715,-0.38753741979599,0.180520161986351,-0.020215488970279694,-0.08137115836143492,0.23064854741096497,0.02282746322453022,0.28908878564834595,-0.45561274886131287,1.0093092918395996,-0.020617449656128883,0.054940365254879,0.033793218433856964,-0.1127747967839241,-0.3103552162647248,0.32374662160873413,0.9533511996269226,-0.006808712612837553,0.06737477332353592,-0.10611896216869354
0.04575885087251663,0.02473780512809753,0.7636654973030089,0.997366726398468,0.030901439487934113,-0.04966036975383759,-0.042879074811935425,0.017626864835619926,0.01540413498878479,0.2839086055755615,0.35617879033088684,-0.29849010705947876,-0.05226277187466621,-0.1734005510807037,-0.2405927926301956,-0.09759775549173356,0.7589380145072938,-0.39595180749893194,0.17550329864025116,-0.022754643112421036,-0.08153185993432999,0.23413345217704767,0.006986173801124096,0.2883748710155487,-0.45566570758819586,0.9919843077659608,-0.028877850621938705,0.04978862777352333,0.04713474586606026,-0.1272149235010147,-0.3159416913986206,0.32310026884078974,0.9286440014839171,-0.012029247358441353,0.05980626121163368,-0.11578829586505889
0.04716877266764641,0.02454031817615032,0.7645760774612426,0.9974384903907776,0.029589388519525528,-0.049900613725185394,-0.041842613369226456,0.02348427660763264,0.016138439998030663,0.28313598036766047,0.345749944448471,-0.2928854525089264,-0.052885964512825005,-0.1665826439857483,-0.23267744481563568,-0.09515324234962463,0.6969649195671082,-0.3840118944644928,0.17142248153686523,-0.025199364870786663,-0.07909227907657622,0.23420612514019007,-0.008026071824133394,0.28496870398521423,-0.4499027132987976,0.9775887131690979,-0.037561871111392975,0.046783141791820526,0.05428837239742279,-0.13480886816978455,-0.3200085461139679,0.32661110162734985,0.9140838980674744,-0.022188356146216393,0.05662371590733528,-0.11511245369911192
0.048796262592077255,0.023373568430542942,0.765517771244049,0.9975900650024414,0.02797763794660568,-0.04996706545352936,-0.039174191653728485,0.03055223263800144,0.01844233088195324,0.2791886627674103,0.3326893150806427,-0.28622713685035706,-0.056266758590936654,-0.14439807832241058,-0.2174253463745117,-0.08373029530048369,0.6098790764808655,-0.3459824025630951,0.1694792807102203,-0.028219250962138172,-0.07478028535842894,0.2321185767650604,-0.022386027500033375,0.28020888566970825,-0.4395846426486969,0.9642127156257628,-0.0486496202647686,0.043085135519504554,0.05484595149755478,-0.13612432777881622,-0.3215963840484619,0.3322743773460388,0.9058952927589417,-0.03262422233819961,0.05465047061443329,-0.11153841018676756
0.05022541806101799,0.021226344630122185,0.7666248083114624,0.997779667377472,0.026385730132460598,-0.04925670474767685,-0.03623952344059944,0.03275639936327934,0.021887909621000286,0.2716646194458008,0.32667276263237,-0.282957136631012,-0.058289702981710434,-0.12006736546754836,-0.20909538865089417,-0.09248307347297667,0.5553566813468933,-0.339126318693161,0.14990453422069547,-0.029846439138054848,-0.07051102072000504,0.2260485291481018,-0.02820597030222416,0.2756537795066833,-0.4283815026283264,0.9521583914756776,-0.05857036635279656,0.038151297718286514,0.06080988049507141,-0.13106848299503326,-0.3211336731910705,0.3413885533809662,0.8991793394088745,-0.03790969401597977,0.05252451449632645,-0.10522405803203581
0.05134465545415878,0.01860938034951687,0.7674978375434875,0.9979966282844543,0.022301578894257545,-0.048349332064390176,-0.03417142853140831,0.02893005684018135,0.03442619368433952,0.26442340016365046,0.3327457010746002,-0.28425896167755127,-0.062329385429620736,-0.09936714917421342,-0.19608597457408905,-0.1051563024520874,0.5163830518722534,-0.33034437894821167,0.14280006289482117,-0.02949470281600952,-0.059904564172029495,0.2209076285362244,-0.03480064123868942,0.27027276158332825,-0.41194209456443787,0.9349483847618104,-0.07256210595369339,0.03035333566367626,0.06875281780958176,-0.12642306089401245,-0.3186652660369873,0.3476469814777374,0.898038387298584,-0.03649646416306496,0.04905755817890167,-0.10138101130723952
0.05216942727565765,0.01572374440729618,0.7684706449508667,0.9981887340545654,0.01693938486278057,-0.047814212739467614,-0.03234397619962692,0.02393892593681812,0.050709493458271034,0.25615715980529785,0.34208789467811584,-0.2870323956012726,-0.06691204756498337,-0.08163173496723175,-0.17954561114311218,-0.11769038438796996,0.48461735248565674,-0.3177342712879181,0.1380205899477005,-0.029099071398377415,-0.04609135910868645,0.21730409562587735,-0.037533871829509735,0.2632920742034912,-0.3952115774154663,0.9193502068519592,-0.08985954523086548,0.02072296105325222,0.07615487277507782,-0.1211179718375206,-0.3149167597293854,0.35291042923927307,0.9057469964027405,-0.030337290838360783,0.04543808475136757,-0.0967608168721199
0.05281422287225723,0.012790918350219727,0.769340455532074,0.9983410239219664,0.011976075358688831,-0.047535236924886703,-0.0302018728107214,0.01962953992187977,0.0663166269659996,0.24830003082752228,0.3503137528896332,-0.2891519069671631,-0.07107551395893097,-0.06609982997179031,-0.1636551022529602,-0.12867462635040283,0.45736145973205566,-0.3066626787185669,0.13399407267570496,-0.02958214469254017,-0.033398378640413284,0.21442063152790067,-0.037564873695373535,0.2564723789691925,-0.384611964225769,0.9093389511108398,-0.10448808968067168,0.01365298219025135,0.08048101514577866,-0.11574653536081314,-0.3096106350421905,0.3591318428516388,0.9250479936599731,-0.022631766274571415,0.04525620862841606,-0.08976195007562637
0.05330932140350342,0.009973116219043732,0.7700566649436951,0.9984761476516724,0.007699924521148205,-0.04716543853282928,-0.027597781270742416,0.015371679328382015,0.08021476119756697,0.2403487265110016,0.3571305274963379,-0.29048237204551697,-0.07468077540397645,-0.053139396011829376,-0.1491704285144806,-0.1382123976945877,0.4336803555488586,-0.29742398858070374,0.12946383655071259,-0.030974710360169407,-0.02273637801408768,0.21171583235263824,-0.03657017275691032,0.2518136501312256,-0.3837241232395172,0.9091829061508178,-0.11067255586385726,0.011122019961476324,0.08115247637033463,-0.11057910323143004,-0.30276119709014887,0.36726278066635126,0.9560609459877014,-0.016457360237836834,0.048604506999254234,-0.07960362732410432
0.05369095876812935,0.007316723465919495,0.7706432938575744,0.9985991716384888,0.003930271603167057,-0.04665381833910942,-0.02465073950588703,0.01078919507563114,0.09260241687297821,0.2316863238811493,0.3627173602581024,-0.29142820835113525,-0.07849066704511641,-0.04251876473426818,-0.13578492403030396,-0.14698757231235504,0.4130502939224243,-0.28953659534454346,0.12358271330595016,-0.032967470586299896,-0.01382417045533657,0.2091805189847946,-0.036137327551841736,0.2505883574485779,-0.39273157715797424,0.9199767708778381,-0.10671665519475936,0.01281075645238161,0.07832860946655273,-0.10636550933122633,-0.29454225301742554,0.3773970305919647,0.9967034459114074,-0.0140336025506258,0.055656380951404565,-0.0669708177447319
0.054076340049505234,0.004703931510448456,0.7711315155029296,0.9987061023712158,0.0009119333699345588,-0.046138107776641846,-0.021366339176893238,0.006713762413710356,0.10265379399061204,0.22215236723423004,0.3660335242748261,-0.29124191403388977,-0.08281555771827698,-0.033248212188482285,-0.12434549629688262,-0.1557245701551437,0.395146518945694,-0.28333538770675654,0.117106556892395,-0.03552604094147682,-0.007061947602778673,0.20683057606220245,-0.03692734241485596,0.25342559814453125,-0.4112107455730438,0.9409533143043518,-0.09262299537658691,0.018780559301376343,0.07213085889816284,-0.10232599824666976,-0.2848946452140808,0.38928076624870306,1.0440022945404053,-0.016255272552371025,0.06746694445610046,-0.05238931626081467
0.05453179031610489,0.002228006720542908,0.7714951634407043,0.9987838864326477,-0.0009287080029025674,-0.045806091278791435,-0.018215104937553402,0.0045069013722240925,0.10933192819356918,0.21334539353847504,0.3661724030971527,-0.2894393503665924,-0.08802398294210435,-0.02564326114952564,-0.1161765232682228,-0.16350296139717102,0.38196051120758057,-0.27985331416130066,0.11168371140956879,-0.0382734015583992,-0.0031281220726668835,0.20468565821647644,-0.03781724348664284,0.2596733868122101,-0.436038076877594,0.967328369617462,-0.07232152670621872,0.028055058792233467,0.06300461292266846,-0.09647079557180403,-0.2738420367240906,0.4017525911331177,1.089316487312317,-0.022588532418012616,0.08407316356897354,-0.03639951720833778
0.05499856173992157,-7.495284080505371e-06,0.7717264294624328,0.9988356232643129,-0.001776969991624355,-0.04566753655672073,-0.01545117236673832,0.003986492287367582,0.11338616907596588,0.20667497813701627,0.3639071583747864,-0.2864243686199188,-0.09355637431144713,-0.019689617678523064,-0.1108649894595146,-0.1698846071958542,0.3735846877098083,-0.2785431444644928,0.1081329435110092,-0.04115495830774307,-0.001422146800905466,0.202481746673584,-0.03637602925300598,0.26735442876815796,-0.45984825491905207,0.9932954907417296,-0.055081579834222794,0.03842873871326447,0.05259618163108826,-0.08675950765609741,-0.2614874541759491,0.4110174179077149,1.1239665746688843,-0.028106315061450005,0.10044732689857482,-0.018111903220415115
0.05537719279527664,-0.001968797296285629,0.7718631029129027,0.9988691210746765,-0.0021546650677919388,-0.04560908302664757,-0.013253714889287949,0.0041832420974969855,0.11641732603311537,0.202277347445488,0.36081919074058527,-0.2832661867141724,-0.09864690154790878,-0.015378184616565704,-0.10664558410644533,-0.17396332323551175,0.3683548867702484,-0.2780606746673584,0.1055913269519806,-0.04439077526330948,-0.0005321673233993351,0.19970332086086276,-0.03135773912072182,0.2747825086116791,-0.4783967733383178,1.0150302648544312,-0.04597758874297143,0.04743939265608788,0.04174460843205452,-0.07210172712802888,-0.24786014854907987,0.41416060924530024,1.1433409452438354,-0.02796551771461964,0.1114777848124504,0.0014004994882270692
0.05568031221628189,-0.0036438032984733586,0.7719258069992065,0.9988986849784851,-0.0022150627337396145,-0.04541100561618805,-0.011593378148972988,0.004460928495973349,0.11853112280368804,0.19922243058681488,0.3574676215648651,-0.2805587947368622,-0.10240508615970612,-0.013076902367174624,-0.1033191904425621,-0.17614994943141937,0.3654442727565765,-0.2778264582157135,0.10338742285966872,-0.04846492409706116,0.00011284596985206008,0.19625283777713773,-0.023303018882870678,0.28139737248420715,-0.49189284443855286,1.03041672706604,-0.04179039597511292,0.05440344661474228,0.029690507799386975,-0.05441075190901756,-0.23360596597194672,0.4092750549316406,1.1466906070709229,-0.01802824810147285,0.11519115418195724,0.01759047992527485
0.05596422404050827,-0.005050830543041228,0.771957516670227,0.9989326596260071,-0.0020520612597465515,-0.04499100148677826,-0.010248847305774689,0.0038863343652337785,0.11969934403896332,0.19648011028766632,0.35463976860046387,-0.2781828045845032,-0.10403867810964584,-0.012411668896675108,-0.10099923610687256,-0.17763784527778623,0.3639381229877472,-0.27774146199226374,0.10098258405923843,-0.05327101051807404,0.0005285466904751956,0.19251313805580136,-0.014292307198047636,0.287429541349411,-0.5035508275032043,1.0397497415542603,-0.035271994769573205,0.05978960916399956,0.016091950237751007,-0.0370238907635212,-0.21998566389083865,0.3984434306621552,1.1384179592132568,0.00021018768893554807,0.1127057671546936,0.026120178401470184
0.05622132867574692,-0.006250105798244476,0.7719733119010925,0.9989622235298157,-0.0016640666872262955,-0.044583991169929504,-0.009166755713522434,0.003106789430603385,0.1200023889541626,0.19393709301948547,0.3521861732006073,-0.27572306990623474,-0.10434849560260771,-0.012942763045430183,-0.09964598715305328,-0.1787148416042328,0.3646183907985687,-0.2785517871379852,0.09844516962766647,-0.05790162086486816,0.0005211795214563608,0.18945397436618805,-0.005729838740080595,0.29291483759880066,-0.5150575041770935,1.0447981357574463,-0.02343439683318138,0.06376978754997253,0.0026509677991271015,-0.023204647004604336,-0.20830224454402924,0.3859545886516571,1.124943733215332,0.020258231088519096,0.10663861781358717,0.026406846940517426
0.05656249076128005,-0.007391024380922317,0.7719625234603882,0.9989816546440125,-0.0011443481780588627,-0.04432669281959534,-0.008335573598742485,0.002480429597198963,0.11979169398546217,0.1913681775331497,0.35019564628601074,-0.2734311521053314,-0.10403525084257124,-0.01427276525646448,-0.09898188710212708,-0.1796189844608307,0.36703214049339294,-0.2803024649620056,0.09548175334930421,-0.06152907013893128,9.880714060273021e-05,0.1875440776348114,0.0018139941385015843,0.29795670509338373,-0.5255351066589355,1.0469368696212769,-0.009911410510540009,0.0661955326795578,-0.0085272416472435,-0.01439584232866764,-0.19972968101501465,0.37676554918289185,1.1108161211013792,0.03409653156995773,0.09917164593935011,0.020615104585886
0.05705893784761429,-0.008741121739149094,0.7719233036041259,0.998988389968872,-0.0004107707063667476,-0.044296007603406906,-0.0077353818342089644,0.0024599949829280376,0.11909109354019164,0.1895529925823212,0.3482947051525116,-0.2710059583187103,-0.103333480656147,-0.016326136887073517,-0.09936802089214325,-0.18058694899082184,0.3715068101882935,-0.28302839398384094,0.09284216165542601,-0.06370218098163605,-0.0009395007509738208,0.18700124323368073,0.007427079137414695,0.30231985449790955,-0.5344070792198181,1.0470843315124512,0.0020762968342751265,0.06725119799375534,-0.015995969995856285,-0.01091618835926056,-0.19469261169433597,0.3740526139736176,1.098791480064392,0.0416862852871418,0.09178459644317627,0.011314295232295988
0.0575246624648571,-0.0101529099047184,0.7718941569328307,0.9989817738533021,0.000461819872725755,-0.04447703063488007,-0.00754657108336687,0.0035179662518203254,0.11838513612747192,0.18905565142631528,0.3461978733539581,-0.2683458924293518,-0.10285615921020508,-0.01877154596149921,-0.100232295691967,-0.1808199882507324,0.3771180510520935,-0.286091685295105,0.09099968522787094,-0.06420155614614487,-0.0023750204127281904,0.1875496357679367,0.010869757272303104,0.30542540550231934,-0.5402171015739441,1.046791672706604,0.011385070160031319,0.06707389652729033,-0.019191643223166462,-0.012573586776852608,-0.19288781285285947,0.3797919750213623,1.090278387069702,0.04183168336749077,0.08695221692323683,0.0015625017695128916
0.05769715830683708,-0.011414624750614166,0.7718632221221923,0.9989659190177916,0.001387142576277256,-0.04475201666355133,-0.007900756783783438,0.005351549480110407,0.11800060421228407,0.1894465535879135,0.3435755670070648,-0.2657955288887024,-0.10256696492433548,-0.02139928564429283,-0.10077697038650511,-0.1791686713695526,0.38339835405349726,-0.2889889180660248,0.09026546776294707,-0.06286078691482544,-0.0040954421274364,0.18864391744136808,0.012097104452550411,0.30670279264450073,-0.5412939786911011,1.0469793081283567,0.01664871908724308,0.06632812321186066,-0.01864608004689217,-0.017145009711384773,-0.1934739202260971,0.3912510871887207,1.084083080291748,0.03972957283258438,0.08512381464242934,-0.005538568831980228
