0.013339985162019728,-0.02164078876376152,0.7854267358779907,0.9989445209503172,0.00785130728036165,0.045255698263645165,0.0003650985308922827,-0.04865873977541924,0.10186400264501572,0.20023833215236664,0.1159289851784706,-0.12418014556169508,-0.13949255645275116,-0.06809306889772415,-0.11426977068185806,-0.06129272654652596,0.11623981595039368,-0.1616273522377014,0.14651983976364136,-0.03930064290761948,-0.005236330442130566,0.05471697449684143,-0.041741587221622474,0.30039519071578974,-0.6713135838508606,1.132651686668396,-0.25179240107536316,-0.07199901342391968,0.0748426243662834,-0.11418744176626204,-0.2573769986629486,0.9304081797599792,1.1330606937408447,0.25037947297096247,0.03787529096007347,-0.23527386784553528
0.01326944027096033,-0.021817734465003014,0.7854046821594238,0.9989534020423888,0.007932924665510654,0.04504727944731712,1.38157872697775e-06,-0.04832441732287407,0.10192475467920303,0.2009665369987488,0.11614077538251875,-0.12551060318946838,-0.13949324190616608,-0.0669245794415474,-0.11472830921411514,-0.06211747974157333,0.11602337658405304,-0.16113881766796112,0.14790524542331696,-0.038328543305397034,-0.004865750670433044,0.05526771023869514,-0.041411042213439934,0.3011704683303833,-0.6693532466888428,1.1337641477584839,-0.24994201958179477,-0.07105781883001328,0.07246349006891249,-0.11317060887813568,-0.259285569190979,0.9295166730880736,1.1332476139068604,0.24708163738250727,0.03877229243516921,-0.23591755330562592
0.013233083300292492,-0.021945156157016758,0.7852866053581237,0.9989621043205261,0.00795249920338392,0.04484901204705238,-5.353561209631152e-05,-0.04801693558692932,0.10191936045885086,0.2012599855661392,0.11635880917310713,-0.12581418454647064,-0.13897547125816345,-0.06587579101324081,-0.11505451798439024,-0.06327942758798599,0.11593019217252731,-0.1612509787082672,0.14866167306900024,-0.0383017547428608,-0.004241316579282284,0.05602716654539108,-0.04121820256114007,0.3020475208759308,-0.6666476130485535,1.1342732906341553,-0.24732360243797305,-0.07083748281002045,0.07085967808961868,-0.11295141279697418,-0.26139774918556213,0.9305071830749512,1.1345304250717163,0.24652332067489624,0.039693567901849754,-0.2376384288072586
0.013224917463958263,-0.021998954936861992,0.7851480841636658,0.9989715218544006,0.00790390931069851,0.044647857546806335,-2.11476090044016e-05,-0.047536540776491165,0.10197257250547408,0.2010250687599182,0.11643239110708235,-0.1262373328208923,-0.13830398023128507,-0.06510022282600403,-0.11493735760450365,-0.06378439068794249,0.11576972901821136,-0.161395326256752,0.1487639844417572,-0.03837564587593079,-0.0036617887672036886,0.05647178366780281,-0.04108233377337456,0.3029574155807495,-0.6638660430908203,1.1348201036453247,-0.2455774247646332,-0.07003132253885269,0.07041347026824951,-0.11283431202173232,-0.2631651759147644,0.9309045672416688,1.13625431060791,0.24676387012004847,0.04057962447404861,-0.2389368414878845
0.013211818411946297,-0.02204250544309616,0.7850142121315001,0.998986840248108,0.00780654652044177,0.04431997239589691,1.6336000044248067e-05,-0.046807460486888885,0.10230563580989836,0.20076538622379303,0.11632884293794632,-0.12687809765338895,-0.13785779476165771,-0.06438929587602615,-0.11453256756067276,-0.06378012150526047,0.11577033996582033,-0.1618993580341339,0.1484071910381317,-0.038355909287929535,-0.0032863179221749306,0.056820809841156006,-0.0416700467467308,0.3038758039474488,-0.6621168255805969,1.1351314783096311,-0.24620249867439273,-0.06943990290164948,0.0713845044374466,-0.1126827448606491,-0.2643159329891205,0.9309458136558532,1.137324571609497,0.24792468547821045,0.0411590002477169,-0.2397058457136154
0.013226950541138647,-0.02205251716077328,0.7849187850952147,0.9990044832229614,0.007691658101975917,0.04394079744815826,0.00015443105075974015,-0.04602229595184326,0.1026674062013626,0.20003312826156616,0.11612436175346375,-0.12726141512393951,-0.1376657634973526,-0.06342374533414841,-0.11409711837768555,-0.06392085552215576,0.1157572716474533,-0.16245752573013303,0.14798036217689514,-0.03848927468061447,-0.0032127248123288155,0.05692153424024582,-0.04274183511734009,0.3049797117710113,-0.6610235571861267,1.1348865032196045,-0.24765051901340485,-0.0689820945262909,0.07263344526290892,-0.11264795809984209,-0.2645978331565857,0.9311349391937258,1.1378357410430908,0.24946755170822144,0.04131753370165825,-0.23984548449516296
0.013260227628052235,-0.022032296285033223,0.7849060297012329,0.9990224242210387,0.007603677920997143,0.04354531690478325,0.00036942315637134016,-0.04548130556941032,0.1028219163417816,0.19903896749019623,0.11611673235893248,-0.12736596167087555,-0.13756130635738373,-0.0624726451933384,-0.11377520114183425,-0.06429372727870941,0.11575617641210556,-0.16289786994457245,0.14770102500915527,-0.038666948676109314,-0.0035052099265158176,0.05692094191908836,-0.04409721493721008,0.3064645826816559,-0.6602664589881897,1.1340217590332031,-0.24749323725700376,-0.06910602748394012,0.07410680502653123,-0.11271052807569504,-0.26399144530296326,0.931022584438324,1.1378662586212158,0.24844440817832944,0.04088370129466057,-0.2401898503303528
0.013265410438179968,-0.02205457165837288,0.7849152088165283,0.9990392923355103,0.007516701705753803,0.04316811636090279,0.0006877447594888508,-0.045266784727573395,0.10296115279197691,0.19796386361122129,0.11625140905380248,-0.1274157613515854,-0.13784855604171753,-0.06148890033364296,-0.1134863793849945,-0.06488853693008423,0.11565694212913512,-0.1631883829832077,0.14773625135421753,-0.03902682289481163,-0.004055761732161045,0.05682707205414772,-0.04562599584460258,0.3079884946346283,-0.6598551869392395,1.1322762966156004,-0.24630121886730197,-0.06992919743061066,0.07530899345874785,-0.1124182567000389,-0.26268529891967773,0.9306862950325011,1.1371335983276367,0.24564073979854584,0.03975851833820343,-0.24039299786090848
0.013147145509719849,-0.02197220548987389,0.7849118113517761,0.9990547895431519,0.007409903686493635,0.042818255722522736,0.0011284612119197843,-0.0452796071767807,0.10313019901514052,0.19683152437210083,0.11645907163619997,-0.1276412159204483,-0.1380146890878677,-0.060435138642787926,-0.11328527331352232,-0.06561039388179779,0.11558135598897933,-0.16324712336063385,0.14779764413833618,-0.03946992382407189,-0.004768745042383671,0.056562870740890496,-0.04691875353455544,0.30927661061286926,-0.660517692565918,1.130323052406311,-0.24544936418533325,-0.070915088057518,0.0761142373085022,-0.11173587292432784,-0.2607451677322388,0.9308867454528807,1.1360113620758057,0.24294503033161163,0.03844866156578064,-0.24071824550628665
0.013076979666948318,-0.02197469025850296,0.7848888635635376,0.9990710616111756,0.007286254316568375,0.042446069419384,0.0014782940270379184,-0.04505551233887672,0.10334765166044237,0.19621458649635315,0.11654545366764069,-0.1278466284275055,-0.1382167637348175,-0.059544268995523446,-0.11313239485025404,-0.06623061001300812,0.11563149839639664,-0.1630960702896118,0.14772099256515503,-0.03971660509705544,-0.00542827183380723,0.05632951483130455,-0.047448970377445214,0.31003326177597046,-0.6613144874572754,1.128241181373596,-0.2454533725976944,-0.07169286161661148,0.07689203321933745,-0.1109384149312973,-0.2586228549480438,0.9317065477371216,1.134550094604492,0.24120540916919708,0.03737622871994972,-0.24070304632186887
0.012938735075294971,-0.02187756076455116,0.7848507761955261,0.9990869164466858,0.00715531874448061,0.04208754003047943,0.0016732322983443737,-0.044653397053480155,0.10353235900402068,0.19588783383369443,0.11658153682947157,-0.1280873566865921,-0.138290673494339,-0.058928314596414566,-0.11299426108598708,-0.0667681097984314,0.11575489491224288,-0.16286268830299375,0.14751441776752472,-0.039875864982604974,-0.005961524788290262,0.056291166692972176,-0.04764724522829056,0.31037452816963196,-0.6623871922492981,1.12625515460968,-0.2457000762224197,-0.07228583097457884,0.07757246494293213,-0.110291950404644,-0.25665283203125,0.9324741959571838,1.1330102682113647,0.2413113564252853,0.03641621023416519,-0.2408650368452072
0.012707380577921867,-0.021700482815504078,0.784800112247467,0.9991019964218141,0.0070556700229644775,0.041740380227565765,0.0017787968972697854,-0.04421655833721161,0.10360608249902724,0.19574257731437683,0.1167559176683426,-0.12843860685825348,-0.1381966322660446,-0.058513034135103226,-0.11293592303991316,-0.0671900287270546,0.11585140973329544,-0.16243064403533936,0.1470390409231186,-0.03985779732465744,-0.006504443474113941,0.05627495422959328,-0.04760074242949486,0.3104017674922943,-0.6632173657417296,1.1245510578155515,-0.24616019427776337,-0.07249172031879425,0.07822076231241226,-0.1096525862812996,-0.254934161901474,0.93295681476593,1.131633162498474,0.24135755002498624,0.03591061383485794,-0.24146017432212827
0.012393179349601269,-0.02148875780403614,0.7847516536712646,0.9991156458854675,0.007012603804469109,0.041421469300985336,0.0017376181203871963,-0.043779224157333374,0.103544682264328,0.19584466516971588,0.11704583466053008,-0.12848562002182007,-0.13787239789962769,-0.05830724537372589,-0.11287205666303635,-0.06693888455629349,0.11593635380268096,-0.16203573346138,0.14638160169124603,-0.03977804630994797,-0.007082859519869089,0.056277334690094,-0.04730246588587761,0.3100317716598511,-0.6633241176605225,1.1234192848205566,-0.2462437599897385,-0.07236577570438385,0.07879209518432617,-0.10925304144620895,-0.2534323036670685,0.9329947829246522,1.130988597869873,0.2406439036130905,0.03624138236045837,-0.24192075431346893
0.012003385461866856,-0.021281491965055466,0.7847302556037904,0.9991273880004883,0.006949786562472582,0.04115594923496246,0.00154579256195575,-0.04343681409955025,0.10361741483211516,0.19620147347450256,0.11729588359594344,-0.12831909954547882,-0.13752228021621704,-0.058377690613269806,-0.11270796507596968,-0.06646052747964859,0.11605076491832732,-0.16145047545433044,0.14559493958950043,-0.039549227803945534,-0.007473370060324669,0.05612388998270034,-0.04681900516152382,0.3094275295734405,-0.6632121205329895,1.122910976409912,-0.24530600011348724,-0.07196743786334991,0.07956815510988235,-0.10904114693403244,-0.2521531581878662,0.932235836982727,1.130893588066101,0.23923301696777344,0.03700510039925575,-0.24228836596012115
0.0115654356777668,-0.021059244871139526,0.7847321033477782,0.9991350769996643,0.006942661013454199,0.040975466370582574,0.0013692089123651383,-0.04350493848323823,0.10351283103227615,0.19650088250637052,0.11761865019798277,-0.12789803743362427,-0.1367964148521423,-0.05869601294398308,-0.11280689388513564,-0.06611791253089905,0.11619471013545989,-0.16088786721229553,0.1450894325971603,-0.03944335132837296,-0.007805075030773878,0.0560324564576149,-0.046111255884170525,0.30867063999176025,-0.6634501814842224,1.1226736307144165,-0.242949441075325,-0.07146235555410385,0.08079773187637329,-0.1090921238064766,-0.2510930001735687,0.9314504861831664,1.1314529180526731,0.23788172006607053,0.037472255527973175,-0.24280239641666407
0.011110050603747368,-0.020792823284864426,0.7847415208816528,0.999140977859497,0.00695887254551053,0.040831256657838814,0.0013030956033617258,-0.04389423504471778,0.1032220423221588,0.19629672169685364,0.11775693297386168,-0.1276911348104477,-0.13622134923934937,-0.05906455591320992,-0.1130821704864502,-0.06602074950933456,0.11621633172035216,-0.16039800643920898,0.1446727067232132,-0.039453629404306405,-0.00813403446227312,0.056059904396533966,-0.04531987011432648,0.30787235498428345,-0.6643385887145996,1.122782588005066,-0.24083076417446136,-0.0709579735994339,0.08167583495378494,-0.10916126519441605,-0.2501756250858307,0.9308972954750061,1.132418155670166,0.23685340583324432,0.0373457595705986,-0.24299927055835724
0.010639109648764132,-0.020487647503614426,0.7847576141357421,0.9991458654403687,0.006967488676309586,0.04071107134222984,0.0012815521331503987,-0.04443354159593582,0.1028747782111168,0.1957193315029144,0.11777125298976898,-0.12760630249977112,-0.13590936362743375,-0.05961564555764198,-0.11327635496854782,-0.06579359620809555,0.1162266656756401,-0.1600261628627777,0.14441506564617157,-0.0395144484937191,-0.00839641410857439,0.05611132457852364,-0.04470493644475937,0.3070829212665558,-0.6659252643585205,1.1231167316436768,-0.2389251738786697,-0.07048092037439345,0.08187491446733473,-0.10921980440616608,-0.24949298799037933,0.930402934551239,1.1334424018859863,0.23683536052703855,0.036976829171180725,-0.24246583878993988
0.010172324255108832,-0.02021636627614498,0.784790277481079,0.9991486072540284,0.0069681177847087375,0.040643829852342606,0.0012678828788921237,-0.045052420347929,0.10260281711816788,0.195451095700264,0.11791472136974333,-0.12754590809345245,-0.1358461081981659,-0.060327187180519104,-0.11339563876390456,-0.06551658362150192,0.11613047122955322,-0.15946568548679352,0.14447611570358276,-0.039419010281562805,-0.008664548397064209,0.05620247870683671,-0.044280953705310815,0.3065420091152191,-0.668323814868927,1.1237831115722656,-0.2367273569107056,-0.07008791714906693,0.08139380812644958,-0.10932737588882446,-0.24910734593868253,0.9307769536972045,1.134432315826416,0.23727531731128687,0.03650619462132454,-0.2414723634719849
0.009717362001538275,-0.01995277777314186,0.7848027348518372,0.9991520047187805,0.006926274858415127,0.04056875035166741,0.0011922059347853065,-0.04534362256526947,0.10252906382083891,0.19585783779621124,0.1180438995361328,-0.1276029348373413,-0.1357262283563614,-0.06100483611226082,-0.11347327381372452,-0.06527062505483627,0.11602357774972916,-0.15873610973358154,0.14471742510795593,-0.0391751267015934,-0.00879823137074709,0.056260988116264336,-0.04353085532784461,0.30629539489746094,-0.6710063219070435,1.12461519241333,-0.23443686962127683,-0.0697672963142395,0.08040233701467514,-0.10934773087501524,-0.24922087788581848,0.9312864542007446,1.135045289993286,0.23749123513698575,0.03627762943506241,-0.24013373255729675
0.00929155759513378,-0.019719155505299568,0.7847976088523864,0.9991527795791626,0.006855047307908535,0.040564659982919686,0.0011141867144033313,-0.04570131003856658,0.1025274321436882,0.1961255520582199,0.1179858148097992,-0.12754091620445251,-0.13562102615833282,-0.06154467910528183,-0.11351633816957472,-0.06507108360528946,0.11577840894460678,-0.15808655321598053,0.1449018269777298,-0.038819290697574615,-0.008728113025426865,0.056059855967760086,-0.042319633066654205,0.3062209188938141,-0.673072099685669,1.1254892349243164,-0.23261643946170807,-0.06945683062076569,0.07923611253499983,-0.10936296731233595,-0.24974386394023892,0.9315256476402282,1.1354920864105225,0.23763872683048248,0.03630628436803818,-0.23914706707000727
0.00884779542684555,-0.019508458673954007,0.784773349761963,0.9991517663002014,0.006755136419087648,0.0406053103506565,0.0011198591673746705,-0.046151991933584206,0.10260505229234695,0.196238175034523,0.11782041937112808,-0.12756016850471497,-0.13552437722682953,-0.06196432560682297,-0.11346545815467834,-0.06482799351215363,0.1155114248394966,-0.15749338269233704,0.1449359506368637,-0.03856733441352844,-0.008589008823037148,0.05569307133555412,-0.04070371389389038,0.3062494099140167,-0.6739314794540405,1.126378059387207,-0.2316046804189682,-0.06913028657436371,0.07792297005653381,-0.10945696383714676,-0.2505798637866974,0.9310389757156371,1.135727882385254,0.23699556291103363,0.036872632801532745,-0.23834985494613647
0.008430149406194689,-0.019349589943885803,0.7847568392753601,0.9991520643234254,0.00664643244817853,0.04061591997742653,0.0011140747228637336,-0.0465707927942276,0.10281185060739516,0.19634203612804407,0.11767902970314024,-0.1275520622730255,-0.1356048732995987,-0.062316440045833595,-0.11331021040678024,-0.06487458199262619,0.11543231457471848,-0.15703043341636655,0.14463549852371216,-0.03850691393017769,-0.008410888724029064,0.05543339997529984,-0.03881003707647324,0.30642667412757874,-0.6735202670097351,1.1267201900482176,-0.23127122223377228,-0.06899309903383255,0.07728533446788788,-0.10962044447660446,-0.25157681107521057,0.9301613569259645,1.1359204053878784,0.23633134365081787,0.03766629099845886,-0.23818689584732053
0.008345207199454308,-0.019450273364782333,0.7847781181335449,0.9991535544395447,0.006553943734616041,0.0405949167907238,0.0011345610255375504,-0.046911373734474175,0.10307811945676804,0.1966184824705124,0.1175861284136772,-0.12752243876457214,-0.13566771149635315,-0.0623970553278923,-0.11317605525255205,-0.06529396027326584,0.1152922436594963,-0.15670782327651975,0.14427477121353147,-0.03840591385960578,-0.00816631782799959,0.0553130991756916,-0.03768918663263321,0.3065602481365204,-0.6729138493537903,1.1264957189559937,-0.23224222660064697,-0.06889542192220688,0.07713434845209122,-0.10960342735052107,-0.25270366668701166,0.929297626018524,1.1365177631378172,0.23629736900329587,0.038454968482255936,-0.23844659328460693
0.00811869092285633,-0.019358076155185696,0.7847893238067627,0.9991554021835328,0.006453283596783876,0.040562957525253296,0.0012113641714677215,-0.047016240656375885,0.10338283330202103,0.19680631160736084,0.1174112483859062,-0.1273147165775299,-0.13581587374210355,-0.0623970739543438,-0.11301520466804504,-0.06567126512527466,0.1150854080915451,-0.15634861588478088,0.14415372908115387,-0.03815165534615517,-0.007854442112147808,0.055240921676158905,-0.03715259581804276,0.3067466914653778,-0.6725198030471802,1.1256169080734253,-0.23315905034542084,-0.06890508532524109,0.0771229788661003,-0.10918428748846054,-0.25360757112503046,0.9287420511245728,1.1374032497406004,0.2361948937177658,0.039263494312763214,-0.23895956575870517
0.007913723587989807,-0.01925511658191681,0.7848023176193237,0.9991577267646787,0.006339858751744032,0.04051970690488815,0.0013471113052219152,-0.047048997133970254,0.1036318764090538,0.1964963525533676,0.11718565225601196,-0.12715812027454376,-0.13589903712272644,-0.062344007194042206,-0.1128101572394371,-0.06595689058303833,0.11482154577970503,-0.15592895448207855,0.1440382748842239,-0.03769178315997124,-0.007517992053180933,0.05517427623271942,-0.03694641590118408,0.3068009614944458,-0.6722506284713745,1.1243414878845215,-0.23360612988471985,-0.06916763633489609,0.07703028619289398,-0.10831487923860549,-0.2538980543613434,0.9280081391334531,1.1383063793182373,0.2363558858633041,0.03959397226572037,-0.23888257145881647
0.00776317436248064,-0.01918762177228928,0.7848336100578307,0.9991616010665891,0.0062545728869736195,0.04042626917362213,0.0016181404935196042,-0.04704741388559341,0.10382962971925735,0.1957957148551941,0.117124505341053,-0.12688562273979187,-0.13593649864196777,-0.06218330562114716,-0.11270450800657272,-0.06652326136827469,0.11459077894687653,-0.15564142167568207,0.1439712345600128,-0.0372559130191803,-0.007278332021087408,0.055088568478822715,-0.03698385506868362,0.3068224489688873,-0.6721779108047485,1.1233041286468504,-0.23276571929454803,-0.06958799064159393,0.0768454670906067,-0.10727908462285995,-0.2536918818950653,0.927420496940613,1.1389734745025635,0.23665851354599,0.03945168107748032,-0.23837928473949432
0.007697642780840397,-0.019129808992147446,0.7848764061927795,0.9991673231124878,0.006183451041579247,0.04028769955039024,0.0018228194676339624,-0.04694938287138938,0.10401850193738936,0.195122092962265,0.11718717962503432,-0.12653900682926175,-0.1358744353055954,-0.06202719360589981,-0.11263027787208556,-0.06714931130409241,0.1145291030406952,-0.15543119609355927,0.14402948319911957,-0.03685251623392105,-0.007116093300282955,0.05511015653610229,-0.03692658245563507,0.3069593906402588,-0.6719858050346376,1.1223714351654053,-0.23085579276084897,-0.07006432861089705,0.07649164646863937,-0.1065141037106514,-0.2531336843967438,0.9266422390937805,1.1393589973449707,0.2369377315044403,0.039308834820985794,-0.23775894939899445
0.007696970831602813,-0.0190671980381012,0.784889280796051,0.999174952507019,0.006124693900346756,0.04010171815752983,0.0019438626477494836,-0.046781957149505615,0.104179248213768,0.19466587901115415,0.11729834228754044,-0.12627354264259338,-0.13589341938495636,-0.06186310201883316,-0.11258978396654128,-0.06760317832231522,0.11453282088041304,-0.15545916557312012,0.14413020014762878,-0.03656886145472527,-0.006993544753640889,0.05508694052696228,-0.03689853847026825,0.3071874976158142,-0.6716433763504028,1.121338129043579,-0.22882208228111267,-0.0703795775771141,0.07617011666297913,-0.1060795485973358,-0.2524726092815399,0.9260060787200928,1.139265775680542,0.23773400485515597,0.03936387971043587,-0.2372843474149704
0.007703892886638641,-0.018995365127921104,0.7848991751670836,0.9991840124130248,0.0060863583348691455,0.03987320885062218,0.0020754942670464516,-0.04629969224333763,0.10421618819236755,0.19446784257888797,0.11726552993059158,-0.1261085569858551,-0.1359906941652298,-0.06148378178477287,-0.11267697811126708,-0.06806539744138718,0.1146528348326683,-0.15544256567955017,0.14428526163101196,-0.03650560230016708,-0.00696203950792551,0.054999936372041695,-0.036407548934221275,0.3073456883430481,-0.6713058352470398,1.1203629970550537,-0.22772352397441864,-0.07036512345075607,0.07609058171510696,-0.1057225838303566,-0.2518878281116485,0.9256491661071776,1.1388378143310547,0.23793786764144895,0.03939669579267502,-0.2372414320707321
0.007712107151746749,-0.01893072016537189,0.7849140763282775,0.9991946816444398,0.006073151249438524,0.03960665687918663,0.002112041460350156,-0.04571879655122757,0.10419216006994247,0.19457669556140897,0.11708264797925948,-0.1260201185941696,-0.13633212447166443,-0.06087764352560043,-0.11271504312753676,-0.06826245784759521,0.1147427260875702,-0.15547965466976163,0.1442853808403015,-0.036479689180850976,-0.007033468689769506,0.054815828800201416,-0.03563748672604561,0.30720818042755127,-0.6707231402397156,1.1196558475494385,-0.22649340331554407,-0.0702885091304779,0.07617233693599701,-0.10507969558238985,-0.25120940804481506,0.9253145456314088,1.1380317211151123,0.23835770785808563,0.039052229374647134,-0.2373570203781128
0.0076935915276408195,-0.0188733022660017,0.7849208116531373,0.9992068409919738,0.006043469998985529,0.03930691257119178,0.0020382534712553024,-0.04499552771449089,0.10429436713457108,0.1948397904634476,0.11692658066749571,-0.1260308176279068,-0.1368621438741684,-0.060140635818243034,-0.11260726302862167,-0.06827739626169205,0.11490415781736373,-0.15561744570732117,0.1441487818956375,-0.036441173404455185,-0.007059352472424507,0.05471803992986679,-0.03495388850569725,0.30691924691200256,-0.6698316931724548,1.118924856185913,-0.22507183253765103,-0.07017015665769577,0.07618551701307295,-0.104551300406456,-0.25053295493125916,0.92515230178833,1.1368372440338135,0.23854564130306244,0.03874652460217476,-0.2376438230276108
0.0076665403321385375,-0.018813729286193848,0.7848991155624389,0.9992204904556273,0.005994612816721201,0.038973692804574966,0.0018738784128800037,-0.04413408041000366,0.10457362979650496,0.19514930248260495,0.11691167950630188,-0.12631115317344663,-0.13740602135658264,-0.05922140553593636,-0.11236238479614256,-0.06820028275251389,0.11506632715463638,-0.15606807172298431,0.14389820396900177,-0.03642392158508301,-0.0069864727556705475,0.05471233278512955,-0.034494686871767044,0.30655592679977417,-0.6693075895309448,1.1181392669677734,-0.2242589294910431,-0.06994286924600601,0.07615908235311507,-0.10432168841362,-0.2500118017196655,0.9248451590538026,1.1353085041046143,0.23919177055358887,0.03825661540031433,-0.2382865399122238
0.007665326818823814,-0.01870744675397873,0.7848785519599913,0.9992318749427795,0.005940753500908613,0.038697253912687295,0.0017221259186044335,-0.04339613020420074,0.10490582138299942,0.1953125596046448,0.11705550551414488,-0.12670813500881195,-0.13761566579341888,-0.05839728564023972,-0.11211158335208891,-0.0681285634636879,0.11525200307369232,-0.1564820259809494,0.14374633133411407,-0.03653152659535408,-0.006855448707938193,0.054556120187044144,-0.034049838781356805,0.3061429262161255,-0.6688444018363953,1.1174023151397705,-0.22443221509456637,-0.06979716569185257,0.07627203315496445,-0.1043531447649002,-0.24943315982818604,0.9242987036705016,1.1342568397521973,0.2402109056711197,0.03779973462224007,-0.23901456594467163
0.007710936479270457,-0.01861100271344185,0.7848377823829651,0.9992425441741944,0.005927606485784054,0.038427993655204766,0.0015789578901603816,-0.042753268033266074,0.10506591200828552,0.19530414044857025,0.11723609268665312,-0.1271289736032486,-0.13766413927078247,-0.05774152278900146,-0.11192920804023743,-0.06775035709142685,0.11534961313009262,-0.15685716271400452,0.14393213391304016,-0.036711324006319046,-0.006735709495842457,0.0544004775583744,-0.033835869282484055,0.3057166934013366,-0.6685022711753845,1.1170177459716797,-0.2245611548423767,-0.06969749182462692,0.07633735239505766,-0.10439465194940568,-0.2487876862287521,0.9230265021324157,1.133886694908142,0.24098987877368927,0.03766738623380661,-0.23977698385715485
0.00778212584555149,-0.01856526918709278,0.7848291993141174,0.9992521405220032,0.005953257437795401,0.038176972419023514,0.0014794684248045087,-0.0421685129404068,0.10500212013721466,0.19493827223777768,0.11735574901103972,-0.1274794638156891,-0.1376291066408157,-0.057248253375291824,-0.1118885949254036,-0.0674515962600708,0.11537692695856094,-0.15702863037586212,0.1442974358797073,-0.037089072167873376,-0.006728841457515954,0.05424793809652328,-0.03362760320305824,0.30532529950141907,-0.6678475737571716,1.1169047355651855,-0.22421498596668243,-0.06958701461553574,0.07637702673673628,-0.10430993884801865,-0.24801798164844513,0.9210885167121888,1.1340147256851196,0.24110670387744904,0.03807172551751137,-0.2401829957962036
0.007828954607248306,-0.018565110862255096,0.7848477959632874,0.9992594122886655,0.005997821222990751,0.03798143938183784,0.0014040297828614712,-0.0416451133787632,0.1048363372683525,0.1946471929550171,0.1173444166779518,-0.12780290842056274,-0.13787665963172913,-0.05693093314766884,-0.11195235699415206,-0.0672072097659111,0.11537110805511475,-0.1570897102355957,0.14481839537620544,-0.03749760240316391,-0.006740768440067768,0.053944047540426254,-0.033421870321035385,0.30495575070381165,-0.6669975519180298,1.1170697212219238,-0.22326165437698364,-0.06959091126918793,0.07626894116401672,-0.10420448333024979,-0.24728687107563016,0.919385313987732,1.1343120336532593,0.24112108349800107,0.03862094506621361,-0.24077625572681427
0.00783090852200985,-0.01859408803284168,0.784851610660553,0.9992663264274595,0.006010310724377632,0.03780081495642663,0.001282786950469017,-0.0409695841372013,0.10484563559293746,0.19484220445156095,0.11724098771810532,-0.1281387358903885,-0.13825835287570953,-0.05670835822820664,-0.1119101196527481,-0.06684393435716629,0.11546818912029266,-0.15708087384700775,0.145242840051651,-0.03763194382190704,-0.006649671122431755,0.05372806638479233,-0.03334791213274002,0.30469444394111633,-0.6659904718399048,1.1172949075698853,-0.22207097709178925,-0.0695815458893776,0.07629454135894774,-0.10396353900432587,-0.24668823182582852,0.918100893497467,1.1346347332000732,0.24079295992851257,0.03892180323600769,-0.2417593449354172
0.007825544103980064,-0.018579835072159767,0.7848375439643859,0.9992743730545045,0.00599340396001935,0.037595327943563454,0.0011458972003310919,-0.04020129516720772,0.10500359535217284,0.1952108442783356,0.11704374104738235,-0.12843725085258484,-0.13858066499233243,-0.056392773985862725,-0.1117732599377632,-0.06656373292207718,0.11557377874851225,-0.1574144661426544,0.1456095427274704,-0.03758860379457474,-0.00654649781063199,0.05368182808160782,-0.03322945162653923,0.30448377132415766,-0.6654602885246277,1.1174073219299316,-0.2215197831392288,-0.06947359442710876,0.0765755847096443,-0.10370133817195892,-0.24612195789813995,0.917427659034729,1.1346474885940552,0.2405773550271988,0.038818612694740295,-0.24276702105998993
0.007855407893657683,-0.01849650032818317,0.7848263978958131,0.9992820024490355,0.005974374711513519,0.03739798069000244,0.0010947935516014695,-0.039638575166463845,0.10522399097681044,0.1955320835113525,0.11695189028978348,-0.1286676675081253,-0.13894860446453094,-0.055998176336288445,-0.11160547286272048,-0.06628120690584183,0.115767240524292,-0.15800969302654266,0.14588624238967896,-0.03755506500601768,-0.006491918116807938,0.05361698940396309,-0.033135756850242615,0.30428943037986755,-0.6650343537330627,1.11721134185791,-0.22133705019950864,-0.06917868554592133,0.07720697671175003,-0.10364942997694016,-0.24552364647388455,0.9175329208374025,1.1346766948699951,0.2415485680103302,0.03856806084513664,-0.24285675585269928
0.007913507521152496,-0.018391691148281097,0.7848160266876221,0.9992890357971193,0.005973009392619133,0.03720635920763016,0.0011693688575178385,-0.039361570030450814,0.10533740371465682,0.1953289806842804,0.11698795109987258,-0.12892833352088928,-0.13934142887592316,-0.05549919977784157,-0.1115557700395584,-0.06630177050828934,0.11583674699068068,-0.1586349606513977,0.14603310823440552,-0.03766181319952011,-0.006481039337813854,0.05355990305542946,-0.03299221396446228,0.3040390014648437,-0.6646300554275513,1.1172528266906738,-0.22101597487926483,-0.06886527687311172,0.07742040604352951,-0.10394731909036636,-0.24495361745357516,0.9179983139038085,1.134716272354126,0.24242945015430448,0.0382205806672573,-0.24177566170692444
0.007960643619298937,-0.018274264410138127,0.7848052978515626,0.9992915987968445,0.006011995021253824,0.03713158890604973,0.0012016193941235542,-0.03940718248486519,0.10528069734573364,0.1951141208410263,0.11703180521726608,-0.12879402935504913,-0.13963566720485687,-0.055394649505615234,-0.11160164326429368,-0.06608131527900696,0.11575933545827864,-0.15901581943035123,0.1461408883333206,-0.03764576464891434,-0.006424520630389452,0.05327837914228439,-0.03298521414399147,0.303810715675354,-0.6644644141197205,1.117624282836914,-0.22007843852043152,-0.06840501725673676,0.0772557333111763,-0.10469132661819458,-0.244571790099144,0.918683111667633,1.1347521543502808,0.2427396923303604,0.03776910156011581,-0.24056491255760193
0.007938369177281857,-0.01816023513674736,0.78481388092041,0.9992903470993042,0.0060646049678325644,0.03715187311172485,0.0013248962350189684,-0.03978559747338295,0.10518155246973036,0.19488942623138428,0.11717694252729416,-0.1286269724369049,-0.13974185287952423,-0.05553822219371796,-0.11183903366327284,-0.06616082042455673,0.11566562950611115,-0.15945714712142944,0.14649412035942075,-0.03753312677145004,-0.006318426690995693,0.05295963957905769,-0.03335799276828766,0.30368945002555847,-0.6648210883140564,1.1181347370147705,-0.21802775561809537,-0.06793954223394394,0.07699695974588394,-0.1054125651717186,-0.244754359126091,0.9197232723236085,1.1343040466308592,0.2427491992712021,0.037081260234117515,-0.23953844606876373
0.00786076672375202,-0.01805795170366764,0.7848684787750243,0.999286651611328,0.006119628436863422,0.037238243967294686,0.0014153969241306184,-0.04037671536207199,0.1050255373120308,0.19498468935489652,0.11729725450277328,-0.12835845351219177,-0.1395602971315384,-0.05587765946984291,-0.11216143518686295,-0.0662514716386795,0.1156824603676796,-0.159673810005188,0.1468245834112167,-0.03731619194149971,-0.006091690622270107,0.05243990942835808,-0.033814314752817154,0.3037794828414917,-0.6655221581459044,1.1187416315078735,-0.21573276817798612,-0.06756501644849777,0.07681859284639359,-0.1061323955655098,-0.24565733969211576,0.9212790131568909,1.1338430643081665,0.24266625940799716,0.036255721002817154,-0.2385864108800888
0.007786428555846214,-0.017953546717762947,0.7849278450012206,0.9992842674255373,0.006168234162032604,0.03729129955172538,0.0015061837621033192,-0.04073942080140114,0.1047445684671402,0.1951632797718048,0.11744514107704163,-0.12807117402553558,-0.13939662277698517,-0.05601972341537476,-0.11259052902460098,-0.06649114936590195,0.11578793078660964,-0.15981535613536835,0.1470489501953125,-0.03727324679493904,-0.005768097471445799,0.051932815462350845,-0.03395847603678703,0.3039601743221283,-0.6662612557411194,1.1193988323211668,-0.2135651856660843,-0.06691453605890274,0.07698032259941101,-0.10704733431339264,-0.2471657246351242,0.9228507280349731,1.1334781646728516,0.24258527159690857,0.035659488290548325,-0.2378269284963608
0.007747396826744079,-0.017860425636172295,0.784941792488098,0.9992818832397461,0.006241173949092627,0.03733900934457778,0.001579273957759142,-0.04105401411652565,0.10437016934156416,0.1954338252544403,0.11770564317703248,-0.1278817057609558,-0.13916000723838806,-0.05603037029504776,-0.11310161650180817,-0.06665129959583281,0.11604545265436172,-0.16011396050453186,0.1468532383441925,-0.037293966859579086,-0.005462201777845621,0.051462914794683456,-0.03388439863920212,0.3039974868297577,-0.6663311719894409,1.1198725700378416,-0.21251150965690607,-0.06592249870300293,0.07740202546119691,-0.1079476773738861,-0.24923212826251984,0.9237127900123597,1.1331963539123535,0.24307115375995636,0.035513222217559814,-0.23808977007865903
0.007707645650953054,-0.017735684290528297,0.7848963141441345,0.999281406402588,0.006228901445865631,0.03735247626900673,0.0016438987804576755,-0.04115502163767815,0.10416381061077117,0.19560150802135468,0.11796622723340988,-0.12832973897457123,-0.13904027640819547,-0.055933944880962365,-0.11345469206571578,-0.06703995168209076,0.11638366430997849,-0.16052325069904327,0.14635366201400757,-0.03726809844374657,-0.004903669469058514,0.05106356367468834,-0.03343891352415085,0.3038029968738556,-0.6659492254257202,1.1202008724212646,-0.21183981001377103,-0.06515587121248245,0.07735552638769148,-0.1090852990746498,-0.2515696883201599,0.9244241714477539,1.1333374977111816,0.2436813563108444,0.035669151693582535,-0.23861485719680783
0.007695111446082592,-0.01756276935338974,0.7848336100578307,0.9992817044258115,0.006168535444885492,0.03734901919960976,0.0017345340456813572,-0.04095574468374252,0.10412707179784773,0.19580321013927457,0.11828812211751936,-0.12934386730194092,-0.13895970582962036,-0.05553546547889709,-0.11364395171403883,-0.06734142452478409,0.11647399514913558,-0.16075022518634796,0.1460561752319336,-0.03743688762187958,-0.004187088459730148,0.050751961767673485,-0.03243061900138855,0.3033476769924164,-0.6652527451515198,1.1204288005828855,-0.211601585149765,-0.06433645635843277,0.07710297405719757,-0.10987082123756409,-0.25387123227119446,0.9245586395263674,1.1340363025665283,0.24333004653453824,0.0365423746407032,-0.2393003851175308
0.007706399541348219,-0.017377406358718872,0.7847945690155029,0.9992812871932985,0.006071699317544699,0.03737044334411621,0.0018762651598080993,-0.04075616970658302,0.10420376807451248,0.1958964765071869,0.11844196915626524,-0.13032519817352295,-0.1389709115028381,-0.05507202446460724,-0.1135927066206932,-0.06750605255365372,0.11628799140453339,-0.16078075766563416,0.1458291858434677,-0.037442103028297424,-0.003397561842575669,0.05040070414543152,-0.03130548074841499,0.30267712473869324,-0.6645515561103821,1.120496153831482,-0.2108813226222992,-0.06370924413204193,0.07694355398416518,-0.10960350930690764,-0.2555323541164398,0.9238919019699096,1.1350321769714355,0.2415151596069336,0.03795422986149788,-0.23947602510452273
0.007762357592582703,-0.017233356833457947,0.7848010659217833,0.9992778897285459,0.006004728842526673,0.03745714202523232,0.0021475874818861485,-0.04087510704994202,0.10419848561286926,0.1957503408193588,0.11852504312992096,-0.1307092010974884,-0.13879063725471497,-0.054660681635141366,-0.11360985040664671,-0.06790545582771301,0.1159212812781334,-0.1605350375175476,0.14564546942710876,-0.037506718188524246,-0.002741481177508831,0.04983886331319809,-0.030257506296038628,0.30172839760780334,-0.6641895174980164,1.1204439401626587,-0.20985472202301023,-0.0629759430885315,0.07660645246505737,-0.10826830565929411,-0.2563440203666687,0.9227306842803955,1.1362901926040647,0.23909750580787656,0.039325177669525146,-0.23932969570159912
0.007873988710343836,-0.01709982566535473,0.7848227024078369,0.9992744326591492,0.005968863144516945,0.03753640875220298,0.0024751063901931047,-0.04110553488135338,0.10398610681295394,0.1952333152294159,0.1185050830245018,-0.1305607110261917,-0.138258695602417,-0.05438649654388428,-0.11382404714822768,-0.06863667815923691,0.11548510938882828,-0.1600331813097,0.14551791548728943,-0.0374857373535633,-0.002194771310314536,0.04916694387793541,-0.029520517215132717,0.3007237315177917,-0.6636337041854857,1.1203700304031372,-0.2090092301368713,-0.06250593811273575,0.07535646110773087,-0.10585170239210127,-0.2564077079296112,0.9210839867591858,1.1373600959777832,0.23736292123794556,0.04018594324588776,-0.239049568772316
0.008025096729397772,-0.016970133408904076,0.7848443388938903,0.9992703199386596,0.005943260621279478,0.03762662410736084,0.0027926722541451454,-0.04130028933286666,0.10381759703159332,0.19477635622024536,0.11834019422531128,-0.1302284300327301,-0.13786278665065765,-0.054315377026796334,-0.11407399922609328,-0.06935489922761917,0.11516571789979935,-0.15956008434295654,0.1455853134393692,-0.03738173097372055,-0.001754990080371499,0.048463821411132806,-0.02903069742023945,0.2999042570590973,-0.6634889245033264,1.1202995777130127,-0.20830401778221128,-0.06205695867538452,0.07347919791936873,-0.10304228961467742,-0.25584843754768366,0.9193030595779419,1.1379754543304443,0.2356606721878052,0.04039372131228447,-0.23856490850448608
0.008203143253922462,-0.016850717365741726,0.7848700284957885,0.999265193939209,0.005907370708882809,0.037753678858280175,0.0029758913442492485,-0.04147082194685936,0.10374171286821364,0.19455152750015256,0.11817535758018492,-0.12995922565460205,-0.13776950538158417,-0.054534785449504845,-0.1141304224729538,-0.06951133906841278,0.11509151756763458,-0.15922077000141144,0.14584439992904663,-0.037323419004678726,-0.001313223037868738,0.04781235381960869,-0.028626257553696632,0.29932659864425654,-0.6638211607933044,1.1202675104141235,-0.20709927380084991,-0.061507586389780045,0.07221189141273497,-0.10037890821695328,-0.25461745262146,0.917823612689972,1.1383147239685059,0.23342575132846832,0.04018130898475647,-0.23775888979434967
0.008380897343158724,-0.016754522919654846,0.7848656773567199,0.9992592930793761,0.005894511006772518,0.037902165204286575,0.0030912617221474648,-0.04175528511404991,0.10363499820232391,0.19441528618335724,0.11808451265096664,-0.1297825574874878,-0.1377066075801849,-0.0547180101275444,-0.114153653383255,-0.0692782923579216,0.11506297439336775,-0.15922386944293976,0.14613975584506989,-0.037302687764167786,-0.0010358489817008376,0.04717469587922096,-0.027989987283945084,0.2990604639053345,-0.6641685366630553,1.1203160285949707,-0.206045001745224,-0.061101388186216354,0.07146516442298889,-0.09831802546977997,-0.25292861461639404,0.9164514541625975,1.1380914449691772,0.23141930997371676,0.039681684225797646,-0.23707082867622373
0.008543768897652626,-0.016704056411981583,0.7848509550094604,0.9992533922195433,0.005912292283028364,0.03805342689156532,0.0031126490794122215,-0.04226259514689445,0.10345371812582016,0.19439770281314847,0.1181969717144966,-0.1299915611743927,-0.1373497098684311,-0.055057410150766366,-0.11428418010473251,-0.06918644160032272,0.11516202241182329,-0.15959453582763672,0.14613252878189087,-0.03716086596250534,-0.0009533866541460156,0.04639766737818717,-0.02720457501709461,0.2988493740558624,-0.6637006402015686,1.1206339597702026,-0.2050752192735672,-0.061089303344488144,0.07071049511432648,-0.096658393740654,-0.25119373202323914,0.9154232144355774,1.137078881263733,0.23024061322212216,0.03834559395909309,-0.23630474507808685
0.00869283452630043,-0.01669265702366829,0.7848612666130067,0.9992483258247375,0.005966170225292444,0.03818456083536148,0.0030105628538876768,-0.042661432176828384,0.10323091596364974,0.1945994645357132,0.11812717467546464,-0.13028031587600708,-0.1369834691286087,-0.05552174896001816,-0.11444064974784852,-0.06900673359632492,0.11524335294961928,-0.16006875038146973,0.1458931565284729,-0.037022247910499566,-0.0011184434406459332,0.04553568735718727,-0.026327030733227726,0.2985542714595794,-0.6624457836151123,1.1212462186813354,-0.2045763432979584,-0.061184391379356384,0.06998516619205475,-0.09528259932994841,-0.24965308606624603,0.914586067199707,1.135451316833496,0.2308010458946228,0.0367162600159645,-0.23582357168197632
0.008797641843557356,-0.016681808978319168,0.7848602533340454,0.9992439746856688,0.00601473730057478,0.03830069676041603,0.002890181029215455,-0.042906519025564194,0.10308083891868591,0.19496135413646695,0.11784539371728896,-0.13049820065498352,-0.1367085427045822,-0.056001823395490646,-0.11458264291286469,-0.0687643513083458,0.11531639844179152,-0.1605739593505859,0.14545579254627228,-0.03706218302249909,-0.0014353630831465125,0.044531751424074166,-0.02551413886249065,0.29824087023735046,-0.6604540348052979,1.1221414804458618,-0.20523171126842496,-0.06129110231995583,0.06930539757013321,-0.09384557604789731,-0.24865812063217163,0.913503050804138,1.1334682703018188,0.2327664792537689,0.035268086940050125,-0.2355070263147354
0.008917128667235374,-0.01662469655275345,0.7848170399665833,0.9992402791976928,0.006062205880880356,0.03840500861406326,0.0026803999207913876,-0.04278573393821716,0.10308029502630232,0.19574645161628723,0.11749154329299925,-0.1305474191904068,-0.13658635318279266,-0.05639323592185974,-0.11462202668190002,-0.06823547184467316,0.11535169929265976,-0.16092775762081146,0.1450752168893814,-0.03706910461187363,-0.0018875862006098032,0.04353879019618034,-0.024355558678507805,0.298169881105423,-0.6586780548095703,1.1228480339050293,-0.20616698265075684,-0.06131410598754882,0.06896280497312546,-0.09243503212928773,-0.24827343225479123,0.9132978320121763,1.1314027309417725,0.23561547696590424,0.03406132385134697,-0.2358000576496124
0.009044027887284756,-0.016527768224477768,0.7847915887832642,0.9992373585700989,0.006105504464358091,0.03848867490887642,0.002455261070281267,-0.04218095541000366,0.10317437350749968,0.1966528445482254,0.1171787679195404,-0.13036228716373444,-0.136423721909523,-0.0566180907189846,-0.11456061154603958,-0.06758483499288559,0.11545833200216292,-0.16112759709358215,0.14486409723758695,-0.03706757724285126,-0.0023912908509373665,0.0427706241607666,-0.023358363658189774,0.2981410026550293,-0.6568580865859985,1.1234476566314695,-0.2062547355890274,-0.061227086931467056,0.06884802877902985,-0.09114788472652435,-0.2483379989862442,0.9142249822616576,1.1294726133346555,0.23696407675743103,0.033470991998910904,-0.23627349734306333
0.009133057668805122,-0.016432803124189377,0.7847956418991088,0.9992357492446899,0.0061075882986187935,0.03854528069496154,0.002216161228716373,-0.041389420628547675,0.10348011553287506,0.19777435064315796,0.11686401814222336,-0.13037630915641785,-0.13669028878211975,-0.05675069987773895,-0.11429990082979202,-0.0669884979724884,0.11557537317276,-0.16125255823135376,0.1444646269083023,-0.03688359260559081,-0.0028645102865993977,0.04216249287128448,-0.02265704236924648,0.29811540246009827,-0.6551603674888611,1.1238837242126465,-0.20604577660560608,-0.06104414165019989,0.06928124278783798,-0.09012124687433241,-0.24851416051387784,0.9152172803878784,1.1276031732559204,0.2369713485240936,0.03329601511359215,-0.23684136569499967
0.009208539500832556,-0.016370540484786034,0.7848019003868102,0.9992318749427795,0.006082815118134022,0.038661278784275055,0.002007116563618183,-0.04078146070241928,0.10391219705343246,0.19879555702209473,0.11641375720500946,-0.13038572669029236,-0.13721142709255219,-0.05690040811896324,-0.11402848362922668,-0.06664120405912399,0.11567800492048264,-0.16131627559661865,0.14400917291641235,-0.03687268123030663,-0.003233824856579304,0.04145580157637596,-0.021871803328394886,0.29816102981567383,-0.6533010601997375,1.123868107795715,-0.20588403940200803,-0.06070754304528236,0.07002867758274078,-0.08968533575534819,-0.24861587584018707,0.9162931442260742,1.1261650323867796,0.23651275038719177,0.03357328101992607,-0.23782195150852203
0.009321094490587711,-0.016323765739798542,0.7847951054573059,0.9992262721061705,0.006037940736860037,0.038819264620542526,0.0018557379953563211,-0.040444720536470406,0.1043904274702072,0.1995447278022766,0.11587796360254288,-0.1301956921815872,-0.13783830404281616,-0.05707205832004547,-0.1137271225452423,-0.06645023077726364,0.11564916372299194,-0.16116370260715485,0.14386118948459625,-0.0368390828371048,-0.0034625267144292597,0.04069557413458824,-0.02098449878394604,0.29824280738830566,-0.6517977714538574,1.1238219738006592,-0.20641055703163144,-0.06027853488922119,0.0701800137758255,-0.0893775001168251,-0.24869345128536224,0.9173437952995299,1.124890089035034,0.2362200617790222,0.0339653417468071,-0.23883281648159027
0.009464225731790064,-0.016321271657943726,0.7847868800163269,0.9992204308509826,0.005977866239845753,0.03898337110877037,0.0017538056708872318,-0.04044758528470993,0.10490956902503969,0.1997536271810532,0.11541900783777236,-0.1299932152032852,-0.1384424865245819,-0.05721189081668854,-0.11341788619756699,-0.06668290495872498,0.11550429463386536,-0.16086214780807495,0.1438334882259369,-0.03683046624064445,-0.0036040409468114376,0.03994287550449371,-0.020172538235783577,0.29837843775749207,-0.6506916880607605,1.1239203214645384,-0.2073739171028137,-0.05985061079263687,0.07009156793355942,-0.08886869996786116,-0.24878424406051636,0.9177578687667847,1.1236305236816406,0.23656222224235532,0.03458886221051216,-0.2391059249639511
0.00961931236088276,-0.016390487551689148,0.7847827076911926,0.9992142915725709,0.005892463028430939,0.03914916887879372,0.0018325739074498413,-0.04082011431455612,0.10532940924167632,0.1992565542459488,0.11509077996015547,-0.12992329895496368,-0.138760045170784,-0.05734784156084061,-0.11305657029151917,-0.0670219287276268,0.11524710804224014,-0.16048474609851837,0.14345011115074155,-0.03687626123428345,-0.003567449050024152,0.039131183177232735,-0.019564526155591008,0.2986067235469818,-0.6495004892349243,1.1242859363555908,-0.20787538588047028,-0.05980647727847099,0.06998984515666962,-0.0881357342004776,-0.2488485276699066,0.9175960421562195,1.122747540473938,0.23748093843460083,0.03511938452720642,-0.238981693983078
0.0097820945084095,-0.01651858352124691,0.7847879528999328,0.999206006526947,0.005773649085313082,0.039365254342556,0.002103988314047456,-0.04133608937263489,0.10576583445072174,0.19843138754367828,0.11490035057067872,-0.129861518740654,-0.13907611370086667,-0.0575183667242527,-0.112534262239933,-0.0671050027012825,0.11492207646369934,-0.16010494530200958,0.14276058971881866,-0.03712468221783639,-0.0033749705180525775,0.0383036807179451,-0.01884211786091328,0.2990466356277466,-0.6485280990600586,1.1246745586395264,-0.20729543268680567,-0.06004593148827553,0.07032749801874161,-0.08736749738454817,-0.24869675934314728,0.9172230362892151,1.1223070621490479,0.23935678601264956,0.03572716936469078,-0.2390677779912949
0.009938312694430351,-0.016684265807271004,0.7847828865051268,0.9991970062255859,0.005652000196278095,0.03959292545914649,0.0024043894372880454,-0.04174201563000679,0.1063101813197136,0.19776378571987152,0.11481845378875732,-0.12980611622333527,-0.13957782089710236,-0.057645980268716805,-0.11183854937553404,-0.0666564330458641,0.11457055062055588,-0.1599779725074768,0.14242342114448547,-0.03729945421218872,-0.0031174740288406606,0.03767362609505653,-0.01848817244172096,0.2994904220104217,-0.6480329036712646,1.1247541904449463,-0.20590510964393613,-0.06036606803536415,0.07106057554483414,-0.08659158647060394,-0.248584657907486,0.9172635674476624,1.1217620372772217,0.2418333888053894,0.03600437939167023,-0.2393280118703842
0.010075515136122704,-0.016885340213775635,0.7847843170166015,0.9991880059242249,0.0055309622548520565,0.0398278683423996,0.002550486009567976,-0.04205145686864853,0.1069333329796791,0.19756832718849185,0.1149384006857872,-0.12956282496452332,-0.1400738954544067,-0.05799340084195137,-0.11107965558767317,-0.06608428061008453,0.11450885236263277,-0.15995648503303528,0.14217160642147064,-0.037168558686971664,-0.002753988606855273,0.03724011033773422,-0.018063219264149662,0.29987847805023193,-0.6475512385368347,1.1242241859436035,-0.2029542624950409,-0.060122210532426834,0.07204881310462952,-0.08593849837779999,-0.24868611991405487,0.9179660081863404,1.1210319995880127,0.2435641288757324,0.035811714828014374,-0.23956064879894257
0.010211192071437836,-0.01710939221084118,0.7847821712493896,0.9991792440414429,0.005386847537010908,0.04006253555417061,0.0025960458442568775,-0.04241110756993294,0.10760316252708436,0.19721880555152893,0.11527542024850844,-0.1294977366924286,-0.14059090614318848,-0.05825204402208328,-0.11024830490350725,-0.06558261811733246,0.11464832723140717,-0.16023093461990356,0.1419813334941864,-0.03708147630095482,-0.002286287024617195,0.03680482134222984,-0.016889948397874832,0.3002026379108429,-0.6465078592300415,1.122923731803894,-0.1993780732154846,-0.05996772646903992,0.07260842621326447,-0.0852377489209175,-0.2488871067762375,0.9187350273132323,1.1204031705856323,0.24418695271015167,0.03550512343645096,-0.23925346136093137
0.01036964263767004,-0.01734171435236931,0.7847821116447448,0.9991685152053832,0.005239382851868868,0.040346089750528336,0.0026358298491686583,-0.04300367459654808,0.1082007735967636,0.19663608074188232,0.11583614349365234,-0.12963262200355527,-0.14109072089195251,-0.05855168402194977,-0.10952537506818771,-0.06535264104604721,0.11480555683374404,-0.16073791682720184,0.14172163605690002,-0.037124231457710266,-0.0017555063823238015,0.0363222286105156,-0.015072769485414028,0.3003980815410614,-0.6448731422424316,1.1208930015563965,-0.19581454992294312,-0.06006860360503197,0.07289936393499374,-0.08462586998939514,-0.2491027265787125,0.9196013212203981,1.120051383972168,0.2446822673082352,0.03506258875131607,-0.23906059563159943
0.01054665260016918,-0.017559412866830822,0.784769296646118,0.999156653881073,0.005078693851828575,0.04065627604722977,0.002687591826543212,-0.043761249631643295,0.10876377671957016,0.19606052339076996,0.11634683609008788,-0.1300148367881775,-0.14161105453968048,-0.058814987540245056,-0.1088857278227806,-0.06536888331174849,0.1149323359131813,-0.1615140736103058,0.14139537513256073,-0.03725195676088333,-0.0010989259462803602,0.03568124771118164,-0.012490147724747656,0.3001399040222168,-0.6426361203193665,1.1185708045959473,-0.19329120218753812,-0.06070392206311226,0.07318390905857086,-0.08374118059873582,-0.2495615929365158,0.9199982881546019,1.1197081804275513,0.24565158784389493,0.03439229726791382,-0.23925408720970157
0.010827457532286644,-0.017810843884944916,0.784741461277008,0.999141812324524,0.004936443641781807,0.04104192927479744,0.0026260835584253073,-0.044644199311733246,0.10928960889577864,0.19571614265441892,0.11687082052230834,-0.13066083192825317,-0.14190508425235748,-0.05925813689827919,-0.10833486914634705,-0.06520608812570572,0.11504778265953064,-0.1623397320508957,0.14090216159820557,-0.03725097700953484,-0.00045557433622889215,0.03474940359592438,-0.009790449403226376,0.2995230257511139,-0.64021098613739,1.1165440082550049,-0.19198787212371823,-0.061454381793737405,0.07325863093137741,-0.0826442912220955,-0.2502544224262237,0.9197854995727539,1.1193217039108276,0.24758101999759677,0.03375854715704918,-0.24008509516716003
0.0112098827958107,-0.018076665699481964,0.7847075462341309,0.9991253018379213,0.004801925271749496,0.041464168578386314,0.002519681118428707,-0.04535545781254768,0.10973467677831648,0.1954036504030228,0.11721888184547424,-0.13137517869472504,-0.14212752878665924,-0.059796668589115136,-0.10773737728595732,-0.0646420493721962,0.11512960493564604,-0.16305701434612274,0.14052630960941315,-0.037285152822732925,0.00011324292427161708,0.03354329615831375,-0.0072250268422067165,0.29855930805206293,-0.6378564238548279,1.1156380176544187,-0.1921676993370056,-0.06263566762208939,0.07317322492599486,-0.0811571478843689,-0.25091525912284846,0.9191559553146361,1.119079828262329,0.2508559226989746,0.03329359367489815,-0.2415562719106674
0.011661200784146784,-0.01829482428729534,0.7846529483795166,0.9991098046302797,0.004720204975455999,0.041849829256534576,0.0024210312403738494,-0.04575392976403236,0.1100437119603157,0.1952553987503052,0.11735548079013824,-0.13214363157749176,-0.14232292771339417,-0.060150571167469025,-0.10730002075433732,-0.06399952620267868,0.11514952033758163,-0.16385607421398163,0.14031730592250824,-0.03734450042247772,0.0004903334192931652,0.032233722507953644,-0.005219968501478434,0.29716187715530396,-0.6362434625625609,1.1167584657669067,-0.1937168389558792,-0.06364300101995468,0.07277226448059082,-0.07925861328840254,-0.251393586397171,0.9186872839927672,1.1191213130950928,0.25487077236175537,0.03292311728000641,-0.2436018139123917
0.01213924027979374,-0.01844049245119095,0.7845717072486876,0.9990958571434021,0.004696703050285578,0.04219084978103638,0.0022948989644646645,-0.045755602419376366,0.11030671000480652,0.19527968764305115,0.11728659272193909,-0.1328809559345245,-0.14274877309799194,-0.06012703478336334,-0.10707245767116547,-0.06352969259023665,0.11502579599618912,-0.16470174491405487,0.140354186296463,-0.03748730570077896,0.0005718572647310793,0.031077302992343903,-0.0041537159122526646,0.2954275906085968,-0.6352126598358153,1.1202523708343504,-0.1954197585582733,-0.06389227509498596,0.07220820337533952,-0.07754181325435638,-0.25139546394348145,0.9193856120109558,1.1194310188293457,0.25834420323371887,0.032497841864824295,-0.24515934288501737
0.012626109644770622,-0.01855412870645523,0.7845166325569152,0.9990808963775634,0.004704069811850785,0.04254770651459694,0.0022177731152623887,-0.04542914405465127,0.1105266585946083,0.1953647881746292,0.11709426343441008,-0.13358932733535767,-0.1432484984397888,-0.05986334756016731,-0.10682436078786849,-0.06315602362155913,0.1147189363837242,-0.1655851453542709,0.1405804008245468,-0.0377502404153347,0.00032251782249659294,0.030037386342883114,-0.004159836564213037,0.2933788299560547,-0.6348791122436523,1.1258955001831055,-0.1972639560699463,-0.0634368509054184,0.071302630007267,-0.07591106742620467,-0.2506731152534485,0.9215617775917053,1.119819164276123,0.260315477848053,0.03223980590701103,-0.24529068171978
0.013176968321204184,-0.018698887899518013,0.7844911217689513,0.9990612268447877,0.004711252637207508,0.043003831058740616,0.002266343217343092,-0.045066878199577325,0.11073702573776244,0.19551712274551392,0.11689913272857666,-0.13421630859375,-0.14399310946464539,-0.05972934141755104,-0.10660042613744736,-0.06267368793487549,0.1144295334815979,-0.1664341539144516,0.1409035325050354,-0.03819323331117631,-3.9448503230232745e-05,0.02887856028974056,-0.005180890206247568,0.29151996970176697,-0.6354944705963135,1.1322344541549683,-0.19877439737319944,-0.06216132640838623,0.07033197581768036,-0.0748554989695549,-0.24950066208839417,0.925602912902832,1.1203887462615967,0.2602890431880951,0.032026465982198715,-0.2440485954284668
0.013803818263113499,-0.018906746059656143,0.7844418287277221,0.9990376234054563,0.0047338237054646015,0.04353572800755501,0.002467558486387133,-0.044710397720336914,0.11080793291330336,0.1952891945838928,0.11665540188550948,-0.13476040959358215,-0.144840270280838,-0.05959119647741318,-0.10656338185071944,-0.06224517151713371,0.11414743959903716,-0.16747829318046567,0.14135122299194336,-0.03866461664438248,-0.0004850733384955674,0.027583643794059757,-0.007035741116851568,0.2899184226989746,-0.6367774605751038,1.1381481885910034,-0.20012499392032623,-0.06043273583054543,0.06847335398197174,-0.07422883063554764,-0.2481149584054947,0.9299017190933229,1.1208884716033936,0.2605302035808563,0.03137178346514702,-0.2425355613231659
0.014503348618745804,-0.019096113741397858,0.784361183643341,0.9990094900131224,0.004842822905629872,0.04414945840835571,0.0027256065513938665,-0.04443269968032837,0.1105051338672638,0.19472379982471463,0.11657688021659852,-0.13544662296772003,-0.14548364281654355,-0.05950739607214928,-0.10677900910377502,-0.06148378923535346,0.11400947719812392,-0.16874490678310394,0.14233817160129547,-0.03934420645236969,-0.0010413003619760275,0.026058802381157875,-0.009102130308747293,0.28843358159065247,-0.63775235414505,1.142817497253418,-0.2003820836544037,-0.058597464114427567,0.06616955995559692,-0.0738760158419609,-0.24663737416267395,0.9339417815208435,1.121551275253296,0.26110392808914185,0.03055323660373688,-0.24139304459095
0.01527619920670986,-0.019151709973812103,0.7842493653297424,0.9989770650863647,0.004989934619516134,0.04484551399946213,0.002955502364784479,-0.044293612241745,0.10981131345033644,0.1936005651950836,0.11656966060400008,-0.1366318166255951,-0.14603933691978455,-0.059653811156749725,-0.10694581270217896,-0.05989307165145873,0.114006906747818,-0.17003855109214783,0.14391480386257172,-0.040007110685110085,-0.001575216301716864,0.024257348850369453,-0.01103511918336153,0.2870563268661499,-0.6370938420295715,1.145553708076477,-0.198511466383934,-0.057375099509954446,0.06378017365932465,-0.07372955232858659,-0.24521650373935697,0.9366026520729066,1.1217643022537231,0.2642626166343689,0.029818141832947728,-0.241391196846962
0.01614422537386417,-0.01907646656036377,0.7841432690620422,0.9989446997642515,0.005124158225953578,0.04554426670074463,0.003001154633238912,-0.04405728727579117,0.10891216993331908,0.19226668775081637,0.11662195622920989,-0.13846845924854279,-0.14647260308265686,-0.05991717427968978,-0.10691557824611664,-0.05733775720000267,0.1141051799058914,-0.17153027653694153,0.1455549597740173,-0.040191922336816795,-0.0020015547052025795,0.02219373732805252,-0.01145013514906168,0.28533488512039185,-0.6319273710250854,1.1466679573059082,-0.19606731832027435,-0.05766743421554565,0.06213069334626198,-0.07309774309396742,-0.24383956193923953,0.9385801553726195,1.120800733566284,0.2685517370700836,0.02932250313460827,-0.2419654279947281
0.01709473505616188,-0.018888724967837334,0.7840726971626282,0.998911678791046,0.005246419459581375,0.04627440497279167,0.0025759420823305845,-0.04421330988407135,0.10793625563383102,0.19146656990051267,0.11731403321027756,-0.1410368978977203,-0.14647221565246582,-0.06063002720475197,-0.1066673994064331,-0.0534878633916378,0.11445295065641405,-0.1732966899871826,0.14704231917858124,-0.03956327587366104,-0.002392800524830818,0.019625671207904812,-0.01009630411863327,0.2828502655029297,-0.6199514269828796,1.1473746299743652,-0.1956554353237152,-0.05965752154588699,0.062075428664684296,-0.07184763252735138,-0.2424857467412949,0.9418563246726989,1.1185979843139648,0.2740783393383026,0.02857266739010811,-0.24284215271472928
0.018144357949495316,-0.01858017966151237,0.7840494513511658,0.9988773465156556,0.00542049715295434,0.04703640565276146,0.0014823894016444683,-0.04536020383238792,0.10706526786088943,0.19230701029300687,0.11945512145757677,-0.14408910274505615,-0.1454557180404663,-0.06220697611570358,-0.10644977539777756,-0.0480337031185627,0.11535214632749556,-0.17542503774166107,0.1482142060995102,-0.03810080140829086,-0.0028583791572600603,0.01649397425353527,-0.006914814468473196,0.27903306484222407,-0.6000457406044006,1.149494171142578,-0.20137497782707212,-0.06384512782096863,0.06431856006383896,-0.07053189724683762,-0.24148255586624143,0.9485448002815247,1.115397572517395,0.27714720368385315,0.027703020721673965,-0.24312663078308103
0.019199579954147335,-0.018144525587558743,0.7840350866317749,0.9988409876823424,0.005688590928912163,0.04779290780425072,-0.0004194121574983001,-0.04837603494524956,0.10659702867269516,0.1953917890787125,0.12554217875003815,-0.14825069904327393,-0.14321476221084595,-0.06531665474176407,-0.10658396035432816,-0.041083697229623795,0.11835478991270064,-0.17867852747440338,0.14873039722442627,-0.036057963967323296,-0.0030223564244806767,0.013324352912604809,-0.0032074013724923134,0.27331775426864624,-0.5728035569190979,1.1546919345855713,-0.2161649912595749,-0.0695209950208664,0.0673375204205513,-0.07064951956272125,-0.24147075414657593,0.9593558311462401,1.1122317314147947,0.2754133343696594,0.027146954089403152,-0.24123696982860565
0.02019944228231907,-0.017472626641392708,0.7838276028633117,0.9988079667091369,0.005926750134676695,0.04834594577550888,-0.0032056597992777824,-0.05509940162301064,0.1076168268918991,0.20040588080883023,0.14209234714508057,-0.15706360340118408,-0.14096249639987943,-0.0707491859793663,-0.10696741938591003,-0.033153776079416275,0.12644588947296143,-0.184148371219635,0.14853616058826447,-0.033232297748327255,-0.0019880868494510646,0.011328947730362415,-0.0025187209248542786,0.2658878564834595,-0.5430556535720825,1.1634819507598877,-0.23475293815135956,-0.0746065303683281,0.06944256275892258,-0.07342731952667235,-0.24320079386234283,0.9757320284843444,1.109868049621582,0.27005186676979065,0.02668624185025692,-0.23765707015991208
0.02093164250254631,-0.016588404774665833,0.7831577658653259,0.9987910985946656,0.005880876444280148,0.04839970916509628,-0.006262111943215132,-0.06884879618883133,0.11173781007528304,0.20548106729984283,0.1791047751903534,-0.17570336163043976,-0.13993774354457855,-0.08101940900087357,-0.10735665261745451,-0.02570910006761551,0.14673149585723877,-0.19495876133441925,0.14853119850158691,-0.030101964250206947,0.0010875157313421369,0.011790405958890913,-0.0077411076053977,0.257537305355072,-0.5185901522636414,1.1758811473846436,-0.2441484034061432,-0.07586629688739777,0.06996730715036392,-0.0808662623167038,-0.2461753934621811,0.9977716207504272,1.1096305847167969,0.26296544075012207,0.026408571749925613,-0.23173290491104123
0.021409772336483,-0.01556600909680128,0.7819452881813049,0.9988058209419249,0.0050193024799227715,0.04781127721071243,-0.008712179027497768,-0.09027615934610368,0.11991813033819199,0.2079584002494812,0.23632688820362088,-0.2031361013650894,-0.1407615691423416,-0.09603910893201827,-0.10654523223638535,-0.020567715167999268,0.1798928678035736,-0.2112495452165604,0.14894108474254608,-0.026738237589597705,0.006802158430218697,0.01550809945911169,-0.02191740646958351,0.25070518255233765,-0.5082131624221802,1.1905524730682373,-0.2291213572025299,-0.06921398639678955,0.06385594606399536,-0.09573186933994292,-0.24987955391407007,1.0257505178451538,1.1132657527923584,0.25919196009635925,0.02607943303883076,-0.22003631293773648
0.02176978439092636,-0.014577904716134071,0.7802445292472838,0.9988781809806824,0.0026970773469656706,0.04634547978639603,-0.009337789379060268,-0.11635630577802658,0.13151599466800687,0.2032422423362732,0.3052862882614136,-0.23473881185054776,-0.14328159391880035,-0.1083233579993248,-0.10253340005874632,-0.020286237820982933,0.21244646608829496,-0.22782526910305023,0.14820846915245056,-0.0226519163697958,0.01577730104327202,0.023918449878692623,-0.04713089019060135,0.250138521194458,-0.5190760493278505,1.1950141191482544,-0.1705021858215332,-0.04932740330696105,0.04335711523890495,-0.1188005656003952,-0.25495603680610657,1.0542926788330078,1.1187738180160522,0.25338616967201233,0.02822912484407425,-0.20270679891109464
0.0222563911229372,-0.013982866890728472,0.7781397700309753,0.9989528656005859,-0.0025907086674124,0.04536237195134162,-0.005358316469937562,-0.15120184421539307,0.14781777560710907,0.18560463190078733,0.38385042548179626,-0.2672328650951385,-0.14591817557811737,-0.11116283386945724,-0.09280969202518465,-0.030821209773421288,0.2271410971879959,-0.23917371034622192,0.1443403512239456,-0.019462084397673607,0.03239281475543976,0.0332905650138855,-0.08418493717908859,0.2648841738700866,-0.5515084862709044,1.1495190858840942,-0.05695392191410065,-0.016315676271915436,-0.0003708716249093413,-0.14886100590229034,-0.26488128304481506,1.0737719535827637,1.1182551383972168,0.2365965098142624,0.0348443016409874,-0.18726135790348047
0.02279353141784668,-0.01440836489200592,0.7758792638778687,0.9989327788352966,-0.012950851581990719,0.04408498480916023,0.004697992000728846,-0.2071755975484848,0.17503903806209564,0.15085189044475555,0.49484744668006897,-0.29689764976501465,-0.15146625041961667,-0.09739061444997789,-0.07312441617250441,-0.056332945823669434,0.2151693403720856,-0.24078109860420227,0.13381575047969818,-0.013695050030946732,0.06367843598127365,0.04203113913536072,-0.12700258195400238,0.3086562752723694,-0.5841651558876038,0.984350860118866,0.11265726387500762,0.01946764998137951,-0.08561607450246811,-0.18063370883464813,-0.2869718372821808,1.0862067937850952,1.1005300283432007,0.21591775119304657,0.03751654177904129,-0.18517537415027616
0.022869147360324856,-0.015781329944729805,0.7736860513687133,0.998577892780304,-0.025384828448295597,0.04144037514925003,0.021919580176472664,-0.2930904030799866,0.2008177638053894,0.09211099147796631,0.6483973860740662,-0.2967562973499298,-0.15570466220378876,-0.07338003814220428,-0.048726148903369904,-0.09210409969091415,0.19566206634044647,-0.23905156552791595,0.11959145218133926,-0.00488756550475955,0.10329494625329971,0.05446687713265419,-0.1624574512243271,0.3968943953514099,-0.5729364156723022,0.6937798261642456,0.2739534974098205,0.05092716217041016,-0.20433109998703,-0.19784949719905853,-0.3246350288391113,1.0807609558105469,1.080156683921814,0.19388873875141144,0.03771227225661278,-0.1989442855119705
0.022972011938691136,-0.01831349730491638,0.7715383768081666,0.9975297451019288,-0.03713525459170341,0.03885846212506294,0.04522635042667389,-0.39281675219535833,0.21293410658836365,0.019869154319167137,0.8044633865356445,-0.25505679845809937,-0.16578173637390137,-0.050935950130224235,-0.024683203548192974,-0.13554206490516663,0.18562130630016327,-0.23884271085262296,0.10589054226875304,0.00704860920086503,0.14139269292354584,0.06792602688074112,-0.20457181334495544,0.5289205312728882,-0.5002303123474121,0.3810076415538788,0.38538706302642817,0.09006565809249878,-0.3114548921585083,-0.19113475084304807,-0.3736866116523743,1.061103343963623,1.0706485509872437,0.17644929885864255,0.03965066745877266,-0.22271789610385892
0.023743368685245517,-0.021777661517262455,0.7692890763282775,0.9956925511360168,-0.04713523015379906,0.03752800449728966,0.07047084718942642,-0.4895404875278473,0.205268919467926,-0.06069374457001686,0.9358416199684144,-0.1861650049686432,-0.1806557923555374,-0.033515822142362595,-0.0035474614705890417,-0.182682141661644,0.1812690496444702,-0.24091048538684845,0.09233446419239043,0.022050430998206135,0.1691749393939972,0.07888309657573701,-0.2628212869167328,0.6934487223625183,-0.35280412435531616,0.15320222079753876,0.45052886009216314,0.10668085515499114,-0.33870783448219294,-0.15899471938610077,-0.4261157810688018,1.0427477359771729,1.0668728351593015,0.15741610527038574,0.04925225302577019,-0.2480918765068054
0.025390509516000748,-0.0259155947715044,0.767211675643921,0.9931814074516296,-0.05635756999254227,0.03907189890742302,0.09427576512098312,-0.5787700414657593,0.18072341382503507,-0.1477382779121399,1.040032148361206,-0.10337118804454803,-0.20159193873405457,-0.022585803642868996,0.017615238204598427,-0.23010753095149997,0.175004705786705,-0.24130676686763763,0.08053655922412872,0.03452102839946747,0.1852390170097351,0.08346621692180634,-0.32789504528045654,0.8918598890304564,-0.17280283570289612,0.06938208639621735,0.4826564192771912,0.1081690490245819,-0.22955486178398127,-0.1065613105893135,-0.4703804850578308,1.0326619148254395,1.059190273284912,0.13831694424152374,0.06301464885473251,-0.26504892110824585
0.028248293325304985,-0.030101705342531204,0.7661648392677307,0.9903135299682616,-0.06468275934457779,0.044083401560783386,0.1146819069981575,-0.6560875177383423,0.15037602186203003,-0.22434374690055847,1.1117289066314695,-0.015067036263644695,-0.2237844169139862,-0.01922491192817688,0.038394659757614136,-0.2717037796974182,0.1648036688566208,-0.23847068846225736,0.0706063061952591,0.0424920730292797,0.18718212842941284,0.07730570435523987,-0.36145669221878046,1.1268186569213867,-0.0027827860321849585,0.12126489728689192,0.4751010835170746,0.10548768192529678,-0.07501135021448134,-0.03955371305346489,-0.49740675091743464,1.0354282855987549,1.0447968244552612,0.1308612823486328,0.07367578148841859,-0.2684394121170044
0.03194141387939453,-0.033430904150009155,0.7663311958312988,0.987823724746704,-0.06936867535114288,0.05200443044304848,0.1291811764240265,-0.710726261138916,0.12576226890087128,-0.27147752046585083,1.1439850330352783,0.05814196541905403,-0.2389984279870987,-0.022450994700193405,0.051207944750785835,-0.2965055108070373,0.15292008221149445,-0.23298069834709167,0.0627579391002655,0.04955632239580154,0.17196521162986755,0.05903540924191474,-0.34261685609817505,1.3529977798461914,0.14203721284866333,0.23235332965850833,0.4229775369167328,0.0891512483358383,0.05681439489126205,0.031634941697120667,-0.503608763217926,1.0452637672424316,1.0326697826385498,0.12011871486902236,0.08150237798690797,-0.2630329430103302
0.03570026904344559,-0.03554659336805344,0.7673424482345581,0.9862871170043944,-0.06996046006679535,0.0597781203687191,0.1370033174753189,-0.7384945154190062,0.10711635649204254,-0.2980725467205048,1.1480852365493774,0.10655931383371352,-0.24786944687366483,-0.02353342995047569,0.056385729461908334,-0.30355000495910645,0.13641560077667236,-0.22688882052898407,0.05489861220121384,0.06042174994945526,0.14714917540550232,0.032020680606365204,-0.3042510449886322,1.5137702226638792,0.3084343671798706,0.2877720892429352,0.29872655868530273,0.06346158683300017,0.151626318693161,0.09946070611476898,-0.49669548869133,1.069169282913208,1.0245614051818848,0.09545066207647325,0.08700814843177795,-0.2514753043651581
0.03894432634115219,-0.03657030686736106,0.7686232328414917,0.9855963587760925,-0.06864567846059799,0.06448686122894287,0.14046035706996915,-0.7429609298706055,0.08724664151668547,-0.3206283152103424,1.139976382255554,0.12563031911849976,-0.25418272614479065,-0.020842948928475376,0.05743539705872536,-0.301859587430954,0.12369832396507265,-0.2237062156200409,0.04849949479103088,0.0720573365688324,0.12095542252063753,0.0070107742212712765,-0.3038513958454132,1.5929590463638303,0.5056968927383423,0.24667951464653012,0.06479507684707642,0.029387878254055977,0.1669936031103134,0.1491897851228714,-0.4843847751617432,1.123276710510254,1.0153236389160156,0.057956773787736886,0.08456746488809586,-0.2306893467903137
0.04155409708619118,-0.03683903440833092,0.7694243788719177,0.9857166409492493,-0.06738937646150589,0.0651722103357315,0.13990703225135803,-0.73488450050354,0.06872046738862991,-0.343810498714447,1.1332192420959473,0.1219051033258438,-0.25376096367836,-0.015116553753614424,0.058701273053884506,-0.29017505049705505,0.11736230552196503,-0.22154422104358676,0.04449447244405746,0.0820283442735672,0.09731426090002063,-0.008594687096774578,-0.3627747595310211,1.6165835857391355,0.6978977918624878,0.13124513626098633,-0.37739148736000067,-0.04189962521195412,0.05651913583278656,0.1713227331638336,-0.4678014516830444,1.2169710397720337,1.0151358842849731,0.01913716457784176,0.06597346067428589,-0.20001816749572757
0.04298033565282822,-0.036962967365980155,0.7691291570663453,0.986582338809967,-0.06814341247081757,0.06338878720998764,0.13414031267166135,-0.723262846469879,0.06582136452198029,-0.356575608253479,1.135121703147888,0.1068158894777298,-0.24756290018558505,-0.011508670635521412,0.06478465348482132,-0.2704963982105255,0.11382042616605759,-0.21418575942516327,0.04584581777453423,0.09306557476520537,0.0783686414361,-0.014883795753121376,-0.4496597945690155,1.5877281427383423,0.8531217575073241,-0.04779362678527832,-0.9013774394989011,-0.09828118234872818,-0.23951540887355804,0.16839678585529327,-0.4495122730731964,1.3229122161865234,1.0289593935012815,0.0013379454612731931,0.0469757467508316,-0.17334458231925964
0.042674731463193886,-0.037467360496521,0.7679585218429564,0.9880501031875609,-0.0706150084733963,0.06023202836513519,0.12305525690317153,-0.7190021872520447,0.08619052916765213,-0.34523889422416687,1.1485512256622314,0.10984478890895844,-0.24171234667301175,-0.008048681542277336,0.0762876495718956,-0.24928738176822665,0.11479613184928894,-0.20875075459480283,0.04048272594809532,0.10643232613801956,0.06878837943077087,-0.015272273682057856,-0.5620175004005432,1.5078864097595215,0.9083610177040099,-0.28705483675003046,-1.3082648515701292,-0.15063221752643585,-0.5716179609298706,0.14771044254302979,-0.44091200828552246,1.4041697978973389,1.038057804107666,0.000786275661084801,0.039346277713775635,-0.16981942951679227
0.04173706099390984,-0.03873807191848754,0.7662094831466675,0.9880422949790953,-0.07376792281866074,0.059507813304662704,0.12161242961883544,-0.7414741516113281,0.09175116568803789,-0.349118173122406,1.1759819984436035,0.13245971500873563,-0.24042436480522156,-0.0125965503975749,0.08611440658569336,-0.24656282365322116,0.11960550397634506,-0.2150608599185944,0.034375108778476715,0.10176295042037964,0.06600261479616165,-0.009078887291252611,-0.7543914318084717,1.5128192901611328,0.7775185108184814,-0.4038661420345306,-1.4767205715179443,-0.18265527486801147,-0.7024285197257996,0.12262269109487532,-0.44177469611167913,1.4409044981002808,1.0302796363830566,-0.00350307859480381,0.04618426039814949,-0.20386336743831637
0.04045471549034119,-0.04020585492253304,0.7649742364883424,0.9870955348014832,-0.07509716600179672,0.060124315321445465,0.12801524996757507,-0.7729899883270263,0.07867676019668579,-0.3604149520397186,1.2046390771865845,0.18241213262081143,-0.23913156986236567,-0.018550967797636982,0.08884938806295395,-0.2572279274463653,0.12715183198451996,-0.22630435228347776,0.024479323998093605,0.08143616467714308,0.054085537791252136,0.006741338409483433,-0.9689623713493347,1.511315941810608,0.5446720719337463,-0.4480119347572327,-1.569523811340332,-0.19898782670497892,-0.7904410362243651,0.10248931497335433,-0.44969984889030457,1.4432364702224731,1.0115314722061155,-0.023938853293657303,0.06072330102324486,-0.2459830194711685
0.038691733032464974,-0.04186300188302994,0.7654886245727539,0.9863845109939576,-0.07296077162027359,0.06114520132541656,0.13410276174545288,-0.7941333651542662,0.06371521949768065,-0.3616992831230164,1.2141875028610227,0.2302072495222092,-0.2387085556983948,-0.024500051513314247,0.08504383265972137,-0.26146435737609863,0.1334792524576187,-0.23012569546699524,0.013764726929366589,0.058770254254341125,0.027067145332694054,0.024563008919358253,-1.136149525642395,1.4827721118927,0.32298433780670166,-0.44606858491897583,-1.6137002706527708,-0.21280011534690857,-0.832089364528656,0.09565859287977217,-0.460821121931076,1.4331213235855103,0.9895244240760803,-0.01666709780693054,0.07234545052051544,-0.26602646708488464
0.036105476319789886,-0.04333505034446716,0.7668912410736085,0.9865357279777527,-0.07100006192922592,0.06233902648091316,0.13349182903766632,-0.8024715781211853,0.05993953347206116,-0.35964998602867126,1.2094101905822752,0.25428187847137446,-0.2420083582401276,-0.0328611359000206,0.08247131109237671,-0.252469927072525,0.13164280354976654,-0.22183333337306976,0.004757682792842388,0.042225219309329994,0.0025793260429054494,0.037814002484083176,-1.2301670312881468,1.4608594179153442,0.18210668861866,-0.41459065675735474,-1.649298310279846,-0.2222773879766464,-0.857821226119995,0.09324288368225096,-0.46363770961761475,1.4338756799697876,0.9832996726036072,0.009117761626839636,0.08142326772212982,-0.2681667804718017
0.03262678533792496,-0.04442454129457474,0.768718957901001,0.9874563217163086,-0.06936609745025635,0.06399412453174591,0.1265825480222702,-0.8041191697120665,0.06431590765714645,-0.35384956002235407,1.198411464691162,0.2684566080570221,-0.24540115892887115,-0.04419897496700287,0.08031135797500609,-0.233425498008728,0.12573605775833127,-0.20659810304641724,-0.00037745272857137024,0.03348246216773987,-0.01663539931178093,0.04566622525453568,-1.2506746053695679,1.4467641115188599,0.12549984455108643,-0.39051803946495056,-1.6971430778503416,-0.2364298105239868,-0.891026198863983,0.09356603026390077,-0.46177595853805536,1.4409393072128296,0.9855943322181699,0.03751790523529053,0.08985262364149092,-0.25988125801086426
0.02877548895776272,-0.04506400972604752,0.7704094052314758,0.9886705875396729,-0.0676986500620842,0.0660640150308609,0.11654572188854216,-0.8019098043441772,0.07476260513067245,-0.34223803877830505,1.1857491731643677,0.2786730229854584,-0.24532774090766904,-0.056116905063390725,0.0784890577197075,-0.21020543575286865,0.1216856762766838,-0.19139645993709564,-0.0030858344398438926,0.03208690509200096,-0.029566312208771706,0.04880902916193008,-1.228811740875244,1.4399032592773435,0.1326730102300644,-0.39580187201499933,-1.745316505432129,-0.2549179792404175,-0.9174490571022031,0.09832330048084259,-0.46349599957466125,1.44075608253479,0.9845809340476989,0.06151270493865013,0.09451019018888472,-0.2547483444213867
0.024887986481189728,-0.04529748111963272,0.7714540362358093,0.9896965622901917,-0.06627992540597916,0.06873289495706558,0.1066930741071701,-0.8042652010917662,0.0873151645064354,-0.32722342014312744,1.1764395236968994,0.2916385531425476,-0.24273481965065,-0.06990230828523636,0.07770654559135437,-0.1877111345529556,0.1204238086938858,-0.180072084069252,-0.0048659457825124255,0.03327827528119087,-0.0352061465382576,0.0488303042948246,-1.2003716230392456,1.4387753009796143,0.15537747740745544,-0.416026383638382,-1.777671456336975,-0.27342939376831055,-0.9273533821105955,0.10869531333446503,-0.4675794839859009,1.425212025642395,0.9803211092948912,0.08381660282611848,0.09747120738029481,-0.25572073459625244
0.021100269630551335,-0.045249573886394494,0.7718430757522582,0.9904509782791135,-0.06561615318059921,0.07185274362564087,0.0976654440164566,-0.8133777379989624,0.10100972652435301,-0.3119811713695526,1.1727503538131712,0.30768454074859614,-0.2388829588890076,-0.08445283025503159,0.07852843403816222,-0.16641195118427277,0.12034964561462402,-0.1711769849061966,-0.006141649093478918,0.03711943328380585,-0.03304106369614601,0.04794685170054436,-1.173158884048462,1.4471718072891235,0.17863571643829343,-0.4351251125335693,-1.7959438562393188,-0.28872117400169367,-0.9283599257469176,0.13096725940704343,-0.4734080135822296,1.392989993095398,0.9752557873725891,0.110807828605175,0.0990954414010048,-0.25842270255088806
0.017576145008206367,-0.044882506132125854,0.77162104845047,0.9907488822937012,-0.066292405128479,0.07540316879749298,0.09130366146564484,-0.8322916626930237,0.11379693448543549,-0.2984479069709778,1.1782385110855103,0.33100205659866333,-0.23467308282852167,-0.1004408374428749,0.08114711195230483,-0.15254336595535278,0.12171193957328796,-0.1655299216508865,-0.006941470317542553,0.04314454644918442,-0.021385379135608677,0.04592391848564148,-1.1518822908401487,1.464987874031067,0.19406551122665405,-0.44903719425201416,-1.7980200052261353,-0.3007909655570984,-0.9283608198165891,0.16232851147651672,-0.47835054993629456,1.3460068702697752,0.9773653745651245,0.1327933967113495,0.09929335862398148,-0.25794607400894165
0.01454017125070095,-0.044278845191001885,0.7714966535568237,0.9906873106956482,-0.06660059094429016,0.07947511225938798,0.0882418304681778,-0.8594661355018615,0.11790303140878676,-0.2902213931083679,1.1873919963836668,0.3721328377723694,-0.23079709708690643,-0.1172153353691101,0.08118729293346405,-0.14632584154605863,0.12448055297136305,-0.16103987395763397,-0.007221868261694909,0.050379756838083274,-0.007765506394207477,0.04358302056789398,-1.1581878662109375,1.495807409286499,0.18926750123500824,-0.443433940410614,-1.7806687355041504,-0.3079657256603241,-0.92244553565979,0.1977599412202835,-0.48105695843696594,1.3023414611816406,0.9911692142486572,0.14836011826992035,0.09928873926401137,-0.24973914027214048
0.012183424085378647,-0.04366820678114891,0.7716900706291199,0.9904234409332275,-0.06621821969747543,0.08329303562641142,0.08797052502632141,-0.8859602808952332,0.1149231418967247,-0.28693243861198425,1.1945898532867432,0.42183414101600647,-0.2288136780261993,-0.1311792284250259,0.07820545136928558,-0.1473863124847412,0.1254795789718628,-0.1563919186592102,-0.006383754778653383,0.05542641878128052,0.0024453203659504648,0.041144493967294686,-1.1791485548019407,1.5195720195770264,0.1693083941936493,-0.4304920434951782,-1.7515243291854858,-0.31242817640304565,-0.9173846840858461,0.22664923965930936,-0.48082998394966125,1.2685171365737915,1.0175493955612183,0.15979477763175964,0.10123223811388016,-0.23488317430019376
0.010429412126541136,-0.04298587888479233,0.7719955444335938,0.990060031414032,-0.06531184166669846,0.08545894175767897,0.09062170982360841,-0.9017276167869568,0.10655929893255232,-0.28768518567085266,1.196411371231079,0.4589132070541382,-0.22823747992515564,-0.13783106207847595,0.07309408485889433,-0.15435975790023804,0.1237456128001213,-0.15341255068778992,-0.003804503241553903,0.053211551159620285,0.006951190065592527,0.03995934501290321,-1.202771544456482,1.5276597738265991,0.13961540162563324,-0.41213300824165344,-1.7183074951171875,-0.31421238183975214,-0.911142885684967,0.2416977286338806,-0.48173031210899353,1.2382187843322752,1.0531039237976074,0.17142567038536072,0.10520406812429428,-0.2167860716581345
0.009181052446365356,-0.042223479598760605,0.7721633315086365,0.9895658493041992,-0.06529130041599274,0.0853884220123291,0.09594419598579407,-0.9060921072959902,0.0984425991773605,-0.29109716415405273,1.1943490505218504,0.4738510251045227,-0.22730092704296112,-0.13694535195827484,0.06956137716770172,-0.166243776679039,0.12065712362527849,-0.15238182246685028,-0.0004733529931399971,0.04194208979606629,0.007198044564574957,0.04076644778251648,-1.2316107749938965,1.5221991539001465,0.09709926694631577,-0.3848798274993896,-1.683294415473938,-0.31281721591949463,-0.8970779180526732,0.24202971160411835,-0.486554890871048,1.1982913017272947,1.0964293479919431,0.18913304805755612,0.10957041382789612,-0.19583727419376373
0.008765563368797302,-0.04133691266179085,0.7718189954757689,0.9890377521514893,-0.06803349405527115,0.08245445787906647,0.10186750441789628,-0.8991594314575195,0.09597750753164291,-0.3013443946838379,1.1942994594573975,0.4557687044143677,-0.22802385687828064,-0.12735357880592346,0.07206895947456358,-0.18065175414085388,0.1176762208342552,-0.15195308625698087,0.002910083159804344,0.02471848949790001,0.007005508989095688,0.0441705547273159,-1.2662769556045532,1.5117273330688477,0.03679360821843147,-0.3406318724155426,-1.648947834968567,-0.30743399262428284,-0.8695537447929382,0.22970975935459137,-0.4998467266559601,1.133697509765625,1.1446220874786377,0.2162000238895416,0.116779163479805,-0.1753987818956375
0.009539164602756499,-0.039940886199474335,0.7706252336502075,0.9888956546783448,-0.07332209497690202,0.07604551315307617,0.10452903807163239,-0.8825263977050781,0.10520223528146744,-0.3123103976249695,1.2017728090286255,0.4123593270778656,-0.23286908864974973,-0.11049381643533707,0.08144466578960417,-0.19279050827026367,0.1191682368516922,-0.1578736901283264,0.00402085343375802,0.006322852801531552,0.010518626309931278,0.04716290906071663,-1.2757767438888548,1.489225387573242,-0.04465356841683388,-0.2720727026462555,-1.5901639461517332,-0.29423263669013977,-0.8216928243637086,0.205989271402359,-0.5238003134727478,1.0352566242218015,1.19730806350708,0.2301988899707794,0.12556555867195127,-0.16533614695072174
0.011606134474277496,-0.038423340767622,0.7701244354248048,0.9889693260192872,-0.0771316811442375,0.07118935883045197,0.10451050102710724,-0.8722662329673766,0.11392870545387268,-0.3157753050327301,1.2101764678955078,0.4016468226909637,-0.23825739324092865,-0.09879088401794432,0.08853790909051894,-0.19639891386032104,0.12330158799886703,-0.16399230062961578,0.002629208611324429,-0.013829359784722328,0.0130175594240427,0.04452035576105118,-1.2896767854690552,1.4714866876602173,-0.1732627898454666,-0.1414729505777359,-1.494492530822754,-0.2610960304737091,-0.772602617740631,0.178553506731987,-0.5568640828132628,0.9168084859848022,1.2437143325805664,0.2359246015548706,0.12303923815488815,-0.17236466705799103
0.01486419141292572,-0.03615133836865425,0.7713966369628905,0.9894747138023376,-0.07679767161607742,0.06896496564149857,0.10141865909099577,-0.8590728044509887,0.12188408523797988,-0.30815595388412476,1.2088344097137451,0.4016901850700378,-0.24548950791358948,-0.09401141107082368,0.08767264336347581,-0.18851193785667417,0.12422974407672882,-0.16163809597492218,0.003156399587169289,-0.031146848574280735,0.010081298649311064,0.03685842081904411,-1.33064866065979,1.483539581298828,-0.3438944220542908,0.0835946649312973,-1.3618867397308347,-0.1876804232597351,-0.7006033658981323,0.1656118631362915,-0.5962510704994202,0.7838493585586547,1.2641924619674683,0.2982688844203949,0.10170286148786543,-0.22073695063591003
0.01770116575062275,-0.033045344054698944,0.7739877700805664,0.990830659866333,-0.07165855169296265,0.06591899693012238,0.0936715006828308,-0.824628174304962,0.12449464946985243,-0.29068499803543085,1.1923131942749023,0.3843844532966614,-0.24915380775928497,-0.08739762008190155,0.0766545534133911,-0.1723724603652954,0.1234363317489624,-0.15659847855567932,0.00884450227022171,-0.04265623912215233,0.005850573536008596,0.03323117271065712,-1.3040798902511597,1.518920660018921,-0.47174799442291254,0.3428025841712952,-1.1494350433349607,-0.10354265570640564,-0.586354672908783,0.17499315738677979,-0.6382940411567688,0.6465464234352112,1.2578740119934082,0.40069162845611567,0.07197316735982895,-0.2809465527534485
0.02015919983386993,-0.028448011726140972,0.776577353477478,0.992648184299469,-0.06309700012207031,0.06194709241390228,0.08264892548322676,-0.7689157724380493,0.1277543604373932,-0.25902390480041504,1.1557711362838743,0.3412378430366516,-0.2441193461418152,-0.07848669588565825,0.057868298143148415,-0.14759883284568787,0.12587764859199524,-0.15602602064609528,0.020347513258457184,-0.04923804104328156,0.004626451525837183,0.03581376001238823,-1.187601089477539,1.5556700229644775,-0.5506314039230347,0.6034712791442871,-0.8432125449180603,-0.03896446898579597,-0.41990414261817927,0.19859559834003448,-0.6766903400421144,0.5127314925193787,1.2383973598480225,0.4823892712593079,0.0573408156633377,-0.3132143020629883
0.022932352498173717,-0.02223850041627884,0.7776529788970947,0.9943835139274595,-0.05574114993214607,0.057620663195848465,0.06909509003162384,-0.6883524656295776,0.14722047746181488,-0.20924662053585047,1.096469521522522,0.2285601943731308,-0.232568621635437,-0.0686025321483612,0.03956212848424912,-0.1175304800271988,0.1284290850162506,-0.15888451039791107,0.03889986872673035,-0.06233705207705498,0.009022808633744717,0.04268087074160576,-0.9929240942001343,1.578005313873291,-0.5867801904678345,0.843866765499115,-0.43874830007553106,0.011252827011048792,-0.21358826756477356,0.21621416509151456,-0.7042517066001892,0.4162448942661285,1.217769145965576,0.5245347619056702,0.05624859780073166,-0.31449130177497864
0.026219861581921577,-0.015163058415055273,0.7776710391044616,0.9960265159606931,-0.049959175288677216,0.05314263328909873,0.05109913647174835,-0.5810292959213257,0.18045496940612793,-0.1339946687221527,1.007765293121338,0.05908990278840065,-0.21177376806735992,-0.05896329507231712,0.022415118291974068,-0.08148392289876938,0.13111132383346555,-0.1654047966003418,0.06160880625247955,-0.08159925788640976,0.012601901777088642,0.05018360540270805,-0.7053328156471252,1.564022421836853,-0.5158069133758545,1.030712604522705,-0.1658891588449478,0.04560871049761772,-0.0923617109656334,0.21294616162776947,-0.7173241972923279,0.3866049647331238,1.2006421089172363,0.5380860567092896,0.05901586264371872,-0.29276984930038447
0.02908257581293583,-0.00796688161790371,0.7773911356925964,0.9972878694534301,-0.04382152482867241,0.04996942356228829,0.03161785006523132,-0.4708653092384338,0.20330157876014707,-0.047396749258041375,0.8978680968284608,-0.09804200381040573,-0.18372620642185208,-0.05690999701619148,0.003607213962823153,-0.04625917598605156,0.1366056203842163,-0.1735095977783203,0.08347562700510025,-0.0919051393866539,0.0134036373347044,0.05537077784538269,-0.4363279640674591,1.4829474687576292,-0.3931304216384888,1.1208937168121336,-0.10122983902692793,0.05292234569787979,-0.05970904603600503,0.20145173370838165,-0.7091497182846069,0.3966064155101776,1.1860938072204588,0.5312699675559998,0.06291027367115021,-0.26822182536125183
0.030837362632155415,-0.0015451852232217789,0.7770097851753235,0.9980735182762146,-0.03650942072272301,0.04820402339100838,0.013881072402000427,-0.3793074488639832,0.20498599112033844,0.02789326198399067,0.7902313470840454,-0.20385324954986567,-0.15864717960357666,-0.06292607635259628,-0.0173565074801445,-0.015267904847860336,0.14791609346866608,-0.18324647843837735,0.10352847725152968,-0.09357250481843948,0.013805298134684563,0.058900147676467896,-0.26079827547073364,1.3442161083221436,-0.3197526037693024,1.1497652530670166,-0.11499048769474028,0.03787420317530632,-0.03887711837887764,0.1890017241239548,-0.6798953413963318,0.42297789454460144,1.1774137020111084,0.5076265931129456,0.06685756146907806,-0.2461141645908356
0.031481705605983734,0.003436967730522156,0.7773196697235107,0.9984059333801267,-0.02869311720132828,0.04859912395477295,0.0006948686204850674,-0.31433936953544617,0.19175440073013303,0.08225945383310318,0.6936959028244019,-0.2569979727268219,-0.137998566031456,-0.07395600527524947,-0.0386316180229187,0.007584872189909219,0.15708184242248535,-0.18816159665584564,0.11917808651924132,-0.09197813272476195,0.012709102593362331,0.06160472333431244,-0.16578704118728635,1.1847004890441895,-0.30373644828796387,1.15763521194458,-0.15459701418876648,0.006175752263516188,-0.015604381449520588,0.17568311095237732,-0.6336120367050171,0.4593156576156616,1.18037748336792,0.471172958612442,0.07201963663101196,-0.2247723489999771
0.0313236266374588,0.007531050592660904,0.7786959409713745,0.9984444379806519,-0.02061201259493828,0.05123352259397507,-0.007679339498281478,-0.2697769701480865,0.17100568115711212,0.11927606165409088,0.6042741537094116,-0.2717160880565644,-0.1246795654296875,-0.08386272192001343,-0.059985723346471786,0.022858956828713417,0.15480513870716095,-0.18341134488582608,0.13045354187488556,-0.08960515260696411,0.009747643023729324,0.062403276562690735,-0.12029754370450972,1.0223464965820312,-0.31766390800476074,1.1689786911010742,-0.20217683911323547,-0.02731852978467941,0.0044246362522244445,0.15629982948303223,-0.5766369700431824,0.5034754872322083,1.1925853490829468,0.4282234311103821,0.07959165424108505,-0.20977190136909485
0.030804976820945736,0.010430583730340004,0.7807140350341795,0.9983286261558532,-0.01262021530419588,0.054969877004623406,-0.012609941884875296,-0.23600734770298004,0.1482095718383789,0.1471770405769348,0.5235403776168823,-0.2631588280200958,-0.1144675314426422,-0.09220737218856813,-0.0801507905125618,0.0338464230298996,0.1443401277065277,-0.174409419298172,0.13955257833003995,-0.08635777235031128,0.006452303845435381,0.061024822294712074,-0.10321829468011856,0.8664491176605223,-0.3476954698562622,1.1944304704666135,-0.23713473975658417,-0.05107303336262703,0.01238710805773735,0.13085170090198517,-0.5171602368354796,0.5549775958061217,1.207067847251892,0.37844744324684143,0.08682645857334137,-0.20177091658115384
0.03022033162415028,0.012405447661876678,0.7827491164207457,0.998159646987915,-0.005515061318874359,0.05861451104283333,-0.014536564238369463,-0.20402269065380096,0.12572549283504486,0.16755494475364685,0.44072660803794866,-0.24373444914817807,-0.10562829673290253,-0.09665045887231825,-0.09794574975967409,0.03848351165652275,0.1297704428434372,-0.16442370414733887,0.1469941884279251,-0.0829825773835182,0.003954819403588772,0.05740172043442726,-0.09626352041959761,0.7193909287452698,-0.38179671764373774,1.2249491214752195,-0.2587442696094513,-0.06748643517494202,0.010773246176540852,0.10725544393062592,-0.45901307463645935,0.6071357727050781,1.2123243808746336,0.32728391885757446,0.09126020222902298,-0.2019026279449463
0.0299445316195488,0.013635441660881042,0.7845795154571533,0.9980509877204896,0.0015875980025157332,0.06086862832307816,-0.01366681419312954,-0.16903461515903473,0.10152380168437956,0.18123504519462583,0.3542180955410004,-0.2156388610601425,-0.09911310672760008,-0.09653621912002563,-0.1164986789226532,0.03621293976902962,0.1181962639093399,-0.15904973447322843,0.15502016246318817,-0.08007185161113739,8.718089702597354e-06,0.0527586005628109,-0.08863773196935652,0.5878236889839172,-0.4160357713699341,1.2490001916885376,-0.26881101727485657,-0.08283815532922743,0.0078246733173728,0.08791632950305937,-0.40646234154701233,0.6570460796356201,1.206010341644287,0.2880550026893616,0.08745992928743361,-0.2066631317138672
0.030135469511151317,0.014318387955427168,0.7858783602714537,0.9980603456497192,0.00811187084764242,0.060644403100013726,-0.011487910524010658,-0.1300747841596603,0.07824845612049103,0.18951117992401123,0.2692684829235077,-0.1837267428636551,-0.09582241624593735,-0.09125325083732606,-0.13438579440116882,0.029459625482559204,0.11266102641820908,-0.1595129370689392,0.1632557213306427,-0.07594265788793565,-0.003663874696940184,0.05005137249827385,-0.07749146968126297,0.47846993803977966,-0.44929975271224976,1.261313557624817,-0.27228724956512446,-0.09929163008928299,0.007556844037026168,0.07292316854000092,-0.3630854785442352,0.702790141105652,1.1932896375656128,0.2643117606639862,0.07737844437360764,-0.21266517043113708
0.030603285878896717,0.01464325375854969,0.7864126563072205,0.9982179403305053,0.013013483025133608,0.05746818706393242,-0.009431261569261553,-0.09037865698337555,0.05997626483440399,0.1941404640674591,0.19727371633052823,-0.15551583468914032,-0.09446942806243896,-0.08029102534055708,-0.14844894409179688,0.022234031930565838,0.11168227344751358,-0.1640999466180801,0.17049045860767365,-0.06964527070522308,-0.003972441889345646,0.050905290991067886,-0.06288310140371323,0.3950029611587525,-0.48241481184959406,1.266136884689331,-0.270840048789978,-0.11246562749147417,0.0059925164096057415,0.060263641178607934,-0.3331041932106018,0.7439755201339722,1.181646943092346,0.25162944197654724,0.06607604771852493,-0.218476876616478
0.0312100350856781,0.01465597189962864,0.7862465977668761,0.9984950423240659,0.015978749841451645,0.05191291123628616,-0.0075725233182311075,-0.05371617525815964,0.04818377643823624,0.1956195831298828,0.14488793909549713,-0.13652236759662628,-0.09350074082612991,-0.06419724971055984,-0.15741068124771118,0.015586527064442635,0.11237001419067381,-0.17105805873870847,0.17574116587638855,-0.06205377355217934,-0.0010077119804918766,0.053902208805084235,-0.045466538518667214,0.3327187299728393,-0.5150623321533203,1.2703582048416135,-0.2696637213230133,-0.12019593268632887,0.0008054166100919247,0.0496479757130146,-0.3158932030200958,0.7774662971496582,1.17278254032135,0.24806489050388336,0.05789929628372192,-0.22505638003349304
0.03177282959222793,0.01443253643810749,0.7857925295829774,0.9987959861755373,0.016823314130306244,0.04579899460077286,-0.005100915674120188,-0.03093848191201687,0.04431196302175522,0.192052885890007,0.12501545250415802,-0.13321828842163083,-0.09238332509994505,-0.04746920615434647,-0.1609961688518524,0.007498216815292835,0.11352040618658064,-0.17780175805091855,0.17684824764728546,-0.05602666363120079,0.0036026474554091688,0.05663003772497177,-0.028195494785904884,0.28903698921203613,-0.5437085032463074,1.276949405670166,-0.2713760435581207,-0.1239049807190895,-0.005378657951951026,0.0421050488948822,-0.30778831243515015,0.800955832004547,1.166783332824707,0.2506088316440582,0.054102573543787,-0.23111096024513245
0.03211637958884239,0.0139575507491827,0.785297453403473,0.9990682601928712,0.016610894352197647,0.039788041263818734,-0.0019218295346945524,-0.01618917845189571,0.04438148438930512,0.18552784621715543,0.11936089396476744,-0.13607323169708252,-0.09162920713424681,-0.03163360431790352,-0.16173560917377472,-0.0016516041941940784,0.1150992438197136,-0.1842425167560577,0.1755211502313614,-0.052282050251960754,0.006731954868882895,0.05889828875660896,-0.013807729817926884,0.25984877347946167,-0.5684468746185303,1.2849705219268799,-0.27662861347198486,-0.125545397400856,-0.0111378887668252,0.03720420971512794,-0.3052001893520355,0.8174939751625061,1.1617798805236816,0.25376200675964355,0.053127199411392205,-0.2349368631839752
0.03213147073984146,0.013264866545796394,0.7848159670829774,0.9992872476577759,0.016059299930930138,0.03414074704051018,0.0012169404653832316,-0.0053355153650045395,0.04604950174689293,0.17863774299621582,0.11891842633485794,-0.13996534049510956,-0.09125690907239914,-0.017589522525668144,-0.1611292064189911,-0.010342126712203024,0.11714355647563934,-0.19008220732212064,0.17341865599155426,-0.05019821599125862,0.0073578162118792525,0.0615076906979084,-0.0036171281244605775,0.2414308339357376,-0.5910079479217529,1.2932997941970823,-0.2852986752986908,-0.12686079740524292,-0.01670605130493641,0.033081073313951485,-0.3058665096759796,0.832006275653839,1.156157612800598,0.2533569037914276,0.05312608927488327,-0.23572285473346713
0.0318145826458931,0.012452362105250359,0.7844230532646179,0.99943208694458,0.015627432614564896,0.029632071033120155,0.003643042407929897,0.0020162772852927446,0.04802200570702553,0.17320525646209717,0.12062230706214903,-0.14307811856269836,-0.09143123030662537,-0.007062711287289858,-0.16017228364944458,-0.01729530841112137,0.11940465867519379,-0.19482457637786865,0.17149604856967926,-0.04895475506782532,0.005819039419293404,0.06410180032253265,0.0019026424270123243,0.23130522668361664,-0.6121954917907715,1.3010050058364868,-0.29486826062202454,-0.12789443135261536,-0.02208605967462063,0.02720633894205093,-0.3078001141548157,0.846353530883789,1.150704264640808,0.2500061094760895,0.05348138511180878,-0.23423315584659576
0.031203513965010643,0.011691359803080559,0.7841145992279053,0.9995221495628357,0.015218039974570274,0.026514561846852303,0.004574652761220932,0.00664976891130209,0.0503186322748661,0.17048686742782593,0.12268200516700745,-0.14506904780864716,-0.09221068769693375,-0.001101052388548851,-0.15855267643928528,-0.021049281582236287,0.12182332575321196,-0.1976725459098816,0.16962306201457977,-0.04743631556630135,0.00411487789824605,0.06649966537952423,0.004074053838849068,0.22729073464870447,-0.6316553950309753,1.3064334392547607,-0.3033604025840759,-0.1290226578712463,-0.026121998205780983,0.017941229045391083,-0.31033411622047424,0.8618039488792419,1.1466271877288818,0.24596469104290009,0.054038092494010925,-0.2318859696388245
0.030486058443784717,0.011102182790637016,0.7839852571487426,0.9995729923248291,0.014776394702494144,0.02487639896571636,0.004073670133948326,0.008840521797537804,0.052782993763685226,0.17020770907402039,0.12362734228372572,-0.14522789418697357,-0.09332447499036789,0.0006833582883700728,-0.15644975006580353,-0.022021161392331123,0.12344918400049208,-0.1984015256166458,0.16793902218341827,-0.04539984837174416,0.0034915837459266186,0.06798041611909865,0.0040787290781736365,0.2274798154830933,-0.6471245288848877,1.3087884187698364,-0.3094935417175293,-0.12961232662200928,-0.027527369558811188,0.006240850780159235,-0.31275674700737,0.8761112093925475,1.1438910961151123,0.24199143052101132,0.05457702279090881,-0.22988395392894745
0.029671072959899902,0.010730378329753876,0.7840135097503662,0.9996011257171632,0.0142300883308053,0.02426541969180107,0.0025077969767153263,0.009459524415433409,0.055409494787454605,0.17177322506904602,0.12346474081277849,-0.14427611231803894,-0.09466256201267241,-0.00044665881432592874,-0.1537489742040634,-0.02036733739078045,0.12384183704853056,-0.19732163846492767,0.16620656847953796,-0.0428597368299961,0.004316579084843397,0.06874816119670868,0.0033394591882824898,0.23041716217994687,-0.6590893864631653,1.3090186119079588,-0.313218355178833,-0.12977652251720428,-0.027266597375273705,-0.006019687745720148,-0.3145599663257599,0.8884335160255432,1.1417285203933716,0.23723404109478,0.05512839183211327,-0.2285685688257217
0.028735235333442688,0.010589588433504105,0.7841701507568358,0.9996110796928404,0.01373106800019741,0.02426556311547756,0.0006145999650470912,0.009107453748583792,0.05766012519598007,0.1736561506986618,0.12227703630924223,-0.14266222715377808,-0.09601012617349625,-0.003278982825577259,-0.1510461717844009,-0.01714201271533966,0.12351253628730773,-0.1949227601289749,0.16479648649692535,-0.04042001068592072,0.005838246084749699,0.06890776753425598,0.00270407204516232,0.2350200712680817,-0.6654230356216431,1.3081028461456299,-0.31582966446876526,-0.12960301339626312,-0.026235727593302727,-0.01656677946448326,-0.31529051065444946,0.8969088792800902,1.1396535634994507,0.23202599585056305,0.055684007704257965,-0.2280447781085968
0.027702024206519127,0.010584529489278792,0.7843912243843079,0.9996054768562317,0.013451844453811644,0.024637334048748016,-0.0009469409706071021,0.007665898650884627,0.05911725014448166,0.17473015189170835,0.12101831287145615,-0.1406593769788742,-0.09720526635646819,-0.006965639069676399,-0.14903371036052704,-0.014036693610250948,0.123085618019104,-0.19220049679279327,0.16356591880321503,-0.038618728518486016,0.007045627571642399,0.06869089603424072,0.0019001505570486188,0.24063819646835327,-0.666998028755188,1.3071444034576416,-0.3173174560070038,-0.1293121576309204,-0.024197733029723167,-0.024449281394481655,-0.31445780396461487,0.9012133479118348,1.1378493309020996,0.22811757028102875,0.056000009179115295,-0.22842819988727567
0.026620982214808464,0.01060020551085472,0.7845881581306458,0.9996001124382019,0.01333419606089592,0.024868030101060867,-0.0018655268941074608,0.005736183375120162,0.06005661562085152,0.1743189841508865,0.1201850101351738,-0.13892337679862976,-0.09856966882944108,-0.01016632467508316,-0.14778494834899902,-0.012548779137432575,0.12284330278635024,-0.190116748213768,0.1623154878616333,-0.037809129804372794,0.007300152443349361,0.06893943250179291,0.0002644549240358174,0.24666628241539,-0.6665127873420715,1.3065563440322876,-0.3188198804855346,-0.12895815074443817,-0.02203618548810482,-0.030079998075962063,-0.31176796555519104,0.9034543633460999,1.136270523071289,0.22563976049423215,0.05556999519467354,-0.22925908863544464
0.025595787912607193,0.010596346110105515,0.7846642732620238,0.9996035099029539,0.013258284889161587,0.02474820241332054,-0.002139191841706633,0.004140104167163372,0.060811731964349754,0.17305198311805725,0.1197601705789566,-0.13771061599254608,-0.09993519634008408,-0.012193736620247364,-0.14685191214084625,-0.01252049021422863,0.12307902425527573,-0.18917299807071683,0.16107863187789917,-0.03780479356646538,0.006684345658868551,0.06974857300519943,-0.002217103261500597,0.25251147150993347,-0.6660891771316528,1.3065879344940183,-0.3203544020652771,-0.12840132415294647,-0.019814765080809597,-0.034103866666555405,-0.30755797028541565,0.9054545760154723,1.1352856159210205,0.22567562758922577,0.05460146069526672,-0.23037488758563995
0.02458297833800316,0.010527610778808592,0.784652829170227,0.9996124505996704,0.013174746185541151,0.02444802597165108,-0.0019186864374205472,0.0027179575990885496,0.06166760995984077,0.17125701904296875,0.11950615793466568,-0.13668328523635864,-0.10125038772821426,-0.013196843676269054,-0.14593882858753204,-0.013458644971251488,0.1234128326177597,-0.1890307664871216,0.16022653877735135,-0.03822331130504608,0.005414348561316729,0.07077474892139435,-0.004994557704776525,0.2574215531349182,-0.6665831804275513,1.3064903020858765,-0.32216528058052063,-0.12745265662670135,-0.01808544248342514,-0.03710315003991127,-0.3025457262992859,0.9086849689483641,1.1349565982818604,0.22781085968017575,0.053433552384376526,-0.23100405931472776
0.023519044741988186,0.010437164455652235,0.7845921516418458,0.9996207356452941,0.012977938167750835,0.0242408849298954,-0.0015224367380142212,0.0010894561419263482,0.06287574768066406,0.16946305334568024,0.11924498528242113,-0.13587862253189087,-0.10268186032772064,-0.014199075289070606,-0.14459197223186493,-0.014302797615528107,0.12377791106700896,-0.18889741599559784,0.1593310534954071,-0.0389443188905716,0.004139036405831575,0.07140276581048965,-0.007451490964740514,0.2611638009548187,-0.6666958332061768,1.3053408861160278,-0.3249216079711914,-0.12600912153720856,-0.016599437221884727,-0.03975484520196915,-0.29730722308158875,0.913559079170227,1.1357340812683103,0.23115357756614685,0.05261451005935669,-0.2309153378009796
0.02254207246005535,0.010367784649133682,0.7845268845558167,0.9996255040168761,0.012772034853696825,0.024178043007850647,-0.00104688317514956,-0.0006369670736603439,0.06411846727132797,0.1675046533346176,0.11864428967237473,-0.13483375310897827,-0.1038791686296463,-0.015378259122371672,-0.14322258532047272,-0.014989626593887804,0.12409426271915436,-0.18844635784626007,0.15858538448810575,-0.03950568661093712,0.002764284610748291,0.07170017063617705,-0.009951064363121986,0.26370328664779663,-0.6661248803138733,1.302592396736145,-0.32738932967185974,-0.1241982877254486,-0.015532774850726128,-0.04202432930469513,-0.29209646582603455,0.9186901450157164,1.1374456882476807,0.23445485532283783,0.0521683506667614,-0.2298137843608856
0.021703902631998066,0.010340601205825804,0.784534454345703,0.9996248483657838,0.012614544481039047,0.02430856227874756,-0.0004034623852930963,-0.0027945777401328087,0.06505169719457625,0.164960116147995,0.11802557110786437,-0.1334913074970245,-0.10445522516965866,-0.01693275198340416,-0.142073854804039,-0.015896698459982872,0.12416934221982956,-0.18739326298236847,0.1576237976551056,-0.040214221924543374,0.0013166260905563831,0.07151695340871811,-0.012427684850990772,0.26539790630340576,-0.6647706627845764,1.2983115911483765,-0.3287608325481415,-0.12218064814805984,-0.015368917025625704,-0.04439911991357803,-0.28713276982307434,0.9228503704071045,1.1401984691619873,0.2371747195720673,0.05231758207082749,-0.22803640365600583
0.020982412621378895,0.010254815220832825,0.7846328616142274,0.9996240139007568,0.012473033741116524,0.024414364248514172,0.000434265413787216,-0.004697769414633512,0.06563223898410797,0.1614156663417816,0.11732380837202072,-0.1317334771156311,-0.10494204610586166,-0.018421417102217678,-0.14092718064785004,-0.01700170524418354,0.12426218390464781,-0.18586479127407077,0.15623748302459717,-0.040865711867809296,-7.20793177606538e-05,0.07121670991182327,-0.014884577132761478,0.26673442125320435,-0.6638628840446472,1.2923189401626587,-0.32691273093223566,-0.12047572433948515,-0.016455791890621185,-0.04621008411049842,-0.2826976478099823,0.9255229234695433,1.143903374671936,0.2381484806537628,0.052485037595033646,-0.22559985518455505
0.020309042185544968,0.009986598044633864,0.7847972512245177,0.999623656272888,0.012348925694823263,0.024456797167658802,0.0013452224666252732,-0.006539802998304367,0.06612953543663025,0.15761002898216248,0.1167323887348175,-0.12978745996952057,-0.10546652972698212,-0.020014919340610504,-0.13977216184139252,-0.01832807809114456,0.12472365051507948,-0.18436710536479947,0.15431828796863556,-0.0414440706372261,-0.0014867883874103427,0.07087862491607666,-0.016924459487199783,0.26831024885177607,-0.6633174419403076,1.2847743034362793,-0.32253757119178766,-0.11905755102634429,-0.018147183582186695,-0.04746851697564125,-0.2793831527233124,0.9265294671058655,1.1476186513900757,0.2386074513196945,0.052436236292123795,-0.2236531227827072
0.019623737782239917,0.009413812309503555,0.7849597930908203,0.9996293783187865,0.012244009412825108,0.024213653057813644,0.0022002148907631636,-0.00800833199173212,0.06675814092159271,0.15443262457847595,0.11654572933912276,-0.1279650628566742,-0.10584186762571333,-0.02138194628059864,-0.1385962665081024,-0.01965760439634323,0.12594980001449585,-0.18333466351032257,0.15226927399635315,-0.04188140109181404,-0.00293307495303452,0.07090061157941818,-0.018624933436512947,0.2706998884677887,-0.664238691329956,1.2766379117965698,-0.3173905611038208,-0.11779093742370604,-0.01990014687180519,-0.04850563406944274,-0.2780829668045044,0.9270574450492858,1.1504489183425903,0.24041718244552607,0.05195093527436256,-0.2237192541360855
0.01887284778058529,0.008833885192871092,0.7850890755653381,0.999639332294464,0.01210937276482582,0.023793015629053116,0.002912188181653619,-0.009181030094623564,0.06781131029129028,0.15244039893150327,0.11664671450853348,-0.1260312795639038,-0.10634486377239229,-0.02258625999093056,-0.13721551001071927,-0.02055668830871582,0.12741722166538239,-0.1826348453760147,0.1509479582309723,-0.04224531352519989,-0.00433122320100665,0.071200892329216,-0.020173657685518265,0.2736559212207794,-0.6653711199760437,1.268744111061096,-0.31242635846138,-0.11716143786907196,-0.020130034536123276,-0.04944564774632454,-0.27851927280426025,0.9294177889823912,1.1518661975860596,0.24319539964199063,0.0519653856754303,-0.22471874952316284
0.01788346841931343,0.008270800113677977,0.785210132598877,0.999648630619049,0.011873845010995863,0.023440822958946228,0.003477933118119836,-0.010624825954437256,0.06946567445993423,0.15100853145122528,0.11680022627115248,-0.12367597222328186,-0.10706377029418944,-0.023833265528082848,-0.13548795878887177,-0.02105452492833137,0.12875331938266754,-0.1817132979631424,0.150569811463356,-0.04283538460731506,-0.00564366951584816,0.07135070860385895,-0.02189699560403824,0.27663978934288025,-0.6665231585502625,1.2620065212249756,-0.3081916272640228,-0.11708520352840424,-0.018941260874271393,-0.04995056986808777,-0.2799738347530365,0.9335651397705078,1.1519166231155396,0.25039365887641907,0.052612096071243286,-0.2254142463207245
