0.045625776052474976,-0.004920238628983498,0.7791060209274293,0.9999132752418518,0.005404824856668712,0.011998829431831837,-0.0004283530870452523,0.05332474783062935,0.10028734803199768,0.16933956742286682,0.13046175241470337,-0.19833089411258695,-0.1166645810008049,0.09244446456432343,-0.06384488195180893,-0.2979183495044708,0.1190790981054306,-0.230866938829422,0.09896142780780792,-0.09053043276071548,0.035271123051643365,0.07626073062419891,-0.08633547276258467,0.27814897894859314,-0.8022964596748352,1.0498220920562744,-0.040380839258432395,0.029067263007164,0.1281379461288452,-0.03119048848748207,-0.25237876176834106,0.6445977687835692,1.0656629800796509,0.1824161261320114,0.08638717234134674,-0.19512182474136353
0.04543015733361244,-0.005033412482589483,0.7791091203689574,0.9999141097068786,0.005326187238097191,0.011933068744838236,-0.000986858387477696,0.0539054162800312,0.10092052072286604,0.1706860512495041,0.13006234169006348,-0.19968517124652865,-0.11728516966104507,0.09257249534130096,-0.06398454308509827,-0.29781943559646606,0.11960584670305252,-0.2304323762655258,0.099907785654068,-0.08932459354400633,0.03566653281450272,0.0760279893875122,-0.08513903617858887,0.27864161133766174,-0.8019111752510071,1.0509768724441528,-0.035594817250967026,0.029704025015234947,0.12496400624513626,-0.03029056265950203,-0.25297629833221436,0.6434144973754883,1.0644550323486328,0.17762674391269684,0.08733275532722473,-0.1944797784090042
0.045380644500255585,-0.005130294244736433,0.7790007591247559,0.9999142885208128,0.005309707950800656,0.011906951665878296,-0.0012067428324371576,0.054012596607208245,0.10101307928562164,0.17132318019866943,0.13006938993930817,-0.20003713667392728,-0.11711687594652176,0.09294104576110841,-0.06413920223712921,-0.29813534021377563,0.12008149921894072,-0.2305821776390076,0.1001582220196724,-0.0893159806728363,0.036049019545316696,0.07611666619777678,-0.0848489999771118,0.27888554334640503,-0.8021852970123291,1.0527418851852417,-0.0314590223133564,0.03002205863595009,0.12325453013181686,-0.03062618151307106,-0.25369682908058167,0.6432023644447327,1.0633876323699951,0.17729710042476654,0.08778042346239091,-0.195148766040802
0.0454019233584404,-0.005155887920409441,0.7788727283477782,0.9999151825904846,0.005283248145133257,0.011827797628939152,-0.001369535457342863,0.05427301675081253,0.101077102124691,0.17151181399822235,0.12990321218967435,-0.2002279758453369,-0.11681526154279707,0.09350915253162384,-0.06400788575410843,-0.29830583930015564,0.1202978938817978,-0.2309269458055496,0.10024642199277876,-0.08940526098012924,0.03630734607577324,0.07616488635540009,-0.08451886475086211,0.27896738052368164,-0.8021829724311828,1.0546671152114868,-0.029476426541805267,0.03102628327906132,0.12275193631649016,-0.030985385179519653,-0.2541418373584748,0.6432709693908691,1.0622810125350952,0.17764882743358612,0.08773336559534074,-0.1959727257490158
0.04547462612390518,-0.0051978519186377525,0.7787514328956605,0.9999167323112488,0.005253157112747431,0.011683509685099123,-0.0015192058635875583,0.05473247170448303,0.101241335272789,0.1716463267803192,0.1292241662740707,-0.2004396617412567,-0.11684378981590272,0.09404435753822327,-0.06365746259689331,-0.2977563738822937,0.12039292603731155,-0.23152445256710047,0.10020450502634048,-0.08949134498834611,0.03644339740276337,0.07617609947919844,-0.08443129062652589,0.2790103554725647,-0.8025780916213989,1.0564422607421875,-0.03034395538270473,0.032128393650054925,0.1232345774769783,-0.03129582852125168,-0.25436434149742126,0.6430065631866455,1.061059594154358,0.17812764644622803,0.0871683806180954,-0.19620430469512937
0.04560026898980141,-0.005231434013694525,0.7786676883697509,0.9999176263809203,0.0052462699823081485,0.011596232652664185,-0.0016438720049336553,0.05487863346934319,0.10129174590110777,0.17145684361457825,0.12851855158805847,-0.20048071444034576,-0.1168648451566696,0.09450309723615646,-0.0632954090833664,-0.297056645154953,0.12029718607664108,-0.23210442066192624,0.10013552755117416,-0.0898151621222496,0.03652514889836311,0.07605311274528502,-0.08485587686300276,0.2790425419807434,-0.8026893734931946,1.0580266714096067,-0.03246355056762695,0.03308125585317612,0.12363857775926589,-0.031434282660484314,-0.25458472967147827,0.64321768283844,1.0596516132354736,0.1789989471435547,0.08625012636184691,-0.1962279975414276
0.045710485428571694,-0.005264215636998415,0.77865731716156,0.9999178647994995,0.005274482071399689,0.01153101958334446,-0.0018436135724186895,0.05476800724864007,0.10122713446617126,0.17142799496650696,0.12803605198860168,-0.2003889232873917,-0.1167980059981346,0.09480703622102736,-0.06306242197751999,-0.2963637709617615,0.12007252126932144,-0.23247887194156647,0.10018540918827055,-0.09006460011005402,0.036525454372167594,0.07618781179189682,-0.08567352592945097,0.2793715298175812,-0.8022689819335938,1.0591094493865967,-0.03358447179198265,0.03332299366593361,0.12377887219190596,-0.031762294471263885,-0.2546919286251068,0.643459677696228,1.0585721731185913,0.17885099351406095,0.0854237601161003,-0.19649961590766904
0.04578915238380432,-0.005356738343834877,0.7786683440208435,0.9999164938926696,0.005307774059474468,0.011605004779994488,-0.002028143731877208,0.054202109575271606,0.10113966464996337,0.17150183022022247,0.1277242600917816,-0.20015135407447812,-0.11699585616588593,0.09474334865808488,-0.06280339509248734,-0.295245498418808,0.11974941939115524,-0.23249018192291257,0.10042135417461397,-0.09036511182785034,0.03655118495225906,0.07627832889556883,-0.08673754334449768,0.27975383400917053,-0.8014818429946899,1.0595653057098389,-0.03384797647595405,0.03315439447760581,0.12368930131196976,-0.031933967024087906,-0.2548189163208008,0.6433892846107483,1.058197021484375,0.17773574590682983,0.08464764058589934,-0.196600005030632
0.04572589322924613,-0.005337842274457216,0.7786747813224792,0.9999147653579714,0.005323949735611677,0.011726142838597296,-0.002137583680450916,0.05351311340928078,0.10110662132501602,0.1715995818376541,0.12768876552581787,-0.20003816485404968,-0.11706355214118956,0.09459855407476424,-0.06260428577661514,-0.2940775156021118,0.11947227269411088,-0.2323520630598068,0.10072425752878188,-0.09060011804103853,0.03659229353070259,0.07638809829950333,-0.08777051419019699,0.2800802588462829,-0.801088273525238,1.0595364570617676,-0.033916398882865906,0.03276696801185608,0.12344248592853546,-0.032200686633586884,-0.2548741400241852,0.6435056924819945,1.0582401752471924,0.17638500034809113,0.08415108174085617,-0.19658419489860532
0.04569125920534134,-0.00544647267088294,0.7786792516708374,0.9999133944511411,0.0053063263185322285,0.011836055666208267,-0.0022293434012681246,0.05303408950567245,0.10111178457736968,0.1717107743024826,0.1275626569986343,-0.19978252053260803,-0.11718614399433136,0.09435647726058961,-0.06250589340925217,-0.29315170645713806,0.11926523596048356,-0.2321142554283142,0.10073226690292358,-0.09070280194282532,0.03673745691776276,0.0766260027885437,-0.08874914795160292,0.2803443968296051,-0.8012812733650206,1.0590429306030271,-0.034341320395469666,0.03244598209857941,0.12310320883989334,-0.0326351523399353,-0.25501951575279236,0.6439436674118042,1.0583457946777344,0.17607146501541135,0.0837016850709915,-0.19655695557594297
0.04558612033724785,-0.0054936339147388935,0.7786756753921508,0.999912142753601,0.005279190838336945,0.01193220354616642,-0.002339588478207588,0.05270970612764359,0.10108593851327896,0.1718090921640396,0.12742450833320615,-0.1995606869459152,-0.11712274700403212,0.09390276670455933,-0.06253799796104431,-0.2926190495491028,0.11923754960298538,-0.23178699612617487,0.10045742243528366,-0.09063027054071425,0.03695324435830116,0.07706187665462493,-0.08970081806182861,0.2807894349098205,-0.8020262122154237,1.0579960346221924,-0.03443954139947891,0.03208175674080849,0.12286611646413804,-0.033037565648555756,-0.2555130124092102,0.6444997191429137,1.0579981803894043,0.17690151929855347,0.08324875682592392,-0.19657440483570096
0.04544059932231903,-0.005474434234201908,0.7786714434623718,0.9999105930328368,0.005259545054286718,0.012057730928063393,-0.0024041149299591775,0.05246038362383842,0.10107070207595824,0.17191410064697263,0.12734732031822205,-0.19934733211994168,-0.11705987900495528,0.09344899654388429,-0.06259085237979889,-0.29256331920623774,0.11923426389694212,-0.23150208592414853,0.09990708529949187,-0.09041491150856018,0.03709541261196136,0.07757971435785292,-0.09095203131437299,0.28154793381690973,-0.8030176162719727,1.056505799293518,-0.03420179337263107,0.03166557475924492,0.1228412240743637,-0.03369026631116867,-0.2562381625175476,0.6451296806335449,1.0575922727584839,0.17779190838336945,0.08287211507558823,-0.1966125965118408
0.045261211693286896,-0.005440074019134045,0.7786795496940612,0.9999091625213624,0.005246797110885382,0.012160134501755236,-0.002506332006305456,0.052446186542510986,0.1010187417268753,0.17208804190158844,0.12719665467739105,-0.1989341825246811,-0.11689896881580351,0.09305667877197264,-0.06243454664945602,-0.29226318001747126,0.11918214708566664,-0.2312156558036804,0.09906329214572905,-0.0901019126176834,0.03712413087487221,0.07808879017829895,-0.09223618358373642,0.2823461890220642,-0.8032907247543336,1.0552444458007812,-0.03382911905646324,0.03134499117732048,0.12296832352876665,-0.034329429268836975,-0.256955087184906,0.6457715034484863,1.0574324131011963,0.1780211627483368,0.08331727236509323,-0.19673058390617368
0.04502553865313529,-0.0054274401627480975,0.7787034511566162,0.9999074935913086,0.005227311979979277,0.01227696519345045,-0.002630798378959298,0.052281368523836136,0.101079024374485,0.17253220081329343,0.12697647511959076,-0.19829368591308597,-0.1167336031794548,0.09256490319967267,-0.06226782873272896,-0.29191020131111145,0.11908408254384995,-0.2307690531015396,0.09821256250143053,-0.08972933888435364,0.03713664039969444,0.0784572958946228,-0.09339460730552672,0.2830403447151184,-0.8031467795372009,1.0545138120651243,-0.03294147923588753,0.03144793212413788,0.12355629354715349,-0.03528076782822609,-0.2576952278614044,0.6463811397552489,1.057572364807129,0.1779022067785263,0.08399343490600587,-0.1966270208358765
0.0447206161916256,-0.005411879159510136,0.7787500023841859,0.9999050498008728,0.00522714015096426,0.012445906177163124,-0.0027474670205265284,0.0517985001206398,0.10110247880220412,0.1729685217142105,0.12671731412410736,-0.19758360087871552,-0.11641687154769896,0.09181178361177443,-0.062251918017864234,-0.2915989458560944,0.11902952194213869,-0.2303504049777985,0.09752073138952257,-0.08927695453166962,0.03703848272562026,0.07873152196407318,-0.09417718648910521,0.2835977077484131,-0.8030002117156982,1.054032564163208,-0.03180975839495659,0.03167877346277237,0.12431410700082778,-0.03640471026301384,-0.25830674171447754,0.6469610929489136,1.0581274032592771,0.17803192138671875,0.08424512296915054,-0.19651688635349276
0.044359710067510605,-0.005344197619706392,0.7788125872611998,0.9999030232429504,0.0052562584169209,0.012582818046212196,-0.0028170680161565542,0.05112329125404358,0.10089966654777525,0.17293448746204376,0.12651970982551575,-0.19696106016635892,-0.11609942466020584,0.09108386188745497,-0.06239663809537888,-0.2914618849754333,0.11900825798511504,-0.23003329336643216,0.09703775495290755,-0.08893252164125441,0.03682292625308037,0.07911675423383711,-0.09498322010040285,0.2838441133499145,-0.8030480146408081,1.0541355609893799,-0.030304288491606712,0.03204889222979545,0.12489116191864012,-0.0377487875521183,-0.2587954103946686,0.6475936770439148,1.0590918064117432,0.17856264114379883,0.08399222046136856,-0.19651784002780917
0.04398345574736595,-0.005226386711001396,0.7788758277893065,0.9999014735221863,0.005261991173028946,0.012678987346589564,-0.0029114359058439727,0.05034715309739113,0.10069911181926729,0.17276610434055328,0.12650394439697263,-0.19659537076950076,-0.11589913070201872,0.09025034308433533,-0.06243953853845596,-0.29106748104095453,0.11901073157787324,-0.2296575605869293,0.09666924923658371,-0.08869056403636931,0.03651245683431625,0.07955402880907057,-0.09594795852899551,0.28371351957321167,-0.803528606891632,1.0548808574676511,-0.029181109741330143,0.032652318477630615,0.1250610202550888,-0.03921450302004814,-0.2591447830200196,0.64832866191864,1.0601824522018433,0.17983373999595642,0.08347214013338089,-0.19645877182483676
0.04360261932015419,-0.005115932319313288,0.7789382338523864,0.9999007582664488,0.005221698898822069,0.012724990025162697,-0.0030504700262099504,0.04964485764503479,0.1006983295083046,0.1728755384683609,0.12684398889541623,-0.19640228152275083,-0.11581937968730927,0.0893973708152771,-0.062303327023983,-0.2904919683933258,0.11898444592952728,-0.22922176122665405,0.09639990329742432,-0.08841554820537566,0.036136381328105927,0.07999702543020248,-0.09679146856069565,0.28338250517845154,-0.8038658499717712,1.0561330318450928,-0.028144145384430885,0.03302516415715217,0.12512043118476868,-0.040750902146101,-0.25936987996101374,0.6494555473327637,1.0611517429351807,0.18078534305095673,0.08291459828615187,-0.1965864300727844
0.04322957247495651,-0.005035547073930502,0.7789766192436217,0.9999005794525145,0.005131623707711697,0.01271593291312456,-0.0032799737527966495,0.04922733083367348,0.10093849897384644,0.17354559898376465,0.12723122537136075,-0.19630588591098783,-0.11566244065761566,0.08859270066022873,-0.06212671101093292,-0.2901238203048706,0.11893831193447112,-0.2287170737981796,0.09633165597915648,-0.0881226658821106,0.03572314977645874,0.08030143380165101,-0.09724140167236328,0.282873809337616,-0.8043612837791443,1.0579602718353271,-0.02687482722103596,0.03374405950307846,0.124992273747921,-0.04210497438907623,-0.2594794034957886,0.6503143906593323,1.061878681182861,0.18177753686904907,0.08232486248016357,-0.19672746956348416
0.04283846914768218,-0.004949879832565784,0.7789962291717529,0.9999007582664488,0.0049858582206070414,0.012680060230195522,-0.0035713573452085257,0.04910038784146309,0.10136327892541884,0.17427749931812286,0.12730413675308228,-0.19636404514312744,-0.11566397547721861,0.08804176747798918,-0.061792641878128045,-0.2896997928619385,0.118905209004879,-0.22811971604824063,0.09606423228979111,-0.08779088407754898,0.03542473912239075,0.08034358918666838,-0.09682995826005936,0.2823030650615692,-0.8043073415756226,1.0599548816680908,-0.026234772056341168,0.03419443592429161,0.1243416890501976,-0.04325235635042191,-0.2593783736228943,0.6507489085197449,1.0622735023498535,0.1815099269151688,0.08185405284166336,-0.1969776004552841
0.04238748922944069,-0.0048899464309215546,0.7789899706840515,0.9999016523361206,0.004852980840951204,0.012570508755743504,-0.0038800686597824097,0.04913824796676636,0.1018303483724594,0.17501424252986908,0.12741251289844513,-0.19649335741996765,-0.11567764729261398,0.0876927152276039,-0.06145248562097549,-0.28911441564559937,0.11895272135734558,-0.22760052978992465,0.0958084836602211,-0.08739665895700455,0.03499212488532066,0.08028031885623933,-0.09625147283077241,0.2817753553390503,-0.8038317561149597,1.0617859363555908,-0.02584279142320156,0.03449705243110657,0.12355359643697739,-0.0443337820470333,-0.2590878903865814,0.6505824327468872,1.062239408493042,0.1807637959718704,0.08165595680475235,-0.1974869817495346
0.04194894805550575,-0.004886062350124121,0.7789885997772216,0.9999029040336608,0.004742510616779327,0.012404168024659157,-0.0042213713750243196,0.04942715913057327,0.10238724946975708,0.17594052851200104,0.12729601562023163,-0.19672556221485135,-0.11595306545495986,0.08748445659875868,-0.06111789122223854,-0.28867632150650024,0.11900653690099716,-0.22722473740577695,0.0954962745308876,-0.08710032701492308,0.03444414213299751,0.08022871613502502,-0.09556803107261656,0.2814240753650665,-0.8028364181518554,1.0628440380096436,-0.02624558098614216,0.03458769991993904,0.12311047315597534,-0.04526727646589279,-0.2587290406227112,0.6502588391304016,1.0615787506103516,0.17899493873119354,0.08163481950759886,-0.1981530636548996
0.04179511219263077,-0.005101898685097694,0.7789943218231201,0.9999048709869384,0.004638391546905041,0.012168680317699907,-0.004544699564576149,0.04992532730102539,0.10291182249784468,0.17673836648464203,0.12705719470977783,-0.19694897532463077,-0.11623777449131012,0.08752406388521193,-0.06077521294355392,-0.28848984837532043,0.11903426796197893,-0.2269280105829239,0.0953170508146286,-0.08678721636533737,0.03395368531346321,0.0802319720387459,-0.09537155926227568,0.28115540742874146,-0.8016302585601807,1.0629785060882568,-0.027350919321179386,0.03436825051903725,0.12312237173318862,-0.0458352230489254,-0.2584328055381775,0.6496553421020508,1.060753583908081,0.1785844713449478,0.0814216509461403,-0.19876858592033383
0.041503805667161935,-0.005131467245519161,0.7789931297302246,0.9999075531959533,0.004532432183623314,0.01191491074860096,-0.004732897039502859,0.05052023008465767,0.1034739315509796,0.17746514081954956,0.12686428427696228,-0.19709232449531555,-0.11662843823432922,0.08779311925172804,-0.06045164167881012,-0.28849926590919495,0.11894944310188292,-0.22674541175365448,0.09528706967830658,-0.08656719326972961,0.033474694937467575,0.08014700561761856,-0.09571848064661026,0.28100764751434326,-0.8006542325019836,1.0621747970581055,-0.029121043160557743,0.03411364182829857,0.12357712537050249,-0.04594310373067856,-0.25817263126373285,0.6495296955108643,1.0601122379302979,0.17811687290668488,0.08116192370653152,-0.1989874690771103
0.04122241958975792,-0.005142646376043558,0.7789744734764099,0.9999107718467712,0.004433781374245881,0.011650202795863152,-0.00480165146291256,0.051057767122983926,0.10389383137226103,0.17751090228557587,0.12671738862991333,-0.1972520351409912,-0.11697975546121596,0.08818367123603821,-0.060209289193153374,-0.2886064946651459,0.11882106214761734,-0.22654464840888977,0.09523987025022505,-0.08625616878271104,0.03302665427327156,0.0799829885363579,-0.09627867490053178,0.2807705104351044,-0.8001570105552673,1.061234951019287,-0.030165724456310272,0.03365002200007439,0.12377604097127914,-0.045438136905431754,-0.25788766145706177,0.6497281193733215,1.059532880783081,0.17800685763359067,0.08026490360498428,-0.19847133755683896
0.04097042605280876,-0.005161905661225319,0.7789623141288757,0.9999149441719056,0.004373187199234962,0.011336096562445164,-0.0047458880580961696,0.05149079114198685,0.10424690693616868,0.17725223302841187,0.1269250363111496,-0.1972237527370453,-0.11718542873859404,0.08866282552480698,-0.06007207930088043,-0.2888686954975128,0.11886706203222273,-0.2264197915792465,0.09516603499650957,-0.08588916063308717,0.03255355730652809,0.07984952628612518,-0.0971161350607872,0.2804505228996277,-0.799795389175415,1.0606021881103516,-0.030705731362104412,0.03322757035493851,0.12392278760671616,-0.044883675873279565,-0.25763019919395447,0.650670051574707,1.0596728324890137,0.17820386588573456,0.07925673574209213,-0.1976580619812012
0.040752213448286057,-0.0051775723695755005,0.778960347175598,0.9999197125434877,0.0043172817677259445,0.010936105623841284,-0.004725015256553888,0.052066151052713394,0.10456299036741255,0.1770787537097931,0.1272389143705368,-0.19712147116661072,-0.11730211228132248,0.0891339033842087,-0.059902988374233246,-0.28897807002067566,0.1190713495016098,-0.22628262639045715,0.0951167792081833,-0.08542048931121826,0.03215648978948593,0.07985699921846388,-0.09794967621564864,0.28016918897628784,-0.7999508380889891,1.0604999065399168,-0.030280213803052906,0.03286251798272133,0.12400434166193008,-0.04453090205788612,-0.25756433606147766,0.652003288269043,1.0603748559951782,0.1786109060049057,0.07884395867586134,-0.19732820987701416
0.04054179415106773,-0.005160805769264698,0.7789509296417235,0.9999242424964904,0.004270907957106829,0.01055129524320364,-0.004676710348576307,0.052546616643667214,0.10477663576602936,0.17689847946166992,0.12765434384346008,-0.19685249030590057,-0.11737509816884995,0.08949013799428941,-0.059847794473171234,-0.2891864776611328,0.11932159215211868,-0.2261146903038025,0.09508969634771347,-0.08523224294185638,0.031830448657274246,0.07997340708971022,-0.09899392724037169,0.2800544500350952,-0.8002031445503235,1.060474157333374,-0.029165068641304966,0.03286286070942879,0.12390612065792084,-0.0450209379196167,-0.2578389346599579,0.653495728969574,1.061310052871704,0.1791309118270874,0.0792350098490715,-0.19695350527763367
0.0402771383523941,-0.005125329829752445,0.7789536714553834,0.9999284148216248,0.004220015835016966,0.010218797251582144,-0.004575606435537337,0.05299258604645729,0.1048675775527954,0.1768412888050079,0.12796536087989807,-0.1966030150651932,-0.11743149161338806,0.0898001790046692,-0.05981111153960228,-0.28931480646133423,0.11947792023420332,-0.2258028984069824,0.0949164181947708,-0.08513623476028441,0.031600117683410645,0.08000999689102173,-0.09966983646154404,0.2800506353378296,-0.800371527671814,1.060686111450195,-0.0283046904951334,0.03292430564761162,0.12382477521896362,-0.04563829302787781,-0.2584172189235687,0.6543803811073303,1.0623005628585815,0.17930595576763153,0.07968097925186157,-0.1969657391309738
0.03993908315896988,-0.005055833607912064,0.7789826989173889,0.9999319314956664,0.004168061073869467,0.009935362264513968,-0.004479933530092239,0.05339683219790459,0.10485529899597168,0.17688526213169095,0.12794163823127747,-0.19624714553356168,-0.11767545342445372,0.090061716735363,-0.0597725622355938,-0.28926780819892883,0.11953262984752656,-0.22521863877773285,0.09453517198562622,-0.08511075377464294,0.031469888985157006,0.08000864088535309,-0.1000322848558426,0.27991449832916254,-0.8005606532096863,1.0609881877899168,-0.027249524369835854,0.033031102269887924,0.12373095750808716,-0.04589691385626793,-0.2591000199317932,0.6552700400352478,1.0634217262268066,0.1794515550136566,0.07969643175601958,-0.1967773139476776
0.03956620767712593,-0.004975227639079094,0.7790173292160033,0.9999343752861024,0.004111036192625761,0.009713886305689812,-0.004461627919226885,0.05373075604438782,0.10488379001617432,0.1769842505455017,0.1276201456785202,-0.19581186771392825,-0.11806398630142212,0.09023211151361464,-0.05968945845961571,-0.2890641987323761,0.1196078285574913,-0.22469626367092127,0.09405736625194547,-0.0850696563720703,0.031469520181417465,0.08016861230134965,-0.10027624666690826,0.279915452003479,-0.8010329604148864,1.0606651306152344,-0.0262422040104866,0.033218082040548325,0.12343740463256836,-0.04601237922906876,-0.25998643040657043,0.655929684638977,1.0638297796249387,0.18010364472866058,0.07948675751686096,-0.1964114010334015
0.03919222578406334,-0.0048665013164281845,0.7790466547012329,0.9999359846115112,0.0040648565627634525,0.009556534700095652,-0.004492013715207577,0.053856983780860894,0.10498958081007004,0.17710815370082855,0.1274620145559311,-0.19555892050266263,-0.11835771799087524,0.09026177227497101,-0.05960877612233162,-0.28884121775627136,0.11966220289468764,-0.22431164979934687,0.09358149021863936,-0.08498361706733702,0.03155049309134483,0.08038622140884398,-0.10052727162837982,0.28026601672172546,-0.8019057512283325,1.0599682331085205,-0.02535075321793556,0.03318933770060539,0.12287358194589613,-0.046254798769950874,-0.2610071897506714,0.6561959981918335,1.0635693073272705,0.18106064200401303,0.0791323184967041,-0.19618919491767883
0.03883376717567444,-0.004720748867839575,0.7790722250938414,0.999936819076538,0.004051324911415577,0.009480364620685576,-0.004475072491914034,0.053609948605299,0.10503775626420973,0.17708116769790647,0.12750656902790067,-0.19541499018669128,-0.11828593909740448,0.09023810178041458,-0.05965445563197136,-0.28874334692955017,0.11963803321123125,-0.22401696443557736,0.09347519278526306,-0.08510368317365646,0.03167098015546799,0.08054766058921814,-0.1007576510310173,0.28063029050827026,-0.8027858734130859,1.0592124462127683,-0.02548137493431568,0.03304862603545189,0.12228460609912872,-0.04675779864192009,-0.2620721459388733,0.6560760736465454,1.0632317066192627,0.18225055932998657,0.07859918475151062,-0.19609801471233368
0.038483310490846634,-0.004591549746692181,0.7790911793708801,0.9999369978904723,0.004049983341246843,0.009458310902118681,-0.0044846017844974995,0.05319171026349068,0.10498066246509552,0.17680345475673676,0.1275106966495514,-0.19536030292510984,-0.11809442937374114,0.09000131487846375,-0.05966067686676979,-0.28825879096984863,0.11954142898321152,-0.2237887680530548,0.09366277605295181,-0.0851631909608841,0.03182493522763252,0.08061788976192473,-0.10099709779024124,0.2809854447841644,-0.8037924170494078,1.0588939189910889,-0.025070019066333767,0.03293553367257118,0.12180735915899275,-0.04707163944840431,-0.2628518939018249,0.6554378271102905,1.063155174255371,0.18293896317481995,0.0781792476773262,-0.195942297577858
0.038145486265420914,-0.004503400065004826,0.7791462540626525,0.9999365806579588,0.004070740658789873,0.009469977580010891,-0.00453258166089654,0.05268613621592522,0.10475660115480422,0.1764715164899826,0.12752097845077515,-0.1952889710664749,-0.11781387031078339,0.08945670723915101,-0.059732168912887566,-0.28768453001976013,0.11947051435709,-0.22347450256347656,0.09413580596446992,-0.08538058400154114,0.031967487186193466,0.08061136305332182,-0.10083240270614624,0.28131040930747986,-0.8043516278266906,1.0589717626571655,-0.02439577877521515,0.03287697955965996,0.12168694287538528,-0.047156233340501785,-0.2634228467941284,0.6547308564186096,1.0630415678024292,0.18341346085071564,0.07803697884082794,-0.19557133316993716
0.037803322076797485,-0.004443374462425709,0.7792310714721679,0.9999362230300904,0.004094866570085287,0.009502789936959743,-0.004525732249021529,0.052252545952796936,0.10446026176214218,0.17630435526371002,0.1275717318058014,-0.195094496011734,-0.1176127642393112,0.0889776423573494,-0.059814453125,-0.2871060967445373,0.11947414278984068,-0.22320373356342316,0.09443848580121994,-0.08577776700258255,0.032126277685165405,0.08051888644695283,-0.10010283440351486,0.2817160487174988,-0.8043976426124573,1.059426188468933,-0.02298445627093315,0.0327446348965168,0.12141401320695876,-0.04725375771522521,-0.2637174427509308,0.6537020802497864,1.0629820823669431,0.18361739814281464,0.07815321534872055,-0.19560398161411283
0.03746366873383521,-0.004416456446051598,0.7792918086051941,0.9999353885650634,0.004107312764972448,0.009581920690834522,-0.0045378622598946095,0.0518714003264904,0.1043010875582695,0.17652231454849243,0.1274394690990448,-0.194827139377594,-0.11739620566368104,0.0883273333311081,-0.059909280389547355,-0.28664734959602356,0.11953072994947432,-0.22297804057598117,0.09471649676561357,-0.08595743775367738,0.03239016234874725,0.08046557009220123,-0.09927380830049513,0.28219327330589294,-0.8042329549789428,1.0598509311676023,-0.02160915732383728,0.032596103847026825,0.12126989662647247,-0.04687315970659256,-0.2639873325824737,0.6529295444488524,1.0628721714019775,0.1836879849433899,0.07804825901985168,-0.19594284892082212
0.0371648333966732,-0.004358443897217512,0.7793174386024475,0.9999344944953918,0.00410784687846899,0.009647431783378124,-0.004586585331708193,0.05156761035323143,0.10424689203500748,0.1770326793193817,0.12725915014743805,-0.1946895718574524,-0.11705169081687929,0.08781808614730835,-0.05992709100246429,-0.28618761897087097,0.11952744424343108,-0.2230590581893921,0.0949527993798256,-0.08599948137998581,0.032666221261024475,0.08059893548488617,-0.09840262681245805,0.282713919878006,-0.8044304847717285,1.0600786209106443,-0.021161967888474464,0.032688312232494354,0.12130326777696608,-0.0464770533144474,-0.2640107572078705,0.6523087024688721,1.0627074241638184,0.18405738472938535,0.07777251303195953,-0.1962718963623047
0.036949582397937775,-0.004249338526278734,0.7793463468551636,0.9999344348907471,0.004102456383407116,0.00967905204743147,-0.004540723282843828,0.051048390567302704,0.10424692183732986,0.1772158145904541,0.12737159430980682,-0.19469489157199857,-0.11676222831010818,0.08752331882715225,-0.0599018894135952,-0.28575935959815973,0.11949744820594788,-0.223242312669754,0.09508880972862244,-0.08597119152545929,0.0329551100730896,0.08073899894952774,-0.09762939065694809,0.2832324504852295,-0.8046748042106627,1.0599132776260376,-0.02208610624074936,0.03291233628988265,0.12129317224025726,-0.04582050442695618,-0.2639645040035248,0.6521767973899841,1.0624520778656004,0.18508309125900269,0.07724978774785995,-0.19597892463207245
0.036809079349040985,-0.004118533805012703,0.7793540358543397,0.9999350905418398,0.004117179661989212,0.00965104158967733,-0.004429796244949102,0.05051786825060845,0.10425108671188354,0.17716936767101288,0.12759052217006683,-0.1949298530817032,-0.11665324121713638,0.08748546242713928,-0.05986135080456734,-0.2855590581893921,0.11945652216672896,-0.22368586063385007,0.09491252154111862,-0.08607584983110429,0.03321985900402069,0.08084831386804579,-0.09676571190357208,0.28374615311622614,-0.8048706650733948,1.059736967086792,-0.02306618355214596,0.03297913819551468,0.12141168117523192,-0.04539800435304642,-0.2637902498245239,0.6521029472351073,1.06231689453125,0.1861954629421234,0.07674866914749146,-0.19490502774715424
0.0367082804441452,-0.00399696733802557,0.7793413400650024,0.999935746192932,0.004146271385252476,0.009655162692070007,-0.0042561125010252,0.05001068487763405,0.10420092940330504,0.1767251342535019,0.12771041691303253,-0.19492830336093905,-0.11646964401006699,0.0874716639518738,-0.05983325466513634,-0.2855255603790283,0.11936286836862564,-0.22418536245822904,0.094844289124012,-0.08619192242622374,0.0334911085665226,0.08086784929037094,-0.09606125205755232,0.28409025073051447,-0.8050753474235535,1.06010103225708,-0.023707998916506767,0.033190734684467316,0.12143808603286745,-0.04509944096207619,-0.26359590888023376,0.6518363952636719,1.0624783039093015,0.18692126870155332,0.0764188840985298,-0.19382785260677335
0.036588653922080994,-0.0038743300829082727,0.7793139219284058,0.9999361634254456,0.0041494336910545835,0.009703668765723704,-0.004031835589557886,0.049648884683847434,0.10418403893709181,0.1762624979019165,0.12772662937641144,-0.194852352142334,-0.11618795245885848,0.08736266940832138,-0.05988938361406326,-0.28574520349502563,0.11930170655250548,-0.224656879901886,0.09480668604373933,-0.08623246103525162,0.03387485444545746,0.08077015727758406,-0.09564810991287231,0.28445786237716675,-0.8054203987121582,1.0607434511184692,-0.02343171462416649,0.0334700383245945,0.12170195579528809,-0.04477806016802788,-0.263571560382843,0.6512245535850525,1.0627030134201048,0.18782582879066467,0.0761638507246971,-0.19352686405181885
0.03646018356084824,-0.003798062913119793,0.779300570487976,0.9999369382858275,0.004159215837717056,0.009740838780999184,-0.003728308016434312,0.049357332289218896,0.10412518680095673,0.17594093084335327,0.12777146697044373,-0.19482773542404172,-0.11598353832960127,0.08736935257911682,-0.060090288519859314,-0.2863621711730957,0.11931604146957396,-0.22507189214229584,0.09499602764844894,-0.08617315441370009,0.03421433269977569,0.08057401329278947,-0.09560883045196532,0.28475430607795715,-0.8058704733848571,1.0617948770523071,-0.02225322835147381,0.03380095213651657,0.1218770369887352,-0.0445907823741436,-0.2635907828807831,0.6501727104187012,1.063218116760254,0.1885085105895996,0.07595619559288026,-0.193399116396904
0.03637097030878067,-0.003775959135964513,0.7793144583702086,0.999938189983368,0.0041704485192894936,0.00972363632172346,-0.003412853926420212,0.04930069297552109,0.10403356701135635,0.1755184531211853,0.12788760662078855,-0.1947832405567169,-0.11582395434379576,0.08762965351343155,-0.0602995753288269,-0.2872552275657654,0.11943305283784866,-0.22535771131515503,0.09496185928583144,-0.0861177071928978,0.03442094847559929,0.08036557585000992,-0.09577175974845886,0.28509220480918884,-0.8061361312866211,1.0630099773406982,-0.02069225162267685,0.03421355783939361,0.12236446142196657,-0.04421121254563332,-0.26343896985054016,0.6486465930938721,1.063950777053833,0.18849042057991028,0.07591108977794646,-0.19362765550613403
0.03636003285646439,-0.003783159656450152,0.779318630695343,0.9999400973320008,0.004173033870756625,0.009608343243598938,-0.003156870137900114,0.0497654601931572,0.10398265719413756,0.17517973482608795,0.12781962752342224,-0.19465750455856323,-0.11612208932638168,0.08805135637521742,-0.060463711619377136,-0.28803887963294983,0.1196441426873207,-0.2255830466747284,0.09474021941423416,-0.0858216881752014,0.03457237035036087,0.08029501140117645,-0.09617920219898224,0.28534483909606934,-0.806167483329773,1.0637719631195068,-0.019101453945040703,0.03480951488018036,0.1230560392141342,-0.043913420289754874,-0.2632521390914917,0.6473598480224608,1.0647029876708984,0.1885539144277573,0.07591558992862701,-0.19411239027976987
0.036394648253917694,-0.0038286156486719847,0.7792999148368835,0.9999425411224365,0.004160184413194656,0.009428827092051506,-0.0029399078339338303,0.0505395457148552,0.1039936915040016,0.17504096031188965,0.12764066457748413,-0.19491481781005857,-0.1165476143360138,0.08882440626621246,-0.0605601891875267,-0.2890303134918213,0.11976969242095949,-0.22598630189895627,0.09433774650096893,-0.08540869504213333,0.034687403589487076,0.08028703927993774,-0.09630532562732697,0.28542083501815796,-0.8057414889335632,1.0641881227493286,-0.018176807090640068,0.03525518253445625,0.12337729334831236,-0.043995238840579994,-0.263007789850235,0.646609365940094,1.0653398036956787,0.1882204562425613,0.07589303702116013,-0.19417580962181089
0.036458466202020645,-0.003871786175295711,0.7792849540710449,0.9999449253082275,0.004131413530558348,0.009256913326680659,-0.002716360846534372,0.05158239975571632,0.1041109561920166,0.17489902675151825,0.12738110125064847,-0.19537656009197235,-0.11713268607854845,0.08988944441080093,-0.06047284603118896,-0.29006171226501465,0.11958154290914536,-0.22610680758953092,0.09405252337455747,-0.08523285388946533,0.03486179932951927,0.08011008054018019,-0.09620613604784013,0.28523069620132446,-0.8051820993423462,1.0645010471343994,-0.017435403540730476,0.03583287447690964,0.12385156750679016,-0.04394599422812462,-0.2628420293331146,0.645888090133667,1.0655229091644287,0.1873180866241455,0.07597701996564865,-0.1941266506910324
0.03649097681045532,-0.003924728371202946,0.7792946100234985,0.9999475479125975,0.004115880466997624,0.009068777784705162,-0.0023827373515814543,0.05224062874913216,0.10428006201982498,0.1745728850364685,0.12740465998649597,-0.19585278630256647,-0.11758813261985777,0.09118197858333588,-0.06017386540770531,-0.29101869463920593,0.11921872943639757,-0.22620055079460144,0.09389254450798033,-0.08516042679548262,0.0349104069173336,0.08002996444702147,-0.09610635042190552,0.2847592830657959,-0.8046396374702453,1.064693808555603,-0.017764950171113014,0.03640930354595184,0.12454324215650558,-0.04397968202829361,-0.2626485824584961,0.6445192098617554,1.0650203227996826,0.18641659617424008,0.07614502310752867,-0.1939207911491394
0.03648703545331954,-0.004014849662780762,0.7793361544609069,0.999950110912323,0.004094660747796297,0.008893443271517754,-0.001980799250304699,0.05256548523902893,0.10452277958393096,0.17403671145439148,0.1276417076587677,-0.19608184695243835,-0.1179329603910446,0.092312291264534,-0.05983243137598038,-0.29188501834869385,0.11881338059902193,-0.22615884244441983,0.0936099588871002,-0.08499844372272491,0.034810300916433334,0.07978171110153198,-0.09586507081985472,0.2840871214866638,-0.8038631677627563,1.064786672592163,-0.018272962421178814,0.0366050973534584,0.1250056028366089,-0.04392775893211365,-0.2625538110733032,0.6431000828742981,1.06398344039917,0.1848124861717224,0.07630170881748198,-0.1934890449047089
0.03651192039251328,-0.004104997031390666,0.7793736457824707,0.9999521374702451,0.00408912543207407,0.008745727129280567,-0.0015660703647881746,0.052573129534721375,0.10459943115711212,0.17322735488414764,0.1281202137470245,-0.19597892463207245,-0.11803353577852248,0.09305310994386673,-0.05970649793744087,-0.29276421666145325,0.11853811144828796,-0.22588871419429776,0.09347940981388093,-0.08485926687717436,0.034641679376363754,0.07932810485363007,-0.09589298814535141,0.28345486521720886,-0.8033199310302734,1.0650057792663574,-0.018645184114575383,0.036596592515707016,0.1244380697607994,-0.04379313811659813,-0.2627634108066559,0.6413763165473938,1.0627071857452393,0.18407173454761505,0.07592567801475525,-0.19354918599128723
0.036530189216136925,-0.004169149324297905,0.7793876528739929,0.9999541640281677,0.004060911945998669,0.008586624637246132,-0.0011636760318651795,0.05257056653499603,0.10469812154769896,0.17237040400505063,0.12858085334300995,-0.19571532309055328,-0.1181584820151329,0.0935865119099617,-0.05957398563623428,-0.29352113604545593,0.11851169168949129,-0.2257692664861679,0.09349720180034637,-0.08470200002193451,0.03443845734000205,0.07894714176654814,-0.09609104692935944,0.2829347252845764,-0.8033077120780944,1.0653257369995115,-0.01822749152779579,0.03652377799153328,0.12337281554937363,-0.04356628283858299,-0.26315248012542725,0.640037477016449,1.0615968704223633,0.18434588611125943,0.07519814372062683,-0.19376590847969052
0.03653465211391449,-0.004207661375403404,0.7793750762939453,0.9999563097953795,0.0039961389265954494,0.008400391787290573,-0.0008845141273923217,0.05278560146689415,0.10495609045028687,0.17200985550880432,0.12905719876289368,-0.19560253620147705,-0.11864180117845537,0.09408865123987196,-0.059307321906089776,-0.29394504427909846,0.1186821311712265,-0.22574317455291748,0.0935539752244949,-0.08470939844846725,0.0343199148774147,0.07878973335027695,-0.09624683856964111,0.28256505727767944,-0.8040689826011658,1.065727949142456,-0.016819506883621216,0.03670579567551613,0.12279443442821503,-0.04380442574620247,-0.2635566592216492,0.6391379237174988,1.0611701011657715,0.18457347154617307,0.07455644011497498,-0.19398559629917145
0.03651284798979759,-0.004198589362204074,0.7793383002281189,0.9999583959579469,0.003944054245948792,0.00819556228816509,-0.000659398443531245,0.052971925586462014,0.10515251755714417,0.17175789177417755,0.1295045018196106,-0.19548270106315607,-0.1190376803278923,0.09463600814342497,-0.05913115665316582,-0.2940795421600342,0.1188339963555336,-0.2258027344942093,0.09373260289430618,-0.0845644325017929,0.03418397530913353,0.07871469110250473,-0.09654054790735245,0.28240177035331726,-0.8054054379463197,1.066343069076538,-0.014923456124961376,0.03691868856549263,0.1226750910282135,-0.04438294470310211,-0.2640122473239898,0.6386690735816956,1.0614376068115234,0.18466460704803464,0.07426564395427702,-0.1942736059427261
0.03646690025925636,-0.0041800616309046745,0.7793074846267699,0.9999607205390929,0.003901569172739983,0.00793507881462574,-0.0005712172132916749,0.05317114666104317,0.10528057813644408,0.17166060209274292,0.12998342514038083,-0.19548042118549344,-0.11922527849674223,0.09519466757774352,-0.0591462105512619,-0.2942390441894531,0.11890637129545212,-0.22593751549720764,0.09390676766633987,-0.08406544476747514,0.03404666483402252,0.07872416079044342,-0.09656845033168791,0.28221336007118225,-0.8064619898796082,1.066969394683838,-0.013522563502192496,0.03684503212571144,0.12252040207386015,-0.04503365233540535,-0.26454931497573847,0.6383615136146545,1.0620088577270508,0.18500450253486636,0.07403635978698729,-0.19448080658912656
0.036362890154123306,-0.004176502116024494,0.779301345348358,0.9999629855155946,0.0038783769123256207,0.007654483895748853,-0.0005415678606368601,0.05328715965151786,0.10534550994634628,0.17156381905078888,0.1305170506238937,-0.19570155441761017,-0.11931190639734268,0.09570541977882384,-0.059271886944770806,-0.2944382429122925,0.11889044195413588,-0.22609905898571012,0.09398374706506728,-0.08338049054145813,0.03386739268898964,0.078632153570652,-0.09636280685663225,0.28183481097221375,-0.806741952896118,1.067734122276306,-0.012390184216201304,0.03682676330208778,0.12232767045497894,-0.045829836279153824,-0.26505881547927856,0.6379309892654419,1.0630654096603391,0.18607455492019653,0.07405462116003036,-0.19422756135463717
0.03620079532265663,-0.004130970221012832,0.7792807221412658,0.9999656677246093,0.003836829215288162,0.007330944761633874,-0.0004754487017635256,0.05354784056544304,0.10537602752447128,0.17135125398635864,0.13067108392715454,-0.19585561752319333,-0.11940722912549973,0.09613174200057983,-0.05935162678360939,-0.2943652868270874,0.11888813227415083,-0.22621050477027893,0.09399988502264023,-0.08263449370861053,0.033767908811569214,0.07846046984195709,-0.09619131684303284,0.2813020050525665,-0.8064906597137451,1.0684869289398191,-0.012106981128454208,0.0370003916323185,0.1219404563307762,-0.04636753350496292,-0.26573190093040466,0.6376951932907104,1.0644543170928955,0.18771271407604215,0.07412023842334747,-0.19339223206043243
0.03599930182099342,-0.004011164885014296,0.7792429327964783,0.9999681115150452,0.0038454385939985514,0.006987766828387976,-0.0003563323989510536,0.0540543720126152,0.10522806644439696,0.17120972275733948,0.13071349263191223,-0.19579644501209256,-0.11930931359529497,0.09666336327791214,-0.05960074067115784,-0.2944912910461426,0.11885739862918852,-0.22628711163997647,0.09422980993986128,-0.0819293111562729,0.033578112721443176,0.07833249121904373,-0.0955810248851776,0.2809799611568451,-0.8062524795532225,1.0690454244613647,-0.01296543888747692,0.037089675664901726,0.121609129011631,-0.04671640321612358,-0.2668255567550659,0.6387722492218018,1.065697193145752,0.18964341282844543,0.07427185028791428,-0.19240343570709229
0.03578288108110428,-0.0037883978802710767,0.7792219519615173,0.9999708533287048,0.003891830332577229,0.006556554231792688,-0.0002934777003247291,0.05537708476185799,0.10482813417911528,0.17126919329166412,0.13035522401332855,-0.19548022747039795,-0.11906883120536804,0.09737977385520936,-0.06002306193113327,-0.29453155398368835,0.1189003214240074,-0.2261391878128052,0.09450970590114592,-0.08109025657176971,0.033416226506233215,0.07847224920988083,-0.09528101235628128,0.28086668252944946,-0.8062499761581421,1.0695512294769287,-0.013578581623733044,0.037026017904281616,0.1212589293718338,-0.0470210537314415,-0.2681885361671448,0.6410211324691772,1.0668838024139404,0.19023960828781128,0.07466812431812286,-0.1913648545742035
0.03552129119634628,-0.0034977025352418423,0.7792370915412903,0.9999732971191406,0.003954042214900255,0.0061366986483335495,-0.0002934197837021202,0.05684787780046463,0.1043904796242714,0.1717667132616043,0.12972497940063477,-0.1950410157442093,-0.11899107694625854,0.09803980588912964,-0.060571890324354165,-0.294546902179718,0.1190921813249588,-0.22591570019721985,0.09451021254062653,-0.08035846054553986,0.03328888863325119,0.07869692891836166,-0.09510894119739532,0.28077805042266846,-0.8065106272697448,1.0698189735412595,-0.01354009471833706,0.036955755203962326,0.12119656056165697,-0.047679051756858826,-0.26962029933929443,0.6442912220954895,1.0677964687347412,0.1896700710058212,0.07516585290431976,-0.19055873155593872
0.03517965227365494,-0.0031445249915122986,0.7792649269104005,0.9999755620956419,0.004012032877653837,0.005709193646907806,-0.0004811786348000169,0.05842645466327667,0.10393076390028,0.17258194088935852,0.12876951694488523,-0.1944357454776764,-0.11892568320035934,0.09867139160633089,-0.06119288131594658,-0.2944088876247406,0.11935188621282576,-0.22552283108234403,0.09448909014463425,-0.07973244041204451,0.0333716906607151,0.07908761501312256,-0.09501698613166808,0.2806437015533447,-0.8071480989456176,1.0694293975830078,-0.013966313563287258,0.037099689245224,0.12124281376600264,-0.04898636415600777,-0.27093422412872314,0.6480128765106201,1.0686426162719727,0.1887798607349396,0.07600373774766923,-0.1904588341712952
0.034798651933670044,-0.0027654117438942194,0.7793011665344238,0.9999777078628541,0.004025179427117108,0.005276734475046396,-0.0007596993236802518,0.059753645211458206,0.1035281717777252,0.17336878180503845,0.12783168256282806,-0.19366376101970673,-0.11871792376041412,0.09919805079698561,-0.06173183396458626,-0.29407182335853577,0.11943266540765762,-0.22473981976509091,0.09452772140502928,-0.07922042161226273,0.03366663306951523,0.07959291338920593,-0.09448505938053132,0.2805471122264862,-0.8079766631126403,1.0686850547790527,-0.015209993347525597,0.03757924959063529,0.12060921639204024,-0.05027542635798454,-0.2718087136745453,0.6510724425315857,1.0693002939224243,0.1889781802892685,0.07676929980516434,-0.1902104020118713
0.034326016902923584,-0.002359415171667933,0.7793811559677123,0.9999795556068419,0.004008498974144459,0.004842683672904968,-0.0011215341510251164,0.06064378470182418,0.10315369814634325,0.17393895983695984,0.12705563008785248,-0.19287146627902985,-0.11816724389791489,0.09940404444932936,-0.06221533194184303,-0.29353988170623774,0.11933227628469469,-0.22346799075603485,0.09469134360551834,-0.07873190939426422,0.034112609922885895,0.0801791325211525,-0.09373412281274797,0.2805383503437042,-0.808929443359375,1.067660927772522,-0.01698913984000683,0.03808176517486572,0.11938888579607008,-0.05123734101653099,-0.2721855938434601,0.653436541557312,1.06965434551239,0.19012214243412015,0.07764637470245361,-0.18947187066078183
0.03374593332409859,-0.0019288153853267431,0.7794823646545409,0.9999814629554749,0.003976126201450825,0.004376800730824471,-0.0014640000881627202,0.061182159930467606,0.10261280089616776,0.1740366816520691,0.12652714550495148,-0.19223675131797793,-0.1171831339597702,0.09954325854778288,-0.06268906593322754,-0.29266464710235596,0.11909261345863342,-0.22181396186351776,0.09483610838651656,-0.0784634053707123,0.03463250398635864,0.0810912549495697,-0.09296780824661255,0.2807432413101196,-0.8096106052398682,1.0661919116973877,-0.0184711255133152,0.03869514912366867,0.1176820918917656,-0.052496831864118576,-0.271912157535553,0.6553934812545776,1.070041537284851,0.19276772439479828,0.07822400331497192,-0.1880389302968979
0.033055368810892105,-0.0014511299086734653,0.7795941233634948,0.9999830722808836,0.0038845613598823543,0.003953052219003439,-0.0017854120815172791,0.06145077571272849,0.1020919606089592,0.1741218864917755,0.12616626918315887,-0.19180747866630557,-0.1160466820001602,0.09938034415245056,-0.06295102089643478,-0.2911189198493957,0.11863531172275545,-0.21993257105350492,0.09491293877363205,-0.07827478647232054,0.035312552005052567,0.082161121070385,-0.09205915033817293,0.2812822759151459,-0.8099290132522582,1.0644863843917847,-0.020289136096835136,0.03908872231841087,0.11609572172164916,-0.05375220254063606,-0.27109852433204645,0.6576284170150757,1.0702660083770752,0.19656977057456967,0.07857127487659454,-0.186580628156662
0.032240137457847595,-0.0009091778192669152,0.7797162532806396,0.9999842643737794,0.0037784597370773554,0.0035102295223623514,-0.0021981317549943924,0.061838299036026,0.1015075072646141,0.17458917200565338,0.12594066560268402,-0.19128096103668207,-0.11491385102272032,0.09908428043127061,-0.06319121271371841,-0.288850873708725,0.11817172169685364,-0.21813245117664337,0.09522908180952072,-0.07818054407835007,0.036003999412059784,0.08359070122241974,-0.09133309125900269,0.28213948011398315,-0.8107616305351257,1.0628039836883545,-0.02306903339922428,0.03966532275080681,0.11447974294424056,-0.055024519562721246,-0.27002215385437006,0.6609434485435486,1.0701727867126465,0.20018787682056427,0.07883412390947342,-0.18487192690372467
0.03132142499089241,-0.0003467716742306948,0.7798483371734619,0.9999842643737794,0.003673621919006109,0.003104478120803833,-0.002893973607569933,0.06218289583921432,0.10094217211008072,0.17581026256084442,0.12580300867557523,-0.19060418009757996,-0.1137467473745346,0.09845864027738573,-0.06350024044513702,-0.2859923541545868,0.11797820031642912,-0.21648420393466947,0.0956949070096016,-0.07790543138980865,0.03666524589061737,0.08529041707515715,-0.09104470908641817,0.2832951545715332,-0.8118559122085571,1.0608456134796143,-0.02601620182394981,0.04042341187596321,0.11259452998638152,-0.05671415850520133,-0.26892122626304626,0.6652647852897644,1.0696773529052734,0.20294727385044095,0.0787142813205719,-0.1830658316612244
0.03024232946336269,0.00029143248684704304,0.779998242855072,0.9999825954437258,0.003514623735100031,0.002699668053537607,-0.003892540698871017,0.06234001740813255,0.10035698115825652,0.17726856470108032,0.1260051727294922,-0.1899036169052124,-0.11208604276180267,0.0975845381617546,-0.06385096907615662,-0.2828064560890198,0.11808953434228896,-0.2148012071847916,0.0961812138557434,-0.07784129679203033,0.03744904696941376,0.08729723840951918,-0.0902363583445549,0.28491151332855225,-0.812674343585968,1.0588287115097044,-0.029537172988057137,0.04145151376724243,0.10974036157131196,-0.058940455317497246,-0.2677457928657532,0.6711968779563904,1.069286584854126,0.2056288719177246,0.07850065827369691,-0.18101166188716888
0.029058832675218586,0.0010326877236366272,0.7801623344421386,0.9999791979789732,0.003288369392976165,0.002340079052373767,-0.005034018773585558,0.0620441660284996,0.09973478317260742,0.17882104218006134,0.12647174298763275,-0.18928106129169464,-0.11025146394968031,0.09646736830472946,-0.06423945724964142,-0.2794032692909241,0.11821548640727995,-0.2130052149295807,0.09656211733818054,-0.0783727690577507,0.038444217294454575,0.08961487561464308,-0.08891458809375763,0.2867847979068756,-0.8130393028259277,1.056604266166687,-0.033902496099472046,0.04281120002269745,0.10625189542770384,-0.061741109937429435,-0.2666310966014862,0.6785759329795836,1.0692393779754639,0.20903411507606504,0.07802069187164305,-0.17878861725330353
0.027803044766187668,0.001892697997391224,0.7803379297256469,0.9999739527702333,0.0029936095234006643,0.002042145933955908,-0.006246855016797781,0.06118745729327202,0.09909632802009583,0.18038819730281827,0.12702372670173645,-0.18887221813201904,-0.10817039012908936,0.09497910737991332,-0.06466782838106155,-0.27581045031547546,0.11835027486085892,-0.21097540855407715,0.09690960496664049,-0.07929844409227371,0.03970834985375404,0.09216447919607161,-0.08720335364341734,0.28870469331741333,-0.8122555017471313,1.0535864830017088,-0.039362333714962006,0.04450611770153046,0.10259989649057388,-0.06498121470212936,-0.265663743019104,0.6861211657524109,1.0695323944091797,0.2134796530008316,0.07734858244657516,-0.17687195539474487
0.026485929265618324,0.0028643799014389515,0.7805265188217163,0.9999648928642274,0.00263971695676446,0.0018523872131481769,-0.007732308935374021,0.05983167514204978,0.09838701784610748,0.18214800953865048,0.12797071039676666,-0.18875958025455475,-0.10563903301954268,0.09285718202590942,-0.06518890708684921,-0.27174144983291626,0.11852774024009705,-0.20868930220603943,0.09731876105070114,-0.08041255176067352,0.04123672842979431,0.09484869986772536,-0.08446219563484192,0.29079717397689814,-0.8090466856956483,1.0481534004211424,-0.045747961848974235,0.046415653079748154,0.0995180532336235,-0.06846310198307037,-0.26465901732444763,0.6924996376037598,1.0700641870498655,0.21929147839546204,0.07712368667125702,-0.17557695508003235
0.02510211616754532,0.003943881019949913,0.7807600498199463,0.9999511837959288,0.0022048149257898326,0.00181380903813988,-0.00945949088782072,0.057961665093898766,0.09762796014547347,0.1839929223060608,0.12902772426605225,-0.18887525796890256,-0.10284686833620071,0.08971788734197617,-0.06575503200292587,-0.26700833439826965,0.1186162531375885,-0.2059763073921204,0.0977884903550148,-0.08155757933855055,0.04308253154158592,0.097508043050766,-0.08042103797197342,0.2933116853237152,-0.8019497990608214,1.0381861925125122,-0.0573517382144928,0.046733085066080086,0.09744628518819809,-0.07157452404499054,-0.26283782720565796,0.695701241493225,1.0711873769760132,0.2273656725883484,0.07696019113063811,-0.17617830634117126
0.02363382652401924,0.005184821784496307,0.7810432910919188,0.9999297857284544,0.0017627271590754388,0.001980663044378161,-0.011548226699233057,0.05560917034745216,0.0968109667301178,0.1864611506462097,0.13013310730457303,-0.1888989508152008,-0.09941959381103517,0.08536188304424285,-0.06680417060852051,-0.2621816396713257,0.11879239976406096,-0.20299106836318967,0.09801765531301497,-0.08257360011339188,0.04505404829978943,0.10012553632259368,-0.0747823715209961,0.2971996068954468,-0.7916761636734008,1.023102045059204,-0.07632743567228317,0.04364936426281929,0.09723305702209473,-0.07423083484172821,-0.25975483655929565,0.6974403858184814,1.0738933086395264,0.23592081665992737,0.07628963142633438,-0.1791907101869583
0.022076729685068127,0.006586026400327682,0.7813478708267213,0.9998958706855774,0.0014201418962329626,0.002311774995177984,-0.014173033647239208,0.053256049752235406,0.09587538987398148,0.1900857836008072,0.13079771399497983,-0.1884359270334244,-0.09544818848371504,0.0798596143722534,-0.0684715136885643,-0.2570703625679016,0.11942949891090392,-0.20020222663879397,0.09806232899427413,-0.08337724208831787,0.04665017127990723,0.10308388620615004,-0.06809265166521072,0.30386391282081604,-0.7808770537376403,1.0050022602081299,-0.10403811186552048,0.03491242602467537,0.09830444306135176,-0.07746300101280211,-0.2546352446079254,0.7017168402671814,1.080432653427124,0.24249088764190677,0.0744202509522438,-0.18295036256313324
0.020485095679759976,0.00807253085076809,0.7816511392593383,0.9998486042022704,0.001343051204457879,0.0027570759411901236,-0.017126586288213726,0.051448307931423194,0.09436055272817613,0.19457118213176727,0.13080044090747833,-0.18735836446285248,-0.0909297913312912,0.0735512375831604,-0.07081950455904007,-0.2516399919986725,0.12099281698465349,-0.19802793860435483,0.09768355637788771,-0.08421699702739716,0.0467703714966774,0.10641399025917052,-0.06099574267864227,0.3147299885749817,-0.773367702960968,0.9899705052375792,-0.14012388885021207,0.020215503871440887,0.10058987885713576,-0.08322340250015257,-0.24726919829845428,0.7167704701423645,1.0932530164718628,0.2444669008255005,0.07105471193790436,-0.18233090639114377
0.01900227181613445,0.00958713237196207,0.7819307446479796,0.9997898936271667,0.0015885366592556238,0.0032761511392891407,-0.02017181925475597,0.05027477815747261,0.0925796627998352,0.20078113675117487,0.1300491094589233,-0.1856281906366348,-0.08648232370615005,0.06675200164318085,-0.07358496636152267,-0.24520476162433624,0.1240897923707962,-0.1973079741001129,0.0970570594072342,-0.08535914123058319,0.04441113770008087,0.1096748486161232,-0.05433556064963341,0.3306242227554321,-0.7723393440246582,0.9862858653068542,-0.1817815750837326,0.002474723383784294,0.10354121029376984,-0.09422992169857024,-0.23879499733448029,0.7536485791206359,1.1148021221160889,0.239501029253006,0.06531936675310135,-0.17122194170951843
0.0176420621573925,0.01118464395403862,0.7822099328041076,0.9997256994247437,0.00179457594640553,0.0034426082856953144,-0.023095970973372456,0.04968278482556343,0.09137099981307983,0.20797832310199735,0.13010181486606595,-0.1847291886806488,-0.08102648705244064,0.06102016568183898,-0.07581593096256256,-0.23838935792446136,0.1276441067457199,-0.19675625860691073,0.09620772302150726,-0.08733554929494858,0.03943887352943421,0.11347495019435883,-0.04966161400079727,0.3522959053516388,-0.7795432806015015,1.0052306652069092,-0.22163976728916168,-0.014312860555946825,0.10798273980617525,-0.11407890915870667,-0.23192794620990756,0.8285377621650695,1.1482867002487183,0.21731598675251007,0.05594857782125473,-0.14224703609943387
0.01638033613562584,0.012974089011549948,0.7823888063430786,0.9996603131294249,0.0014129348564893007,0.0023955884389579296,-0.025914957746863365,0.050264015793800354,0.09152926504611969,0.2148648500442505,0.1324814409017563,-0.18740567564964292,-0.07476022839546204,0.059736255556344986,-0.07624195516109465,-0.2329082041978836,0.1280573457479477,-0.1950199753046036,0.09525611996650697,-0.0906750112771988,0.03298742696642876,0.12011095881462096,-0.05128454789519309,0.3807336091995239,-0.8018944263458253,1.060928463935852,-0.24401094019412997,-0.020478153601288795,0.11434458196163176,-0.15018506348133087,-0.23312269151210785,0.9589674472808836,1.1944135427474976,0.1602836102247238,0.04481687396764755,-0.09551301598548888
0.015178737230598927,0.0147719020023942,0.782474160194397,0.9996256828308104,5.276579759083688e-05,0.0011671449756249783,-0.027334406971931458,0.04840848594903946,0.09320619702339171,0.21686734259128568,0.14047200977802277,-0.19463102519512177,-0.06961967051029205,0.06083040311932564,-0.07411037385463713,-0.2306957244873047,0.124668151140213,-0.19155707955360407,0.09426410496234892,-0.09734876453876495,0.027401288971304893,0.1278177946805954,-0.057559236884117126,0.41763874888420094,-0.8511293530464172,1.1453220844268799,-0.2113657295703888,0.007411602884531021,0.11188981682062148,-0.20594924688339236,-0.2533081173896789,1.1366462707519531,1.2316961288452148,0.044931571930646896,0.04427428171038628,-0.04460844770073891
0.013924739323556423,0.016054846346378326,0.7825026512145997,0.9996504783630371,-0.0019283741712570193,0.001549047534354031,-0.02632058225572109,0.039294861257076256,0.09567756950855257,0.21091847121715543,0.15670055150985715,-0.2040928900241852,-0.06805083900690079,0.05952035263180733,-0.07122702151536942,-0.23280774056911469,0.11981285363435744,-0.1856686174869537,0.09233061969280243,-0.10629402846097946,0.022952500730752945,0.12882187962532043,-0.05176720023155213,0.4713512361049652,-0.9469919800758362,1.193379521369934,-0.06058311462402344,0.08997094631195068,0.08014045655727385,-0.2715025842189789,-0.3025846481323242,1.3167657852172852,1.22889244556427,-0.17485609650611875,0.06589367240667343,-0.0002660148893482983
0.012036217376589777,0.01654673181474209,0.7825850248336792,0.9996727108955384,-0.0036964621394872665,0.00543020898476243,-0.024724708870053288,0.023863965645432472,0.09902586787939072,0.20092593133449557,0.17190970480442047,-0.21078559756278992,-0.07258308678865431,0.04943962022662162,-0.06809437274932861,-0.234392449259758,0.11586491018533707,-0.17820891737937927,0.08811888843774796,-0.10942259430885314,0.016442852094769474,0.1147533357143402,-0.005128614138811827,0.5764480829238892,-1.070986032485962,1.0870492458343504,0.22903321683406827,0.1863514482975006,0.026571143418550488,-0.33335456252098083,-0.39783537387847906,1.4720637798309326,1.1697452068328855,-0.4610732197761536,0.11817255616188048,0.03794099390506744
0.010244852863252161,0.01578216254711151,0.7827004194259644,0.9996306896209716,-0.0036720396019518375,0.01251472160220146,-0.023842995986342434,0.008570749312639235,0.09960774332284927,0.191324383020401,0.16935256123542783,-0.20740878582000727,-0.07942332327365875,0.03211119771003723,-0.06520280987024307,-0.2293556779623032,0.11313692480325697,-0.17384648323059082,0.08950030803680421,-0.09983665496110915,0.0027833180502057076,0.08221376687288284,0.11584344506263732,0.7642727494239806,-1.0681569576263428,0.7227371335029602,0.4979875385761261,0.2537113130092621,-0.02126604691147804,-0.37802997231483454,-0.5554383397102356,1.5715131759643555,1.025933861732483,-0.7038897275924683,0.18285882472991943,0.09515262395143509
0.008655432611703873,0.013874923810362816,0.7831816077232362,0.9995305538177489,-0.0025145509280264378,0.02341676503419876,-0.01959498785436153,-0.016386743634939194,0.09771028906106947,0.1754736751317978,0.1546320915222168,-0.19300693273544312,-0.08646056056022643,0.00535602169111371,-0.06432962417602539,-0.22750023007392883,0.11575055122375488,-0.17340612411499023,0.09029103815555571,-0.08295731991529463,-0.023288574069738388,0.04201909527182579,0.3157865107059479,1.0204427242279053,-0.9176961183547971,0.17246295511722565,0.6689839363098145,0.31387969851493835,-0.08724287152290344,-0.4176189601421356,-0.7691299319267274,1.6029480695724487,0.7426818609237671,-0.8310216069221495,0.22719281911849973,0.20421658456325528
0.005932681728154421,0.010493205860257149,0.7839191555976868,0.9993653893470765,-0.001301450189203024,0.03481528535485268,-0.007416129577904939,-0.061741437762975686,0.0969102382659912,0.14933037757873535,0.16316625475883484,-0.17968115210533142,-0.09206924587488174,-0.02414249442517757,-0.06659761071205139,-0.24486452341079712,0.126233771443367,-0.17694099247455597,0.08288211375474931,-0.05699803680181503,-0.06146447360515594,0.026311755180358887,0.5486401319503784,1.2783790826797483,-0.6486325860023499,-0.3744502365589142,0.7103191018104553,0.346567839384079,-0.17406699061393735,-0.4130420982837677,-1.0201286077499387,1.5800833702087402,0.3643991649150848,-0.8573790788650512,0.2221941351890564,0.328457236289978
0.0013893875293433666,0.006014491431415081,0.7835997939109801,0.998984396457672,-0.0007384783821180464,0.0440952442586422,0.009235215373337267,-0.11834592372179031,0.09732833504676819,0.11561378091573717,0.19941484928131104,-0.1757300496101379,-0.09975539892911912,-0.06620962917804718,-0.0749279335141182,-0.2709868550300598,0.1811353713274002,-0.20234547555446625,0.07072895765304565,-0.004893894772976637,-0.09424969553947447,0.04815055429935455,0.6928752064704895,1.494625449180603,-0.3316088914871216,-0.7795178294181823,0.6612818837165833,0.35440662503242487,-0.2190949320793152,-0.2934642732143402,-1.2403593063354492,1.5024757385253906,0.04600355401635169,-0.8462068438529968,0.18706510961055756,0.43542045354843134
-0.004369606263935566,0.001642500516027212,0.7812910079956055,0.9984443783760071,0.0018476736731827257,0.051811497658491135,0.020517153665423397,-0.16912618279457092,0.09492971003055571,0.09856566786766051,0.2424185425043106,-0.18017879128456116,-0.11017306894063948,-0.14741568267345428,-0.09762778133153917,-0.2824419140815735,0.3165189027786255,-0.26538121700286865,0.052893761545419686,0.05066144466400146,-0.1114797443151474,0.09331507980823517,0.7116171717643738,1.5960147380828855,-0.052338197827339165,-0.9487413763999939,0.6701164841651917,0.3726081252098083,-0.1843630224466324,-0.1310960352420807,-1.3417569398880005,1.3908735513687132,-0.07897304743528366,-0.8372557163238524,0.16257144510746002,0.45877140760421753
-0.010246970690786839,-0.003854849841445685,0.7765339016914367,0.9979120492935181,0.010106336325407028,0.05854330211877823,0.025339897722005844,-0.21350914239883423,0.08488138020038605,0.09990685433149336,0.2847525179386139,-0.19280157983303073,-0.12433761358261108,-0.23783889412879944,-0.1326824277639389,-0.28555604815483093,0.46344923973083496,-0.3279852867126465,0.03485263511538505,0.10378971695899963,-0.13704290986061096,0.14684341847896576,0.5959523320198059,1.620893120765686,0.12401769310235976,-0.8851684927940368,0.7685194611549377,0.3931562602519989,-0.1344190537929535,-0.028551343828439713,-1.4244920015335083,1.2847837209701538,-0.11899609118700027,-0.8120468258857726,0.1522795855998993,0.42750427126884466
-0.014642774127423763,-0.009965633973479273,0.7707051038742065,0.9977840185165405,0.01028523314744234,0.06052504852414131,0.025649897754192352,-0.2579490840435028,0.09975330531597136,0.09982933104038239,0.3562401235103607,-0.23084208369255063,-0.1450827270746231,-0.29313620924949646,-0.13620957732200623,-0.2808107435703277,0.5569469928741455,-0.36508908867836,0.017890591174364086,0.1408998668193817,-0.14821727573871613,0.1871096193790436,0.5313912034034729,1.6150672435760498,0.2678820788860321,-0.7332254648208617,0.7850047945976257,0.42740854620933527,-0.13139572739601135,-0.034983858466148376,-1.4797244071960447,1.2295577526092527,-0.09377729147672653,-0.7713727951049805,0.14810118079185483,0.33760178089141846
-0.017352281138300896,-0.016643712297081947,0.7639915347099304,0.9980981945991517,-0.007866327650845049,0.05799458548426628,0.019359227269887924,-0.32747188210487366,0.16677135229110715,0.08324223756790161,0.5001164674758911,-0.3074002265930176,-0.1777763068675995,-0.31542477011680603,-0.08361288905143738,-0.27863451838493347,0.5998435616493225,-0.3800212442874909,-0.0027386145666241646,0.16683100163936615,-0.1273847073316574,0.2135252803564072,0.47196674346923834,1.559648513793945,0.3287374675273895,-0.5932014584541321,0.6945086717605591,0.4757203757762909,-0.1261812150478363,-0.14051038026809692,-1.5304527282714844,1.2702782154083252,-0.0743613690137863,-0.6984650492668152,0.13544109463691711,0.21837677061557767
-0.01949889212846756,-0.02397475764155388,0.7538108229637147,0.9976992011070253,-0.04220341891050339,0.05257453396916389,0.007150956429541111,-0.42715585231781006,0.2765943109989166,0.04922768846154213,0.6983931064605713,-0.39826649427413935,-0.19687174260616305,-0.32393550872802734,0.011149956844747066,-0.28344061970710754,0.6220317482948303,-0.3744624257087708,-0.027792913839221,0.17460818588733673,-0.08179172873497009,0.24006511270999908,0.4456578195095062,1.4525179862976074,0.25593796372413635,-0.5753273963928223,0.6211088299751282,0.5163105726242065,-0.0678584948182106,-0.25676244497299194,-1.5832037925720215,1.3519580364227295,-0.11009849607944489,-0.6209109425544739,0.12853136658668518,0.15791957080364227
-0.02215149626135826,-0.03157658129930496,0.7378969192504883,0.9953758120536803,-0.08550850301980972,0.042360596358776086,-0.010996283032000065,-0.5191632509231567,0.40952610969543457,-0.0015016401885077355,0.8944318294525145,-0.48515909910202026,-0.20496606826782224,-0.3278447687625885,0.12809447944164276,-0.29168459773063654,0.6536386013031006,-0.38263761997222895,-0.05085479840636253,0.17664325237274167,-0.0038999714888632298,0.2738827168941498,0.4742515385150909,1.3565315008163452,0.05663269758224487,-0.6657363176345825,0.5572721362113953,0.5130686759948729,-0.011299828067421911,-0.3532949984073639,-1.5982816219329832,1.4521751403808592,-0.10186390578746796,-0.5351885557174683,0.11519041657447814,0.04633314535021782
-0.02559881657361984,-0.03853297606110573,0.71592915058136,0.9913882613182067,-0.12352149188518524,0.03471214324235916,-0.026207584887743,-0.6058278679847717,0.519902765750885,-0.07278478890657425,1.065718650817871,-0.5641872882843018,-0.20351785421371457,-0.35615336894989014,0.22644326090812683,-0.30606293678283686,0.7231565117835999,-0.4269807636737824,-0.06744968891143799,0.1639784425497055,0.0737738162279129,0.30373796820640564,0.4758149087429047,1.3016915321350095,-0.19090481102466583,-0.753625452518463,0.50062358379364,0.4139879941940308,0.05460673198103905,-0.43608665466308594,-1.4659632444381712,1.562056064605713,0.07513292878866196,-0.48776158690452576,0.1019044816493988,-0.118521086871624
-0.02960537001490593,-0.04419585317373276,0.6924106478691101,0.9869709610939024,-0.15318219363689423,0.03284341096878052,-0.03667192161083221,-0.695184588432312,0.5968150496482849,-0.15293769538402557,1.2108250856399536,-0.6280882954597473,-0.21143528819084167,-0.41044148802757263,0.2927865982055664,-0.33661559224128723,0.8204652667045593,-0.47873678803443914,-0.08947489410638809,0.14419201016426086,0.12788911163806915,0.33226314187049866,0.37062627077102656,1.2501122951507568,-0.4224982559680938,-0.8005021214485168,0.4224930107593536,0.33375534415245056,0.10648971050977706,-0.45443359017372126,-1.1979100704193115,1.5854476690292358,0.4194227457046509,-0.4510641098022461,0.10877130925655364,-0.23748819530010223
-0.03228183090686798,-0.04825462400913239,0.6731926798820496,0.9837074875831603,-0.17035534977912903,0.03552095219492912,-0.04513203352689743,-0.7679282426834105,0.6452942490577698,-0.20855867862701416,1.3132168054580688,-0.6708484292030334,-0.22820520401000977,-0.4668608903884888,0.3271794319152832,-0.3589880168437958,0.9095098972320557,-0.5189430117607117,-0.10508415848016738,0.1251859962940216,0.1541001796722412,0.34212568402290344,0.2525501549243927,1.174647569656372,-0.6098332405090332,-0.77228182554245,0.3961712121963501,0.2897987961769104,0.16307492554187775,-0.4221734404563904,-0.9102508425712584,1.464958906173706,0.7742893099784851,-0.4191759824752808,0.1487853080034256,-0.2836085259914398
-0.03274081647396088,-0.049682743847370155,0.659919023513794,0.9820634722709656,-0.17310993373394012,0.04564490914344788,-0.05916844308376312,-0.8181657791137694,0.6763212680816649,-0.21438336372375488,1.374824285507202,-0.6904178261756897,-0.23682844638824463,-0.5300198793411255,0.3353828191757202,-0.3579235374927521,0.9868891835212708,-0.5453953742980957,-0.1195644810795784,0.09664145857095718,0.15650449693202972,0.3177199363708496,0.17771293222904205,1.0384031534194946,-0.7257319092750549,-0.6598548293113708,0.4743892550468445,0.2648822069168091,0.1877329796552658,-0.3873155117034912,-0.6930418014526367,1.2658568620681763,0.9328507184982301,-0.4026055634021759,0.16771318018436432,-0.27207893133163447
-0.03214692324399948,-0.049468334764242165,0.6519193649291992,0.9807482957839965,-0.16934075951576233,0.05683121085166931,-0.0789092630147934,-0.8487852811813353,0.7002094388008118,-0.20293663442134857,1.4126592874526975,-0.7003150582313538,-0.23489889502525327,-0.5900490880012512,0.34273695945739746,-0.33789920806884766,1.0416367053985596,-0.554429292678833,-0.12493708729743956,0.07383120059967041,0.15639348328113556,0.28767141699790955,0.19051451981067655,0.9245282411575315,-0.7146604657173157,-0.6362747550010681,0.5847270488739014,0.28011590242385864,0.16859175264835355,-0.35165348649024963,-0.5372878909111023,1.0772241353988647,0.977335512638092,-0.2738398611545563,0.12448186427354813,-0.26983311772346497
-0.03174692764878273,-0.04915813356637955,0.6448583006858826,0.9785918593406675,-0.16786819696426392,0.0668795257806778,-0.09851545095443724,-0.8766956925392151,0.7228649854660033,-0.20043879747390747,1.4473116397857666,-0.7109963893890381,-0.2301228493452072,-0.6434034705162048,0.3587241768836975,-0.322482705116272,1.0821174383163452,-0.5559162497520447,-0.1265463829040527,0.06077433377504349,0.16139106452465057,0.26522731781005854,0.2355428785085678,0.8487322926521301,-0.6501941680908203,-0.671907901763916,0.6764387488365173,0.3184873163700104,0.12245626002550124,-0.335450142621994,-0.4236589670181274,0.9066854119300841,0.9904403090476989,-0.05180957168340682,0.07242605835199357,-0.2601861655712128
-0.03171296790242195,-0.04894710332155228,0.637448787689209,0.9758413434028624,-0.1702163517475128,0.0727241113781929,-0.1160661205649376,-0.9017926454544067,0.7486816048622131,-0.2081774473190308,1.4869048595428467,-0.7209503054618835,-0.22746518254280088,-0.6833457946777344,0.3811526000499725,-0.31419417262077326,1.1182947158813477,-0.5586404204368591,-0.12901560962200165,0.0559900663793087,0.17277687788009644,0.2510606646537781,0.28331050276756287,0.8077090978622435,-0.5819849371910095,-0.739701509475708,0.769340693950653,0.3597432076931,0.058823492377996445,-0.34345999360084534,-0.35228493809700007,0.7815743684768676,0.9987176060676575,0.10551587492227554,0.04246293008327484,-0.24351343512535092
-0.03193621337413788,-0.04881217330694199,0.6299406290054321,0.9732304811477661,-0.1741891652345657,0.07372532039880753,-0.1305568814277649,-0.9162529706954957,0.7740907669067383,-0.21917274594306943,1.5240455865859983,-0.7348851561546325,-0.22725279629230496,-0.7078114151954651,0.4032469391822815,-0.3099784255027771,1.1528935432434082,-0.5658817887306212,-0.1353982388973236,0.054115202277898795,0.187397301197052,0.24287112057209012,0.32568538188934326,0.790895640850067,-0.5315633416175841,-0.819704532623291,0.8728377819061278,0.38955011963844294,-0.004271581768989562,-0.37090453505516047,-0.3203276395797729,0.7135209441184998,1.0160536766052246,0.172819584608078,0.03635980933904648,-0.23561151325702667
-0.03196731209754944,-0.04897278547286987,0.6227747201919556,0.9713366031646729,-0.17764557898044586,0.07105708122253418,-0.14106060564517975,-0.917007863521576,0.7967637181282043,-0.2257007360458374,1.5531438589096067,-0.7558705210685731,-0.22887369990348813,-0.7190373539924622,0.4192678928375244,-0.3087885081768036,1.185441493988037,-0.5772841572761536,-0.14311619102954865,0.051884211599826806,0.20165316760540009,0.23864690959453583,0.35598739981651306,0.7847835421562195,-0.510099232196808,-0.8862565755844115,0.9689895510673523,0.408676028251648,-0.0479026734828949,-0.4098603129386902,-0.31231364607810974,0.6807367205619812,1.0525410175323486,0.20940789580345157,0.04678143933415413,-0.24010817706584928
-0.03194067254662514,-0.04958750680088997,0.6174103021621704,0.9705032110214232,-0.17933562397956848,0.06702402979135513,-0.1465265303850174,-0.91278338432312,0.8135778307914733,-0.2262018173933029,1.5732334852218628,-0.7730175852775573,-0.23048889636993408,-0.719399631023407,0.4260357022285461,-0.3109520375728607,1.2135334014892578,-0.5896114706993103,-0.14948271214962003,0.04823369160294533,0.21168801188468933,0.23914964497089383,0.3675472140312194,0.7833366394042968,-0.5147345066070557,-0.916454792022705,1.040785312652588,0.4248064458370209,-0.07208366692066193,-0.4494834542274475,-0.3129917085170746,0.6566148400306702,1.1020357608795166,0.24790205061435697,0.06506142765283585,-0.25950571894645685
-0.031986527144908905,-0.05049864947795868,0.6155561208724976,0.9704242944717408,-0.1798311024904251,0.06476578861474991,-0.14745444059371948,-0.9113157987594604,0.8217640519142151,-0.22582826018333435,1.5799118280410767,-0.7747045159339904,-0.23296886682510373,-0.7136986255645752,0.42658087611198425,-0.3118497133255005,1.2236905097961424,-0.5922040939331055,-0.15428897738456726,0.04044931381940842,0.21773932874202728,0.23861619830131528,0.36321681737899775,0.7885310053825377,-0.5328927040100098,-0.9240185618400573,1.0844249725341797,0.43711304664611816,-0.09763309359550477,-0.4766683280467987,-0.31889408826828,0.623628556728363,1.132995843887329,0.28918927907943726,0.08258645236492158,-0.287291020154953
-0.032322946935892105,-0.05133632943034172,0.6163454651832581,0.9708409309387208,-0.17844077944755554,0.06469400972127913,-0.14642901718616483,-0.9118381142616273,0.8196445107460022,-0.2262011617422104,1.5770930051803589,-0.7688950300216675,-0.233552560210228,-0.7105322480201721,0.4241489768028259,-0.3089483380317688,1.22160804271698,-0.58771151304245,-0.15603739023208618,0.027028229087591168,0.21894691884517667,0.23512515425682068,0.3554578721523285,0.8036911487579346,-0.5440238118171692,-0.9454530477523805,1.092480182647705,0.44302347302436823,-0.13425637781620023,-0.4871523678302765,-0.3255191445350647,0.5906887650489807,1.12923526763916,0.3216523826122284,0.09142671525478364,-0.31223106384277344
-0.03311937674880028,-0.051919080317020416,0.6179370880126953,0.9714163541793824,-0.1764512062072754,0.06557517498731613,-0.1446203738451004,-0.9128715395927427,0.8122453093528748,-0.2272044867277145,1.571124792098999,-0.7635428905487059,-0.23308902978897092,-0.7100875973701477,0.4211780726909637,-0.30567774176597595,1.2147104740142822,-0.5825396180152893,-0.1542186737060547,0.011197298765182497,0.2162414640188217,0.2310716211795807,0.3495304584503174,0.8301279544830321,-0.5523191690444945,-0.9926670193672179,1.0640205144882202,0.44085857272148127,-0.17244642972946167,-0.4849682450294495,-0.33238744735717773,0.5768247246742249,1.098834753036499,0.3308983445167541,0.09094692766666412,-0.322689026594162
-0.03438862785696983,-0.05206599459052086,0.6194637417793274,0.9719902276992797,-0.17495153844356537,0.06598848104476929,-0.14238141477108,-0.9133530259132384,0.80385422706604,-0.22769971191883087,1.5651874542236328,-0.7598140835762024,-0.23217318952083588,-0.7087732553482056,0.41840305924415594,-0.3038830757141113,1.2072668075561523,-0.5789883136749268,-0.15185560286045074,-0.004862297326326369,0.21245421469211576,0.22821316123008728,0.3390631079673767,0.868710219860077,-0.5727685689926147,-1.0598816871643066,0.9941374063491821,0.4336487650871277,-0.2120241671800613,-0.47865498065948486,-0.34304603934288025,0.5879431962966919,1.059470534324646,0.31849899888038635,0.08717590570449829,-0.31445595622062683
-0.03609053418040276,-0.05178533494472504,0.6211190819740297,0.9726637601852418,-0.17390494048595428,0.06598112732172012,-0.13902768492698667,-0.9140225648880003,0.7936682701110839,-0.2283189594745636,1.558887243270874,-0.7555071711540222,-0.23118925094604487,-0.7059273719787598,0.41379138827323914,-0.3040052652359009,1.1990242004394531,-0.5770735144615173,-0.15011858940124512,-0.022384449839591977,0.20873181521892548,0.2267437279224396,0.31690990924835205,0.9239521026611328,-0.6195886731147766,-1.1465840339660645,0.8358386158943176,0.41586658358573914,-0.2554706335067749,-0.47054988145828247,-0.3611657917499542,0.625845432281494,1.0132951736450195,0.2916486859321594,0.0829697474837303,-0.28663426637649536
-0.03792456537485123,-0.050968937575817115,0.6234620213508606,0.9736458659172058,-0.17242950201034543,0.06514116376638412,-0.13430722057819366,-0.9122211933135985,0.7800397872924804,-0.22672306001186368,1.5484876632690427,-0.7484473586082457,-0.23213234543800357,-0.6995667219161987,0.40703520178794866,-0.30403035879135126,1.1864134073257446,-0.5766559839248657,-0.14718645811080933,-0.04204197973012924,0.20390088856220245,0.22862668335437772,0.28159666061401367,0.992342472076416,-0.6958084106445312,-1.2334078550338743,0.5261092782020569,0.3638266026973724,-0.31434184312820435,-0.45867666602134705,-0.38959097862243647,0.6982316970825195,0.9583504796028136,0.2495787888765335,0.07787737250328064,-0.22648145258426663
-0.039550598710775375,-0.04946735501289368,0.6270531415939331,0.9748370647430421,-0.17027823626995087,0.06230101734399796,-0.1296790987253189,-0.9012647271156312,0.7660070061683655,-0.21720892190933228,1.53134024143219,-0.7380946278572081,-0.23334987461566925,-0.6838051080703735,0.40062865614891047,-0.3023413419723511,1.1673202514648435,-0.5740684270858765,-0.14173029363155365,-0.05876202508807182,0.19718503952026367,0.23498971760272977,0.24621020257472992,1.0565485954284668,-0.7853714823722838,-1.2684471607208252,0.17184804379940033,0.2807878851890564,-0.36578369140625,-0.44222086668014526,-0.4276178777217865,0.8015291094779968,0.898605227470398,0.1866490989923477,0.07363580167293549,-0.12449798732995986
-0.04072878137230873,-0.047641083598136895,0.6329137086868286,0.9758216738700866,-0.16874347627162933,0.057747840881347656,-0.12634439766407013,-0.8753977417945863,0.754550814628601,-0.2004547417163849,1.5033004283905027,-0.7281503081321715,-0.2316048294305801,-0.6561135053634644,0.3946180045604706,-0.30043578147888184,1.136492133140564,-0.5642326474189758,-0.13707993924617767,-0.06632133573293686,0.19406731426715848,0.24414636194705963,0.21915651857852933,1.1029263734817505,-0.8636754155158995,-1.2301087379455566,-0.08473950624465942,0.22054570913314817,-0.35276642441749567,-0.4218546748161316,-0.4711979329586029,0.9257929921150208,0.8368428945541383,0.08621243387460707,0.0780707374215126,0.018751278519630432
-0.041265614330768585,-0.04547065496444702,0.6421782374382019,0.9765796065330504,-0.1679898500442505,0.05271453410387039,-0.12366469204425812,-0.8384924530982971,0.74443119764328,-0.17947323620319366,1.4616379737854004,-0.7168141603469849,-0.22487834095954892,-0.6164676547050476,0.3881517350673676,-0.2950192093849182,1.0864866971969604,-0.5427926182746887,-0.1310979723930359,-0.06276429444551468,0.1970347613096237,0.25387492775917053,0.19375090301036835,1.1351051330566406,-0.9036427736282349,-1.116906762123108,-0.2789403200149536,0.17747728526592255,-0.30151262879371643,-0.39320924878120417,-0.5182584524154663,1.0594967603683472,0.7620374560356141,-0.09351103007793425,0.09353443980216981,0.1985898315906525
-0.04078612849116325,-0.042684342712163925,0.6565582156181335,0.9775525331497192,-0.16535402834415436,0.0494440533220768,-0.12084876745939253,-0.7910008430480957,0.727812111377716,-0.1478208601474762,1.3981038331985471,-0.6991204619407654,-0.21459299325942996,-0.5657180547714232,0.37708652019500727,-0.28069007396698,1.0087857246398924,-0.5077307820320128,-0.11952923238277437,-0.04774700850248337,0.20371171832084653,0.26057732105255127,0.1847289204597473,1.160217046737671,-0.866495132446289,-0.9140440821647645,-0.427220344543457,0.13879552483558655,-0.21348607540130612,-0.3395601511001587,-0.5772042870521545,1.1909343004226685,0.6465750336647034,-0.3699418604373932,0.1115937978029251,0.40137949585914606
-0.038853295147418976,-0.03957979753613472,0.6756739616394042,0.9793291091918944,-0.15808075666427612,0.049674283713102334,-0.11600662767887115,-0.7333688139915465,0.696301281452179,-0.10230253636837004,1.307763934135437,-0.6669799685478209,-0.20292323827743527,-0.5079923272132874,0.356640487909317,-0.26062434911727905,0.9035449028015136,-0.460283488035202,-0.10263095051050186,-0.032100021839141846,0.2079681754112244,0.2622537612915039,0.23131223022937772,1.1650248765945435,-0.7448964118957518,-0.6504215598106384,-0.4584628939628601,0.10961638391017912,-0.1092524304986,-0.24665740132331848,-0.6424471735954285,1.2776230573654175,0.5176113843917847,-0.5872819423675537,0.1209089383482933,0.5383558869361876
-0.03479226678609848,-0.03637482598423958,0.696997344493866,0.9823654890060426,-0.1456657201051712,0.04998140037059784,-0.10602547228336334,-0.6601930260658264,0.6490616202354431,-0.04645723104476929,1.1949151754379272,-0.617637574672699,-0.19659927487373352,-0.4394954144954681,0.3255721926689148,-0.2381310164928436,0.7781221270561217,-0.4078957736492157,-0.08053376525640486,-0.028752578422427177,0.19934396445751193,0.2601571083068848,0.3425433337688446,1.1395498514175415,-0.5909894108772278,-0.40136608481407166,-0.36451321840286255,0.10705487430095673,-0.007561856415122747,-0.128548726439476,-0.692086696624756,1.300821304321289,0.42765057086944575,-0.6913039684295654,0.1315755844116211,0.5984346270561217
-0.028720898553729057,-0.03227304294705391,0.7192898988723755,0.987074136734009,-0.12455416470766068,0.045465175062417984,-0.0900207981467247,-0.5570065379142761,0.5741217732429504,0.016306977719068527,1.055187463760376,-0.5576786994934082,-0.1964057832956314,-0.3532606363296509,0.27044922113418574,-0.21742282807826996,0.6420771479606628,-0.3621450364589691,-0.055973723530769355,-0.03781663998961449,0.16922007501125336,0.24982811510562897,0.4456528425216674,1.0797975063323975,-0.4832435250282288,-0.17495781183242795,-0.17170214653015137,0.12987640500068665,0.03473246842622757,0.005693559534847736,-0.7312934398651123,1.2767267227172852,0.37471941113471985,-0.7328456044197081,0.1311158835887909,0.6262283325195312
-0.02151304483413696,-0.027116259559988972,0.7399834394454957,0.9920434951782225,-0.09678176045417784,0.04029199481010437,-0.06971004605293274,-0.4474677741527557,0.47782823443412786,0.0707501471042633,0.8980544209480285,-0.48680129647254944,-0.1926155537366867,-0.2660684585571289,0.19823510944843287,-0.2020545452833176,0.5111570358276367,-0.3232342600822449,-0.03051923215389252,-0.05372767150402069,0.1250251680612564,0.22069580852985385,0.5230485200881958,1.0283207893371582,-0.43041655421257013,-0.019487014040350917,0.033694427460432046,0.1458292454481125,-0.010446518659591675,0.1517866849899292,-0.76457542181015,1.2090392112731931,0.34273967146873474,-0.7044041156768799,0.12359896302223204,0.6400915980339049
-0.014201859012246132,-0.021477697417140007,0.7573755383491517,0.9958071112632751,-0.0679582804441452,0.03899114206433296,-0.04721944779157639,-0.35281482338905334,0.37374961376190186,0.1034366860985756,0.7262998819351196,-0.40459281206130976,-0.185823068022728,-0.19184270501136777,0.12484374642372131,-0.1986345201730728,0.39181068539619446,-0.28448477387428284,-0.007760089356452226,-0.06909952312707901,0.08122523128986359,0.1737285554409027,0.5628460645675659,0.9890071749687194,-0.4030327796936035,0.08475150913000105,0.17655636370182037,0.14881426095962524,-0.06474640965461731,0.30385658144950867,-0.7891164422035217,1.0887221097946167,0.3148142397403717,-0.586251974105835,0.1178150251507759,0.6322612762451172
-0.007725014816969634,-0.015697922557592392,0.7708283066749572,0.9978210926055907,-0.04285763204097748,0.04254504293203354,-0.0265737883746624,-0.2761751115322113,0.27965036034584045,0.11874914169311523,0.5503156781196593,-0.3145859241485596,-0.17738908529281616,-0.1350763440132141,0.0612739771604538,-0.208928257226944,0.28509300947189326,-0.24192717671394348,0.013018803671002388,-0.07704246044158934,0.04727653041481972,0.11853983998298644,0.5634698867797852,0.9395594000816344,-0.36686569452285767,0.1798618584871292,0.22150178253650665,0.13511162996292114,-0.07632802426815033,0.4385135769844055,-0.7880383133888244,0.9283910989761353,0.30890464782714844,-0.3879101872444153,0.10759643465280531,0.553546667098999
-0.0025217896327376366,-0.009917838498950003,0.7803199887275696,0.9984565973281859,-0.02325989119708538,0.04902701824903488,-0.011821609921753407,-0.2119441777467728,0.205253466963768,0.13042607903480527,0.3825526833534241,-0.22511598467826843,-0.16677768528461456,-0.09377054870128632,0.012594792991876602,-0.21988673508167264,0.19082120060920715,-0.19639350473880768,0.036674216389656074,-0.0753895565867424,0.024950848892331123,0.06599929928779602,0.5469246506690979,0.8634853959083557,-0.2976909279823303,0.27907320857048035,0.1746031641960144,0.10963788628578186,-0.03433753550052643,0.5219832062721252,-0.7502126693725587,0.7682316303253175,0.35801103711128235,-0.19389155507087708,0.0935211181640625,0.39776337146759033
0.0005897682858631015,-0.004417542833834887,0.784769594669342,0.9984253048896787,-0.00955792237073183,0.05516231432557105,-0.003568273736163974,-0.1624211221933365,0.1513429880142212,0.139951154589653,0.24862928688526156,-0.1585530936717987,-0.15392005443572998,-0.07228211313486099,-0.022152369841933247,-0.225363165140152,0.1329277604818344,-0.1714731603860855,0.06002984941005706,-0.06692258268594742,0.014064431190490723,0.026850728318095207,0.5246739983558655,0.7564865946769713,-0.19573363661766047,0.3879066109657288,0.038421191275119775,0.07482685148715973,0.0585346594452858,0.5502246618270874,-0.6873528957366943,0.6257560253143312,0.45303282141685486,-0.05225100740790367,0.08109337091445923,0.2213594615459442
0.0015971460379660127,0.00044626928865909576,0.7847406864166259,0.9982984662055968,-0.0007128599099814892,0.05827753990888596,0.0018690634751692412,-0.12915460765361783,0.11534935981035233,0.14788506925106049,0.16088682413101196,-0.12316741049289703,-0.14276860654354095,-0.06805651634931564,-0.04868437722325325,-0.2317030727863312,0.12015465646982192,-0.17863036692142487,0.07423336058855055,-0.05919928103685379,0.012560980394482613,0.006319970358163118,0.48424640297889704,0.6265039443969728,-0.07139962911605835,0.5259785652160645,-0.17354117333889008,0.02486985921859741,0.182705819606781,0.5292730927467345,-0.6128913164138794,0.49496814608573914,0.5775196552276611,0.04278326034545898,0.0732816606760025,0.06159482896327973
0.0014042365364730358,0.00413030292838812,0.7831860780715942,0.998337984085083,0.004051378928124905,0.05663963034749031,0.009839133359491823,-0.11502780020236968,0.09470383077859879,0.14503636956214905,0.1298858672380447,-0.11202526837587357,-0.13483360409736633,-0.06161093339323997,-0.06779880821704865,-0.2496703863143921,0.12210796773433684,-0.18810503184795377,0.08083529770374298,-0.06221852079033852,0.018493635579943657,0.008162986487150192,0.41324910521507263,0.507416844367981,0.014366916380822659,0.6991274356842041,-0.3596875667572021,-0.012225179001688955,0.2572279274463653,0.463982880115509,-0.5354905128479004,0.3806723952293396,0.7322413325309753,0.11046796292066574,0.06343133002519608,-0.05660642310976982
0.00208311527967453,0.006810958497226238,0.7824174165725709,0.9985199570655823,0.00684482930228114,0.05039359256625176,0.019277490675449368,-0.10034690052270888,0.07998588681221008,0.13134317100048065,0.12082912027835845,-0.10893112421035767,-0.13017626106739044,-0.045349929481744766,-0.08166297525167465,-0.2690764367580414,0.12877117097377777,-0.1958949714899063,0.08833919465541838,-0.07080887258052826,0.02677894756197929,0.025398390367627144,0.32789608836174006,0.4261848926544189,0.018181636929512024,0.9012907147407533,-0.4672915935516357,-0.01695776730775833,0.24639655649662015,0.37696811556816096,-0.4636307060718536,0.2879301905632019,0.9053664207458496,0.18766698241233823,0.049892447888851166,-0.1352497637271881
0.004268390126526356,0.00860077328979969,0.782307744026184,0.9987348318099976,0.008626757189631462,0.04071700945496559,0.02822256833314896,-0.07661764323711395,0.06969857960939407,0.11730478703975676,0.11619883030653,-0.112215094268322,-0.12841682136058807,-0.017240116372704502,-0.09104599058628082,-0.2865883409976959,0.13175125420093536,-0.20367556810379028,0.09811621904373169,-0.0812753289937973,0.029005181044340134,0.04353928193449974,0.24365368485450745,0.3786952495574951,-0.05096409097313881,1.1180843114852903,-0.5320900082588196,0.016001684591174126,0.1667099893093109,0.2874397933483124,-0.39319401979446406,0.19349572062492368,1.0787981748580933,0.2985020577907562,0.04533334448933601,-0.1975632756948471
0.007904142141342163,0.009639078751206398,0.7829387187957764,0.9988855123519896,0.00887057650834322,0.031163558363914486,0.034319642931222916,-0.05136528238654137,0.0667068362236023,0.1087016612291336,0.11397088319063187,-0.118059441447258,-0.12610372900962827,0.017501501366496086,-0.09160351753234865,-0.30052733421325684,0.1215929090976715,-0.20478370785713196,0.10610805451869965,-0.08462513238191603,0.02542773634195328,0.05240952223539352,0.19147665798664093,0.35369306802749634,-0.1530192494392395,1.250472903251648,-0.5115698575973511,0.06720057874917984,0.07117072492837906,0.22337087988853452,-0.3318204879760742,0.10077116638422012,1.1933274269104004,0.4242834746837616,0.04648957774043083,-0.23651348054409027
0.011642191559076307,0.010438683442771435,0.7834184765815735,0.9990605115890504,0.009113937616348265,0.023538975045084957,0.035227950662374496,-0.02911664731800556,0.06597770005464554,0.10900314152240752,0.11417995393276215,-0.12599459290504456,-0.12174595147371292,0.04273129999637604,-0.09178055077791214,-0.3050279915332794,0.11743628978729248,-0.20618119835853577,0.11323673278093338,-0.08097624033689499,0.02114014886319637,0.051147740334272385,0.17307668924331665,0.33400553464889526,-0.25136545300483704,1.2771166563034055,-0.4274097681045532,0.09375979751348495,0.014853590168058872,0.18649622797966003,-0.2784842848777771,0.037910353392362595,1.2397220134735107,0.5080655813217163,0.049716569483280175,-0.24178047478199005
0.014543300494551659,0.011196224018931389,0.7832279205322266,0.9993128180503843,0.009217123501002787,0.01702708750963211,0.03160770237445831,-0.009672350250184538,0.06689349561929703,0.116331048309803,0.11523932218551636,-0.13589365780353546,-0.11816070973873138,0.05910215899348258,-0.09263787418603896,-0.30211231112480164,0.1177433431148529,-0.20974601805210116,0.11795931309461592,-0.0730740949511528,0.01705086976289749,0.04774127528071404,0.17213983833789823,0.3156397044658661,-0.33222848176956177,1.2487813234329224,-0.3439333438873291,0.08402256667613982,0.00075241964077577,0.1714448034763336,-0.24198685586452484,0.03695124015212059,1.2313708066940308,0.519343376159668,0.049840964376926415,-0.21828871965408325
0.016696752980351448,0.012129491195082664,0.7826517820358275,0.9995450377464294,0.009548655711114407,0.010916996747255324,0.026445198804140087,0.007714595180004835,0.06741876900196075,0.1251072734594345,0.11736580729484558,-0.14533443748950958,-0.11538343131542204,0.07251306623220444,-0.09440366923809053,-0.29625740647315973,0.11883260309696196,-0.213494673371315,0.12200085073709488,-0.06633110344409943,0.010976606979966164,0.04664492979645729,0.1748524010181427,0.2996137738227844,-0.398434042930603,1.2068443298339844,-0.27545177936553955,0.06269213557243347,0.013476387597620487,0.16029177606105804,-0.22962561249732968,0.09424832463264464,1.1893991231918335,0.4589999914169312,0.047467608004808426,-0.19362320005893707
0.01796799898147583,0.01301510725170374,0.7820186018943786,0.9997268915176392,0.009766215458512306,0.005712207406759262,0.020445596426725388,0.023416323587298397,0.06837403774261475,0.1359400600194931,0.11992013454437256,-0.15259602665901184,-0.11245226114988328,0.08251086622476578,-0.09548406302928925,-0.28835758566856384,0.12066739797592164,-0.21527983248233795,0.12334955483675004,-0.061889998614788055,0.005074629094451666,0.04921280965209007,0.16992948949337003,0.2854469418525696,-0.44907972216606146,1.1719410419464111,-0.23266184329986567,0.044835038483142846,0.040043838322162635,0.1415969431400299,-0.23786555230617523,0.17023733258247375,1.1356672048568723,0.3613551259040833,0.045329343527555466,-0.1854500472545624
0.018617019057273865,0.013660832308232784,0.7815608978271484,0.9998442530632019,0.009963324293494225,0.001522606937214732,0.014487535692751408,0.03675240650773048,0.06946481019258499,0.14776396751403809,0.121505968272686,-0.15701664984226227,-0.10986353456974028,0.08845940977334976,-0.0964607000350952,-0.2792457938194275,0.12488222122192381,-0.21610252559185028,0.12294202297925948,-0.05979742109775543,-0.00041053071618080134,0.05446828156709671,0.15500259399414062,0.2724193334579468,-0.48978632688522333,1.1430935859680176,-0.21379254758358,0.03149530664086342,0.07260661572217941,0.1152714267373085,-0.2548322379589081,0.23616039752960205,1.0815129280090332,0.27737927436828613,0.0439489334821701,-0.19189423322677607
0.018896564841270447,0.014083778485655785,0.7812916636466981,0.9999036788940429,0.010135447606444359,-0.0017258716979995368,0.009319977834820749,0.04748143255710602,0.07040130347013474,0.15833257138729095,0.1220014914870262,-0.15962086617946625,-0.10801836103200912,0.09123373031616211,-0.09731287509202957,-0.27038294076919556,0.13098779320716855,-0.21720686554908752,0.121966652572155,-0.059212524443864815,-0.004832317586988211,0.06059577316045761,0.13386213779449463,0.26202237606048584,-0.5186211466789246,1.1159682273864746,-0.20785850286483765,0.020882783457636837,0.10569200664758682,0.08678745478391646,-0.2722390592098236,0.2823951244354248,1.0346449613571167,0.2260645478963852,0.04347855970263481,-0.20599929988384247
0.018902763724327087,0.014327279292047024,0.7812076807022095,0.9999288916587827,0.01008772850036621,-0.00419606314972043,0.004777537658810616,0.05546040832996368,0.07152172923088074,0.1669100970029831,0.12231163680553436,-0.16154642403125763,-0.10704288631677628,0.09228450804948807,-0.09768401831388472,-0.2633880376815796,0.1361294686794281,-0.21755471825599673,0.12085042893886566,-0.05891977995634079,-0.007503528147935867,0.06654171645641327,0.10910317301750184,0.25418421626091003,-0.5364480018615723,1.0890315771102903,-0.2066527158021927,0.011996550485491753,0.13592423498630524,0.05996992066502571,-0.28830888867378235,0.3159213364124298,0.9972909688949586,0.19771763682365415,0.04426270350813866,-0.22026631236076355
0.018729597330093384,0.014474548399448395,0.7812639474868774,0.9999330043792723,0.009909449145197868,-0.0059149921871721745,0.0008800411014817654,0.0609554760158062,0.07263773679733276,0.1740971207618713,0.12232903391122817,-0.16227272152900696,-0.10686615109443665,0.09316469728946684,-0.09755028039216995,-0.2580709457397461,0.1375742405653,-0.21627154946327207,0.11964866518974304,-0.05848686024546623,-0.008223318494856358,0.07146325707435608,0.08359359949827194,0.24902479350566864,-0.5454674363136292,1.0638071298599243,-0.20655085146427157,0.005417714361101389,0.1613963097333908,0.03634586185216904,-0.3028060495853424,0.3425765633583069,0.9714751243591309,0.17843811213970184,0.04657136648893356,-0.23071923851966855
0.01831349171698093,0.014555361121892927,0.7813899517059326,0.999926507472992,0.009678684175014496,-0.006912520620971918,-0.0023258756846189495,0.06387048214673996,0.07377023994922638,0.1800315827131271,0.1223270371556282,-0.16218037903308868,-0.10667835921049118,0.09354789555072784,-0.09701045602560045,-0.25371429324150085,0.13602186739444733,-0.2138381153345108,0.11834189295768736,-0.057985570281744,-0.007356135640293358,0.07487840205430984,0.05970689654350281,0.24554196000099185,-0.5478670001029968,1.0388505458831787,-0.20950911939144132,0.00029598374385386705,0.18294337391853327,0.01640242524445057,-0.31521335244178766,0.3651897609233856,0.9551894068717955,0.16444049775600433,0.04951329156756401,-0.23628801107406616
0.01769615337252617,0.014611120335757732,0.781459867954254,0.9999172091484068,0.00943627953529358,-0.0074180057272315025,-0.004644529893994331,0.06467046588659286,0.0748579129576683,0.1841551661491394,0.12301262468099594,-0.1620211750268936,-0.10627635568380356,0.09365969896316528,-0.09641335159540176,-0.2510467767715454,0.13313816487789154,-0.21139687299728396,0.11749500781297684,-0.05770892649888992,-0.005495097022503614,0.07691271603107452,0.039977077394723885,0.2430802285671234,-0.5460589528083801,1.0143864154815672,-0.2156824618577957,-0.004502912983298302,0.19994209706783292,0.0015257399063557386,-0.3248278200626373,0.3834528028964996,0.9449232816696168,0.1539190113544464,0.05216608569025993,-0.23691463470458984
0.016964776441454887,0.01458533387631178,0.7814573049545288,0.9999093413352966,0.009092085994780064,-0.00761231780052185,-0.006383114028722048,0.06362850219011307,0.07640931755304337,0.18706668913364408,0.1250314861536026,-0.16268381476402283,-0.10573244094848631,0.09308797866106032,-0.0957685187458992,-0.250060498714447,0.1310158669948578,-0.20971211791038516,0.11705634742975234,-0.057371564209461205,-0.003094930900260806,0.07790322601795197,0.02531910128891468,0.24106645584106445,-0.5410674810409546,0.9907677173614501,-0.2249162048101425,-0.01061931438744068,0.21363748610019684,-0.00837843958288431,-0.33129140734672546,0.39645102620124817,0.937625765800476,0.14786404371261597,0.05326655507087708,-0.23379123210906985
0.016124971210956573,0.014468813315033913,0.7813961505889891,0.9999020099639891,0.00863582082092762,-0.007722435053437949,-0.007855122908949852,0.061305779963731766,0.07850132137537001,0.18946933746337888,0.12868833541870117,-0.16437180340290067,-0.10518168658018112,0.09177704900503159,-0.09504358470439911,-0.24971000850200653,0.13010831177234647,-0.20863451063632965,0.11672883480787276,-0.05654757842421532,-0.00012217022594995797,0.07818353176116942,0.014844495803117752,0.23921534419059756,-0.5345665812492371,0.96811842918396,-0.237812340259552,-0.01905490271747112,0.22538675367832184,-0.013899446465075016,-0.33473843336105347,0.40490281581878657,0.9335289001464845,0.14777056872844696,0.052813269197940826,-0.22807589173316956
0.015249973163008688,0.014334228821098804,0.7813066244125366,0.9998958110809326,0.008074779994785786,-0.00794920139014721,-0.008938257582485678,0.0583626925945282,0.081006295979023,0.19131071865558624,0.13383132219314575,-0.1667458862066269,-0.1045173779129982,0.08989697694778441,-0.0943610742688179,-0.2500848174095154,0.13131235539913175,-0.20827603340148923,0.11579056084156036,-0.05577487498521805,0.003043851582333445,0.07814222574234007,0.007164467591792345,0.23762011528015137,-0.5300118327140808,0.9503350853919984,-0.25290119647979736,-0.028270624577999115,0.23418679833412168,-0.015931079164147377,-0.3347146511077881,0.4109654128551483,0.9355906248092652,0.153252974152565,0.05172142758965492,-0.21938772499561307
0.014327870681881905,0.014220213517546652,0.7812361121177673,0.9998900294303894,0.007451675366610288,-0.008369192481040953,-0.009708818979561327,0.05556930974125862,0.08367655426263809,0.1927942782640457,0.13929376006126404,-0.16922807693481445,-0.1038116067647934,0.08756017684936523,-0.09353987872600557,-0.2503795921802521,0.13444437086582184,-0.20879368484020236,0.11396420001983643,-0.05512605980038642,0.005952633451670408,0.07810921967029572,0.0010281070135533807,0.23705640435218808,-0.5313409566879272,0.9414693117141725,-0.26581212878227234,-0.035373590886592865,0.23898839950561523,-0.01574995368719101,-0.3310472071170807,0.41684854030609125,0.9470797181129456,0.16290017962455747,0.05200391262769699,-0.208247184753418
0.013354074209928513,0.014093360863626003,0.7812204957008362,0.9998884201049805,0.006740245036780833,-0.008767716586589813,-0.010042565874755383,0.05305616557598113,0.08620697259902954,0.19325454533100128,0.14350101351737976,-0.1710878163576126,-0.10300078988075256,0.08490747213363646,-0.0921434611082077,-0.2504908144474029,0.137894868850708,-0.20897789299488068,0.11124973744153976,-0.05474918708205223,0.008492393419146538,0.07809115946292877,-0.004840907175093888,0.2384885251522064,-0.5410423278808594,0.9448981881141663,-0.27169734239578247,-0.03813788667321205,0.23901580274105072,-0.014197810553014278,-0.3237876892089844,0.4239492416381836,0.9699417352676392,0.17392651736736295,0.054368995130062096,-0.1953790634870529
0.012354475446045399,0.013919093646109104,0.7812754511833192,0.9998935461044312,0.005944614764302969,-0.009072198532521725,-0.009756884537637232,0.050930093973875046,0.08848855644464493,0.1920059770345688,0.1459401696920395,-0.1720435470342636,-0.10274691134691238,0.0827498733997345,-0.089959517121315,-0.25109434127807617,0.13990265130996704,-0.20809169113636017,0.10769031941890717,-0.05489294603466988,0.010472415946424007,0.07825710624456404,-0.011837495490908623,0.24280674755573273,-0.5606794953346252,0.9617041945457457,-0.2686786353588104,-0.03591996803879738,0.2342844158411026,-0.012610448524355888,-0.3130600154399872,0.43299859762191767,1.004350185394287,0.1835644692182541,0.05985935404896736,-0.1823647767305374
0.011323295533657072,0.013686547987163067,0.7813726067543029,0.9999029636383056,0.005281136836856604,-0.009402248077094555,-0.008820879273116589,0.04967837780714035,0.08990612626075745,0.1887601315975189,0.1461619138717651,-0.17153820395469663,-0.10323821008205412,0.08147814869880675,-0.08782678097486496,-0.252897173166275,0.14092345535755155,-0.20676760375499725,0.10407617688179016,-0.05586183443665504,0.011411556974053381,0.0786973163485527,-0.020820800215005875,0.25061583518981934,-0.5919636487960817,0.9915111064910888,-0.25713890790939326,-0.027968721464276317,0.22462457418441767,-0.011029111221432684,-0.2985038161277771,0.444712907075882,1.0493569374084473,0.19162075221538544,0.07021421194076538,-0.16966338455677032
0.01033804565668106,0.01344939973205328,0.781488299369812,0.9999088048934937,0.004984785337001084,-0.009872182272374628,-0.00774477468803525,0.05032700300216674,0.09003549814224243,0.18500816822052,0.14345493912696838,-0.16913262009620667,-0.104868583381176,0.08096034824848175,-0.08664392679929733,-0.25502997636795044,0.1421823352575302,-0.2058860808610916,0.10168518871068954,-0.057377249002456665,0.011011821217834948,0.07925327867269517,-0.029949624091386795,0.26096472144126887,-0.6321166753768921,1.0285427570343015,-0.2399688512086868,-0.015209517441689968,0.21028196811676023,-0.008328448049724102,-0.2804652154445648,0.4591364562511444,1.097750902175903,0.19838109612464905,0.0865743011236191,-0.15751013159751892
0.009410099126398563,0.013380708172917366,0.7815714478492736,0.9999104142189024,0.0050064618699252605,-0.01035466231405735,-0.0068461629562079915,0.0519452765583992,0.08943686634302139,0.182241290807724,0.1388404369354248,-0.16531634330749512,-0.1071859747171402,0.08058667182922363,-0.08631037175655365,-0.25659120082855225,0.1440119296312332,-0.20534080266952515,0.10100333392620087,-0.05943295732140541,0.009683867916464804,0.07933574914932251,-0.035776253789663315,0.2718639373779297,-0.6729873418807983,1.0650012493133545,-0.2267088443040848,-0.0010199364041909575,0.1933371424674988,-0.002893831813707948,-0.2600992023944855,0.47388166189193726,1.1401641368865967,0.206921249628067,0.10464124381542204,-0.14347311854362488
0.008497361093759537,0.013468598946928976,0.7816320657730103,0.9999106526374816,0.005105377174913883,-0.010609449818730354,-0.006326197646558285,0.05268803238868713,0.08902152627706526,0.18095105886459353,0.13469256460666656,-0.16143058240413663,-0.10945643484592436,0.07946781069040297,-0.08589070290327072,-0.2563366293907165,0.14576992392539978,-0.20426668226718905,0.1010836437344551,-0.06216474249958992,0.008368016220629215,0.07815653830766678,-0.03653988242149353,0.28196823596954346,-0.7089868783950806,1.0948288440704343,-0.22124433517456052,0.010596703737974165,0.1756516546010971,0.006777728907763958,-0.23840059340000153,0.48539155721664423,1.1695111989974976,0.2200876027345657,0.11810223758220673,-0.1274590641260147
0.007638843264430761,0.01358863804489374,0.7816733121871949,0.9999143481254577,0.00517540704458952,-0.010366220027208328,-0.006084931083023548,0.0515647754073143,0.08893075585365294,0.18031519651412964,0.1322566717863083,-0.1587012410163879,-0.11076738685369492,0.07676781713962555,-0.08523130416870117,-0.25479403138160706,0.1474175751209259,-0.20259813964366913,0.10091319680213928,-0.06607655435800552,0.007677949033677579,0.07549615949392319,-0.03275304660201073,0.29096055030822754,-0.7390553355216981,1.1140663623809814,-0.21560275554656985,0.018872562795877457,0.15778234601020813,0.019796032458543777,-0.21697601675987244,0.4887281060218811,1.1816064119338987,0.23970790207386017,0.12327679246664049,-0.11384335905313492
0.0068596540950238705,0.013641094788908958,0.7817076444625854,0.9999224543571472,0.005236566066741943,-0.009639567695558071,-0.0058893137611448765,0.048167001456022256,0.08885732293128966,0.1794397532939911,0.1318226009607315,-0.1571650356054306,-0.11010892689228056,0.07275945693254471,-0.08458830416202545,-0.2531130313873291,0.14860813319683075,-0.2006898671388626,0.10018108785152437,-0.0711926594376564,0.007384512107819319,0.07199425995349884,-0.026802506297826767,0.2991665601730346,-0.7664435505867004,1.1227840185165403,-0.1994192600250244,0.024752171710133553,0.1393352448940277,0.03368210420012474,-0.19796276092529297,0.4838446974754333,1.1779990196228027,0.26348429918289185,0.12005238980054855,-0.1071167141199112
0.006129669025540352,0.013647208921611307,0.7817490696907043,0.9999294281005859,0.005244869273155928,-0.008909537456929684,-0.005849115550518036,0.04413049295544624,0.08889704942703247,0.17848367989063263,0.13257309794425964,-0.15634997189044952,-0.10835833847522736,0.06845203042030334,-0.08389493823051453,-0.25154075026512146,0.15013912320137024,-0.19959498941898343,0.09903380274772643,-0.07616742700338364,0.007238004356622696,0.06917586177587509,-0.02030458301305771,0.3066111803054809,-0.7926109433174133,1.1240768432617188,-0.17221814393997192,0.028714360669255257,0.1211368516087532,0.044987957924604416,-0.18340982496738437,0.4748097062110901,1.1650338172912595,0.2842533588409424,0.11137104034423828,-0.10760260373353958
0.0054221926257014275,0.013601466082036495,0.7818076610565186,0.9999311566352845,0.005201449617743492,-0.008472656831145287,-0.006231931503862143,0.04079677909612656,0.08910539746284483,0.17780801653862,0.1336727738380432,-0.1557641327381134,-0.10631414502859116,0.06454294174909592,-0.08313588052988051,-0.24990366399288175,0.15169042348861694,-0.19907304644584653,0.0973852127790451,-0.07961665838956831,0.007054318208247423,0.06781165301799774,-0.013841002248227596,0.31313925981521606,-0.8141180872917174,1.1210701465606687,-0.1431320756673813,0.03091226890683174,0.10642278939485549,0.0512620322406292,-0.17485173046588895,0.4675361514091492,1.1492478847503662,0.2930164933204651,0.10107965767383575,-0.11353034526109695
0.004731173161417246,0.013487895019352436,0.7818723917007446,0.999926507472992,0.005191953852772713,-0.008374013006687164,-0.007062037475407124,0.03880980238318443,0.08948459476232529,0.17814059555530548,0.13436245918273923,-0.1546715945005417,-0.10430993139743804,0.061072207987308495,-0.08270064741373062,-0.24872078001499176,0.15365177392959595,-0.1990624368190765,0.09576421231031418,-0.0811811089515686,0.006697783712297678,0.06806377321481705,-0.008421268314123154,0.3184680640697479,-0.8294317722320557,1.1165359020233154,-0.11877671629190444,0.03197677806019783,0.0971747785806656,0.051635175943374634,-0.17217600345611572,0.4660007357597351,1.1349289417266843,0.29210925102233887,0.091615691781044,-0.12324529886245728
0.004004828631877899,0.013412355445325375,0.7819470167160033,0.9999155402183533,0.005249230191111565,-0.00849362276494503,-0.008311934769153595,0.03818246349692345,0.09006493538618086,0.17981472611427307,0.13439370691776276,-0.15269258618354797,-0.10280030220746994,0.05807262659072876,-0.08256708830595016,-0.24751609563827515,0.15564246475696564,-0.19885496795177457,0.09446561336517333,-0.08102039247751237,0.006178804207593203,0.06942959129810333,-0.004888421855866909,0.32199910283088684,-0.8373844027519226,1.1133389472961424,-0.10246824473142624,0.032217975705862045,0.0933406874537468,0.04652043059468269,-0.1738450825214386,0.4720171689987183,1.1243557929992676,0.2847445905208588,0.08574692904949187,-0.1339161992073059
0.00311741279438138,0.01347730215638876,0.782001554965973,0.9998998641967772,0.005317618139088154,-0.008609013631939888,-0.009897146373987196,0.038200948387384415,0.0909368246793747,0.18243032693862915,0.13369636237621307,-0.15036769211292267,-0.10183699429035185,0.055080510675907135,-0.08233910053968428,-0.2454480081796646,0.15787459909915924,-0.19841341674327848,0.09384230524301529,-0.07939458638429642,0.0054764864034950725,0.0710160955786705,-0.0034073290880769487,0.32371285557746887,-0.8383874297142029,1.1121594905853271,-0.09566277265548706,0.031786710023880005,0.09393921494483949,0.03870536759495735,-0.17791223526000977,0.48347371816635126,1.1162718534469604,0.2763509154319763,0.08379137516021729,-0.14257916808128357
