-0.02152474410831928,-0.03440962731838226,0.39045193791389465,0.9978848099708557,0.00891860295087099,-0.0624762587249279,0.01559141743928194,-1.4563897848129272,0.29731518030166626,-0.25623512268066406,2.2514820098876958,-0.5650272965431212,-0.21911945939064023,0.12136004865169524,0.0841413363814354,-0.2455253303050995,1.9258683919906616,0.38170927762985224,0.2588365077972412,0.03964897245168686,-0.0390302948653698,0.4900534152984619,0.018546957522630688,0.40182808041572565,-0.07958730310201645,1.0990101099014282,0.031486064195632935,0.1067630872130394,0.08703736960887909,-0.2070292681455612,-0.4032642245292664,0.8192096948623657,0.6565442085266113,-0.5399948358535768,-0.022760434076189995,0.25667881965637207
-0.023999072611331936,-0.03333871439099312,0.39176774024963373,0.9980574846267699,0.008945790119469164,-0.06021996214985848,0.013219073414802551,-1.459120273590088,0.2979108393192291,-0.2532283365726471,2.246939182281494,-0.5666314363479614,-0.21820698678493497,0.10933642089366911,0.08360997587442398,-0.24485681951045987,1.9378795623779297,0.3834104835987091,0.258935421705246,0.037253424525260925,-0.04351361840963364,0.49362194538116455,0.01851662620902061,0.39406549930572504,-0.07169253379106522,1.087293028831482,0.0347849540412426,0.10255426168441772,0.09584300220012663,-0.20043697953224185,-0.3899414539337158,0.8015949130058287,0.6681036353111267,-0.5455797910690308,-0.01766987517476082,0.2514271140098572
-0.026403941214084625,-0.03176618739962578,0.3928799629211426,0.9982373118400573,0.00707933958619833,-0.05824902653694153,0.008902043104171753,-1.4640456438064575,0.3033072352409363,-0.253540575504303,2.244502544403076,-0.5670906901359558,-0.21602705121040344,0.09447595477104188,0.08102764934301376,-0.2439184337854385,1.9507665634155276,0.38828966021537775,0.2549864053726196,0.03304601460695267,-0.04503551125526428,0.49885240197181696,0.02389044687151909,0.38276240229606634,-0.05468791350722313,1.0742275714874268,0.032897334545850754,0.09645178914070128,0.10883889347314835,-0.1930029392242432,-0.3694302141666412,0.7740994095802307,0.6855900883674622,-0.5452501773834229,-0.01382879726588726,0.2403651624917984
-0.02877495437860489,-0.029351966455578804,0.3946163952350616,0.9984475970268248,0.0033982023596763607,-0.05555069819092751,0.002233471488580108,-1.4706923961639404,0.31473129987716675,-0.25536081194877625,2.241518974304199,-0.5699509382247925,-0.2113446742296219,0.07190196961164473,0.07891367375850677,-0.23776954412460327,1.9634034633636477,0.3971778154373169,0.24876005947589877,0.026264255866408348,-0.04435105249285698,0.5036665797233582,0.0319799967110157,0.3691358864307404,-0.034526512026786804,1.060658574104309,0.02125965245068073,0.08935040235519409,0.12453282624483109,-0.18234509229660037,-0.34174990653991694,0.7387171983718872,0.7058728337287903,-0.5363831520080566,-0.015214444138109684,0.22317272424697876
-0.03106117248535156,-0.0262385793030262,0.3970197737216949,0.9986411333084105,-0.000982080353423953,-0.05174698680639266,-0.006103883497416973,-1.479344129562378,0.3277934491634369,-0.25770899653434753,2.237381219863892,-0.5753482580184937,-0.20502357184886927,0.04274007305502892,0.0778568536043167,-0.22491833567619324,1.974868297576904,0.4094092547893524,0.242429181933403,0.01582622528076172,-0.04367643222212792,0.5078491568565369,0.04020567983388901,0.35467499494552607,-0.01859206892549992,1.0478277206420898,0.005669061560183764,0.08280284702777863,0.13986806571483612,-0.16608130931854248,-0.3067028820514679,0.6954265832901001,0.7238546609878541,-0.5156018733978271,-0.02147534489631653,0.20165750384330747
-0.033272042870521545,-0.022587444633245468,0.3997597098350525,0.9987752437591552,-0.00497934315353632,-0.046977322548627846,-0.014708045870065687,-1.4885452985763548,0.33889415860176086,-0.2595441937446594,2.2317535877227783,-0.5828360915184021,-0.19798626005649567,0.012872371822595596,0.07773377746343613,-0.20889855921268463,1.9850096702575684,0.4205735623836517,0.23643717169761655,0.0004924769746139646,-0.04504931345582008,0.5111228227615356,0.04843566566705704,0.3434266149997711,-0.018124436959624287,1.0335643291473389,-0.0070880502462387085,0.0772716850042343,0.1533190757036209,-0.14063850045204163,-0.2653181850910187,0.6417014002799988,0.7374891638755798,-0.47967973351478577,-0.03360997885465621,0.17584148049354553
-0.035370633006095886,-0.0183731596916914,0.40297138690948486,0.9988313317298888,-0.008979259058833122,-0.04168540984392166,-0.022755812853574753,-1.4971163272857666,0.34733399748802185,-0.2604537904262543,2.223697662353516,-0.5925825238227844,-0.19065386056900024,-0.016472304239869114,0.07965610921382904,-0.1927301287651062,1.993107795715332,0.42745521664619446,0.23075701296329496,-0.020801227539777756,-0.04716777801513672,0.513521373271942,0.05763436481356621,0.3395027816295624,-0.04162253066897392,1.0127480030059814,-0.012897946871817112,0.07079318910837173,0.16568830609321594,-0.1046016439795494,-0.21913027763366696,0.5713858008384705,0.7504919171333314,-0.4187828898429871,-0.05437472090125084,0.14290551841259003
-0.037202619016170495,-0.013615036383271216,0.40596362948417664,0.9987883567810057,-0.012580955401062964,-0.037159364670515053,-0.029709804803133007,-1.504015564918518,0.3545919358730316,-0.2583146393299103,2.215806484222412,-0.6039364337921144,-0.18113261461257932,-0.04167551174759865,0.08173211663961409,-0.17729024589061737,1.9996291399002075,0.42861831188201904,0.22494542598724365,-0.04820869117975234,-0.049943894147872925,0.5159388780593872,0.06864330917596817,0.347847580909729,-0.09417825937271118,0.9813914895057678,-0.008697719313204288,0.06023278832435608,0.17860892415046692,-0.060209114104509354,-0.17323441803455353,0.48482492566108704,0.7723923325538635,-0.33177128434181213,-0.08431251347064973,0.10338359326124193
-0.03884740173816681,-0.008376244455575945,0.4083178043365479,0.9986524581909181,-0.014541521668434145,-0.03462513908743858,-0.035818248987197876,-1.5059678554534912,0.36107781529426575,-0.25070199370384216,2.210339546203613,-0.6145132184028625,-0.1691719889640808,-0.05901078879833221,0.08182736486196518,-0.16036298871040344,2.006031274795532,0.4240207076072693,0.21939703822135925,-0.08007057011127472,-0.05450611189007759,0.5190256834030151,0.08182789385318755,0.3732481598854065,-0.17403781414031982,0.9360951781272888,0.006003113463521004,0.0405481494963169,0.18618640303611755,-0.009523591957986355,-0.13768059015274048,0.38922926783561707,0.808979332447052,-0.23328284919261927,-0.11934822052717207,0.06394898146390915
-0.03973738849163056,-0.0029604488518089056,0.4101537466049194,0.9984100461006163,-0.015116861090064049,-0.034305453300476074,-0.04209442436695098,-1.5011730194091797,0.368479996919632,-0.2384440898895264,2.20808744430542,-0.6244710683822632,-0.15874280035495758,-0.0666886493563652,0.0786885991692543,-0.14082077145576477,2.012393951416016,0.4181306660175323,0.2149166762828827,-0.11292169988155364,-0.05886032059788704,0.5227214097976685,0.09673739224672316,0.4211076200008392,-0.2661091685295105,0.8745522499084472,0.02608856000006199,0.011150977574288843,0.18074032664299008,0.04772020876407623,-0.12701909244060516,0.29747122526168823,0.849375009536743,-0.15675848722457883,-0.1488029807806015,0.032998695969581604
-0.03988150879740715,0.002527413424104452,0.41155946254730225,0.9980045557022095,-0.015519755892455576,-0.03610225021839142,-0.04942307248711585,-1.4900364875793457,0.37851348519325256,-0.22503441572189328,2.210765838623047,-0.636499285697937,-0.1509396731853485,-0.06850278377532959,0.07416161149740219,-0.11764773726463316,2.0189855098724365,0.41267067193984985,0.2114538550376892,-0.14296048879623413,-0.061219938099384315,0.5268968939781189,0.117439404129982,0.495698481798172,-0.3498510420322418,0.7969965338706969,0.035576589405536645,-0.02274583838880062,0.16503861546516418,0.11312252283096312,-0.15134048461914062,0.2214321494102478,0.8766601085662842,-0.11792492866516112,-0.1641566306352615,0.02116437256336212
-0.03941069170832633,0.0077729662880301476,0.4128695726394653,0.9974175095558167,-0.01674947701394558,-0.03957653045654297,-0.05754576250910759,-1.472800612449646,0.3932164907455444,-0.2128273695707321,2.217057228088379,-0.6517245173454285,-0.14344017207622528,-0.06618904322385788,0.07279296964406966,-0.09344873577356337,2.0227584838867188,0.4094809293746948,0.20871335268020627,-0.17028608918190002,-0.0612013004720211,0.5309159755706787,0.15095908939838407,0.5976481437683105,-0.40661701560020447,0.7033697962760925,0.024067196995019913,-0.056271992623806,0.13916055858135223,0.18469376862049103,-0.2129681259393692,0.16420191526412964,0.8775215744972229,-0.11688268184661864,-0.1657104194164276,0.03864116221666336
-0.0385039858520031,0.01255552377551794,0.41464018821716314,0.9967201352119444,-0.01841874048113823,-0.04430510848760605,-0.06516764312982559,-1.4506596326828003,0.4103312492370605,-0.2007366567850113,2.224586248397827,-0.6663493514060974,-0.13072329759597778,-0.05890592187643051,0.07486550509929657,-0.06911827623844147,2.020111322402954,0.40857100486755366,0.20635712146759036,-0.19886143505573273,-0.061403196305036545,0.5341048240661621,0.206557959318161,0.7263582348823547,-0.4228257238864898,0.5851975083351135,-0.0011549678165465591,-0.08954066038131715,0.09833130240440369,0.2620826363563537,-0.3086689412593841,0.11751461774110794,0.841032326221466,-0.1469261646270752,-0.15970803797245023,0.09050627797842024
-0.03721335530281066,0.016844209283590317,0.41685897111892706,0.9959411025047302,-0.01917415112257004,-0.050716932862997055,-0.07184364646673203,-1.4214450120925903,0.4274633228778839,-0.18571951985359192,2.2331631183624268,-0.6802369356155396,-0.11132696270942688,-0.045411672443151474,0.07535801827907562,-0.04439420625567436,2.012486219406128,0.4105972945690155,0.20100964605808255,-0.2294408828020096,-0.06563591957092285,0.5364937782287598,0.30014523863792414,0.8755545020103455,-0.37822586297988886,0.4367049932479858,-0.02944052405655384,-0.12020731717348097,0.04163265228271484,0.3396647572517395,-0.43229636549949646,0.06861840933561325,0.7673676013946533,-0.1945556998252869,-0.15325726568698883,0.16800972819328308
-0.03555602952837944,0.020908577367663383,0.41880261898040766,0.9951145648956298,-0.017834218218922615,-0.058745115995407104,-0.07731728255748749,-1.3858113288879395,0.4400628209114074,-0.16822226345539093,2.24336051940918,-0.6923691034317017,-0.09101702272891998,-0.02706090174615383,0.07323941588401793,-0.01832623593509197,2.004183292388916,0.4121220111846924,0.19524459540843964,-0.25650498270988464,-0.0748685672879219,0.5365590453147888,0.4335653185844421,1.0340496301651,-0.2627036571502685,0.2768413722515106,-0.061639048159122474,-0.14686763286590576,-0.023071277886629105,0.4028525650501251,-0.570625364780426,0.00471804104745388,0.6782015562057495,-0.231660395860672,-0.14909544587135315,0.24379159510135648
-0.033689796924591064,0.025257956236600876,0.42030116915702814,0.9942935109138488,-0.014319987036287785,-0.06694901734590529,-0.08181194216012953,-1.3494101762771606,0.4459113478660584,-0.14774146676063535,2.254321575164795,-0.6975588798522949,-0.06970044225454329,-0.006992520298808813,0.06577571481466293,0.007992119528353214,1.9994596242904663,0.4076255261898041,0.1923188269138336,-0.275774210691452,-0.0871213749051094,0.5334364175796509,0.5762065052986145,1.1924976110458374,-0.09838878363370895,0.14904646575450897,-0.10285069048404692,-0.16634823381900787,-0.07732566446065903,0.4346455633640289,-0.7146530747413635,-0.0775904208421707,0.6039702296257019,-0.23703262209892273,-0.14125306904315948,0.2966356873512268
-0.031646884977817535,0.029798489063978195,0.4215841591358185,0.9935111999511719,-0.01085920352488756,-0.07388526201248169,-0.08578173816204071,-1.3187025785446167,0.4489084780216217,-0.1250180751085281,2.2657008171081543,-0.6953242421150208,-0.047616004943847656,0.012520196847617626,0.05483830347657204,0.031223438680171967,1.9960594177246092,0.4065171480178833,0.19389432668685916,-0.2880435883998871,-0.09502325206995009,0.5304480791091919,0.6967542767524719,1.3254252672195435,0.08580514788627625,0.09128612279891968,-0.14873898029327393,-0.17404857277870178,-0.09809448570013046,0.4255324602127075,-0.8628130555152893,-0.1732274889945984,0.5540562272071838,-0.20973949134349823,-0.12454055994749068,0.31478360295295715
-0.02973977662622929,0.03391750529408455,0.4218897521495819,0.9928537607192992,-0.0084075927734375,-0.07928214967250824,-0.08879763633012772,-1.2980365753173828,0.4537091553211212,-0.10355844348669052,2.279613494873047,-0.6890581250190735,-0.023806311190128326,0.03386895731091499,0.041105564683675766,0.04643060639500617,1.9934998750686643,0.4137582182884216,0.19732946157455444,-0.2961499094963074,-0.09637750685214995,0.5297982096672058,0.7898750305175781,1.4138712882995603,0.2827867567539215,0.11098412424325942,-0.19581937789916992,-0.17347405850887299,-0.07080422341823578,0.3824821412563324,-1.0210380554199219,-0.27825188636779785,0.5201072096824646,-0.1645557731389999,-0.09488598257303237,0.2966296672821045
-0.027917584404349327,0.03711661696434021,0.42119646072387695,0.9924148321151731,-0.007756516803056002,-0.08377682417631149,-0.08963261544704437,-1.2833901643753052,0.45984122157096863,-0.08725310862064362,2.2944223880767822,-0.6844985485076904,-0.004577027168124913,0.05563485249876976,0.03129420429468155,0.055650249123573296,1.990902543067932,0.4255446195602417,0.19936656951904297,-0.30020561814308167,-0.09096958488225936,0.5280238389968872,0.8613082170486449,1.466901421546936,0.488457590341568,0.18202695250511167,-0.25128746032714844,-0.16969366371631622,-0.0049897818826138965,0.31544488668441767,-1.1921753883361816,-0.3801643848419189,0.4907113909721375,-0.12224578112363815,-0.05866225808858872,0.28940173983573914
-0.02639902010560036,0.03887331485748291,0.4194653332233429,0.9922906756401062,-0.00707210972905159,-0.08693732321262358,-0.08804018050432205,-1.273362159729004,0.4630969166755676,-0.07446158677339555,2.308399438858032,-0.6837643384933472,0.010773062705993652,0.07193770259618759,0.023818556219339367,0.059237316250801086,1.9882979393005369,0.43832388520240784,0.20107814669609067,-0.29933983087539673,-0.08141233026981354,0.5219043493270874,0.8889153003692627,1.4934183359146118,0.6852119565010071,0.27233782410621643,-0.3018363416194916,-0.15505565702915192,0.08014935255050659,0.20662833750247955,-1.363688826560974,-0.44454649090766907,0.46638447046279913,-0.09300050884485245,-0.01704099029302597,0.30186501145362854
-0.02526059001684189,0.038619309663772576,0.4175414443016052,0.9925447702407838,-0.005406779702752829,-0.08793175965547562,-0.08422409743070601,-1.2684695720672607,0.4622743427753448,-0.06468691676855087,2.317814826965332,-0.6853570938110352,0.01896977797150612,0.08227673172950745,0.02004300430417061,0.05663082003593445,1.9845008850097656,0.444540411233902,0.2056470364332199,-0.28906914591789246,-0.06921087950468063,0.5113621950149536,0.8507506251335144,1.504989504814148,0.8351940512657164,0.3345916271209717,-0.32243379950523376,-0.12946276366710663,0.16289925575256348,0.04943884536623954,-1.5056535005569458,-0.4490051865577698,0.42088165879249567,-0.08642006665468216,0.01693144626915455,0.33018356561660767
-0.024868667125701904,0.036357104778289795,0.41667580604553217,0.9930523633956909,-0.003219106700271368,-0.08713028579950333,-0.0790247693657875,-1.2718678712844849,0.46015602350234985,-0.06117559596896172,2.319826364517212,-0.6841607093811035,0.023075129836797718,0.08697535097599028,0.019216926768422127,0.04902903363108634,1.981191635131836,0.4480395019054413,0.2126087099313736,-0.27170470356941223,-0.058796945959329605,0.5029225945472717,0.7818393707275391,1.5042207241058347,0.9615030288696288,0.3376255929470062,-0.2783144414424896,-0.09620475023984909,0.21970887482166288,-0.15330958366394043,-1.5854740142822263,-0.3984462320804596,0.3249375820159912,-0.10096757113933565,0.027572274208068848,0.34623923897743225
-0.02502699941396713,0.03230536729097366,0.4152344465255737,0.9937434792518616,-0.00046381083666346967,-0.08489463478326797,-0.07257155328989029,-1.2866172790527344,0.4588226079940796,-0.062358345836400986,2.318104982376098,-0.6817967295646667,0.0243153627961874,0.08917090296745299,0.017752304673194885,0.03463846817612648,1.982617139816284,0.44418430328369135,0.21917250752449036,-0.2529653012752533,-0.051571086049079895,0.49923035502433777,0.7009304165840149,1.4966822862625122,1.0772455930709839,0.28204089403152466,-0.1691906899213791,-0.06020290032029152,0.25350290536880493,-0.38770833611488337,-1.6089369058609009,-0.32220411300659174,0.19222559034824369,-0.12962579727172852,0.01767408289015293,0.33526137471199036
-0.026208616793155674,0.02661517448723316,0.41142779588699346,0.9946166276931762,0.003146539907902479,-0.08154484629631041,-0.06386145949363708,-1.3130543231964111,0.4561437368392944,-0.06589098274707794,2.3181455135345455,-0.6786330342292786,0.02191508002579212,0.08721083402633667,0.016023671254515648,0.011607018299400806,1.99088191986084,0.44103279709815973,0.22485585510730743,-0.23306387662887573,-0.04863839969038963,0.491783082485199,0.6020506024360657,1.5009481906890867,1.148188591003418,0.193823903799057,-0.05308949574828148,-0.043042179197072976,0.2464919686317444,-0.6013059020042419,-1.5975854396820068,-0.2466228157281876,0.05659517273306847,-0.11910907924175262,-0.0042146644555032245,0.31501421332359314
-0.02707387693226337,0.018917638808488842,0.4065113663673401,0.9956252574920654,0.004765759222209454,-0.07678721100091934,-0.05302207916975021,-1.3464585542678833,0.4533838629722595,-0.07771361619234085,2.3223829269409175,-0.6747092008590697,0.005160421598702669,0.08160678297281265,0.020846942439675328,-0.0200454480946064,2.003891706466675,0.43623989820480347,0.23281672596931455,-0.20799301564693448,-0.042942896485328674,0.4727396070957184,0.4553687274456024,1.5253686904907227,1.1430789232254028,0.08971595764160156,0.008143656887114048,-0.06778321415185928,0.19119846820831296,-0.7345818281173706,-1.5749695301055908,-0.21724079549312592,-0.06788212805986404,-0.03311863914132118,-0.03381224721670151,0.321644127368927
-0.027434436604380608,0.01022333838045597,0.4011822640895844,0.9965442419052125,0.003783431136980653,-0.07237318903207779,-0.040586814284324646,-1.3876863718032837,0.44906809926033026,-0.10126103460788725,2.329533815383911,-0.668169379234314,-0.017982330173254013,0.07856697589159012,0.030373588204383847,-0.059550371021032326,2.016177177429199,0.42791798710823054,0.23998038470745087,-0.18074914813041687,-0.04036460071802139,0.45418643951416016,0.29603826999664307,1.5452299118041992,1.0862636566162107,-0.04329082742333412,0.030551180243492126,-0.11942537873983385,0.11294057965278624,-0.7251554727554321,-1.5204625129699707,-0.27144694328308105,-0.2085987776517868,0.092956505715847,-0.07565132528543472,0.3187777101993561
-0.02734759449958801,0.001799214631319046,0.3955619633197784,0.9971794486045836,0.0005098383408039808,-0.06990598142147064,-0.027314087375998497,-1.4319372177124023,0.4394339621067047,-0.13002987205982208,2.3385329246521,-0.6579771637916565,-0.036502182483673096,0.08436169475317001,0.038507536053657525,-0.10438916832208632,2.023448944091797,0.41698887944221497,0.2406499236822128,-0.1554540991783142,-0.048074014484882355,0.4495721459388733,0.15340681374073029,1.5438865423202515,1.0008842945098877,-0.19780489802360532,0.05903383344411849,-0.17123568058013916,0.05484161153435707,-0.60455721616745,-1.4057732820510864,-0.3670915365219116,-0.38818106055259693,0.23328085243701932,-0.11642999202013016,0.30038830637931824
-0.02736782655119896,-0.005836430471390486,0.3891696035861969,0.997471809387207,-0.004061265848577023,-0.06948617100715637,-0.014322579838335514,-1.4743140935897827,0.42426553368568415,-0.16043893992900848,2.3490157127380367,-0.6466183662414551,-0.050664525479078286,0.09575242549180984,0.04368743300437927,-0.14977645874023435,2.0298588275909424,0.4020702242851257,0.23343393206596372,-0.13181664049625397,-0.06432463228702545,0.4605603814125061,0.008118581026792526,1.5055686235427856,0.8664957880973816,-0.35005930066108704,0.1121521219611168,-0.2096819281578064,0.03606897592544556,-0.45351269841194153,-1.229651927947998,-0.41565492749214167,-0.5878205299377441,0.33434644341468805,-0.13481967151165009,0.27198317646980286
-0.028115706518292427,-0.012578194960951803,0.3822088837623596,0.9975085854530334,-0.009214832447469234,-0.06985639780759811,-0.0034279499668627977,-1.5128153562545776,0.40674880146980286,-0.19298765063285828,2.359878063201904,-0.6375671625137329,-0.06766051054000854,0.1064607873558998,0.04796094074845313,-0.19115959107875824,2.039569139480591,0.3818919360637665,0.22355988621711728,-0.107712022960186,-0.07792740315198897,0.4819508194923401,-0.14848560094833374,1.403260350227356,0.6623361706733704,-0.4741781651973724,0.19671259820461276,-0.23849800229072568,0.05482658371329308,-0.3255101144313812,-1.0321536064147947,-0.3534761369228363,-0.7425097823143004,0.3390190303325653,-0.12377987802028656,0.23296369612216947
-0.030321275815367695,-0.017826054245233536,0.375657856464386,0.9975053071975709,-0.013834424316883087,-0.06916175782680511,0.002903023036196828,-1.550581932067871,0.3907575309276581,-0.22579477727413175,2.3678803443908687,-0.625838041305542,-0.08765979111194609,0.10704623907804488,0.04903481528162956,-0.2219397872686386,2.0572462081909175,0.3579448163509369,0.21593354642391205,-0.08220382034778595,-0.08057819306850433,0.5074415802955627,-0.299262672662735,1.2229686975479124,0.4067984521389008,-0.5347684621810913,0.31167083978652954,-0.25792163610458374,0.10707423835992812,-0.26441851258277893,-0.8385166525840758,-0.15854839980602264,-0.7682704925537108,0.2627314627170563,-0.09699487686157225,0.183820903301239
-0.034258853644132614,-0.021181944757699966,0.3701635003089905,0.9977268576622008,-0.01577533408999443,-0.06538080424070358,0.004210636951029301,-1.587453007698059,0.3782862722873688,-0.25135427713394165,2.371701240539551,-0.6111012697219849,-0.10786779224872588,0.09318357706069946,0.04485459625720978,-0.23609060049057007,2.0844686031341553,0.3350171148777008,0.21547020971775052,-0.055399104952812195,-0.07378035783767699,0.5263040661811829,-0.4453049302101135,0.9985755085945128,0.13447679579257965,-0.48217433691024786,0.4398833811283112,-0.26220548152923584,0.18499554693698883,-0.28572356700897217,-0.6651270985603333,0.0925365686416626,-0.5920538902282715,0.19002701342105863,-0.08618859946727753,0.1376003473997116
-0.03953876346349716,-0.022226009517908096,0.3652442693710327,0.9981501102447508,-0.016679974272847176,-0.05846452713012695,-0.0003409221535548568,-1.6257473230361938,0.3745820224285126,-0.2701534926891327,2.3757548332214355,-0.5978552103042603,-0.12748125195503235,0.061338555067777634,0.03412353992462158,-0.23682308197021484,2.1209545135498047,0.3103214502334595,0.21943749487400052,-0.024625133723020557,-0.0545477531850338,0.5345829725265503,-0.5997534394264221,0.7764232158660888,-0.10291856527328493,-0.2878677546977997,0.5384105443954468,-0.24469690024852753,0.2552107274532318,-0.3912940919399261,-0.5267301797866821,0.3121383786201477,-0.23574247956275937,0.19775597751140597,-0.11037637293338776,0.08609430491924285
-0.04535283893346786,-0.021656790748238564,0.3615277409553528,0.9986369609832765,-0.016198525205254555,-0.04818257316946983,-0.011841190978884695,-1.6654244661331177,0.3792655766010285,-0.28374600410461426,2.379197120666504,-0.5830135345458984,-0.1458120346069336,0.008413122035562992,0.011862671002745628,-0.22610683739185333,2.168742656707764,0.26450765132904047,0.2174475789070129,0.00983238685876131,-0.028684761375188828,0.5363221764564513,-0.7654637098312379,0.5910281538963318,-0.2796310782432556,0.011658593080937862,0.594606339931488,-0.20120446383953092,0.303125262260437,-0.5762653946876526,-0.4211524724960327,0.4920857548713684,0.2284710258245468,0.3080805838108063,-0.1413162797689438,0.005217648111283779
-0.050823021680116647,-0.020656483247876167,0.35724738240242004,0.9989209175109864,-0.01427837647497654,-0.03307323902845383,-0.029313432052731517,-1.7162375450134275,0.3959741294384002,-0.28691825270652765,2.387115001678467,-0.5740185379981995,-0.15483723580837247,-0.05094555392861366,-0.010516458190977572,-0.2122910022735596,2.209763765335083,0.24811017513275144,0.22183415293693545,0.048426341265439994,-0.00972680188715458,0.5374148488044739,-0.907241404056549,0.4515262544155121,-0.3917411863803864,0.35040852427482605,0.6054480075836182,-0.1483202874660492,0.3222282826900482,-0.8052277565002441,-0.3218415677547455,0.6361579895019531,0.7137787342071533,0.4895540177822113,-0.1356164515018463,-0.10023178160190582
-0.05481798201799393,-0.0200093612074852,0.35568156838417053,0.9988330602645874,-0.008300705812871456,-0.019186755642294884,-0.04353701323270798,-1.7457115650177,0.41291472315788263,-0.27036961913108826,2.3871812820434566,-0.5715932846069336,-0.1375754177570343,-0.10034076869487762,-0.0396931879222393,-0.19349929690361023,2.244887351989746,0.22014926373958588,0.2240609675645828,0.06974459439516068,-0.016592297703027725,0.5356636643409729,-1.022794723510742,0.3412562608718872,-0.47999429702758795,0.6702500581741333,0.6106389164924622,-0.08794347941875458,0.3262276351451874,-0.9984548687934877,-0.20010061562061307,0.6924843192100525,1.0236430168151855,0.6660548448562622,-0.08481268584728241,-0.15333466231822968
-0.05495188385248184,-0.020406093448400497,0.3580816388130188,0.9986503720283507,-0.0061330939643085,-0.01825102046132088,-0.04823582991957664,-1.7305302619934082,0.4181225895881653,-0.26053750514984125,2.3846776485443115,-0.5801098346710205,-0.13324484229087827,-0.1070280596613884,-0.052897192537784576,-0.18615503609180448,2.243656873703003,0.23329354822635648,0.23195254802703855,0.0658668801188469,-0.0379008986055851,0.5336405634880066,-1.0705478191375732,0.25349506735801697,-0.531501054763794,0.867991805076599,0.6592109203338623,-0.058686144649982445,0.3482912480831146,-1.114208936691284,-0.08174825459718704,0.6653481125831604,1.0523052215576172,0.7325865030288696,-0.08350717276334761,-0.18238820135593412
-0.0527401678264141,-0.02157256007194519,0.36162829399108887,0.998354732990265,-0.007551196031272411,-0.02321293205022812,-0.05188434198498726,-1.7013931274414062,0.42759266495704645,-0.2636590600013733,2.382939338684082,-0.5948119163513184,-0.13666078448295593,-0.09679497033357619,-0.05047290027141571,-0.17991971969604492,2.226704835891724,0.2609485387802124,0.24228104948997495,0.06437279284000397,-0.0513576827943325,0.531113862991333,-1.0618648529052734,0.19911566376686096,-0.5432290434837341,0.9329701662063599,0.7149527072906494,-0.0454108826816082,0.3818058967590332,-1.175400733947754,0.00823392625898123,0.6332811713218689,0.9461559057235716,0.7055617570877075,-0.11302290856838226,-0.22190670669078824
-0.050138041377067566,-0.02303820475935936,0.3651733100414276,0.9980365633964537,-0.010241893120110033,-0.027772918343544006,-0.05519839748740196,-1.6782546043395996,0.438366174697876,-0.2727424204349518,2.38296890258789,-0.6065279841423035,-0.1386134773492813,-0.08125162124633789,-0.04589306935667992,-0.17479899525642395,2.2074227333068848,0.28319746255874634,0.24894353747367856,0.06552380323410034,-0.05304698273539543,0.5293104648590088,-1.0353816747665403,0.17148475348949432,-0.5314887166023254,0.9389871954917908,0.7485835552215576,-0.03398425132036209,0.4154867231845856,-1.2161195278167725,0.06107540801167488,0.613454043865204,0.7954063415527343,0.6027634143829346,-0.1427623480558395,-0.250600129365921
-0.0475846454501152,-0.024282874539494514,0.3685280978679657,0.9976817965507507,-0.013938677497208118,-0.03165176138281822,-0.05860790610313416,-1.6590476036071775,0.4492921531200409,-0.28591629862785334,2.383854866027832,-0.6141416430473328,-0.14112317562103271,-0.0657997652888298,-0.04217567294836044,-0.17048251628875732,2.1883018016815186,0.3019592761993408,0.2512972950935364,0.06699883937835693,-0.04429631680250168,0.5280598998069763,-1.010148048400879,0.1586456298828125,-0.5103861093521118,0.9335435628890992,0.7580962777137756,-0.020489126443862915,0.4458208680152893,-1.259739875793457,0.08158775418996811,0.6036840677261353,0.6432281136512756,0.43652328848838806,-0.15972265601158142,-0.27254047989845276
-0.0453009270131588,-0.02521281689405441,0.3710348308086395,0.9973264932632446,-0.01852790638804436,-0.03442353010177612,-0.06173866242170334,-1.6431939601898191,0.45929089188575745,-0.3036521375179291,2.386420726776123,-0.6213565468788146,-0.1447569727897644,-0.05369934067130089,-0.03785814344882965,-0.16753703355789185,2.1712121963500977,0.3226402997970581,0.2512083649635315,0.0671413466334343,-0.027104545384645466,0.5267727375030518,-0.9891943931579588,0.15739278495311737,-0.4849333465099335,0.9235365390777587,0.746362566947937,-0.0067759184166789055,0.4708958864212036,-1.316128849983215,0.07310900092124939,0.5998271107673645,0.5173835158348083,0.2369680106639862,-0.16624148190021515,-0.28955820202827454
-0.04330935701727867,-0.025918234139680862,0.3729603290557861,0.9970114827156067,-0.02281264029443264,-0.036552149802446365,-0.06412164866924286,-1.6292672157287595,0.4683207869529724,-0.3194957375526428,2.3895788192749023,-0.6270948648452759,-0.1465010792016983,-0.04334603250026703,-0.03569917380809784,-0.16667820513248444,2.157564401626587,0.344096839427948,0.2500118315219879,0.06581295281648636,-0.0041369241662323475,0.5257084965705872,-0.970065712928772,0.16865208745002747,-0.4510461091995239,0.8959701657295227,0.7066383957862854,0.0012028764467686415,0.48541784286499023,-1.3850514888763428,0.0344296395778656,0.6002782583236694,0.4340513646602631,0.044025719165802,-0.16911979019641876,-0.2903735637664795
-0.04201465472579002,-0.026489779353141785,0.37411466240882874,0.9967673420906067,-0.02681028842926025,-0.037829820066690445,-0.06561202555894852,-1.6213477849960327,0.4758639633655548,-0.3334197998046875,2.3932847976684566,-0.6283251643180847,-0.14351394772529602,-0.035254597663879395,-0.03574833646416664,-0.1687897741794586,2.1477813720703125,0.3687131404876709,0.24941788613796237,0.061463657766580575,0.02480187080800533,0.5252326726913452,-0.9437407851219176,0.19568754732608795,-0.4058776497840881,0.8286443352699279,0.6299183964729309,-0.0011424729600548744,0.4885337650775909,-1.454257249832153,-0.04033910483121872,0.6157916188240051,0.38595774769783026,-0.16076260805130005,-0.1719408482313156,-0.26947221159935
-0.04140181466937065,-0.02718853950500488,0.3748225271701813,0.9966033697128298,-0.02946304716169834,-0.03972245752811432,-0.06584655493497849,-1.6127079725265503,0.4827806651592255,-0.342068076133728,2.396033525466919,-0.6267821192741394,-0.13827574253082275,-0.028445007279515263,-0.03880406916141511,-0.1725335419178009,2.139468193054199,0.3984907567501068,0.248635396361351,0.055963121354579926,0.05934858322143555,0.5232486724853516,-0.8963242173194885,0.24225261807441711,-0.3578757047653198,0.6906179189682007,0.5098402500152588,-0.01984099671244621,0.4766843616962433,-1.5035529136657715,-0.1523079127073288,0.6472245454788208,0.33740314841270447,-0.3276240825653076,-0.1769626885652542,-0.23388805985450745
-0.04064064100384712,-0.028108581900596615,0.3761842250823975,0.996425211429596,-0.03139190003275871,-0.043036002665758126,-0.06556807458400726,-1.59698486328125,0.49038165807724,-0.3466779887676239,2.3964381217956543,-0.6296459436416626,-0.137897327542305,-0.022872399538755417,-0.041629619896411896,-0.17656779289245603,2.127363681793213,0.43095055222511286,0.2504143416881561,0.05343859642744064,0.09926231950521469,0.5181763768196106,-0.8141039609909058,0.31049734354019165,-0.32039526104927063,0.4779644310474396,0.34246382117271423,-0.0566021166741848,0.44725167751312256,-1.5162601470947263,-0.2837435007095337,0.6750772595405579,0.2529733777046204,-0.39523789286613453,-0.17648951709270477,-0.190991684794426
-0.03995436057448387,-0.02934212237596512,0.3778615593910217,0.996414005756378,-0.03092125989496708,-0.045346710830926895,-0.06439502537250519,-1.5826870203018188,0.49451023340225214,-0.34896403551101685,2.3944149017333984,-0.6335415244102478,-0.1363898068666458,-0.019047368317842484,-0.046548090875148766,-0.18186084926128387,2.116222858428955,0.45795983076095587,0.2528010606765747,0.05025127157568932,0.133474662899971,0.5129542946815491,-0.7026956677436829,0.3930873870849609,-0.29802706837654114,0.259289413690567,0.20737837255001068,-0.08553329110145567,0.4207173585891724,-1.5010956525802612,-0.4155509471893311,0.6964229345321655,0.1412583589553833,-0.406553328037262,-0.18209233880043027,-0.15009456872940063
-0.03949299454689026,-0.030962932854890823,0.37967339158058167,0.9966261386871338,-0.027030508965253826,-0.04639451205730438,-0.062074687331914895,-1.5692178010940552,0.493309497833252,-0.3455222249031067,2.389845132827759,-0.6355885863304137,-0.13323502242565155,-0.01523937191814184,-0.05786353722214698,-0.1876275986433029,2.1080398559570312,0.4761389195919037,0.2537093758583069,0.042204566299915314,0.15620940923690796,0.5100374817848206,-0.5656441450119019,0.49139517545700073,-0.279472291469574,0.05421486124396324,0.1327141225337982,-0.10504081845283508,0.4081093370914459,-1.4799065589904783,-0.5410404205322266,0.7137494683265686,0.019991787150502205,-0.3883568048477173,-0.1934797316789627,-0.11130560934543608
-0.03940712660551071,-0.032944146543741226,0.3812722861766815,0.9969838261604307,-0.020147463306784626,-0.04621388763189316,-0.05900488421320915,-1.5575076341629028,0.4879723787307739,-0.3369343876838684,2.383303165435791,-0.6322668790817261,-0.12924848496913907,-0.010672563686966896,-0.07502340525388716,-0.19477134943008423,2.104438066482544,0.48748260736465454,0.2527673542499542,0.03156055882573128,0.16650860011577606,0.51045823097229,-0.4051583409309387,0.6029245853424072,-0.25032198429107666,-0.13932138681411743,0.11432844400405884,-0.12226415425539015,0.4084338843822479,-1.463213324546814,-0.6601277589797974,0.7201249003410339,-0.09989944845438004,-0.35274964570999146,-0.20737396180629727,-0.07293287664651871
-0.03956513106822968,-0.035033218562603,0.38245636224746704,0.9973386526107789,-0.01235699001699686,-0.04561591148376465,-0.05551689118146896,-1.5476354360580444,0.4810890257358551,-0.32672092318534846,2.375337600708008,-0.6237409114837646,-0.12556838989257812,-0.007726438809186221,-0.09332219511270524,-0.20264276862144473,2.1017699241638184,0.501271426677704,0.2486426681280136,0.02212991751730442,0.16620253026485443,0.5128254294395447,-0.22749623656272888,0.7176469564437865,-0.20118877291679385,-0.3157804012298584,0.14673888683319092,-0.13093020021915436,0.4147224724292755,-1.443509578704834,-0.7720590233802795,0.7024374008178711,-0.21306627988815308,-0.30770233273506165,-0.22200973331928253,-0.0378279946744442
-0.03937618806958199,-0.037224441766738885,0.38374489545822144,0.9975489377975466,-0.0053728087805211535,-0.04621194675564766,-0.05226696655154228,-1.5334254503250122,0.47479498386383057,-0.3180099129676819,2.3670201301574707,-0.6167654395103456,-0.12938249111175537,-0.004225542303174734,-0.10621780902147292,-0.207146555185318,2.095188617706299,0.5171578526496887,0.24470652639865875,0.01712803728878498,0.15659861266613007,0.5144254565238953,-0.0458705760538578,0.8230872750282286,-0.12807072699069977,-0.4737856984138489,0.20770375430583957,-0.12674400210380554,0.41401085257530207,-1.4046237468719482,-0.8722861409187315,0.6478722095489502,-0.3129962384700775,-0.2588145136833191,-0.2345920503139496,-0.005554971285164356
-0.03852422907948493,-0.03947303444147109,0.38434466719627375,0.9976056218147277,0.0011152994120493531,-0.0483471155166626,-0.04943959042429924,-1.514007329940796,0.4708144664764404,-0.3107217848300934,2.362347364425659,-0.6151717305183411,-0.1380828469991684,0.003002928337082267,-0.11416635662317276,-0.20738661289215088,2.0880117416381836,0.5272617936134337,0.24156217277050016,0.01728522963821888,0.13684284687042236,0.514849841594696,0.13092094659805295,0.9077144265174864,-0.035479385405778885,-0.6125156283378601,0.2715359926223755,-0.11545167863368988,0.4016784131526947,-1.33790922164917,-0.9556366801261901,0.5565534830093384,-0.39756035804748535,-0.210145965218544,-0.2462724596261978,0.026748932898044583
-0.036936145275831216,-0.04160787165164948,0.3841679692268372,0.9975337386131287,0.006704967003315687,-0.051498986780643456,-0.047215700149536126,-1.4928076267242432,0.4673985540866852,-0.30586540699005127,2.361560821533203,-0.6156182289123535,-0.1498812437057495,0.012860431335866451,-0.11824890226125716,-0.2049812823534012,2.0819828510284424,0.52845561504364,0.2406763732433319,0.022571245208382607,0.10999990999698638,0.5136823654174805,0.2759765386581421,0.9620531201362608,0.05081935226917266,-0.7250036597251891,0.31680557131767273,-0.1078423485159874,0.3779206573963165,-1.2378196716308592,-1.016601800918579,0.42998930811882013,-0.4684556722640991,-0.16604149341583252,-0.25823140144348145,0.060239557176828384
-0.03461579233407974,-0.04373772814869881,0.38374596834182734,0.9973936080932616,0.010723025538027287,-0.05544999614357948,-0.04490349814295769,-1.4713324308395384,0.46441313624382013,-0.3039051294326782,2.3628776073455806,-0.6159074306488037,-0.16212773323059082,0.026839882135391235,-0.11810044199228285,-0.20451691746711728,2.0743212699890137,0.5240899920463562,0.24062564969062805,0.028879754245281216,0.08099860697984694,0.5119113922119141,0.35560673475265503,0.986609160900116,0.09106643497943878,-0.8090502619743347,0.34088069200515747,-0.1053275316953659,0.3456003665924072,-1.107234239578247,-1.0472398996353147,0.280735045671463,-0.5319324731826782,-0.13051468133926392,-0.26894640922546387,0.09658824652433395
-0.031990036368370056,-0.04591691493988037,0.38321235775947565,0.9972870349884032,0.012687837705016136,-0.059349559247493744,-0.0416564829647541,-1.454292893409729,0.4620640277862549,-0.3054705858230591,2.3656094074249268,-0.6145439743995667,-0.169809952378273,0.043692871928215034,-0.1134260520339012,-0.209408774971962,2.0645415782928462,0.518936276435852,0.24142253398895264,0.031574588268995285,0.05375789850950241,0.5103419423103333,0.360336035490036,0.988964796066284,0.06920252740383148,-0.8682300448417662,0.34891718626022333,-0.10619473457336424,0.3075222074985504,-0.9698798656463624,-1.0448591709136963,0.13642677664756775,-0.5932245254516602,-0.10049030184745789,-0.2751702070236206,0.13438355922698975
-0.02923184633255005,-0.047965563833713525,0.3824427723884583,0.9971965551376343,0.012497170828282831,-0.06358359754085541,-0.03741537779569626,-1.4415475130081177,0.4601671099662781,-0.3101288676261902,2.370968818664551,-0.6129188537597656,-0.17459082603454587,0.06538978219032288,-0.10514208674430849,-0.2194232642650604,2.053055763244629,0.5125932097434998,0.24374474585056305,0.031160272657871246,0.02935831807553768,0.5081590414047241,0.3001636266708374,0.9782894253730773,-0.009183503687381744,-0.8980904817581176,0.33994245529174805,-0.10676459968090056,0.26829639077186584,-0.8613309264183043,-1.0188527107238767,0.02887022867798805,-0.6496032476425171,-0.07529763877391814,-0.2753711938858032,0.16874840855598447
-0.026569895446300503,-0.049560092389583595,0.38169401884078974,0.997068464756012,0.011389149352908134,-0.06832167506217957,-0.03250914067029953,-1.4306719303131104,0.45722079277038574,-0.3170519173145294,2.3778328895568848,-0.6110941171646118,-0.1752640604972839,0.091106615960598,-0.09807926416397095,-0.23263864219188687,2.040983200073242,0.5069133043289185,0.24604551494121552,0.027379745617508888,0.005500901024788617,0.5060250759124756,0.19529780745506287,0.9535298943519592,-0.1236092522740364,-0.8865349292755128,0.31384921073913574,-0.10382582992315292,0.23434963822364807,-0.8045486211776732,-0.9897394180297853,-0.022705888375639915,-0.693495512008667,-0.05618872120976448,-0.26836422085762024,0.19608622789382932
-0.024126237258315086,-0.05042857676744461,0.381376713514328,0.9968543052673341,0.009510350413620474,-0.07366330921649933,-0.027653153985738754,-1.4179623126983643,0.45215177536010737,-0.32426345348358154,2.3845133781433105,-0.6107243895530701,-0.176028311252594,0.11851714551448822,-0.09141826629638672,-0.2453623116016388,2.028200626373291,0.5044980645179749,0.2490750104188919,0.023529153317213055,-0.016722917556762695,0.503130316734314,0.06219138577580452,0.9143267273902893,-0.2578859031200409,-0.8295676112174987,0.2784803807735443,-0.09204751998186111,0.2082073986530304,-0.8044564127922058,-0.9787012338638305,-0.018239226192235943,-0.7183013558387756,-0.0439489483833313,-0.25931465625762934,0.22473077476024628
-0.022272178903222084,-0.050377681851387024,0.381120890378952,0.9966136217117308,0.008820872753858566,-0.07791626453399658,-0.024748841300606728,-1.4058449268341064,0.4487358629703522,-0.3268779218196869,2.3906235694885254,-0.6123807430267334,-0.1714729070663452,0.1401923894882202,-0.08974212408065795,-0.2518218159675598,2.020465850830078,0.5020488500595093,0.24983273446559903,0.021749522536993023,-0.038491442799568176,0.5006389021873474,-0.08876188844442366,0.855366051197052,-0.39291200041770935,-0.7356261610984801,0.25011658668518066,-0.07154618203639984,0.18637101352214813,-0.8636160492897034,-0.9972236752510071,0.037250567227602005,-0.7164450883865356,-0.03459838777780533,-0.2554944157600403,0.2567300796508789
-0.021070165559649467,-0.04938015341758728,0.38113972544670094,0.9963984489440917,0.010121477767825127,-0.08048645406961441,-0.024692270904779438,-1.3934721946716309,0.44971063733100886,-0.322282999753952,2.394943952560425,-0.6175221204757689,-0.16214661300182343,0.15187188982963562,-0.09343645721673965,-0.24779747426509857,2.018671751022339,0.4971044063568115,0.2484855949878693,0.02293991297483444,-0.05750680342316628,0.5015989542007446,-0.2359344512224197,0.78066086769104,-0.502879798412323,-0.639965295791626,0.2549689710140228,-0.04881407693028449,0.16404539346694946,-0.9686591029167176,-1.03676176071167,0.1248282715678215,-0.6898053288459778,-0.025318646803498268,-0.2647160589694977,0.27436029911041254
-0.02024943381547928,-0.04795677959918976,0.3817315399646759,0.9962909817695615,0.01084561925381422,-0.08076546341180801,-0.027634557336568832,-1.3816028833389282,0.45713508129119873,-0.3168373107910156,2.3971505165100098,-0.6289573311805725,-0.15813283622264862,0.14795978367328644,-0.09198292344808577,-0.23555737733840945,2.019995212554932,0.4917090237140656,0.2494952082633972,0.030912723392248157,-0.06614086031913757,0.5036740303039551,-0.3559201955795288,0.6973576545715332,-0.5721370577812195,-0.5800706148147583,0.28791773319244385,-0.03034103848040104,0.1400047391653061,-1.0857266187667847,-1.073248028755188,0.21621188521385193,-0.6567567586898804,-0.004597618244588375,-0.2820159494876861,0.27659231424331665
-0.0197918601334095,-0.0468355230987072,0.38218617439270014,0.9963710308074952,0.00953179970383644,-0.07818298041820526,-0.032270774245262146,-1.3794478178024292,0.46819180250167847,-0.31751349568367004,2.399263381958008,-0.6405892968177795,-0.16421319544315338,0.13144166767597198,-0.08224263787269592,-0.22233220934867856,2.02591609954834,0.48196101188659674,0.2537885904312134,0.043527383357286446,-0.06637979298830032,0.5037490129470825,-0.44548368453979487,0.6154492497444153,-0.6150450706481934,-0.5566145777702332,0.32063066959381104,-0.018916863948106762,0.1162148341536522,-1.179551601409912,-1.0895127058029175,0.2895877957344055,-0.6358100771903992,0.023975266143679615,-0.30142781138420105,0.27744850516319275
-0.0196364801377058,-0.04628083854913712,0.3827704191207886,0.9965492486953736,0.008024261333048342,-0.07400512695312499,-0.036720700562000275,-1.3862390518188477,0.47997042536735535,-0.3221201002597809,2.400521278381348,-0.647220253944397,-0.16964061558246613,0.11380790919065475,-0.0713106095790863,-0.21267573535442352,2.0334935188293457,0.4664807319641113,0.2572230398654938,0.052405957132577896,-0.0671514943242073,0.5035709738731384,-0.5107060074806212,0.5465289354324341,-0.6463720798492432,-0.5536996126174927,0.3432232439517975,-0.015790553763508797,0.10029599070549013,-1.2403538227081299,-1.082310676574707,0.3398453295230865,-0.6302408576011658,0.04969170689582825,-0.3175819516181946,0.2765444815158844
-0.01952073909342289,-0.04620973020792008,0.38316625356674194,0.9967078566551208,0.005752629600465298,-0.0700564980506897,-0.04040322080254554,-1.3972582817077637,0.49172985553741455,-0.32883667945861816,2.4021496772766118,-0.6494061946868896,-0.173447847366333,0.1001577153801918,-0.058952789753675454,-0.20788468420505524,2.038485288619995,0.45560291409492487,0.259932428598404,0.057157725095748894,-0.067581407725811,0.5041956305503845,-0.5586732029914856,0.496564507484436,-0.6717228889465332,-0.5654310584068297,0.3480186462402344,-0.01865304820239544,0.09295051544904707,-1.2770723104476929,-1.0612509250640867,0.37267249822616577,-0.6321072578430176,0.07141418009996414,-0.3299606442451477,0.2712162733078003
-0.019310586154460904,-0.04633944481611252,0.3830501735210418,0.996842086315155,0.0029388994444161654,-0.06622960418462753,-0.043712522834539407,-1.4110620021820068,0.502447783946991,-0.33669617772102356,2.4050331115722656,-0.6486809849739075,-0.17571610212326047,0.0893637537956238,-0.04724622145295143,-0.2063308209180832,2.042234182357788,0.4483160376548767,0.26150208711624146,0.05921212211251258,-0.06776351481676102,0.5054357647895813,-0.5982555150985718,0.4634617865085602,-0.6914991736412048,-0.5878462195396423,0.32784533500671387,-0.027234749868512157,0.08856057375669478,-1.300644040107727,-1.0303421020507812,0.3954012393951416,-0.6368212103843689,0.09471952170133591,-0.33666324615478516,0.2626713514328003
-0.019151143729686737,-0.04648526757955551,0.3825306594371796,0.9969418644905089,0.0006003199378028512,-0.06216927245259285,-0.04734566435217857,-1.4236197471618652,0.5128047466278076,-0.34204351902008057,2.4078323841094966,-0.6462538242340088,-0.17664076387882233,0.07737174630165101,-0.03929386287927628,-0.20485779643058777,2.046710968017578,0.4454017281532288,0.260506272315979,0.059964075684547424,-0.06865528225898743,0.5073201060295105,-0.6393266916275024,0.4456127882003784,-0.7040665149688721,-0.618522882461548,0.28132593631744385,-0.040925536304712296,0.08362769335508345,-1.3181066513061523,-0.991693437099457,0.41170787811279297,-0.6421979069709778,0.12069762498140336,-0.3385239839553833,0.25152117013931274
-0.018910260871052745,-0.04670721292495728,0.38245418667793274,0.9969939589500428,-0.0013872229028493164,-0.0582820437848568,-0.051032006740570075,-1.4314885139465332,0.5214269757270813,-0.34520572423934937,2.4085531234741206,-0.6439980268478394,-0.17925727367401123,0.06423608213663101,-0.032525040209293365,-0.20133349299430847,2.0498225688934326,0.4460833370685577,0.2585537135601044,0.06123458594083785,-0.06899101287126541,0.5089138746261597,-0.6882988214492798,0.44018495082855214,-0.7048792839050293,-0.655520737171173,0.20878855884075165,-0.06108750030398369,0.07620321214199066,-1.332260012626648,-0.9491752982139587,0.4200884699821472,-0.6454064249992371,0.14404235780239105,-0.3379992246627808,0.23404760658741
-0.01855453848838806,-0.04707372933626175,0.3829391598701477,0.9970122575759888,-0.003119043307378888,-0.05442642048001289,-0.05472290143370628,-1.4359288215637207,0.529103696346283,-0.3489836156368256,2.4077608585357666,-0.6430764198303223,-0.18389344215393064,0.05082698538899422,-0.026500359177589417,-0.1956907957792282,2.051745891571045,0.4467094540596008,0.2559610605239868,0.06397517025470734,-0.06830012798309326,0.5103102326393129,-0.7501813173294067,0.4430637955665588,-0.685697615146637,-0.693908154964447,0.10639208555221556,-0.09139283001422882,0.07048261165618896,-1.346508741378784,-0.9024877548217772,0.4202938377857208,-0.6431328654289246,0.16550785303115845,-0.33740186691284174,0.2066279351711273
-0.01796881854534149,-0.047562889754772186,0.38370621204376226,0.997019588947296,-0.004517409484833479,-0.05085625126957893,-0.05783741921186447,-1.438461184501648,0.5352314710617065,-0.3538500964641571,2.4064786434173584,-0.6438153982162476,-0.1906264126300812,0.041267737746238715,-0.02064620517194271,-0.19003200531005857,2.0525243282318115,0.4444503784179688,0.25298365950584406,0.06887481361627579,-0.06737127900123596,0.5120212435722351,-0.8280771374702453,0.45091274380683893,-0.6392747759819031,-0.7204518914222717,-0.028348248451948162,-0.12923093140125275,0.07094299048185349,-1.364311933517456,-0.853360652923584,0.4115355908870697,-0.6306403875350952,0.18697383999824524,-0.3352285325527191,0.16904516518115997
-0.017091013491153717,-0.04801045358181,0.3843489289283752,0.9970372915267944,-0.005382949020713568,-0.04748072475194931,-0.060276102274656296,-1.4420660734176636,0.5402855277061462,-0.35782989859580994,2.4061169624328613,-0.6446277499198914,-0.197206512093544,0.036985576152801514,-0.01681484654545784,-0.18596388399600983,2.0529079437255855,0.43717184662818903,0.2500525712966919,0.07537951320409775,-0.06802577525377274,0.5142155289649963,-0.9206584095954896,0.4606248140335083,-0.5658189654350281,-0.718494713306427,-0.1848705857992172,-0.1675814986228943,0.08120047301054,-1.3884166479110716,-0.8059096932411194,0.39367833733558655,-0.6047796010971069,0.20786279439926147,-0.32781878113746643,0.1262567788362503
-0.015987157821655273,-0.04832075536251068,0.38464146852493286,0.9970780611038208,-0.0054266578517854205,-0.04427666962146759,-0.0620109960436821,-1.4476139545440672,0.5440384745597839,-0.3608360886573792,2.4066050052642822,-0.642629086971283,-0.20207887887954712,0.035809364169836044,-0.015403715893626211,-0.18319271504879,2.0533852577209473,0.4280469715595245,0.2476213425397873,0.08212688565254211,-0.07205552607774734,0.5166630744934082,-1.0270884037017822,0.46915996074676514,-0.4781562685966492,-0.6818006634712219,-0.34664547443389887,-0.19994984567165372,0.10336670279502869,-1.4157197475433347,-0.760973572731018,0.36847919225692743,-0.5675374269485474,0.22592955827713007,-0.31425490975379944,0.08370073884725569
-0.014502476900815964,-0.04852242022752762,0.38479650020599365,0.9971060752868652,-0.0042899600230157375,-0.04191983863711357,-0.06327536702156067,-1.4498934745788574,0.5448550581932068,-0.36286577582359314,2.4075181484222408,-0.638664186000824,-0.2092437297105789,0.03693565726280213,-0.016769319772720337,-0.17919419705867767,2.0529379844665527,0.41796502470970154,0.24531401693820956,0.08818749338388443,-0.08031123876571654,0.5178446769714355,-1.139451026916504,0.47365075349807734,-0.3984649479389191,-0.6214266419410706,-0.4824691712856293,-0.21918800473213196,0.13476470112800598,-1.4420763254165647,-0.7206830978393554,0.33875131607055664,-0.5254209637641907,0.2320654392242432,-0.2968568205833435,0.045499127358198166
-0.012643913738429546,-0.04863403737545013,0.3847628235816956,0.997102439403534,-0.0019708387553691864,-0.04058940336108208,-0.06430625170469284,-1.4465798139572144,0.5440720319747925,-0.36397936940193176,2.4091501235961914,-0.635124146938324,-0.21875831484794617,0.03875124454498291,-0.019673112779855728,-0.1724013388156891,2.052471160888672,0.4071366488933563,0.24454811215400693,0.09283401072025299,-0.091850146651268,0.5173792839050293,-1.2530977725982666,0.4725437462329865,-0.34152719378471375,-0.5528674125671387,-0.5730471611022949,-0.22529460489749908,0.16531148552894592,-1.467042088508606,-0.6839560270309448,0.30839815735816956,-0.4840494096279144,0.22246500849723813,-0.2813129723072052,0.01858633756637573
-0.01062796637415886,-0.04860658943653107,0.384562075138092,0.9970755577087401,0.0007320708828046918,-0.03971072658896446,-0.06529136002063751,-1.4416499137878416,0.5424829721450806,-0.3648613095283508,2.411129713058472,-0.6330061554908752,-0.22871212661266327,0.04066302254796028,-0.022193264216184616,-0.16264572739601135,2.053170919418335,0.3958812057971954,0.24687232077121732,0.09519760310649872,-0.1042504534125328,0.5148106217384337,-1.3610098361968994,0.4660420715808869,-0.3099166452884674,-0.48613676428794866,-0.6196699142456055,-0.2246161550283432,0.1871267259120941,-1.487025499343872,-0.6491012573242188,0.2800970673561096,-0.4485067129135132,0.19411477446556089,-0.265135258436203,0.007880689576268194
-0.008720699697732925,-0.04848085343837737,0.38418483734130854,0.9970191121101379,0.0033881845884025097,-0.03900883346796036,-0.06648141145706177,-1.4390690326690672,0.5413389801979065,-0.36690694093704224,2.414433479309082,-0.6336685419082642,-0.23621159791946408,0.043305043131113045,-0.023476891219615936,-0.1522432118654251,2.0560741424560542,0.3848450779914856,0.2513965964317322,0.095567025244236,-0.1158432364463806,0.5108368992805481,-1.4524775743484497,0.45569401979446406,-0.30155485868453974,-0.43041756749153137,-0.6224178075790405,-0.22172977030277247,0.19325505197048187,-1.4958794116973877,-0.6159048080444336,0.254398375749588,-0.42273887991905207,0.14850008487701416,-0.2476854771375656,0.015731940045952797
-0.006931360810995102,-0.048529457300901406,0.3834569752216339,0.9968811869621277,0.00643634796142578,-0.03842175006866455,-0.06863149255514145,-1.441035747528076,0.5421048998832704,-0.37045857310295105,2.4200570583343506,-0.6323240399360657,-0.23777216672897336,0.04564780741930008,-0.02794033847749233,-0.1445862054824829,2.063517570495605,0.3722785413265228,0.25700533390045166,0.0941484197974205,-0.1284864991903305,0.5075424909591675,-1.5167913436889648,0.44437795877456665,-0.3087345361709595,-0.39114800095558167,-0.5889225602149963,-0.22217208147048953,0.18602208793163297,-1.494429349899292,-0.5865748524665833,0.23864617943763727,-0.409728080034256,0.0962955430150032,-0.23328180611133573,0.03125952184200287
-0.005673145409673452,-0.0486205369234085,0.38148096203804016,0.9966185688972472,0.00941580906510353,-0.03775372728705406,-0.07237071543931961,-1.4453328847885132,0.5468143224716187,-0.37558680772781367,2.4290432929992676,-0.6340782046318054,-0.2329125702381134,0.04795764759182929,-0.035652823746204376,-0.14062896370887756,2.075044631958008,0.35334476828575134,0.2611384093761444,0.08986091613769531,-0.1416611075401306,0.5044512748718262,-1.5386210680007935,0.4339427351951599,-0.3262973725795746,-0.37349528074264526,-0.5328267216682434,-0.2244236320257187,0.17236304283142087,-1.4815722703933716,-0.5627452731132507,0.2412022352218628,-0.411638617515564,0.045468319207429886,-0.22321255505084991,0.047360677272081375
-0.005500543862581253,-0.04840221628546714,0.37935829162597656,0.9963029623031616,0.011076160706579683,-0.038583625108003616,-0.07595453411340714,-1.445852518081665,0.5535417795181273,-0.37557777762413025,2.4362986087799072,-0.6385530233383179,-0.21965473890304563,0.0520281009376049,-0.04242940247058869,-0.13436298072338104,2.0826215744018555,0.3414380550384521,0.25865235924720764,0.08441602438688278,-0.14833953976631165,0.5014408230781555,-1.5219013690948486,0.4287756383419037,-0.3493658304214477,-0.361054241657257,-0.4684868454933167,-0.22117738425731656,0.15112240612506866,-1.4542731046676636,-0.5473012924194336,0.245323583483696,-0.4264420866966248,-0.00581700261682272,-0.20700637996196744,0.05852028355002403
-0.005222936160862446,-0.04813505709171295,0.3812292814254761,0.9960456490516663,0.008934645913541317,-0.043976470828056335,-0.07667599618434906,-1.422202229499817,0.5591645240783691,-0.3723480105400085,2.4328184127807617,-0.6380696296691896,-0.2138352692127228,0.06361750513315201,-0.03272245079278946,-0.12390516698360445,2.073513507843017,0.3342842757701874,0.253722608089447,0.0782134532928467,-0.13505741953849792,0.49804657697677607,-1.4929958581924438,0.42530408501625055,-0.35566028952598566,-0.3418358862400055,-0.4293159246444702,-0.1893009841442108,0.11531618237495422,-1.4177174568176267,-0.5394202470779419,0.2431058883666992,-0.42842152714729304,-0.04420835897326469,-0.1894314736127853,0.08016675710678099
-0.005167781375348568,-0.04864734411239624,0.38142502307891846,0.9957038164138794,0.0023388147819787264,-0.05008777230978012,-0.07784356176853181,-1.4169018268585205,0.5670153498649597,-0.3903601765632629,2.434099674224853,-0.6300188302993774,-0.22818991541862488,0.07576581835746765,-0.012305487878620625,-0.12538614869117737,2.0587317943573,0.35986766219139094,0.2576030194759369,0.07782152295112611,-0.10993112623691557,0.4922420084476471,-1.4372940063476562,0.4299148321151733,-0.34271579980850214,-0.33430051803588867,-0.4388302266597748,-0.14728380739688873,0.05871561914682388,-1.3580149412155151,-0.5410377979278564,0.22857466340065,-0.42048794031143194,-0.0620022714138031,-0.16627152264118195,0.12156815081834792
-0.004872564226388931,-0.04886191338300705,0.3806518614292145,0.9954047799110413,-0.002809306839480996,-0.05369461700320244,-0.07923509925603865,-1.4179649353027344,0.5750786066055298,-0.4062893986701965,2.438463926315308,-0.6274961233139038,-0.2321980148553848,0.07993093878030777,0.006248375400900841,-0.12202776968479156,2.0564560890197754,0.36300152540206904,0.25959834456443787,0.07256830483675003,-0.089956596493721,0.481015682220459,-1.3599973917007446,0.44258072972297674,-0.33896777033805847,-0.34226351976394653,-0.4222886264324188,-0.11830338090658188,0.012727683410048485,-1.2820006608963013,-0.5383430719375609,0.213323637843132,-0.4208684265613556,-0.08547337353229521,-0.1318119764328003,0.17099928855895996
-0.004504246637225151,-0.049202099442482,0.3791335821151733,0.995106041431427,-0.006734638940542936,-0.05641490593552589,-0.08084516227245331,-1.4234352111816406,0.5851134061813353,-0.4203545153141022,2.444497346878052,-0.6245675086975098,-0.2286983877420425,0.08378239721059798,0.01796872727572918,-0.12201254814863204,2.055414199829101,0.36302295327186573,0.2591257691383362,0.06379207223653793,-0.07443086802959442,0.46985191106796254,-1.26285183429718,0.45967787504196167,-0.3408080041408539,-0.3662442266941071,-0.3702897727489472,-0.089586541056633,-0.0243949331343174,-1.1923019886016843,-0.53230220079422,0.20068110525608063,-0.43686032295227045,-0.12572285532951355,-0.09083371609449385,0.24016390740871427
-0.004226587247103453,-0.04950551688671112,0.37760171294212336,0.9947844743728637,-0.011028335429728031,-0.05778773128986359,-0.08332338929176329,-1.4340810775756836,0.5959595441818237,-0.43485450744628906,2.4507088661193848,-0.6219655871391296,-0.22257469594478607,0.08306221663951874,0.029013194143772125,-0.12295453250408173,2.056745767593384,0.36379873752594,0.2588433623313904,0.051324654370546334,-0.05882444232702255,0.4619344472885132,-1.1604319810867307,0.47783491015434265,-0.3455197811126709,-0.4012652635574341,-0.2952902317047119,-0.06488704681396484,-0.04588554054498672,-1.0986912250518799,-0.5188171863555908,0.1943156868219376,-0.4629821181297302,-0.1689632385969162,-0.05233241245150566,0.31568920612335205
-0.004365876317024231,-0.04973535984754562,0.3762094974517822,0.9943842887878418,-0.01581786759197712,-0.05790180712938309,-0.08716074377298355,-1.4476511478424072,0.60893577337265,-0.44961920380592346,2.455950975418091,-0.6201130151748657,-0.2167229056358337,0.0763120725750923,0.040355384349823,-0.12364841252565384,2.060808658599853,0.3682051002979279,0.25902208685874933,0.037271320819854736,-0.042623888701200485,0.46105340123176575,-1.0652295351028442,0.4938605129718781,-0.34540683031082153,-0.44011661410331726,-0.2070365697145462,-0.04619641974568367,-0.05547310411930084,-1.0064395666122437,-0.49851047992706293,0.18867866694927213,-0.49231800436973566,-0.21196767687797544,-0.02303568832576275,0.38403433561325073
-0.005047281738370657,-0.04994415491819382,0.3751949667930603,0.9939313530921936,-0.020796164870262143,-0.05681697279214859,-0.09186909347772598,-1.463686227798462,0.6233300566673279,-0.4637933075428009,2.4586663246154785,-0.6198031902313232,-0.21290291845798487,0.06375156342983246,0.05196468159556389,-0.12342970073223114,2.0664150714874268,0.3761334419250488,0.2591165602207184,0.021673772484064106,-0.02682631462812424,0.46717748045921326,-0.9768007397651672,0.5078749656677246,-0.33519914746284485,-0.482115626335144,-0.1061265841126442,-0.03186939284205437,-0.06296496838331223,-0.9189664125442506,-0.47169771790504456,0.1837778985500336,-0.5207227468490601,-0.2563423216342926,-0.0022334279492497444,0.44098627567291254
-0.00644348468631506,-0.0501323826611042,0.3744350671768189,0.9935050010681152,-0.02417721413075924,-0.05467856675386429,-0.09681745618581773,-1.4787880182266235,0.6382095813751221,-0.4725594818592072,2.459125518798828,-0.6225709915161133,-0.20837324857711792,0.048273224383592606,0.060483500361442566,-0.12225565314292908,2.075013875961304,0.38226526975631714,0.2579540014266968,0.004574739374220371,-0.015900978818535805,0.4797201454639434,-0.8977618813514708,0.5200267434120177,-0.3181702196598053,-0.5270950198173523,0.009503909386694431,-0.020319947972893715,-0.07190007716417313,-0.8415281772613524,-0.4372377395629882,0.18079841136932373,-0.5465684533119202,-0.2981937825679779,0.010753188282251358,0.4781789183616638
-0.00863769743591547,-0.05007633566856384,0.3741478025913239,0.993165910243988,-0.02583424560725689,-0.051759984344244,-0.1013653576374054,-1.491229772567749,0.6528108716011047,-0.4744868874549866,2.4564197063446045,-0.6288089156150818,-0.20118871331214905,0.031433604657649994,0.06645528972148895,-0.11952358484268188,2.084362030029297,0.38501715660095215,0.25578927993774414,-0.014943618327379227,-0.009098385460674761,0.4948015511035919,-0.8276566267013549,0.5324537754058838,-0.2962198853492737,-0.5758215188980104,0.1422092467546463,-0.01027107611298561,-0.08224159479141235,-0.772706925868988,-0.3943759202957153,0.178647980093956,-0.5679842233657837,-0.33204397559165955,0.014368767850100994,0.48330688476562494
-0.01130719855427742,-0.04973946511745453,0.37493395805358887,0.9929285645484924,-0.02606920711696148,-0.0478743240237236,-0.1054578348994255,-1.4990668296813965,0.6673548817634584,-0.46946719288825994,2.4497644901275635,-0.6389071941375732,-0.1955372244119644,0.012248518876731396,0.07170122116804123,-0.11347102373838425,2.0921721458435054,0.3882533311843872,0.2530154585838318,-0.034371573477983475,-0.00436256593093276,0.505569577217102,-0.7627320885658264,0.5475102663040161,-0.26675647497177124,-0.6295838952064513,0.28173181414604187,0.001451103133149445,-0.09753397852182387,-0.7070373892784119,-0.34214603900909424,0.17350514233112335,-0.581462800502777,-0.3448931276798248,0.01136826816946268,0.45057299733161926
-0.01395497377961874,-0.04927874356508255,0.3759379088878632,0.9927366971969603,-0.024330833926796917,-0.04328541830182076,-0.10958191752433775,-1.500345468521118,0.6814514398574829,-0.458303302526474,2.4418232440948486,-0.6530783772468567,-0.19491311907768247,-0.010711104609072208,0.07512971758842467,-0.10411597043275832,2.1012558937072754,0.3957206308841705,0.25083181262016296,-0.05018763616681098,-0.002458681585267186,0.5115945339202881,-0.70652174949646,0.5695164799690248,-0.22791449725627896,-0.6815415024757385,0.4136110246181488,0.01448365207761526,-0.11795303225517272,-0.6418021321296692,-0.2812861204147339,0.16604571044445035,-0.5877203345298767,-0.3412262499332428,0.008526377379894257,0.3923934698104858
-0.016163300722837448,-0.048514783382415765,0.37631911039352417,0.9924021363258362,-0.020963815972208977,-0.03884317353367805,-0.11484657227993011,-1.4987672567367551,0.6942492723464966,-0.44622623920440674,2.4375205039978027,-0.6677324175834656,-0.1990617364645004,-0.03371681272983551,0.07310526818037033,-0.09181410819292067,2.114673137664795,0.3995368778705597,0.25084918737411493,-0.05936249345541,-0.003438832936808467,0.5145432949066162,-0.6623343825340271,0.5981502532958984,-0.1800854206085205,-0.7199875712394713,0.508161187171936,0.02500975131988525,-0.14306125044822693,-0.5751165151596069,-0.221750870347023,0.1599590629339218,-0.5926555395126343,-0.34770843386650085,0.007922614924609661,0.3464175760746002
-0.017754076048731804,-0.047340821474790566,0.3758172392845154,0.9919223189353943,-0.01680625043809414,-0.035373058170080185,-0.12065023183822632,-1.4970899820327759,0.7053791880607605,-0.4346283674240112,2.438292503356933,-0.680976152420044,-0.2008053809404373,-0.05092203989624977,0.06517916172742844,-0.0784723162651062,2.130165100097656,0.39539653062820435,0.25162920355796814,-0.06389312446117401,-0.007249282673001289,0.516593873500824,-0.6282142996788025,0.6294049024581909,-0.12643224000930786,-0.7363659739494324,0.5662373304367065,0.033245448023080826,-0.17103980481624603,-0.503372311592102,-0.17585162818431854,0.16306757926940915,-0.5938360691070557,-0.3796286582946777,0.012858065776526928,0.34015053510665894
-0.018688742071390152,-0.045770090073347085,0.37445396184921265,0.9914605021476744,-0.012700336053967476,-0.03267178311944008,-0.1256074756383896,-1.4998339414596555,0.7120572328567505,-0.4265579879283905,2.4433069229125977,-0.6903141140937805,-0.19811946153640747,-0.06375931203365326,0.052648555487394326,-0.06655904650688171,2.146059513092041,0.38674160838127136,0.2534773051738739,-0.06734441220760345,-0.012528510764241219,0.5177388787269592,-0.6000608801841736,0.6554137468338013,-0.07199939340353012,-0.7319829463958739,0.6132210493087769,0.04652882367372513,-0.20824664831161496,-0.4260458052158356,-0.14909885823726654,0.1803942322731018,-0.5906010270118712,-0.4404857754707336,0.021596778184175488,0.36512282490730286
-0.01919281668961048,-0.04388473555445671,0.3730155527591705,0.9910836219787597,-0.008332544937729836,-0.030842768028378487,-0.1293545514345169,-1.5031111240386963,0.7160696983337401,-0.4187391400337219,2.4503607749938965,-0.695264458656311,-0.19393371045589447,-0.0712047591805458,0.03682808205485344,-0.05625826492905617,2.1606674194335938,0.376095712184906,0.2545530498027801,-0.07063377648591995,-0.019068077206611637,0.5195800065994263,-0.5683918595314026,0.6688243746757507,-0.017461003735661507,-0.7180858850479126,0.6644789576530457,0.06758519262075424,-0.25406092405319214,-0.34553924202919006,-0.13594596087932587,0.21129512786865237,-0.5812264680862427,-0.5185052752494812,0.02667034044861793,0.3898371160030365
-0.019758719950914383,-0.04171660169959068,0.3718809485435486,0.9907892942428589,-0.004063057247549296,-0.029531205072999,-0.13209089636802673,-1.5033609867095947,0.7198134660720825,-0.4072493612766266,2.4565744400024414,-0.6962156891822815,-0.1888175159692764,-0.07726343721151352,0.02255276590585709,-0.04561220109462737,2.1730103492736816,0.3686647415161133,0.2519458532333374,-0.07565433531999587,-0.024933217093348503,0.5235220193862915,-0.5253701210021973,0.6648105978965759,0.036806583404541016,-0.704212486743927,0.7246008515357971,0.09453115612268448,-0.29849740862846375,-0.2706288993358612,-0.12929211556911469,0.2562525272369385,-0.566567063331604,-0.5832480192184448,0.024410841986536976,0.38606065511703486
-0.020280793309211727,-0.039588868618011475,0.37195843458175654,0.9906336069107056,0.0005302949575707316,-0.029993534088134766,-0.13321110606193542,-1.49323570728302,0.7216946482658385,-0.3886228501796722,2.4577906131744385,-0.6950681805610657,-0.18001815676689148,-0.07903705537319182,0.012213554233312607,-0.034105561673641205,2.1795315742492676,0.36566415429115295,0.2501203715801239,-0.08406074345111848,-0.03095152601599693,0.5267012715339661,-0.4786679148674011,0.643692672252655,0.07992346584796906,-0.6977029442787169,0.7786211967468261,0.12449145317077635,-0.33803391456604004,-0.20778922736644745,-0.12210404127836227,0.3082969188690185,-0.5509335994720458,-0.6159541010856628,0.01827140524983406,0.3572011888027191
-0.02085944265127182,-0.037750400602817535,0.373770534992218,0.99057936668396,0.00497644254937768,-0.03201800212264061,-0.13305112719535828,-1.472873330116272,0.7211080193519592,-0.366606205701828,2.452578544616699,-0.6950593590736389,-0.17047902941703796,-0.07744089514017105,0.007351027335971594,-0.022474626079201695,2.1798179149627686,0.36596515774726873,0.2503841817378998,-0.09319236129522324,-0.035708699375391006,0.5264236927032471,-0.4331737160682678,0.6105108261108398,0.11295850574970244,-0.7037331461906433,0.8046848773956298,0.15128086507320404,-0.3536415100097656,-0.1627819687128067,-0.11244519799947739,0.3557393252849579,-0.5307990908622742,-0.6156048774719238,0.010018357075750828,0.31741708517074585
-0.021330116316676136,-0.036435384303331375,0.37604108452796936,0.9905109405517578,0.008579611778259277,-0.03452533856034279,-0.13274934887886047,-1.4498558044433592,0.7180348038673401,-0.346964567899704,2.4438555240631104,-0.6990128755569458,-0.16749724745750427,-0.075764000415802,0.008053351193666458,-0.011570291593670843,2.176393508911133,0.3685812950134277,0.25149044394493103,-0.0988667905330658,-0.036075349897146225,0.5237943530082704,-0.38965699076652527,0.5753631591796875,0.1371204704046249,-0.7171508669853209,0.8155544996261597,0.1776912212371826,-0.34972161054611206,-0.13524332642555237,-0.10222817957401276,0.3859542608261108,-0.5016538500785828,-0.6057749390602112,0.003238635836169124,0.27831131219863886
-0.02188228629529476,-0.035627663135528564,0.37765243649482727,0.99040549993515,0.01223297044634819,-0.0364447832107544,-0.13273686170578003,-1.4285882711410522,0.7141097784042358,-0.32892394065856934,2.436746597290039,-0.701436460018158,-0.16882450878620148,-0.07326682657003401,0.008639739826321604,-0.002320377388969064,2.173535108566284,0.3680800795555114,0.2525084316730499,-0.0999135673046112,-0.033017680048942566,0.5218883752822876,-0.34807270765304565,0.544794499874115,0.14412926137447357,-0.7295820116996765,0.828057289123535,0.20188526809215543,-0.3476203680038452,-0.1235153079032898,-0.09505023807287216,0.3942006528377533,-0.4712571799755096,-0.6080097556114197,0.002017249586060643,0.24696630239486692
-0.022370163351297375,-0.03500206768512726,0.3790085017681122,0.9903302788734435,0.015157035551965237,-0.03822877258062363,-0.13249419629573822,-1.4106745719909668,0.708216667175293,-0.3136273324489593,2.4313273429870605,-0.7011232972145081,-0.1736582517623901,-0.07037155330181122,0.008717009797692297,0.004910634364932776,2.170961141586304,0.36539161205291754,0.2535718083381653,-0.09828532487154008,-0.025713711977005005,0.520955502986908,-0.3058437705039978,0.51651930809021,0.13764773309230804,-0.7423045635223389,0.8462538123130798,0.22197744250297544,-0.3482191264629364,-0.11912757903337479,-0.09212292730808258,0.3881619572639465,-0.44361871480941767,-0.6120327711105347,0.002780582057312131,0.222227081656456
-0.022546853870153427,-0.03445609286427498,0.3800282776355744,0.9904103875160216,0.0174564141780138,-0.04018430411815643,-0.13102595508098602,-1.396513819694519,0.6988085508346558,-0.30135935544967646,2.4275569915771484,-0.7020031809806824,-0.18171592056751248,-0.06598978489637375,0.00672726472839713,0.007770910393446685,2.1687774658203125,0.35994812846183777,0.2539052963256836,-0.09551116824150083,-0.016818348318338394,0.5199114084243774,-0.25928735733032227,0.48631331324577326,0.12075483053922652,-0.7618629932403564,0.8634411692619324,0.23380316793918607,-0.34593147039413447,-0.11446711421012878,-0.09255572408437727,0.37852600216865534,-0.42279908061027527,-0.6097592115402222,0.003572571324184537,0.20340004563331604
-0.022586429491639137,-0.033904418349266045,0.38040745258331293,0.990674376487732,0.01901787519454956,-0.04225270077586175,-0.12812986969947815,-1.3892024755477903,0.6870682835578918,-0.2941521108150482,2.4261770248413086,-0.7036024332046509,-0.19002386927604675,-0.06179885938763618,0.003133443184196949,0.005887292791157961,2.167492866516113,0.3548182249069214,0.254399448633194,-0.09209152311086655,-0.008836403489112854,0.5188880562782288,-0.207291916012764,0.450726181268692,0.09220767766237259,-0.7877006530761719,0.8801342248916627,0.2370774745941162,-0.3397125899791717,-0.10711228102445602,-0.09759391099214554,0.37548232078552246,-0.4094909727573394,-0.6019713282585144,0.0037042098119854927,0.1881825029850006
-0.022740015760064125,-0.0334891714155674,0.38062247633934015,0.9911261200904846,0.01945766992866993,-0.04387890920042992,-0.12395596504211424,-1.3887319564819336,0.6744731068611145,-0.29237827658653254,2.4256463050842285,-0.7021097540855408,-0.1974433809518814,-0.05579409003257752,0.0012381365522742271,0.0001466739340685308,2.1649677753448486,0.35096368193626404,0.2563975155353546,-0.08895014971494673,-0.0027016319800168276,0.5190772414207457,-0.16078896820545197,0.4095984697341919,0.04786861315369607,-0.8120967745780944,0.901450216770172,0.2347809374332428,-0.33548381924629206,-0.10145795345306396,-0.10852842032909392,0.3847550749778748,-0.4013553857803345,-0.5965307950973511,0.0024595994036644697,0.17343485355377197
-0.023133059963583943,-0.03330687806010246,0.38065251708030706,0.99159038066864,0.019044892862439156,-0.04485871270298958,-0.11988908052444458,-1.3889211416244507,0.6633846163749695,-0.2919367551803589,2.425074577331543,-0.6992193460464478,-0.20289362967014313,-0.04863443225622177,0.002899169921875,-0.006754517089575529,2.160978555679321,0.3499280512332916,0.2568846046924591,-0.08652745932340622,0.0005877091316506267,0.5207030773162842,-0.13474310934543607,0.3709931075572968,-0.008502695709466934,-0.8269555568695068,0.9264941215515136,0.23185262084007263,-0.3352786600589752,-0.10175546258687972,-0.12362867593765257,0.4107169806957245,-0.39859819412231445,-0.6015224456787108,0.0004786746285390109,0.1559971123933792
-0.02365090139210224,-0.03328276053071022,0.3808938264846802,0.9919931292533873,0.0186117235571146,-0.045676663517951965,-0.11626235395669936,-1.383979558944702,0.6555377244949341,-0.2879931330680847,2.4226531982421875,-0.6981440782546997,-0.20329631865024567,-0.0421065129339695,0.006872371770441532,-0.011922216974198818,2.1562395095825195,0.35107478499412537,0.2555792033672333,-0.08506203442811966,0.0019421152537688609,0.5215646028518677,-0.13507230579853055,0.3445371389389038,-0.06620049476623535,-0.8327526450157164,0.9326682686805725,0.2285696566104889,-0.33148860931396484,-0.10714123398065568,-0.13936252892017365,0.44739592075347906,-0.4050064980983734,-0.6132671236991881,-0.002245793119072914,0.13629496097564697
-0.023856349289417263,-0.033570513129234314,0.3819172382354736,0.992375910282135,0.0177726149559021,-0.04701568186283112,-0.1125330775976181,-1.3710359334945679,0.6494936943054199,-0.2830033004283905,2.416874647140503,-0.7037227153778076,-0.2051149606704712,-0.033769067376852036,0.013683200813829899,-0.015857769176363945,2.148219108581543,0.35381221771240234,0.25402992963790894,-0.08314286917448045,0.003820574609562754,0.5200055241584778,-0.16081580519676208,0.33304986357688904,-0.1175476387143135,-0.833757221698761,0.8893374800682067,0.2247474193572998,-0.2995024621486664,-0.114320769906044,-0.152998685836792,0.4809326231479645,-0.4151691198348999,-0.6171762943267822,-0.009049140848219393,0.11896552145481108
-0.023615114390850067,-0.03416231647133827,0.3826842904090881,0.9927480816841123,0.016400806605815887,-0.04834961891174317,-0.10883299261331558,-1.3595023155212402,0.6435374021530151,-0.28219994902610773,2.4111027717590328,-0.7110039591789246,-0.21018974483013156,-0.02567647770047188,0.023116540163755417,-0.020008934661746025,2.1379339694976807,0.3589321970939636,0.25211477279663086,-0.08123502880334854,0.00599513528868556,0.5182099938392639,-0.2042973041534424,0.33690008521080017,-0.15794405341148376,-0.8232150673866272,0.8172636628150941,0.21672764420509336,-0.24151968955993647,-0.11745401471853256,-0.16491295397281647,0.5044817328453064,-0.42316612601280207,-0.6207681894302368,-0.018447233363986012,0.1060311123728752
-0.02295196987688541,-0.034768424928188324,0.383436530828476,0.993071675300598,0.0149055328220129,-0.049804992973804474,-0.10538432002067565,-1.351319909095764,0.6366643905639648,-0.2855343818664551,2.407612562179565,-0.7141432166099548,-0.2153339982032776,-0.017057137563824654,0.03359338641166687,-0.02356542088091373,2.128019571304321,0.36102545261383057,0.2517014145851135,-0.0793386772274971,0.005648088175803423,0.5172616839408875,-0.25704485177993774,0.3531782925128937,-0.18927347660064697,-0.7953193187713622,0.7496166825294495,0.19765678048133847,-0.1745571345090866,-0.11308404058218002,-0.17785874009132385,0.5193461775779724,-0.4273698627948761,-0.6387916803359985,-0.026015818119049072,0.10175943374633788
-0.02186567708849907,-0.035387516021728516,0.3841531574726105,0.9933375120162963,0.013334430754184721,-0.051090173423290246,-0.10243348777294158,-1.3476336002349851,0.6287186741828918,-0.291245549917221,2.406935691833496,-0.7118491530418396,-0.21857227385044095,-0.00852991919964552,0.04299018532037735,-0.026738032698631287,2.1198959350585938,0.3620424270629882,0.25400280952453613,-0.07642348110675812,0.0015076714335009456,0.5166268348693848,-0.3150559365749359,0.380839079618454,-0.21045921742916107,-0.7489140629768372,0.6916406154632568,0.16902883350849152,-0.10592950880527496,-0.10208973288536072,-0.1962181925773621,0.5311665534973145,-0.424346536397934,-0.6709231734275818,-0.028194610029459,0.10282761603593826
-0.020601270720362663,-0.03606928512454033,0.3845252394676208,0.9935404062271118,0.012316551990807056,-0.051812056452035904,-0.10020604729652403,-1.3475762605667114,0.6223393678665161,-0.2965768873691559,2.4104306697845455,-0.7059391736984253,-0.2184605896472931,-0.000498193025123328,0.04848909750580788,-0.0299906637519598,2.114364624023437,0.3621542751789093,0.2589753270149231,-0.07111862301826477,-0.007544451393187046,0.5165924429893494,-0.3677354156970978,0.41872492432594294,-0.21699270606040957,-0.6916725039482117,0.6444105505943297,0.14159858226776123,-0.03284003585577011,-0.08294612169265747,-0.22311025857925412,0.5437130928039551,-0.41712269186973566,-0.7094745635986328,-0.025614023208618164,0.10185495018959044
-0.01948239840567112,-0.036642760038375854,0.3846281170845032,0.9936668872833253,0.011895797215402126,-0.05193585529923439,-0.09893066436052321,-1.3497707843780515,0.619335949420929,-0.30003595352172846,2.41487979888916,-0.6968885660171509,-0.21689555048942563,0.006772283930331469,0.051221996545791626,-0.03184540197253227,2.110582113265991,0.3591555058956146,0.26240232586860657,-0.06472188234329224,-0.01938217505812645,0.5172054767608643,-0.4006948173046112,0.4614076614379882,-0.20754890143871307,-0.6422408819198608,0.6168935894966124,0.12943638861179352,0.03615943342447281,-0.05723508447408676,-0.25585758686065674,0.5551271438598633,-0.41952338814735407,-0.7466245293617249,-0.02092812955379486,0.09616038203239441
-0.018395930528640747,-0.03706256300210953,0.38555958867073054,0.9936590194702147,0.011906216852366924,-0.052521102130413055,-0.09869912266731262,-1.3470216989517212,0.6175911426544188,-0.3008609116077423,2.414870023727417,-0.6868223547935486,-0.21829397976398468,0.013653610832989216,0.054017335176467896,-0.030451918020844456,2.104684829711914,0.35476025938987726,0.2651992440223694,-0.057779431343078606,-0.03087032400071621,0.5172037482261658,-0.40733057260513306,0.5010597109794617,-0.18795515596866608,-0.6180363893508911,0.5960353016853333,0.13299235701560974,0.08370037376880644,-0.03247424587607384,-0.28793257474899286,0.561572253704071,-0.4396829307079315,-0.7708585262298584,-0.020482804626226425,0.09256213903427123
-0.01720895618200302,-0.03723308444023132,0.38693884015083313,0.9935789704322816,0.011565793305635452,-0.05381765589118004,-0.09884707629680632,-1.3380424976348877,0.6150781512260437,-0.302363783121109,2.4117319583892822,-0.6801695227622986,-0.2247437536716461,0.01900206692516804,0.057681351900100715,-0.028252737596631047,2.0965805053710938,0.3548908233642578,0.267993837594986,-0.05092702433466911,-0.037923820316791534,0.5168497562408447,-0.39037087559700007,0.5302785634994507,-0.1704655289649963,-0.6210014820098877,0.5685034990310669,0.1405368000268936,0.10674256086349489,-0.02041332423686981,-0.31412675976753235,0.5628029108047485,-0.4697798788547516,-0.7738494873046875,-0.02481524832546711,0.09420818090438841
-0.015909962356090546,-0.03735681623220444,0.38825058937072754,0.9934657216072081,0.010962877422571182,-0.05536024272441864,-0.09920129179954527,-1.3265868425369263,0.6130061149597168,-0.30431416630744934,2.4079504013061523,-0.6768457889556885,-0.23118044435977933,0.02453707158565521,0.061935193836689,-0.02557254582643509,2.0871014595031734,0.35715788602828974,0.2696884274482727,-0.04463857039809226,-0.04024329036474228,0.516319751739502,-0.3573278784751892,0.550325870513916,-0.1626656949520111,-0.6390159130096436,0.5420477390289307,0.14709332585334775,0.11622461676597597,-0.022167798131704327,-0.3361186385154724,0.5593412518501282,-0.5029153823852539,-0.7619280219078064,-0.02866022102534771,0.09933485835790634
-0.014600454829633236,-0.037472449243068695,0.3898501396179199,0.9933095574378968,0.010319343768060207,-0.05726754665374756,-0.0997505784034729,-1.3139442205429075,0.6117395162582396,-0.30569517612457275,2.4037771224975586,-0.6726329326629639,-0.23528485000133517,0.030598705634474754,0.0648864135146141,-0.022462191060185432,2.076424121856689,0.3602429926395416,0.26979294419288635,-0.0392458401620388,-0.039088252931833274,0.5163990259170532,-0.3129344880580902,0.564912736415863,-0.1630779653787613,-0.6657819151878357,0.5165119767189026,0.15364785492420197,0.11869328469038008,-0.037993378937244415,-0.3575158715248108,0.55027836561203,-0.5395441055297852,-0.7332698702812195,-0.03159743919968605,0.10499326139688492
-0.013295132666826248,-0.03771282359957695,0.39166191220283514,0.9930627942085266,0.009673391468822956,-0.05986481159925461,-0.1007416546344757,-1.299220323562622,0.6108793616294861,-0.3066733777523041,2.399224281311035,-0.667655348777771,-0.23883590102195737,0.03823832795023918,0.06663098931312561,-0.0194707065820694,2.065087080001831,0.364238977432251,0.268178790807724,-0.03436986356973648,-0.035641402006149285,0.5166841149330139,-0.2591726779937744,0.5765671133995056,-0.16921311616897583,-0.6993064284324646,0.4826033413410186,0.1612243503332138,0.1186760738492012,-0.06976918876171112,-0.3814522624015808,0.5325728654861449,-0.5837206840515137,-0.6780966520309448,-0.03572503477334976,0.1062820553779602
-0.011980474926531315,-0.03817058727145195,0.39353847503662104,0.9927417039871216,0.008454765193164349,-0.06331784278154373,-0.10189846158027648,-1.2830804586410522,0.6110573410987854,-0.30862250924110407,2.3944344520568848,-0.6630546450614929,-0.24244457483291623,0.04822669923305512,0.06853723526000977,-0.01767243817448616,2.052863121032715,0.36967524886131287,0.2651599049568176,-0.02924003265798092,-0.029489455744624134,0.516818106174469,-0.20561952888965607,0.5855449438095093,-0.17852403223514557,-0.7349796295166015,0.4366480708122253,0.1684209257364273,0.11908699572086334,-0.11617381125688551,-0.40655919909477234,0.5041337609291077,-0.6336849927902222,-0.5915089249610901,-0.04130443930625916,0.09595843404531479
-0.010538296774029732,-0.0389774776995182,0.3952444195747376,0.9923999905586242,0.006140602752566338,-0.06762444227933884,-0.10262315720319748,-1.2658357620239256,0.6121029257774353,-0.31391128897666926,2.3902423381805415,-0.6601123809814453,-0.24657835066318512,0.06210523098707199,0.07212770730257033,-0.017924675717949867,2.039243221282959,0.3760860562324524,0.2617897689342499,-0.02373243682086468,-0.020410520955920216,0.5162460803985596,-0.1623893678188324,0.5928936004638672,-0.18854694068431851,-0.7689437866210938,0.3776389360427856,0.17310282588005063,0.12189658731222151,-0.1756438910961151,-0.4305984377861023,0.46632164716720576,-0.686364471912384,-0.4785356521606445,-0.049293529242277145,0.06978240609169006
-0.008911648765206337,-0.04015760123729706,0.3967587351799011,0.9920800328254701,0.0030851638875901695,-0.07251424342393875,-0.10251525044441225,-1.2475509643554688,0.613152265548706,-0.32201966643333435,2.3870956897735596,-0.6597658395767212,-0.25089684128761286,0.079779252409935,0.07688885927200317,-0.02000082843005657,2.0243349075317383,0.38302013278007513,0.25892579555511475,-0.018146874383091927,-0.010291661135852335,0.5146355628967285,-0.1376493275165558,0.6005953550338745,-0.20029588043689728,-0.797315239906311,0.30990931391716003,0.17201539874076843,0.12585318088531494,-0.24565511941909793,-0.4514650702476501,0.4256982505321503,-0.7338787913322448,-0.353001207113266,-0.05819830670952797,0.033994611352682114
-0.007240911014378071,-0.04161122441291809,0.39807453751564026,0.9917833805084227,-0.0004985335399396718,-0.07756053656339645,-0.1017342060804367,-1.230825901031494,0.6142996549606323,-0.3328403830528259,2.384570360183716,-0.6596763134002686,-0.2538747191429138,0.09948702901601791,0.08250090479850769,-0.023587575182318687,2.0087997913360596,0.3911328911781311,0.2564474046230316,-0.013289259746670721,-9.661624062573536e-05,0.5126259922981262,-0.13432584702968595,0.6112957000732422,-0.21317780017852783,-0.8187434673309326,0.23719273507595065,0.16605310142040253,0.130564883351326,-0.32586488127708435,-0.4703923463821411,0.3905130624771118,-0.7677143812179564,-0.23146982491016388,-0.06711229681968689,-0.0014106992166489363
-0.005612390581518412,-0.0431213453412056,0.3991632461547852,0.9914840459823608,-0.0042620156891644,-0.08254223316907881,-0.10063856095075609,-1.215765595436096,0.6158270835876465,-0.3441516757011413,2.382692575454712,-0.6595626473426819,-0.2557346820831299,0.1192254051566124,0.08886478841304779,-0.027495918795466423,1.9938424825668333,0.4004176557064056,0.25447675585746765,-0.009376885369420052,0.009639885276556017,0.511016309261322,-0.1519273072481155,0.6270653009414673,-0.22723060846328733,-0.8329776525497437,0.15512816607952115,0.1558430790901184,0.139488086104393,-0.41425472497940063,-0.4889170229434967,0.36519593000411993,-0.7830487489700316,-0.11870931088924408,-0.0745701417326927,-0.030029116198420525
-0.004146960563957691,-0.04450614377856255,0.3997849225997925,0.991168200969696,-0.008000620640814304,-0.08720910549163817,-0.09958008676767348,-1.202600359916687,0.6180899143218994,-0.35511916875839233,2.382159471511841,-0.6596881151199341,-0.2565774321556092,0.1376696079969406,0.09551587700843811,-0.030936274677515026,1.9807898998260496,0.41021117568016047,0.25246480107307434,-0.006782140117138624,0.018953684717416763,0.5102866291999817,-0.19046932458877563,0.6503929495811462,-0.24361138045787809,-0.8389412760734558,0.0577688105404377,0.14123722910881042,0.15248078107833862,-0.5106658935546875,-0.508507490158081,0.34955158829689026,-0.7802792787551879,-0.01216849870979786,-0.07967877388000488,-0.04943475127220154
-0.002764955628663301,-0.04553637653589249,0.3999613225460053,0.9908876419067383,-0.011365254409611223,-0.09101348370313644,-0.09863576292991638,-1.1916311979293823,0.6192254424095154,-0.3651228547096253,2.383270502090454,-0.661021888256073,-0.25682854652404785,0.1525932252407074,0.10129274427890776,-0.032873623073101044,1.970553994178772,0.41902133822441107,0.2498169541358948,-0.00530383689329028,0.027415841817855835,0.5097669959068297,-0.2477909624576569,0.6817777752876282,-0.26435378193855286,-0.8351721763610839,-0.05412560701370239,0.11939557641744612,0.16759896278381348,-0.6073513627052307,-0.5301045179367065,0.3408573865890503,-0.7619135379791259,0.08793777972459793,-0.08200474083423615,-0.05599445477128029
-0.0013993881875649095,-0.04594852030277252,0.39978194236755366,0.990707755088806,-0.01397203654050827,-0.09314509481191635,-0.09811661392450333,-1.1842473745346067,0.6201601624488832,-0.3728185594081879,2.3863651752471924,-0.663466215133667,-0.25555962324142456,0.1614438146352768,0.10595253109931944,-0.03237242251634598,1.9646759033203125,0.4250281453132629,0.2472514659166336,-0.00465341005474329,0.03404902294278145,0.5088900923728943,-0.315971702337265,0.7205474376678467,-0.2888792157173157,-0.824411392211914,-0.16509127616882324,0.09209781140089036,0.18069858849048612,-0.6925867199897766,-0.5549514889717102,0.33603957295417786,-0.7328937649726868,0.17383460700511932,-0.08222629129886627,-0.04562009125947952
0.00025652977637946606,-0.04569409042596817,0.3993417918682098,0.9906609058380128,-0.01586231030523777,-0.09349801391363145,-0.09796659648418425,-1.1815828084945679,0.6208329200744629,-0.3792111873626709,2.3913986682891846,-0.6663557291030884,-0.2536856234073639,0.1642080396413803,0.10994233936071396,-0.02982176654040813,1.962122201919556,0.4287414848804474,0.2462495118379593,-0.005163365509361029,0.03897784650325775,0.5076364874839783,-0.38550853729248047,0.7654079794883728,-0.31532806158065796,-0.8137915730476379,-0.25355234742164606,0.06358440220355988,0.1903706192970276,-0.7558997273445129,-0.5852996110916138,0.3335738778114319,-0.7000313997268677,0.23560625314712524,-0.08160670846700668,-0.01808699034154415
0.0024605225771665573,-0.045043237507343285,0.39862674474716187,0.9907970428466797,-0.016781684011220932,-0.09256533533334733,-0.09732095897197725,-1.1841500997543335,0.6205578446388245,-0.38360244035720825,2.3986661434173584,-0.6672782897949219,-0.2512516379356384,0.16397085785865784,0.1122078225016594,-0.02724537998437881,1.9612679481506348,0.43114000558853144,0.24721215665340424,-0.007742457091808318,0.04063984006643295,0.5047839879989624,-0.4431450664997101,0.814488410949707,-0.34235075116157526,-0.8137900233268738,-0.29334986209869385,0.03887084871530533,0.19558657705783844,-0.7877442240715027,-0.6238193511962891,0.33225178718566895,-0.6725834608078003,0.2585643231868744,-0.08118942379951477,0.02436929941177368
0.005105867516249417,-0.044393640011549,0.39777326583862305,0.991201400756836,-0.016869058832526207,-0.09073434770107267,-0.09488194435834883,-1.1918668746948242,0.6173309087753296,-0.385983943939209,2.4076690673828125,-0.6638133525848389,-0.2476518750190735,0.16217483580112457,0.11200284957885742,-0.027251437306404117,1.9600743055343628,0.433989018201828,0.2488247603178024,-0.014752714894711971,0.037896644324064255,0.4986907839775085,-0.4768395125865936,0.8667991757392883,-0.36658334732055664,-0.8342721462249757,-0.27166616916656494,0.022097548469901085,0.1932290494441986,-0.7859826087951661,-0.6736605763435364,0.3281562328338623,-0.6599840521812439,0.23930649459362033,-0.08346626907587051,0.07891099154949187
0.00803657528012991,-0.04398500919342041,0.39658984541893005,0.9918535351753235,-0.01646248623728752,-0.0881897509098053,-0.09043306112289427,-1.2029076814651487,0.6115354895591736,-0.3860135674476624,2.4181210994720455,-0.6585366129875183,-0.24459363520145416,0.16190235316753387,0.1097983494400978,-0.030789189040660855,1.9560118913650513,0.4376373291015625,0.24915096163749692,-0.025645405054092407,0.030957737937569615,0.4891472458839417,-0.4803235232830048,0.9236934185028077,-0.38286536931991577,-0.8776973485946654,-0.18715572357177732,0.016315583139657974,0.18258605897426605,-0.753324568271637,-0.7343380451202391,0.30938607454299927,-0.6676962375640869,0.1945839375257492,-0.08845768123865126,0.1390150487422943
0.010952296666800976,-0.043858475983142846,0.39485901594161993,0.9926370382308961,-0.015562766231596468,-0.08516276627779008,-0.08471599221229553,-1.214511752128601,0.6068274974822998,-0.38365563750267034,2.428658962249756,-0.6544944047927856,-0.2415667176246643,0.16086184978485107,0.10737404972314835,-0.03704183176159859,1.9501127004623413,0.4427287876605988,0.24667178094387052,-0.03898537531495094,0.02051792107522488,0.4772646725177765,-0.457326203584671,0.9844811558723447,-0.3814587593078613,-0.9311675429344176,-0.05360494554042816,0.02021823637187481,0.15835754573345184,-0.6924007534980774,-0.802426278591156,0.2638586759567261,-0.6922406554222107,0.1511183530092239,-0.09038536250591278,0.1922644078731537
0.013455310836434364,-0.043974444270133965,0.3936727643013,0.9933499097824096,-0.013697379268705843,-0.08229225128889085,-0.07934901118278502,-1.2216176986694336,0.6035444736480713,-0.3773396909236908,2.435391664505005,-0.6533032059669496,-0.24034787714481357,0.1581466645002365,0.106150321662426,-0.04224719107151032,1.9437217712402344,0.4490915238857269,0.24647763371467593,-0.05064069479703903,0.007003522012382746,0.4647362232208252,-0.41609543561935425,1.041693925857544,-0.354331910610199,-0.9794756174087523,0.07526688277721405,0.025037322193384167,0.12567417323589325,-0.6127343773841858,-0.8630372285842894,0.1886568069458008,-0.7242438197135925,0.13393673300743103,-0.0871603786945343,0.2336005866527557
0.015064898878335953,-0.04434903711080551,0.39275705814361567,0.9938330650329588,-0.012002873234450815,-0.08048485219478606,-0.07532589137554167,-1.2255897521972656,0.6019116044044496,-0.37113213539123535,2.4393298625946045,-0.6560484766960144,-0.24107074737548828,0.15638133883476257,0.10713279992341997,-0.04682854935526848,1.939960479736328,0.4514788091182709,0.2482946068048477,-0.05729120969772338,-0.005459855776280165,0.4549773037433624,-0.3731172382831573,1.084196925163269,-0.3127022683620453,-1.0148561000823975,0.16015891730785367,0.02467559650540352,0.09663683176040648,-0.536018431186676,-0.8986811041831969,0.10773493349552155,-0.7560281753540038,0.13342778384685516,-0.08671387284994125,0.26177915930747986
0.01564040221273899,-0.04486696794629097,0.39145857095718384,0.9941110014915465,-0.010980768129229544,-0.08001824468374252,-0.07224851846694946,-1.229652762413025,0.6025161743164064,-0.3683357834815979,2.4409928321838374,-0.6587021946907043,-0.2407173067331314,0.15584287047386167,0.10905618220567705,-0.051491763442754745,1.9395982027053835,0.4482646584510803,0.2490728050470352,-0.06214576959609985,-0.014858352951705456,0.44966387748718256,-0.3408260941505432,1.1100084781646729,-0.2748735845088959,-1.0359869003295898,0.21585792303085327,0.02531036362051964,0.07560217380523682,-0.4792117476463318,-0.9099639058113098,0.0494966097176075,-0.7814947962760925,0.12873628735542297,-0.0881742611527443,0.27624037861824036
0.015746694058179855,-0.04558901488780975,0.3905683755874634,0.9943209290504456,-0.010592120699584484,-0.07980836182832717,-0.06960075348615646,-1.2331783771514893,0.6051253080368042,-0.36597609519958496,2.440163612365722,-0.6617411375045776,-0.24117824435234067,0.15564288198947906,0.112185500562191,-0.05576788634061813,1.939785361289978,0.4438906311988831,0.2490066885948181,-0.06474920362234116,-0.021932778880000114,0.4459106624126434,-0.31322148442268366,1.1253660917282104,-0.24097029864788053,-1.0505863428115845,0.2624486982822418,0.026228476315736767,0.05939339101314545,-0.43675932288169855,-0.9013120532035828,0.00242863642051816,-0.8012058734893799,0.1143694669008255,-0.08957038819789886,0.2817375957965851
0.015329739078879356,-0.046349100768566125,0.389666885137558,0.9944995045661926,-0.010578845627605917,-0.0793749913573265,-0.0675157904624939,-1.2380173206329343,0.608595073223114,-0.3649699687957764,2.4381303787231445,-0.6654320359230042,-0.2425311356782913,0.1545143723487854,0.1146814227104187,-0.06031535938382149,1.9426443576812744,0.43790149688720703,0.24780794978141785,-0.0661163330078125,-0.02749188430607319,0.44407504796981806,-0.289286732673645,1.1322855949401855,-0.2123536169528961,-1.0602239370346067,0.3069758415222168,0.026882709935307503,0.04343842342495918,-0.4072825610637665,-0.8748797178268432,-0.03387775644659996,-0.8130648732185363,0.0906662568449974,-0.09089767932891843,0.2801978886127472
0.01441969722509384,-0.04704902321100234,0.38870853185653687,0.9946503639221193,-0.010904041118919848,-0.0786312073469162,-0.06609729677438736,-1.246423602104187,0.6116623282432556,-0.3655830323696136,2.435662746429444,-0.6696827411651611,-0.24432881176471713,0.15124402940273285,0.11706554889678956,-0.06466780602931976,1.9487997293472288,0.4299657642841339,0.24647752940654755,-0.06650399416685104,-0.031974129378795624,0.44473445415496826,-0.2654885649681092,1.133450627326965,-0.18921528756618497,-1.0662620067596436,0.35725319385528564,0.027507126331329346,0.028118371963500977,-0.3871257305145264,-0.8327438831329346,-0.06104572117328644,-0.8159767389297485,0.05320277437567711,-0.09313572943210602,0.27200883626937866
0.01296127401292324,-0.04746324568986893,0.38720732927322393,0.9947863221168518,-0.01105763204395771,-0.07728683203458786,-0.06560919433832169,-1.2601255178451538,0.6142683625221252,-0.36787602305412287,2.4350965023040767,-0.6727180480957031,-0.24525563418865204,0.14571937918663025,0.11762067675590517,-0.06906147301197052,1.960141897201538,0.4179282784461975,0.24510633945465088,-0.06602314859628677,-0.03685832396149635,0.4482771754264832,-0.23921294510364527,1.1314618587493896,-0.16993626952171323,-1.0699421167373655,0.418834775686264,0.028936831280589104,0.011282731778919697,-0.3713969886302948,-0.77930349111557,-0.07936672866344453,-0.8111427426338195,-0.0007846357766538857,-0.094690702855587,0.26096102595329285
0.01096426509320736,-0.04747959226369858,0.3852061927318573,0.9948898553848265,-0.011120150797069073,-0.07568933814764023,-0.06589031964540482,-1.2774419784545898,0.6156600117683411,-0.3716779351234436,2.437358856201172,-0.6741927266120912,-0.24448895454406736,0.13800612092018127,0.11672662198543549,-0.07332673668861389,1.9751887321472168,0.4040395021438599,0.24391251802444455,-0.06491093337535858,-0.04208507016301155,0.45496752858161926,-0.2105475217103958,1.1285158395767212,-0.15356673300266263,-1.072572350502014,0.4842754304409027,0.03238929063081741,-0.005387206561863422,-0.353893905878067,-0.7213470339775084,-0.09103904664516449,-0.805406153202057,-0.06484544277191162,-0.09300727397203443,0.248806893825531
0.008446335792541504,-0.047032445669174194,0.38318607211112976,0.9949867129325866,-0.012088194489479063,-0.07355947792530061,-0.06666520237922668,-1.2990949153900146,0.6157938838005066,-0.3777245283126831,2.440894603729248,-0.6736186742782593,-0.24341474473476407,0.12660714983940125,0.11574672162532806,-0.0777466744184494,1.9918847084045408,0.3910985291004181,0.24334445595741272,-0.06335287541151047,-0.045306485146284096,0.46388185024261475,-0.17564213275909424,1.1243797540664673,-0.13609573245048523,-1.0752996206283567,0.5485708117485046,0.03932335227727889,-0.020127341151237488,-0.3316881060600281,-0.6616634726524353,-0.10137957334518433,-0.8027236461639404,-0.12610074877738953,-0.08939170837402342,0.23637886345386505
0.005488902796059847,-0.04605574905872345,0.3812249302864074,0.9950637221336365,-0.014433633536100388,-0.07084827125072479,-0.06797348707914352,-1.3237249851226807,0.6152871251106262,-0.38632959127426153,2.444995403289795,-0.6728123426437378,-0.24369741976261136,0.1117393597960472,0.1151101216673851,-0.08299396932125092,2.0097801685333248,0.3798371851444244,0.2427249103784561,-0.06032348424196243,-0.045705642551183694,0.4744574725627899,-0.1312909722328186,1.1171307563781738,-0.11556968837976456,-1.077433705329895,0.6085902452468872,0.05029306933283806,-0.03343227133154869,-0.3049178421497345,-0.6000571846961975,-0.112675279378891,-0.8041574358940125,-0.17827279865741727,-0.08516692370176315,0.22108207643032077
0.0021945182234048843,-0.044511284679174416,0.3796967267990112,0.9951188564300536,-0.018241463229060173,-0.06751780956983566,-0.06962074339389801,-1.3516676425933836,0.6121041774749756,-0.3980151414871216,2.4482374191284175,-0.6719900369644165,-0.24554552137851715,0.09257529675960541,0.11596950143575668,-0.08888042718172073,2.0279407501220703,0.3710482120513916,0.24267591536045077,-0.05645108968019485,-0.04321722313761711,0.48648262023925776,-0.08063048124313353,1.1006207466125488,-0.09730076789855956,-1.0750763416290283,0.6644668579101562,0.06497298181056976,-0.0451664999127388,-0.27683165669441223,-0.535163164138794,-0.12079352140426636,-0.8076945543289183,-0.2183420658111572,-0.0811946392059326,0.2002669870853424
-0.001243456732481718,-0.042609937489032745,0.3786242306232452,0.9951863288879393,-0.021931545808911324,-0.06375446915626526,-0.07112371176481247,-1.3794612884521484,0.6059154272079468,-0.4083571135997772,2.4501724243164062,-0.6694567203521729,-0.24715439975261688,0.07189909368753433,0.11451916396617888,-0.09486801177263261,2.045755624771118,0.36273995041847223,0.24185302853584287,-0.052008148282766335,-0.04116356372833252,0.4985143840312958,-0.033505309373140335,1.0716748237609863,-0.090919628739357,-1.0644255876541135,0.7135813236236572,0.08306283503770828,-0.05817716196179389,-0.2518464922904968,-0.47013098001480097,-0.11866355687379836,-0.809868037700653,-0.24625569581985476,-0.07610320299863814,0.1755133420228958
-0.004538405686616898,-0.040585115551948554,0.3782280385494232,0.99529892206192,-0.024540873244404793,-0.05966935679316521,-0.07223129272460938,-1.402730107307434,0.5990313887596129,-0.4134656488895416,2.449837207794189,-0.6662944555282593,-0.2468250542879105,0.05149392783641815,0.11077883839607237,-0.0989026501774788,2.0610194206237793,0.35734450817108154,0.2405211627483368,-0.04793713986873627,-0.04085361212491989,0.5084157586097717,0.003955594729632139,1.0318145751953125,-0.09900698065757751,-1.0432844161987305,0.7508114576339722,0.10224861651659012,-0.07284995913505554,-0.23236902058124545,-0.4105816185474396,-0.1043715849518776,-0.8067545890808105,-0.26386788487434387,-0.06799967586994171,0.15087686479091644
-0.007393990643322467,-0.03857160359621048,0.3785743415355682,0.9954301118850707,-0.026083994656801224,-0.05593394860625267,-0.07286879420280457,-1.4182792901992796,0.5929961800575256,-0.4128526747226715,2.4476683139801025,-0.6643102765083313,-0.24504803121089933,0.03335336223244667,0.10638339817523956,-0.09983238577842712,2.07186222076416,0.3562719225883484,0.23976248502731323,-0.04431166872382164,-0.041133113205432885,0.5146555304527283,0.028865357860922813,0.988396108150482,-0.11689964681863783,-1.0152649879455566,0.7714818716049193,0.1201973482966423,-0.08563046902418137,-0.21885299682617188,-0.36100971698760986,-0.08214616775512694,-0.7967929244041443,-0.2766379415988922,-0.05930647626519203,0.13207270205020905
-0.009713945910334589,-0.03675651177763938,0.3791454434394837,0.9955416321754456,-0.026629230007529255,-0.05327535420656204,-0.07314004004001617,-1.425614595413208,0.5892964005470276,-0.4080404341220856,2.4448976516723633,-0.6660559177398682,-0.24157103896141047,0.01862255670130253,0.10176817327737808,-0.09898470342159273,2.078780174255371,0.3583827316761017,0.23966291546821597,-0.04163956269621849,-0.041597019881010056,0.5176386833190918,0.04410362243652344,0.9484171867370604,-0.13639722764492035,-0.9869678020477296,0.7761649489402771,0.13358870148658752,-0.09122902899980544,-0.21083180606365204,-0.3234370052814484,-0.05795673280954361,-0.7833637595176696,-0.2880896031856537,-0.05340775474905968,0.11968065053224564
-0.011524412781000136,-0.03531765937805176,0.37959671020507807,0.9956387877464294,-0.02610832452774048,-0.05195968225598335,-0.07295160740613937,-1.4267280101776123,0.5867099165916443,-0.4009377956390381,2.4423918724060054,-0.6707022190093994,-0.23710352182388303,0.008651754818856716,0.09607436507940291,-0.09794749319553377,2.0828187465667725,0.3617298603057861,0.239970862865448,-0.04006001353263855,-0.042909622192382806,0.5186205506324768,0.051717184484004974,0.9174466729164125,-0.15469291806221008,-0.9641106724739074,0.7732173800468445,0.14105737209320068,-0.09203157573938368,-0.2072356343269348,-0.2968652546405792,-0.03783048316836357,-0.771044135093689,-0.29933530092239374,-0.05035024881362915,0.11336277425289154
-0.012937329709529877,-0.03430764749646187,0.3797014355659485,0.9957338571548462,-0.024784684181213375,-0.05169746279716492,-0.07229911535978317,-1.4236183166503906,0.5846163630485535,-0.3924487233161926,2.441041946411133,-0.6774928569793701,-0.232608363032341,0.0032170964404940605,0.09037505090236665,-0.0975588411092758,2.0862722396850586,0.36289420723915106,0.24056160449981687,-0.03922316431999207,-0.04533009603619576,0.5185604691505432,0.052782271057367325,0.896498143672943,-0.17297928035259247,-0.948801815509796,0.7694881558418275,0.1434417963027954,-0.09263093769550323,-0.20680876076221463,-0.2779988944530487,-0.023382455110549927,-0.7616046667098998,-0.3101584613323212,-0.05054653808474541,0.11132410913705824
-0.014070751145482063,-0.03367308899760246,0.3794239163398743,0.9958346486091613,-0.023207321763038635,-0.05191083997488022,-0.07127395272254944,-1.420396089553833,0.5815601348876953,-0.3849091231822968,2.4411184787750244,-0.6826048493385315,-0.22829699516296384,0.0014756008749827743,0.08503702282905577,-0.09819253534078598,2.0905365943908687,0.36074039340019226,0.2409355789422989,-0.03916490450501441,-0.04829335957765579,0.5186489820480347,0.04676631465554237,0.8830547928810119,-0.1915820837020874,-0.9390875101089475,0.7665168046951294,0.14244362711906433,-0.0948159620165825,-0.2099861651659012,-0.2645668089389801,-0.014336287043988705,-0.7541177868843079,-0.31758061051368713,-0.05164266377687454,0.11121928691864012
-0.01507149077951908,-0.03325776383280754,0.37914782762527466,0.9959241747856141,-0.021868344396352768,-0.05242186412215233,-0.0700623169541359,-1.4181528091430664,0.5776975750923157,-0.37874406576156616,2.4416275024414062,-0.6849178075790405,-0.22440245747566223,0.0020226205233484502,0.08099384605884552,-0.09912759810686111,2.094924211502075,0.3565816581249237,0.24103286862373352,-0.03954067081212997,-0.05082972347736359,0.5191142559051514,0.03776427358388901,0.874674618244171,-0.2090104967355728,-0.9322595596313475,0.7656015157699586,0.14058469235897064,-0.09839269518852234,-0.21417507529258728,-0.2554612457752228,-0.008495409041643143,-0.7479644417762755,-0.32190224528312683,-0.051043786108493805,0.11265543103218079
-0.015952663496136665,-0.03295496851205826,0.37900060415267933,0.9960076808929443,-0.020763933658599854,-0.05278642848134041,-0.06892860680818558,-1.417708396911621,0.5734833478927612,-0.3743410110473633,2.4419686794281006,-0.6833723783493042,-0.2212516814470291,0.003360881237313152,0.07743322104215622,-0.09998597204685213,2.099654674530029,0.351730078458786,0.2400348335504532,-0.04005787521600723,-0.052709978073835366,0.5197045803070068,0.029908480122685432,0.8674224615097046,-0.22218693792819977,-0.9271039962768554,0.7642239332199096,0.1396668702363968,-0.10122153908014296,-0.218640610575676,-0.24966853857040405,-0.004140037577599287,-0.7432327270507811,-0.3232896029949188,-0.04943978041410446,0.11469612270593645
-0.016652105376124382,-0.03269290551543236,0.3790023624897003,0.9960795044898986,-0.01976468227803707,-0.05311238393187522,-0.06792694330215454,-1.416792392730713,0.569346249103546,-0.3706391453742981,2.4418587684631348,-0.6812137365341187,-0.21894432604312897,0.005148552358150481,0.07367467135190964,-0.1010266989469528,2.1034767627716064,0.3489288985729217,0.23833224177360532,-0.0398503839969635,-0.05399515852332115,0.5199239253997803,0.02361945062875748,0.8599815368652343,-0.23226411640644076,-0.9225708842277527,0.7605248093605042,0.13862945139408112,-0.10233615338802336,-0.22206541895866397,-0.24574530124664304,-0.0012262210948392749,-0.7395339012145997,-0.32255804538726807,-0.046811118721961975,0.11760909855365752
-0.01731225475668907,-0.032435789704322815,0.37908074259758,0.9961421489715576,-0.018709054216742516,-0.053528312593698495,-0.06697415560483932,-1.4143670797348022,0.5657960176467896,-0.3667968213558197,2.441377878189087,-0.6788814067840576,-0.21676567196846008,0.007383108604699372,0.06970683485269547,-0.10205057263374329,2.106635332107544,0.3477262258529663,0.2372165769338608,-0.03915825113654137,-0.05505620688199997,0.5202600359916687,0.019048100337386128,0.8520435094833374,-0.23963992297649384,-0.9176223278045654,0.7563660740852357,0.1374213546514511,-0.10255727171897888,-0.22557297348976132,-0.24369651079177856,0.001485383720137179,-0.7369269132614135,-0.32131946086883545,-0.04398582875728607,0.12143883109092712
-0.01787537708878517,-0.03220624849200249,0.3794117867946625,0.9961951971054077,-0.0176891703158617,-0.05394404381513596,-0.0661226138472557,-1.4102716445922852,0.5624325275421144,-0.36221128702163696,2.4395172595977783,-0.6796703934669496,-0.21565775573253632,0.01055117044597864,0.06557255238294601,-0.1028892397880554,2.108416080474853,0.3470116257667541,0.23668381571769717,-0.03841618448495865,-0.05586335062980652,0.5208209753036499,0.015064014121890068,0.8445398807525634,-0.24452416598796844,-0.9135447144508362,0.7525702118873597,0.1338043510913849,-0.10187131166458128,-0.22929602861404416,-0.2426816374063492,0.004043940454721451,-0.7354001998901366,-0.320403516292572,-0.04258842393755913,0.12673042714595795
-0.0185987651348114,-0.03206614404916763,0.3796332776546478,0.9962440133094788,-0.01665334962308407,-0.05434191972017288,-0.0653262585401535,-1.4067746400833128,0.5604338645935059,-0.3553318977355957,2.4362881183624268,-0.6825054883956909,-0.21309427917003632,0.015449360944330692,0.06006180495023728,-0.104420468211174,2.1092803478240967,0.34231102466583246,0.23409844934940335,-0.038146983832120895,-0.056947167962789536,0.5222755074501038,0.01150880381464958,0.8379421234130859,-0.24640202522277832,-0.9108793139457703,0.7479141950607299,0.1272190511226654,-0.10036143660545348,-0.2340165376663208,-0.24305978417396543,0.00798429548740387,-0.7350686192512512,-0.3178946375846863,-0.0421990305185318,0.13196277618408203
