0.049492556601762765,-0.012979203835129736,0.4514984488487244,0.9901812672615052,0.1376013606786728,-0.018576251342892647,0.016182351857423782,-1.662614822387695,0.34729167819023127,0.06890915334224701,2.063584804534912,0.47440326213836664,-0.21518167853355408,-1.7625305652618408,-0.43300804495811457,0.4546466469764709,1.9965839385986328,-0.2021958827972412,0.1938223093748093,-0.09168803691864012,-0.1680954098701477,0.5210371613502502,-0.08891832828521729,0.3920704126358032,-0.31333351135253906,1.1806435585021973,-0.3519408702850342,-0.06307389587163925,0.09015189111232755,-0.7922092676162719,-0.854422390460968,1.4436399936676023,0.06519012898206711,-0.7708225846290588,-0.02830563858151436,-0.1350424587726593
0.046195022761821754,-0.011834222823381424,0.44511231780052185,0.9870123863220215,0.15706752240657806,-0.019481178373098373,0.02750921063125133,-1.6613485813140867,0.33749067783355713,0.09709202498197556,2.0522921085357666,0.5641549825668335,-0.20565734803676605,-1.8237370252609248,-0.4336691200733185,0.5139641165733337,2.028969526290893,-0.18284316360950467,0.19110633432865143,-0.11811749637126923,-0.17248457670211792,0.5222291946411133,-0.08092433959245682,0.35359466075897217,-0.3106146454811096,1.1720339059829712,-0.3126950263977051,-0.05881134793162346,0.08812735974788666,-0.8441707491874695,-0.8803328275680542,1.4488322734832764,0.08045610785484315,-0.7973418831825256,-0.018957225605845448,-0.13529883325099945
0.043192561715841286,-0.011905139312148094,0.4383687973022461,0.9827101826667785,0.17884455621242523,-0.018540233373641968,0.04417620971798897,-1.6599000692367551,0.31223329901695246,0.12631799280643463,2.0294268131256104,0.664290726184845,-0.2048686444759369,-1.896258234977722,-0.43827474117279047,0.5814851522445679,2.061705589294433,-0.1662146896123886,0.188561886548996,-0.15377557277679443,-0.18078655004501343,0.5232990384101868,-0.08174805343151091,0.33620503544807434,-0.3016374707221985,1.1472368240356443,-0.2795875370502472,-0.05965374410152435,0.08383733779191971,-0.9231050014495848,-0.9140267372131348,1.447038173675537,0.104537196457386,-0.8492479324340819,0.007460318505764007,-0.1337475627660751
0.0408078096807003,-0.014113278128206728,0.4320922195911408,0.9784196615219117,0.1975552886724472,-0.011937969364225864,0.05936605110764504,-1.6483453512191772,0.27510377764701843,0.13856951892375946,1.9977115392684937,0.6928480267524719,-0.23227491974830627,-1.9706771373748777,-0.4436654448509216,0.6269473433494568,2.0851731300354004,-0.1552821546792984,0.1688447743654251,-0.18069420754909515,-0.1874351501464844,0.5237614512443542,-0.11417125910520552,0.35684430599212646,-0.2845107913017273,1.1094937324523924,-0.27753511071205134,-0.05141911283135414,0.10024575889110564,-1.0097262859344482,-0.951189398765564,1.426864504814148,0.15612274408340454,-0.9377689957618712,0.04677333310246468,-0.16167479753494263
0.038552753627300256,-0.018684083595871925,0.4264656603336334,0.9738211035728455,0.21507580578327176,-0.0036138319410383697,0.07349734753370285,-1.6258171796798706,0.2461600750684738,0.12420225143432616,1.9810278415679927,0.6692870259284973,-0.24679397046566007,-2.036356210708618,-0.44846659898757935,0.654289484024048,2.108008861541748,-0.1650491952896118,0.13074219226837158,-0.20468419790267944,-0.20226021111011505,0.5234338045120239,-0.18058981001377103,0.4064737856388092,-0.2603728473186493,1.0688145160675049,-0.28181612491607666,-0.04256592318415642,0.1534917503595352,-1.080124020576477,-0.9658977389335632,1.382752776145935,0.24647752940654755,-1.0276416540145874,0.11232158541679382,-0.2552854716777801
0.037317834794521325,-0.02608846314251423,0.4207229912281036,0.9698603749275208,0.22798983752727509,0.0011168452911078928,0.08596629649400711,-1.5982602834701538,0.24278125166893005,0.07784598320722581,2.016096353530884,0.6504234075546265,-0.24070055782794952,-2.080742359161377,-0.4564585685729981,0.6582584381103516,2.1376049518585205,-0.19222959876060483,0.07911978662014006,-0.22693295776844025,-0.23130764067173004,0.5196215510368347,-0.2817625105381012,0.4754773378372192,-0.24583628773689273,1.0435396432876587,-0.284056693315506,-0.03012613579630852,0.24339881539344788,-1.113647222518921,-0.9204997420310974,1.3025102615356443,0.3690511584281921,-1.0603551864624023,0.18047446012496948,-0.41971156001091
0.037110667675733566,-0.03538653627038002,0.4157218635082245,0.9664263129234314,0.23763251304626465,-0.0017784577794373035,0.0977126881480217,-1.5386312007904053,0.2140854299068451,-0.004259493201971054,2.088096141815185,0.639518678188324,-0.23008754849433896,-2.096017599105835,-0.4736062288284302,0.6494721174240112,2.172415971755981,-0.2374451011419296,0.02992255985736847,-0.2531450390815735,-0.28544533252716064,0.5164777040481567,-0.41350406408309937,0.5504896640777588,-0.2550145089626312,1.0329104661941528,-0.266157865524292,-0.013820915482938288,0.35901015996932983,-1.114206314086914,-0.7941027283668518,1.175719141960144,0.5033314228057861,-1.0422130823135376,0.2362583875656128,-0.6070135235786438
0.037317834794521325,-0.04421085491776466,0.41268908977508545,0.9634488224983216,0.24554692208766937,-0.00933301914483309,0.10670465975999832,-1.430049180984497,0.12136917561292648,-0.11333926022052764,2.149664878845215,0.6277781128883362,-0.23382003605365756,-2.0913505554199214,-0.4936065971851349,0.637134850025177,2.200573205947876,-0.28527775406837463,-0.008686640299856663,-0.2837418019771576,-0.36293163895606995,0.5138515830039978,-0.5508527755737305,0.6135151982307434,-0.26150012016296387,1.00980806350708,-0.2040787786245346,0.006131576839834452,0.4708565175533295,-1.095593214035034,-0.5917713642120361,1.0111899375915527,0.6144684553146361,-1.005748987197876,0.26113858819007874,-0.7528502345085144
0.03661803156137466,-0.04895168915390968,0.4130122363567352,0.9644808173179625,0.24272216856479645,-0.016714090481400486,0.1028757244348526,-1.2832241058349607,0.048059698194265366,-0.21852076053619385,2.1716063022613525,0.5683928728103638,-0.23485350608825684,-2.0691659450531006,-0.5234692096710205,0.6093562245368958,2.203129768371582,-0.3226271867752075,-0.03342327103018761,-0.3000180721282959,-0.4231757819652557,0.5086828470230104,-0.6381579637527466,0.6406481862068176,-0.24115733802318573,0.9497277736663817,-0.12406337261199953,0.02394948154687881,0.5408070683479309,-1.0574861764907837,-0.36265039443969727,0.8536871075630189,0.6728593707084656,-0.9768344759941101,0.25557664036750793,-0.8309227228164672
0.0349833145737648,-0.04714888706803322,0.4165281355381012,0.970543086528778,0.22464853525161743,-0.021277436986565586,0.08441873639822006,-1.138995051383972,0.0848175436258316,-0.27513062953948975,2.146957874298096,0.4721649587154389,-0.23382310569286344,-2.0346763134002686,-0.5543401241302489,0.5672602057456969,2.1760149002075195,-0.3327253758907318,-0.0448308102786541,-0.2956426441669464,-0.43187168240547186,0.5062634944915771,-0.6606927514076233,0.6158881187438965,-0.1950480043888092,0.8737042546272279,-0.07091791927814484,0.02583886869251728,0.573565661907196,-0.9856745600700377,-0.16231267154216766,0.7262375950813292,0.6820587515830994,-0.9443548321723938,0.23181375861167908,-0.8748385906219481
0.03162337467074394,-0.03869105875492096,0.4235644936561584,0.9783266186714172,0.1976541727781296,-0.02591690421104431,0.056020040065050125,-1.0348433256149292,0.18554328382015228,-0.2922252416610718,2.104887008666992,0.3884393274784088,-0.23139256238937375,-1.9804887771606443,-0.575096607208252,0.5079204440116881,2.1254305839538574,-0.3141208589076996,-0.04604804515838623,-0.27368155121803284,-0.40302932262420654,0.5068387389183044,-0.6545590758323668,0.5498466491699219,-0.14769914746284485,0.8360974192619324,-0.07282330095767975,0.01200960949063301,0.5788870453834534,-0.8914646506309509,-0.0063639204017817965,0.6273416876792908,0.6691297292709352,-0.8919196128845216,0.20192879438400269,-0.9059748649597169
0.027347326278686523,-0.02540005929768085,0.431183248758316,0.9847197532653807,0.16927553713321683,-0.03360667824745178,0.02330991066992283,-0.9643359780311584,0.28259167075157166,-0.29756158590316767,2.089155435562134,0.2987460792064667,-0.2313570827245712,-1.910509824752808,-0.5919185876846313,0.4430653750896454,2.06347131729126,-0.3004221022129059,-0.03519006073474884,-0.24573779106140137,-0.36093637347221375,0.5107231140136719,-0.6406800746917725,0.4667523801326752,-0.107571579515934,0.8543347120285033,-0.12891237437725067,0.0003540633188094944,0.5566995739936829,-0.8036634922027587,0.09501352906227113,0.5682287216186523,0.6609947085380553,-0.8430453538894653,0.17677758634090424,-0.9135258197784426
0.022592537105083466,-0.010360145941376686,0.43508639931678766,0.9875909686088562,0.15026621520519257,-0.04536985233426094,-0.005069491919130087,-0.9258071184158323,0.369757741689682,-0.29590997099876404,2.103822469711304,0.22835783660411835,-0.22552573680877683,-1.8505159616470337,-0.5972352027893065,0.40003824234008795,2.0112547874450684,-0.2962746322154999,-0.024429989978671077,-0.22983391582965848,-0.3390023112297058,0.5175603032112122,-0.6202704906463623,0.3976343274116516,-0.08010851591825485,0.8957088589668275,-0.19463618099689484,-0.0026934004854410887,0.5294851660728456,-0.7490752339363098,0.155317485332489,0.5438329577445984,0.6597862839698792,-0.8003861904144286,0.15658210217952728,-0.9060412049293518
0.016305675730109215,0.004226387478411198,0.4367025494575501,0.9876148700714112,0.1436236947774887,-0.05932264402508736,-0.02167537994682789,-0.9485724568367004,0.4096262156963348,-0.2981898784637451,2.1414198875427246,0.24576009809970853,-0.21089316904544833,-1.8173606395721436,-0.6047150492668152,0.37960124015808105,1.9662787914276123,-0.2795967757701874,-0.02183092385530472,-0.2341317683458328,-0.34600117802619934,0.5213117599487305,-0.6104164123535156,0.3540446162223816,-0.07498272508382797,0.9298177361488342,-0.24063673615455627,-0.011283408850431442,0.5101602673530579,-0.71385395526886,0.1906859278678894,0.5445349216461182,0.6592657566070557,-0.7688413858413696,0.15085783600807187,-0.8794062137603759
0.008464522659778595,0.016885006800293922,0.4374790191650391,0.9867518544197081,0.141360804438591,-0.07388967275619507,-0.029635926708579063,-1.0359840393066406,0.4154816269874573,-0.3124701976776123,2.200153589248657,0.328266978263855,-0.194951206445694,-1.7936686277389526,-0.6209713816642761,0.36467370390892023,1.9237728118896484,-0.2503384053707123,-0.02488057315349579,-0.2524756193161011,-0.3652558028697968,0.5183650851249695,-0.6181840896606445,0.3330220878124237,-0.10649021714925765,0.9731557965278624,-0.2339000552892685,-0.02875874377787113,0.502145528793335,-0.6826568841934204,0.2101219743490219,0.5852811932563782,0.6697600483894348,-0.7680079340934753,0.17879748344421387,-0.8337444067001343
-0.00031028036028146744,0.025021199136972427,0.4343377351760864,0.9874477386474608,0.12460106611251832,-0.08982246369123459,-0.03678830340504646,-1.13283634185791,0.4524720311164856,-0.33761724829673767,2.2656025886535645,0.18919022381305692,-0.21472302079200745,-1.7474620342254639,-0.6388614177703857,0.33652934432029724,1.8967270851135252,-0.22653235495090485,-0.04489929974079132,-0.2618342936038971,-0.36331281065940857,0.5195300579071045,-0.6427955627441406,0.32063016295433044,-0.17606177926063535,1.0375468730926511,-0.1802729368209839,-0.032814834266901016,0.49225547909736633,-0.6376006603240967,0.2296033203601837,0.6446705460548401,0.6995667815208435,-0.8124819993972777,0.22654734551906583,-0.7752816677093507
-0.00950658693909645,0.02943399362266064,0.42946320772171026,0.988649845123291,0.10160434991121292,-0.1043609082698822,-0.03683501109480858,-1.3017606735229492,0.5316154360771179,-0.31042978167533875,2.286637544631958,-0.002847504103556276,-0.2312554121017456,-1.6934937238693235,-0.6180741786956787,0.3241521418094635,1.8763377666473389,-0.2065903693437576,-0.07190251350402832,-0.2642119824886322,-0.3436526656150818,0.5227366089820862,-0.6567916870117188,0.3089129328727722,-0.29635342955589294,1.085361361503601,-0.05382731929421425,-0.021133895963430405,0.476726770401001,-0.5861796736717224,0.25273647904396057,0.7043312788009644,0.7385737299919128,-0.8750356435775757,0.2806348204612732,-0.6769238710403441
-0.018365208059549328,0.033734582364559174,0.42699283361434937,0.9901825189590454,0.07770483940839766,-0.11129365116357803,-0.033380534499883645,-1.5187113285064695,0.5374886393547058,-0.2584933340549469,2.2362759113311768,-0.052608013153076165,-0.2459647506475449,-1.6232199668884275,-0.5259588360786438,0.3482496440410614,1.835935354232788,-0.14375996589660645,-0.0271004568785429,-0.2523267269134521,-0.297414630651474,0.5208753347396851,-0.6284574866294861,0.29028838872909546,-0.44265243411064154,1.0320940017700195,0.12918080389499664,-0.010600463487207888,0.48726487159729,-0.5491742491722107,0.2622533440589905,0.727862000465393,0.7601362466812133,-0.9034707546234131,0.3169811964035034,-0.5569903254508972
-0.024737486615777012,0.03790982067584992,0.42266127467155457,0.9906149506568909,0.05613842606544495,-0.11941698938608168,-0.035638757050037384,-1.7096816301345823,0.5401841402053833,-0.2116883993148804,2.143956422805786,-0.021144792437553402,-0.2307738810777664,-1.5545660257339475,-0.4191434979438782,0.39904704689979553,1.8138117790222168,-0.09630834311246873,0.0664091408252716,-0.22085395455360407,-0.23651926219463348,0.5208601355552673,-0.5569100379943848,0.2732694447040558,-0.5674906969070435,0.8856757283210753,0.3376663029193878,-0.00126366491895169,0.5141568779945374,-0.5388928055763245,0.2342543601989746,0.7176563143730164,0.7422894835472107,-0.9254835247993469,0.35499081015586853,-0.42358261346817017
-0.028328225016593933,0.03901892900466919,0.41590845584869374,0.9909331798553466,0.03551559895277023,-0.1239706054329872,-0.03770081326365471,-1.846066236495972,0.6361349821090697,-0.11970852315425871,2.0128605365753174,0.00404639495536685,-0.1673801690340042,-1.4953311681747437,-0.39960330724716187,0.41896227002143854,1.7731745243072508,-0.11632658541202544,0.13447050750255585,-0.17853467166423795,-0.17521990835666656,0.5238040685653688,-0.44882699847221375,0.28480812907218933,-0.6468910574913025,0.7341777682304382,0.5028522610664368,0.015931962057948112,0.544443905353546,-0.5641030669212341,0.1463657170534134,0.6831964254379272,0.6878633499145508,-0.9184922575950623,0.39920714497566223,-0.2826578915119171
-0.029208481311798092,0.03702959790825844,0.4095073342323303,0.9926103949546814,0.0067531224340200416,-0.11757070571184158,-0.029259447008371357,-1.9059433937072756,0.7931045293807982,0.0293087475001812,1.8773789405822756,0.013550824485719204,-0.1077522039413452,-1.4680004119873047,-0.4263307750225067,0.4207538664340973,1.718707799911499,-0.10844278335571288,0.1331670433282852,-0.14832615852355957,-0.11586852371692656,0.5300981998443604,-0.31046658754348755,0.34381598234176636,-0.6530469059944153,0.6398665308952332,0.5681743621826172,0.03684324026107788,0.5802698135375977,-0.6131191849708557,-0.026585906744003292,0.6727250218391417,0.597545862197876,-0.8494908213615417,0.41665753722190857,-0.124326653778553
-0.02773592807352543,0.03320401906967163,0.4042404294013977,0.9942846298217772,-0.02415692247450352,-0.10323796421289444,-0.012506842613220215,-1.914580583572388,0.9301003813743592,0.16620631515979767,1.8303918838500977,0.05724756792187691,-0.0731998011469841,-1.399681806564331,-0.4109914898872376,0.41808944940567017,1.6440919637680051,-0.09399921447038649,0.1852808892726898,-0.1402309685945511,-0.07981983572244643,0.5268210768699646,-0.14100517332553864,0.4337156414985657,-0.5744703412055969,0.6137089133262633,0.5386300086975098,0.06738121807575226,0.5991806387901306,-0.6088765859603882,-0.28744885325431824,0.7041608691215515,0.4282393455505371,-0.7072553038597107,0.41933619976043696,0.006797979585826397
-0.024235473945736885,0.028306001797318455,0.3964537084102631,0.995327055454254,-0.04069388657808304,-0.08730730414390565,0.006747991777956486,-1.8849072456359863,1.002770185470581,0.2636856138706207,1.8767546415328975,0.057284832000732415,-0.026032328605651852,-1.3687669038772583,-0.3864114582538605,0.4098909199237824,1.6172535419464111,-0.08763657510280609,0.246307834982872,-0.1352064311504364,-0.056917965412139886,0.5173243880271912,0.044046465307474136,0.50653076171875,-0.45828476548194885,0.5235277414321899,0.4650083780288696,0.1203894466161728,0.535317599773407,-0.5024363994598389,-0.570165753364563,0.6479195356369019,0.18830834329128265,-0.5847222208976746,0.3977757096290588,0.0656965896487236
-0.01959512196481228,0.02402513101696968,0.3945749700069427,0.9959982037544249,-0.055690266191959374,-0.0680997297167778,0.01576864719390869,-1.872917890548706,0.9809108972549438,0.25625044107437134,1.933161735534668,0.008595610037446022,-0.014814497902989388,-1.390442132949829,-0.3641409873962402,0.39479300379753113,1.6214962005615234,-0.08283287286758423,0.2549528479576111,-0.09755247831344604,0.008820577524602413,0.513813316822052,0.24395160377025604,0.5461349487304688,-0.3615277409553528,0.27475282549858093,0.4296565055847168,0.14586423337459564,0.4420524835586548,-0.29125756025314326,-0.747357666492462,0.4594273567199707,-0.009856542572379112,-0.5862877368927002,0.3874705135822296,0.08106407523155212
-0.01589776761829853,0.018652165308594704,0.3970813453197479,0.9967462420463562,-0.06478574126958847,-0.042780011892318726,0.02167043648660183,-1.8792550563812251,0.9508348107337952,0.21368347108364105,1.9654499292373655,-0.02003586478531361,0.00500190956518054,-1.4332849979400635,-0.35929882526397705,0.3733096420764923,1.6317111253738403,-0.07233544439077377,0.25226494669914246,-0.060025904327631,0.058864790946245193,0.5135495066642761,0.4117444157600402,0.5686253905296326,-0.31569099426269526,0.01986962556838989,0.4072949886322021,0.13697698712348935,0.4006023406982422,-0.07996707409620285,-0.7601799964904785,0.26231080293655396,-0.11714407056570052,-0.6542576551437378,0.386705070734024,0.06290406733751297
-0.012992559000849724,0.01210802048444748,0.4031874835491181,0.997624695301056,-0.06324729323387146,-0.01767069660127163,0.02079884521663189,-1.9111735820770264,0.9110403060913086,0.1322021782398224,1.9795467853546145,-0.011378956958651543,0.04957129806280136,-1.4781049489974976,-0.3515130579471588,0.3596908748149872,1.6348110437393188,-0.05395379662513733,0.24588683247566223,-0.026005716994404793,0.056250497698783875,0.5153048634529114,0.5442445278167725,0.5719758868217468,-0.3071645200252533,-0.1836043894290924,0.3860456347465515,0.0976276770234108,0.4333725273609161,0.030350461602211,-0.637205958366394,0.18428009748458865,-0.1472119092941284,-0.7274081707000732,0.39268341660499567,0.009603010490536688
-0.011363470926880836,0.005784069187939167,0.4123234450817108,0.9978505373001098,-0.06426578760147095,0.003153265453875065,0.012422990053892136,-1.9525157213211055,0.8442355394363403,0.030008340254426,1.9505786895751955,0.03207256644964218,0.059519950300455086,-1.5116342306137085,-0.3429965376853943,0.32055988907814026,1.629181146621704,-0.0185149647295475,0.23859632015228271,0.005531749688088894,0.038368210196495056,0.5180200934410095,0.6331457495689392,0.5636374950408936,-0.3162873685359955,-0.3299088180065155,0.36678290367126465,0.05640872195363045,0.48937553167343134,0.07776205241680145,-0.4737725555896759,0.19921135902404785,-0.13927586376667023,-0.7912278175354005,0.39238777756690973,-0.03670568391680717
-0.010498315095901488,0.000487801618874073,0.4199267327785492,0.9974739551544188,-0.06909870356321335,0.0158756822347641,-0.00435505248606205,-1.976693153381348,0.7782991528511046,-0.07273467630147934,1.9125181436538696,0.04509909823536873,0.029981825500726696,-1.5345637798309326,-0.33398354053497314,0.26851758360862726,1.6201595067977903,0.016431698575615883,0.23409809172153473,0.03641753643751144,0.02623396925628185,0.5204721093177795,0.6890884637832642,0.5462399125099182,-0.3224203884601593,-0.41109874844551086,0.36352565884590154,0.03608158230781555,0.5291839838027954,0.08618713170289993,-0.32823711633682245,0.26297900080680847,-0.1099650114774704,-0.8489513397216797,0.3838616609573364,-0.06583970785140991
-0.008098809048533438,-0.004103430546820164,0.4257151782512665,0.9972860217094419,-0.06675665080547333,0.023126710206270214,-0.020721185952425003,-1.9735841751098633,0.7550936341285706,-0.12830355763435364,1.8922200202941892,0.04237022623419762,0.017358072102069855,-1.5481148958206177,-0.3256637156009674,0.24023087322711945,1.608304738998413,0.01841887459158897,0.2204541563987732,0.06200199201703072,0.0010756792034953833,0.5199153423309326,0.718742609024048,0.5180272459983826,-0.328543096780777,-0.4336190819740296,0.36673077940940857,0.036466602236032486,0.5459832549095154,0.07149577140808105,-0.207308292388916,0.3541506230831146,-0.073663629591465,-0.8919441103935242,0.38267052173614496,-0.05751198902726173
-0.004674384370446205,-0.008365080691874027,0.42716971039772034,0.9973697066307069,-0.0596432201564312,0.022334454581141472,-0.03460453823208809,-1.9640389680862425,0.75922292470932,-0.15386326611042023,1.889751434326172,0.032407451421022415,-0.002813328057527542,-1.54379403591156,-0.32237288355827326,0.2181469053030014,1.6013038158416748,-0.011782691814005373,0.22445400059223172,0.07837987691164015,-0.025654839351773265,0.5186165571212769,0.6938514113426208,0.49447631835937506,-0.32570680975914,-0.4313907325267792,0.353380024433136,0.04272151738405228,0.5516110062599182,0.03707044944167137,-0.14597934484481812,0.4388846158981323,-0.0580308586359024,-0.9098240733146669,0.37774994969367987,-0.005820032209157944
0.00010488368570804596,-0.012479885481297968,0.4271580278873444,0.9978220462799072,-0.048086825758218765,0.012741317972540855,-0.0433187112212181,-1.936073303222656,0.7666298747062683,-0.17067758738994598,1.9016079902648924,0.03853723406791687,-0.04050999507308006,-1.5395057201385498,-0.31304129958152765,0.22893115878105164,1.6165777444839475,-0.031934887170791626,0.227687731385231,0.08494525402784348,-0.048380576074123376,0.5180277824401855,0.5894291996955872,0.4669018685817719,-0.30925452709198,-0.4000185132026672,0.293027400970459,0.05028226599097252,0.5461982488632202,-0.03467248380184173,-0.1160307452082634,0.5066467523574829,-0.04784092307090759,-0.8999871015548706,0.38823363184928894,0.06872855126857758
0.005254200659692288,-0.016743849962949753,0.4261790812015533,0.9980154037475586,-0.04003214463591576,-2.924458203779068e-05,-0.048606675118207925,-1.903105974197388,0.7723539471626282,-0.18345947563648224,1.9214713573455808,0.03888506442308426,-0.09231068938970563,-1.5299394130706787,-0.30582118034362793,0.2506757974624634,1.6377116441726685,-0.06722493469715118,0.22466053068637848,0.08319208770990372,-0.054916899651288986,0.5169690847396851,0.3710472881793976,0.430508941411972,-0.27093076705932617,-0.32112678885459894,0.19259944558143613,0.06393860280513763,0.5563990473747252,-0.1651870757341385,-0.10250253230333328,0.5723837018013,-0.024109400808811188,-0.8499606251716613,0.4205852746963501,0.1631159633398056
0.006951512303203344,-0.019828341901302338,0.4250114560127258,0.9979253411293028,-0.04035767167806625,-0.008064011111855507,-0.04950963333249092,-1.8830192089080808,0.7516863942146301,-0.20377445220947263,1.9343154430389404,0.01224599964916706,-0.14520251750946045,-1.5111013650894165,-0.3051867187023163,0.2466780096292496,1.6555724143981931,-0.09989147633314131,0.2223975509405136,0.06853391230106354,-0.04350220412015914,0.514858603477478,0.05579661577939987,0.3778465986251831,-0.20768257975578308,-0.15790259838104248,0.08126530051231384,0.0554777979850769,0.5929456949234009,-0.3587401807308197,-0.10289125889539719,0.6061530113220215,0.02732174657285213,-0.7271881103515626,0.45227757096290583,0.2113744169473648
0.005518350750207901,-0.02169731631875038,0.425067275762558,0.9983055591583253,-0.03315945342183113,-0.015536604449152946,-0.045223113149404526,-1.8495889902114868,0.7199925780296326,-0.2154386937618256,1.9363687038421633,-0.0002557606203481555,-0.18831795454025269,-1.5050634145736694,-0.3080282509326935,0.2690909206867218,1.6666202545166016,-0.1210915520787239,0.22739335894584653,0.03931589797139168,-0.04611371085047722,0.5157482028007507,-0.3421943187713623,0.3107859790325165,-0.17575576901435852,0.08736959844827653,-0.05265827104449272,0.010175343602895737,0.6445084810256958,-0.6071950197219849,-0.08567088097333907,0.5653543472290039,0.13634182512760162,-0.5489614605903625,0.45489045977592474,0.1362753063440323
0.0020107394084334373,-0.022044192999601364,0.4224060475826264,0.9986816644668579,-0.02333313040435314,-0.014607945457100868,-0.04332591593265533,-1.8480249643325803,0.6972173452377319,-0.2329999655485153,1.9338104724884035,-0.0019312129588797688,-0.2228191047906876,-1.528831124305725,-0.31135809421539307,0.2947327196598053,1.6762405633926392,-0.12346958369016647,0.23504327237606049,0.002032500691711902,-0.05903615057468414,0.5213413238525392,-0.7515761256217955,0.25776031613349915,-0.1974441558122635,0.4073333144187927,-0.18937903642654416,-0.04749394953250885,0.6348651051521301,-0.8906728625297545,-0.04520176351070404,0.45700189471244806,0.35125508904457087,-0.40194407105445856,0.4069447219371796,-0.04849817603826522
-0.0027575334534049034,-0.02197209745645523,0.4188387095928192,0.9987213611602784,-0.017036564648151398,-0.0051602646708488464,-0.047315940260887146,-1.870889902114868,0.6807847619056702,-0.2653310894966125,1.9071658849716184,0.0038109584711492066,-0.24387942254543304,-1.5664126873016355,-0.30089718103408813,0.31140249967575073,1.6796189546585083,-0.10486016422510148,0.24324618279933927,-0.033761706203222275,-0.07283473014831544,0.5289663672447205,-1.1255172491073608,0.25131189823150635,-0.2711102068424225,0.777710735797882,-0.29208284616470337,-0.08132652193307875,0.5339632034301758,-1.1679794788360596,0.013394521549344063,0.3293905556201935,0.6323226094245912,-0.3395023047924042,0.34615835547447205,-0.19186601042747495
-0.007535682059824466,-0.022308457642793652,0.4162084758281708,0.9983726143836976,-0.01320962980389595,0.009559733793139456,-0.05464538186788559,-1.882079482078552,0.6698178052902222,-0.2955149710178375,1.8162862062454224,0.043971102684736245,-0.257794052362442,-1.6119472980499268,-0.2753412425518036,0.3245760202407837,1.6681010723114011,-0.06613633036613464,0.2504764199256897,-0.06343083828687668,-0.09050344675779343,0.5306975841522217,-1.4425629377365112,0.2943289279937744,-0.3905624151229858,1.138932466506958,-0.34370702505111694,-0.08726719766855238,0.3939474523067474,-1.3964667320251465,0.062191739678382874,0.23277820646762848,0.9062527418136596,-0.29685178399086,0.3020254075527191,-0.2651432454586029
-0.011387320235371588,-0.02203518897294998,0.4128364324569702,0.997729480266571,-0.011813066899776459,0.02181510254740715,-0.06261331588029861,-1.8637771606445312,0.7015336751937865,-0.2817248106002808,1.713900804519653,0.06953641772270203,-0.269814670085907,-1.6519629955291748,-0.25418853759765625,0.33146339654922485,1.6545627117156982,-0.037193991243839264,0.2520570456981659,-0.08439406007528305,-0.10422510653734209,0.5287794470787048,-1.6339991092681885,0.3553874492645264,-0.5309919118881226,1.3813297748565672,-0.3659516274929047,-0.05588719993829727,0.2936442792415619,-1.5744874477386475,0.09276124089956285,0.19510002434253687,1.1276628971099851,-0.2544495761394501,0.29203841090202326,-0.30107617378234863
-0.013097986578941343,-0.020854227244853973,0.40934383869171137,0.9970709085464476,-0.012451943941414356,0.029488287866115567,-0.06946226954460144,-1.8812079429626465,0.724555730819702,-0.28659310936927795,1.697322130203247,0.056803274899721146,-0.2479841709136963,-1.671931505203247,-0.24498045444488523,0.3359399735927582,1.6396187543869019,-0.02646838501095772,0.2524452209472656,-0.09398431330919264,-0.11645197123289108,0.5287259817123413,-1.711560845375061,0.41418859362602234,-0.6706628799438477,1.5105402469635008,-0.375115305185318,0.00460472609847784,0.23123848438262937,-1.7029229402542114,0.10436513274908064,0.22185194492340088,1.2944947481155396,-0.2262118756771088,0.29781433939933777,-0.3092498481273651
-0.013803133741021156,-0.01862787641584873,0.40665942430496216,0.9967786073684691,-0.010284692049026488,0.03295205533504486,-0.07239329814910889,-1.8968033790588377,0.7301615476608275,-0.2867287993431092,1.7039570808410645,0.05142420157790184,-0.24121595919132233,-1.685725688934326,-0.23542150855064392,0.3493362665176392,1.6332464218139648,-0.02378585748374462,0.24641802906990048,-0.0982564240694046,-0.12743359804153442,0.5294132232666016,-1.7194931507110596,0.43696409463882446,-0.7784681916236876,1.5695079565048216,-0.381014347076416,0.06198931485414505,0.18637678027153012,-1.7761715650558472,0.10445772111415864,0.30186524987220764,1.3768142461776731,-0.2083253711462021,0.30267772078514094,-0.29498264193534846
-0.012763416394591331,-0.015828732401132584,0.4075656533241272,0.9967432618141174,-0.008000205270946026,0.031031161546707157,-0.07399959862232208,-1.8926919698715208,0.738523006439209,-0.2744401693344116,1.713390231132507,0.05038360878825188,-0.2323888689279556,-1.6829938888549805,-0.232430100440979,0.36180257797241205,1.6255264282226562,-0.020912690088152885,0.2419874370098114,-0.09140338003635406,-0.1237589344382286,0.5271865129470825,-1.6997821331024168,0.4403517544269562,-0.8461953401565551,1.5537577867507935,-0.37240201234817505,0.09454534202814102,0.14387167990207672,-1.7736473083496092,0.10453346371650696,0.4007890224456787,1.347230076789856,-0.19062072038650513,0.29930436611175537,-0.27035433053970337
-0.01007234677672386,-0.013861786574125288,0.41091886162757874,0.9970945119857789,-0.005973746534436941,0.0233735516667366,-0.0722537264227867,-1.8758866786956787,0.7435287237167358,-0.2622193992137909,1.7272104024887085,0.057309772819280624,-0.23786939680576324,-1.6572315692901611,-0.24356758594512937,0.3683657646179199,1.6176785230636597,-0.023429950699210167,0.24622184038162231,-0.08087470382452011,-0.11092666536569595,0.5247758030891417,-1.6579807996749876,0.4573616683483124,-0.8917491436004639,1.4646822214126587,-0.33341145515441895,0.09194193035364152,0.10387203097343443,-1.733060836791992,0.09304696321487425,0.520338237285614,1.2604082822799683,-0.113319493830204,0.26347705721855164,-0.22508268058300016
-0.007208823226392269,-0.012746766209602356,0.41450262069702154,0.9974007010459902,-0.005462547764182091,0.01509620901197195,-0.07024304568767548,-1.8583617210388184,0.7489434480667113,-0.25358590483665466,1.7406507730484009,0.05590422451496124,-0.2530116736888885,-1.625152826309204,-0.255909264087677,0.37462082505226135,1.6101107597351074,-0.023163964971899983,0.25398153066635126,-0.06276482343673706,-0.09124823659658432,0.5248511433601379,-1.614526391029358,0.5006651878356934,-0.955359160900116,1.378503441810608,-0.29079511761665344,0.08525654673576355,0.07485926151275633,-1.69749915599823,0.05185385420918465,0.6552532911300659,1.2179858684539795,0.0023866668343544006,0.21920259296894076,-0.16647778451442719
-0.004893392790108919,-0.011681624688208103,0.4179203808307648,0.9976831078529358,-0.0034686720464378595,0.009662817232310772,-0.06725335121154785,-1.8391301631927488,0.7584284543991088,-0.2327735722064972,1.750545859336853,0.04579957202076912,-0.26166537404060364,-1.5981109142303467,-0.26530009508132935,0.3863497376441956,1.601137399673462,-0.021711066365242004,0.2592117190361023,-0.0419444814324379,-0.07039422541856766,0.5253108739852905,-1.5739704370498655,0.5756382942199707,-1.0240856409072876,1.3106622695922852,-0.24464276432991028,0.08669082075357437,0.06719589233398438,-1.6813431978225708,-0.03173030540347099,0.7826000452041627,1.2400002479553223,0.127375066280365,0.18204523622989652,-0.11253870278596878
-0.0030185775831341743,-0.010637089610099792,0.42102295160293574,0.9980404376983641,-0.00043751951307058334,0.007942741736769676,-0.06206434592604637,-1.8236933946609497,0.7687534689903259,-0.20103842020034793,1.7517114877700803,0.03831696882843971,-0.26638102531433105,-1.5829052925109863,-0.27363312244415283,0.4035246670246124,1.5914905071258545,-0.02412898279726505,0.2620916962623596,-0.02352982759475708,-0.04888548329472542,0.5232007503509521,-1.512336015701294,0.679552435874939,-1.0510039329528809,1.2341835498809814,-0.20083901286125183,0.1033504232764244,0.08353146165609358,-1.6696549654006958,-0.15526223182678223,0.8870612978935242,1.2847981452941895,0.24907356500625608,0.1552211493253708,-0.08166400343179703
-0.0009482945315539837,-0.009640221484005453,0.421687126159668,0.9984526634216307,-0.001402087975293398,0.007895808666944502,-0.055026084184646606,-1.8209480047225952,0.793169379234314,-0.1588812470436096,1.7428133487701416,0.018864305689930916,-0.2554333209991455,-1.5796304941177368,-0.2812725603580475,0.4167345762252808,1.5908465385437012,-0.03475569561123848,0.26394519209861755,-0.01120529230684042,-0.016827967017889023,0.5206894874572754,-1.3886052370071411,0.8005474805831909,-0.985278904438019,1.1028532981872559,-0.15499216318130493,0.13713011145591736,0.1339559555053711,-1.6397725343704224,-0.31266552209854126,0.96076762676239,1.327138304710388,0.344468891620636,0.1364496797323227,-0.09329966455698013
0.0018955147825181484,-0.007977291010320185,0.41803023219108576,0.9988023042678832,-0.010057367384433746,0.005100364796817304,-0.047610606998205185,-1.8317779302597044,0.8530383706092833,-0.11648811399936676,1.7336779832839964,-0.022221023216843605,-0.182934433221817,-1.5690374374389648,-0.2917628288269043,0.4131428897380829,1.6040451526641843,-0.06015487760305405,0.2663400769233704,-0.007244829554110765,0.032652631402015686,0.5162235498428345,-1.1505016088485716,0.9270840883255005,-0.7989768981933594,0.8706027269363403,-0.12574224174022675,0.17740756273269653,0.2032802253961563,-1.589272379875183,-0.4838429093360901,1.0114266872406004,1.3571135997772217,0.36388498544692993,0.14479215443134308,-0.10606680810451508
0.005226501729339361,-0.005589356645941734,0.4122184216976166,0.9985578060150145,-0.034277088940143585,1.6296151443384588e-05,-0.041320722550153725,-1.8698295354843135,0.9120511412620544,-0.11795973777770996,1.738871932029724,-0.05762753635644913,-0.09147069603204729,-1.5340968370437622,-0.3039537966251373,0.3781670928001404,1.617698550224304,-0.09240280836820601,0.26523038744926447,-0.004133641254156828,0.11134812235832214,0.5030660033226013,-0.8074166774749757,1.0045130252838135,-0.55367112159729,0.5653287768363953,-0.09923388808965683,0.19619429111480713,0.2212022840976715,-1.4883112907409668,-0.651656985282898,1.023754835128784,1.3397786617279053,0.292345255613327,0.17736119031906128,-0.09123080223798752
0.008907612413167953,-0.002261232584714889,0.412359356880188,0.9972404241561889,-0.06283532083034515,-0.004854340106248856,-0.03923897817730904,-1.9260213375091553,0.9404942393302915,-0.15920475125312805,1.752448320388794,-0.05890604481101036,-0.038244061172008514,-1.4723496437072752,-0.3023758828639984,0.3256140053272248,1.6069532632827759,-0.1098123788833618,0.2645959258079529,0.009096917696297169,0.18961386382579803,0.4765440225601196,-0.4613842070102692,0.9929410219192506,-0.3786189258098602,0.30191221833229065,-0.07304426282644272,0.185593843460083,0.16857300698757172,-1.276488184928894,-0.8004978895187379,0.9562910199165344,1.2641044855117796,0.1877925992012024,0.2222794592380524,-0.08397284895181654
0.013355894945561884,0.00027869269251823425,0.42053014039993286,0.9951990842819213,-0.08767274022102357,-0.013512724079191685,-0.041348475962877274,-1.9544556140899656,0.9639661312103271,-0.19322513043880463,1.7608922719955444,-0.04162361100316048,-0.02086307480931282,-1.390122890472412,-0.2885696589946747,0.2689966857433319,1.5756224393844604,-0.1128038465976715,0.2599454522132873,0.03149335831403732,0.25452837347984314,0.4373856782913208,-0.1998630464076996,0.9181207418441772,-0.3420276641845703,0.1937817484140396,-0.07966529577970503,0.16082534193992615,0.06482992321252823,-0.8979188799858093,-0.8892611861228944,0.7617186903953552,1.146475911140442,0.058036964386701584,0.27293893694877625,-0.10132335871458052
0.019914835691452023,0.0005541127175092697,0.43293729424476624,0.9935707449913026,-0.10156363248825072,-0.027033124119043354,-0.042086340487003326,-1.9433486461639404,0.9907000660896301,-0.21813811361789703,1.768864631652832,0.013088625855743883,-0.03186875581741333,-1.305699586868286,-0.2713918089866638,0.24146139621734616,1.5409969091415403,-0.10752227902412415,0.2513178288936615,0.04607559368014336,0.29169806838035583,0.369027316570282,-0.007478665094822645,0.8132637739181519,-0.37500929832458496,0.2434123009443283,-0.13004805147647855,0.12722259759902954,0.008600080385804176,-0.4297390580177307,-0.8538202047348022,0.5307239890098572,1.0370436906814575,-0.09023581445217133,0.3183971643447876,-0.11633906513452529
0.027625378221273426,0.0001302771270275116,0.4469915628433228,0.9930151700973511,-0.10230307281017303,-0.042052380740642555,-0.0410667322576046,-1.8916475772857664,0.9905542731285096,-0.2398556619882584,1.7658098936080933,0.06462206691503525,-0.115796759724617,-1.228959083557129,-0.24045854806900024,0.257352352142334,1.5210728645324707,-0.08329718559980392,0.2488663345575333,0.034395381808280945,0.2944416403770447,0.29413875937461853,0.17821867763996124,0.6862987875938416,-0.3953150808811188,0.3858048319816589,-0.1695830523967743,0.08272046595811844,0.011143436655402184,-0.005277506075799465,-0.7031632065773009,0.3789505958557129,0.9934706687927246,-0.2465689331293106,0.3465764820575714,-0.1175403892993927
0.035956256091594696,0.0011662524193525314,0.4620520770549774,0.9933016896247864,-0.09161948412656784,-0.059166848659515374,-0.038170475512743,-1.7677407264709473,0.9406765103340149,-0.2678377330303192,1.7325825691223145,0.044846583157777786,-0.24691371619701383,-1.1516056060791016,-0.18187367916107175,0.3322156071662903,1.4954445362091064,-0.054803438484668725,0.2528691291809082,0.004205225966870785,0.25794145464897156,0.21512155234813687,0.3449264466762543,0.5470951199531555,-0.39585280418396,0.5980270504951477,-0.17322814464569092,0.03864901885390282,0.01789405196905136,0.3176586925983429,-0.4958584308624268,0.3760533928871154,1.0020893812179563,-0.3906003534793854,0.3175312280654907,-0.09380271285772324
0.04270229116082192,0.0047506727278232574,0.472264289855957,0.9940349459648131,-0.0703367069363594,-0.0769125297665596,-0.032122064381837845,-1.6262028217315672,0.8960298299789428,-0.2873673737049103,1.703830003738403,-0.05940108373761177,-0.2793744504451752,-1.0914729833602903,-0.17448337376117706,0.4203443825244904,1.4922189712524414,-0.047750551253557205,0.24500012397766116,-0.03808428347110748,0.19643300771713257,0.1453454941511154,0.4794046580791473,0.41268339753150934,-0.36749047040939326,0.8090075850486755,-0.1501084864139557,0.018514061346650124,0.010410735383629797,0.5602895617485046,-0.2887325882911682,0.49643793702125544,0.9963964223861694,-0.4813863039016724,0.241619810461998,-0.06683798134326935
0.04708639904856682,0.010019205510616302,0.4756362736225128,0.9947883486747741,-0.03998812660574913,-0.09058810770511629,-0.024308107793331143,-1.4932081699371336,0.8717076182365417,-0.27127966284751887,1.6737273931503296,-0.1640128344297409,-0.2652854025363922,-1.0606050491333008,-0.22541135549545288,0.503814160823822,1.498075246810913,-0.06963222473859787,0.22846554219722748,-0.07504821568727493,0.11760780960321426,0.08414693176746368,0.608613133430481,0.29170626401901245,-0.3116668462753296,0.9127097129821776,-0.1354597359895706,0.020726021379232407,0.00597797567024827,0.761158287525177,-0.10299524664878844,0.6449490785598755,0.9801601171493529,-0.5025136470794678,0.16475440561771393,-0.0817369371652603
0.0488947294652462,0.01709977723658085,0.47422599792480474,0.9953450560569763,-0.008963111788034439,-0.09473706036806105,-0.015255169011652468,-1.3799977302551267,0.815638780593872,-0.24387277662754056,1.6280493736267088,-0.20282886922359464,-0.26080119609832764,-1.0657249689102173,-0.2839464545249939,0.575502336025238,1.5077232122421265,-0.09732072055339812,0.21858973801136017,-0.09728352725505827,0.03542497754096985,0.035196978598833084,0.7378575205802916,0.18912877142429352,-0.24559691548347476,0.9123800992965697,-0.13707108795642853,0.024317709729075432,0.020462969318032265,0.9142016768455504,0.03402470424771309,0.7143526077270508,0.944210410118103,-0.45938789844512934,0.09033051878213881,-0.1396244764328003
0.050041496753692634,0.02460414171218872,0.4725067317485809,0.995434820652008,0.012922877445816992,-0.0941016674041748,-0.00934697035700083,-1.3113787174224851,0.7681246995925902,-0.21689136326313016,1.6191095113754272,-0.2118685245513916,-0.2610679268836975,-1.076229453086853,-0.32761138677597046,0.6367650032043457,1.5007798671722412,-0.12101008743047714,0.21134188771247864,-0.09432858973741533,-0.024762399494647976,-0.004185996018350124,0.8377766013145447,0.1073893830180168,-0.1823653876781464,0.8720192313194275,-0.14510223269462583,0.027118610218167305,0.04382914304733276,1.003911018371582,0.09980609267950058,0.7065044641494751,0.8945527672767638,-0.40298494696617126,0.03887540474534035,-0.19661188125610352
0.04994978383183479,0.0305122472345829,0.4712456166744232,0.9946206212043761,0.029307033866643906,-0.09922788292169571,-0.0049689463339746,-1.269105076789856,0.7388848662376403,-0.18030250072479248,1.6455615758895874,-0.22850084304809568,-0.2366794794797897,-1.075514793395996,-0.3678631782531738,0.6823436617851257,1.4931426048278809,-0.14894111454486847,0.17999935150146484,-0.07482715696096419,-0.06936464458703995,-0.016507340595126152,0.8915635943412781,0.056500673294067376,-0.12937332689762115,0.8275581598281859,-0.12017656117677689,0.02476031519472599,0.0608886145055294,1.046768307685852,0.12258285284042358,0.6815067529678345,0.8822848796844481,-0.34518370032310486,-0.010814511217176914,-0.2637036442756653
0.04891396313905716,0.03424244001507759,0.47068455815315247,0.9932543635368348,0.03399692103266716,-0.11080973595380784,-0.003343766089528799,-1.2387244701385498,0.7199219465255737,-0.17281444370746613,1.6627373695373535,-0.24292586743831637,-0.22246901690959928,-1.0373907089233398,-0.39686968922615046,0.6759054660797119,1.4588143825531004,-0.154464453458786,0.19639693200588224,-0.05327549949288368,-0.09145693480968477,-0.005642787087708712,0.91841059923172,0.019714677706360817,-0.0888775661587715,0.7965603470802307,-0.09828346967697144,0.027441117912530896,0.08974324166774748,1.0447548627853391,0.11524176597595213,0.6859560012817383,0.9125753641128541,-0.25848186016082764,-0.05044730752706528,-0.33724305033683777
0.046985480934381485,0.03529272973537445,0.4736802577972412,0.9934044480323792,0.03587789833545685,-0.10875999927520752,-0.005620782263576984,-1.2246484756469727,0.7054053544998169,-0.16680116951465607,1.655442476272583,-0.21641965210437772,-0.2317744195461273,-1.0375339984893799,-0.4006870687007904,0.6693798303604126,1.4481332302093504,-0.1580317914485931,0.19533731043338773,-0.030896762385964397,-0.09840314835309982,-0.010660444386303425,0.926870822906494,-0.007103537209331988,-0.04179960489273071,0.7537230253219603,-0.10306092351675032,0.034084632992744446,0.10069786012172698,1.0094248056411743,0.1011291816830635,0.6843723654747009,0.9259586334228516,-0.22152215242385864,-0.05287747085094452,-0.34558314085006714
0.043932247906923294,0.034321293234825134,0.47347903251647944,0.9941974282264707,0.035012464970350266,-0.10120350122451782,-0.010170641355216503,-1.2467225790023804,0.7099672555923462,-0.17425447702407837,1.658991456031799,-0.2046915143728256,-0.2364376485347748,-1.055747389793396,-0.3917585611343384,0.6616177558898926,1.4423948526382446,-0.16410212218761444,0.1996229588985443,-0.013758452609181404,-0.0976869612932205,-0.008628802374005316,0.918377697467804,-0.026493463665246964,-0.014951711520552635,0.7046412825584412,-0.09949249029159546,0.030366625636816025,0.10959135740995408,0.9663890600204467,0.07008729130029678,0.6631467938423157,0.8780680894851683,-0.19824329018592837,-0.06278067082166672,-0.3383132517337799
0.0405939444899559,0.031775496900081635,0.4713055491447449,0.9951075315475466,0.03198159113526344,-0.09212838858366013,-0.015829727053642273,-1.2837569713592527,0.7215206027030944,-0.18810494244098663,1.6607892513275146,-0.1907161176204681,-0.24081702530384064,-1.0858995914459229,-0.3807037770748138,0.6485679745674133,1.4443600177764893,-0.17151275277137756,0.20899781584739685,-0.003939279355108738,-0.09290658682584761,-0.00215094699524343,0.8974395394325256,-0.029686303809285164,0.0020152078941464424,0.6621451377868652,-0.09379886090755463,0.03028309904038906,0.11690609157085417,0.9224907159805296,0.02501203864812851,0.6130237579345703,0.7873318195343018,-0.14748956263065338,-0.0844116285443306,-0.3281753361225128
0.03755150362849236,0.02774913795292377,0.46868976950645447,0.99587345123291,0.026849687099456787,-0.0840933471918106,-0.02105913683772087,-1.3217118978500366,0.734419047832489,-0.20985476672649384,1.658632755279541,-0.17706213891506195,-0.24366745352745056,-1.1134274005889893,-0.3682726621627808,0.6268066763877869,1.4524410963058472,-0.18177761137485504,0.21649891138076785,-0.0008593089878559111,-0.08469579368829726,0.006149435881525278,0.8693324327468872,-0.009876680560410023,0.017439108341932297,0.6327786445617676,-0.0909593254327774,0.03694048523902893,0.1312112957239151,0.876509428024292,-0.030276186764240265,0.5261625051498413,0.6832737922668457,-0.03606562316417694,-0.11771750450134276,-0.307075560092926
0.03494555875658989,0.022440407425165176,0.4659297466278076,0.9964442253112794,0.017863111570477486,-0.07822216302156448,-0.025711826980113983,-1.3628827333450315,0.7462930679321289,-0.24671208858489993,1.6532342433929443,-0.16071356832981107,-0.24587149918079376,-1.1303859949111938,-0.352798193693161,0.5945427417755127,1.460498571395874,-0.19228431582450864,0.22451189160346985,-0.002676107455044985,-0.0684424340724945,0.0157068632543087,0.8412352204322816,0.03639179468154907,0.03089135140180588,0.6177982091903688,-0.08930070698261262,0.0463457889854908,0.15601958334445953,0.8224733471870422,-0.08535549044609068,0.40367439389228815,0.5992553234100342,0.15426714718341827,-0.15324801206588745,-0.2602616250514984
0.032364435493946075,0.0163535438477993,0.46324148774147034,0.9967612624168398,0.003496756078675389,-0.07428968697786331,-0.030591187998652455,-1.413775086402893,0.7573612928390504,-0.30120259523391724,1.6458667516708374,-0.1395074278116226,-0.24744188785552976,-1.1371210813522339,-0.3309345841407776,0.5510517954826354,1.466359496116638,-0.19930267333984372,0.2343231439590454,-0.006746160797774792,-0.03953651711344719,0.02538447640836239,0.8221290111541747,0.1044849455356598,0.03672371059656143,0.60647052526474,-0.07788000255823134,0.05551138147711754,0.1847163885831833,0.7485712766647338,-0.13094301521778107,0.2525921165943146,0.5603187680244446,0.41777956485748285,-0.17442888021469116,-0.1897387057542801
0.029801886528730392,0.010288722813129423,0.46181300282478327,0.9965680241584778,-0.018204836174845692,-0.07142458111047745,-0.037672676146030426,-1.4743750095367432,0.7742092013359069,-0.37162041664123535,1.6358050107955933,-0.1173700764775276,-0.247850239276886,-1.137048602104187,-0.29795205593109125,0.4948360323905945,1.4687705039978027,-0.19521135091781616,0.24255113303661344,-0.00897765439003706,0.006605508737266064,0.032790422439575195,0.8238012194633485,0.180317297577858,0.032282862812280655,0.5746030211448668,-0.05261494591832161,0.060803934931755066,0.21614168584346768,0.6483811736106873,-0.16677327454090118,0.08484699577093123,0.5643278360366821,0.6869248747825624,-0.1699751913547516,-0.1300728470087051
0.027539402246475216,0.004767429083585739,0.4614355564117432,0.9955756664276125,-0.043638862669467926,-0.06893780082464218,-0.04660861566662788,-1.53472101688385,0.7978670001029968,-0.44429150223732,1.623889684677124,-0.10071265697479248,-0.24872268736362457,-1.1328119039535522,-0.25912192463874817,0.43394511938095087,1.4669601917266843,-0.18425209820270536,0.24812667071819303,-0.006917721591889857,0.06231974065303802,0.03541430085897446,0.8508522510528563,0.2475042939186096,0.022574545815587044,0.5097938179969788,-0.02777382545173168,0.0550706684589386,0.2518035471439361,0.5453794002532959,-0.19910724461078644,-0.08182583749294281,0.571689248085022,0.8886616826057434,-0.14836455881595612,-0.10647501051425932
0.02600860968232155,-2.7138739824295044e-06,0.4615477621555328,0.9941110014915465,-0.06581562757492065,-0.0652451366186142,-0.05616633966565132,-1.5838956832885742,0.8227132558822631,-0.501968264579773,1.6120870113372803,-0.08976779878139494,-0.24973490834236145,-1.1290936470031738,-0.22055238485336304,0.38116320967674255,1.4617141485214231,-0.17319713532924652,0.2513708770275116,-0.0009834421798586845,0.11346864700317381,0.03211599960923195,0.8973904848098755,0.2953346073627472,0.007834911346435545,0.4217469394207001,-0.024070488288998604,0.03550655394792557,0.29091551899909973,0.4653967618942261,-0.23140281438827515,-0.2263679802417755,0.5484485626220703,0.9943300485610962,-0.12413108348846436,-0.10428560525178908
0.02581637725234032,-0.0038870964199304576,0.4619946777820587,0.9924299716949463,-0.08428478240966797,-0.05983910337090492,-0.06631771475076675,-1.6249520778656004,0.8493667244911194,-0.5464966297149657,1.6009870767593384,-0.08317694813013075,-0.2511267364025116,-1.1297576427459717,-0.1848258525133133,0.3370709717273712,1.45535671710968,-0.16227656602859497,0.25230357050895685,0.006054158788174391,0.16004489362239835,0.022317301481962204,0.9537026882171632,0.32014957070350647,-0.01646110787987709,0.3374752700328827,-0.043847251683473594,0.006454936694353818,0.3299432694911957,0.4204190671443939,-0.2600492537021637,-0.3428678512573242,0.49314063787460327,1.0099565982818604,-0.09966888278722764,-0.1116039901971817
0.02688949182629585,-0.0066915154457092285,0.4631345272064209,0.9907379150390624,-0.09896289557218552,-0.052359942346811295,-0.07683228701353073,-1.6587165594100952,0.8776918053627014,-0.5796544551849365,1.5902094841003416,-0.07876117527484892,-0.25124338269233704,-1.1361843347549438,-0.15385475754737854,0.3010821640491485,1.4480595588684082,-0.14830519258975983,0.251177191734314,0.010643118992447851,0.20137678086757657,0.0073464191518723965,1.0098023414611816,0.32374003529548645,-0.04971783980727196,0.27798759937286377,-0.07828193157911299,-0.022961938753724095,0.3675389587879181,0.4087019860744476,-0.2768031060695648,-0.4336489737033844,0.41375482082366943,0.9530667662620544,-0.0719839334487915,-0.12434643507003784
0.029273383319377896,-0.00840936228632927,0.46485412120819086,0.9892035722732545,-0.11033455282449722,-0.0431734062731266,-0.08624747395515443,-1.6893637180328367,0.9056223630905152,-0.6044999957084656,1.5813446044921875,-0.0741003379225731,-0.2505987286567688,-1.1484431028366089,-0.13104331493377683,0.2705167531967163,1.4420661926269531,-0.13071571290493011,0.24825537204742432,0.008518923074007034,0.23715220391750333,-0.008901410736143589,1.0601750612258911,0.31051093339920044,-0.08623732626438141,0.2531358003616333,-0.12033326178789137,-0.049076855182647705,0.4004090428352356,0.4295780956745148,-0.2738879919052124,-0.5038046836853027,0.3166705071926117,0.8489729762077332,-0.04207664355635643,-0.12944184243679047
0.032968077808618546,-0.009169748052954672,0.4656990170478821,0.9883477687835692,-0.1159597635269165,-0.03323530033230781,-0.0928305834531784,-1.7175697088241575,0.9272843003273009,-0.6199785470962524,1.579805850982666,-0.07140093296766281,-0.25031283497810364,-1.16712486743927,-0.12113874405622482,0.24902711808681488,1.4444078207015991,-0.11794871836900712,0.2461295872926712,-0.0032980162650346756,0.2585197985172272,-0.022010378539562225,1.0989474058151243,0.28420114517211914,-0.11939647048711775,0.26895150542259216,-0.16096642613410947,-0.07013483345508575,0.42140787839889526,0.4846452474594116,-0.2469578683376312,-0.5423581600189209,0.21259450912475583,0.7183210253715515,-0.007180206011980772,-0.11662393808364868
0.03765004128217697,-0.009159984067082403,0.4642086327075958,0.9887626767158508,-0.11270339787006378,-0.02431897632777691,-0.09515749663114548,-1.7379604578018188,0.9362188577651976,-0.6212767958641052,1.5892760753631592,-0.0716463252902031,-0.25105875730514526,-1.1938346624374387,-0.12740422785282135,0.24424287676811215,1.462845802307129,-0.1171552836894989,0.24612650275230408,-0.025230370461940765,0.254192978143692,-0.029221335425972935,1.1218382120132446,0.24642398953437805,-0.14426051080226898,0.3241083323955536,-0.19655115902423856,-0.0872320681810379,0.42455554008483887,0.5729659795761108,-0.19892506301403043,-0.5298984050750732,0.11441926658153533,0.5621482729911804,0.037692870944738395,-0.07805731147527695
0.04290279746055603,-0.008517321199178694,0.46090006828308105,0.9903572797775267,-0.10077719390392303,-0.017355775460600853,-0.09346248954534529,-1.746606945991516,0.9302846193313599,-0.6088534593582153,1.606770634651184,-0.06800410151481628,-0.2545328140258789,-1.227243423461914,-0.14702023565769196,0.2589079141616821,1.494286060333252,-0.12586089968681335,0.24676574766635892,-0.05578681454062462,0.22436262667179108,-0.029015256091952324,1.1265574693679807,0.20130212604999545,-0.16144059598445892,0.4137919843196869,-0.23742023110389707,-0.10190290957689284,0.4069920480251312,0.68341463804245,-0.1410042643547058,-0.46138137578964233,0.03851780667901039,0.37922236323356634,0.08905624598264694,-0.01336202397942543
0.04826800897717476,-0.0075539480894804,0.4564838707447052,0.9925512671470642,-0.08224167674779893,-0.01202128268778324,-0.08907218277454376,-1.7427613735198975,0.916303813457489,-0.5821479558944702,1.629238486289978,-0.06368444114923477,-0.2609904706478119,-1.2659392356872559,-0.1740245372056961,0.29142338037490845,1.5330784320831299,-0.1392105668783188,0.24816337227821353,-0.0914088189601898,0.17693328857421875,-0.020932918414473534,1.1134601831436155,0.15346454083919525,-0.17423363029956815,0.525722324848175,-0.28774774074554443,-0.11028309911489485,0.36224886775016785,0.7905423641204835,-0.09010233730077744,-0.3505763411521912,0.005906714126467705,0.19030529260635373,0.12891522049903867,0.039902016520500176
0.053253185003995895,-0.0061997417360544205,0.4516124725341797,0.9948287010192872,-0.058449074625968926,-0.007595367264002562,-0.08271559327840805,-1.7261613607406616,0.8965396285057069,-0.5419279336929321,1.654270887374878,-0.057993829250335686,-0.2680659890174866,-1.310053467750549,-0.20514462888240811,0.34013572335243225,1.5745588541030884,-0.15237820148468015,0.25059974193573,-0.12884756922721863,0.11925628781318665,-0.004511982202529907,1.077885627746582,0.10857157409191132,-0.18683525919914243,0.6477477550506592,-0.3331243693828583,-0.10836420953273772,0.29061019420623774,0.8611218929290771,-0.05581144616007805,-0.22139534354209897,0.03292206674814224,0.031499046832323074,0.14494697749614716,0.03625064715743065
0.05679764226078987,-0.004312753677368164,0.44663906097412104,0.9967766404151917,-0.03060925379395485,-0.002629771828651428,-0.07411099970340727,-1.7031342983245847,0.8688074350357055,-0.4894891381263733,1.6804149150848389,-0.049898888915777206,-0.27063038945198054,-1.362597107887268,-0.23854321241378784,0.4008161723613739,1.6156562566757202,-0.1602044701576233,0.2537193298339844,-0.1657722294330597,0.057548955082893365,0.016913069412112236,1.0175095796585083,0.07280990481376648,-0.19645793735980988,0.75868421792984,-0.3659328818321228,-0.09917974472045897,0.2026720494031906,0.8784990906715393,-0.03178209811449051,-0.09104882180690765,0.11221773922443389,-0.07544957101345062,0.1454431414604187,-0.02195802703499794
0.05897446721792221,-0.001656403765082359,0.4427407085895538,0.9980055093765258,-0.0034331057686358686,0.004350615665316582,-0.06288300454616547,-1.6845653057098389,0.8348034620285033,-0.4328185021877289,1.7004966735839844,-0.03598747029900551,-0.2706466317176819,-1.4196140766143799,-0.271469920873642,0.46545490622520447,1.6471177339553833,-0.15826638042926788,0.25676408410072327,-0.19753801822662356,0.0024522580206394196,0.04407949373126029,0.9322238564491273,0.05425795167684555,-0.19636908173561096,0.8427042365074157,-0.397056519985199,-0.09053602069616316,0.11899272352457047,0.8438543677330017,-0.005483620800077915,0.022213453426957127,0.20851601660251615,-0.1281336545944214,0.1400328129529953,-0.09873492270708083
0.06013331189751625,0.00150391086935997,0.439308226108551,0.9985288381576538,0.018256064504384995,0.013402561657130718,-0.049267668277025216,-1.6761385202407837,0.8019107580184937,-0.3798765540122986,1.7126325368881223,-0.02599063515663147,-0.2708864212036133,-1.4740650653839111,-0.3027210831642151,0.5215553641319275,1.6685211658477783,-0.15628039836883545,0.25996989011764526,-0.21840915083885193,-0.03848244994878769,0.07587063312530516,0.8238890171051025,0.061068817973136895,-0.17370587587356567,0.903076171875,-0.4381523132324218,-0.08321264386177064,0.05377750843763352,0.7697351574897766,0.02276517823338509,0.1210474893450737,0.30815112590789795,-0.15480220317840576,0.13500288128852844,-0.17611686885356903
0.06096914038062096,0.0042813606560230255,0.435386061668396,0.9986982941627502,0.029776485636830326,0.023310745134949684,-0.034230392426252365,-1.683858036994934,0.7723265290260315,-0.33955574035644526,1.7196477651596067,-0.03283209726214409,-0.26897779107093805,-1.5160722732543943,-0.3325152099132538,0.5530627965927124,1.6824153661727903,-0.16022171080112457,0.26041346788406367,-0.22411675751209256,-0.057618383318185806,0.11561253666877747,0.6929571032524109,0.09848057478666304,-0.11604434996843338,0.9497740864753724,-0.5016180872917175,-0.07812464982271193,0.016795871779322624,0.6635655164718628,0.040734980255365365,0.2180604636669159,0.4091025292873383,-0.1807427555322647,0.1283402442932129,-0.24292112886905673
0.061370331794023514,0.00688658282160759,0.431603878736496,0.998753309249878,0.03271719813346863,0.031373683363199234,-0.02090722322463989,-1.70124089717865,0.751702070236206,-0.321042001247406,1.7247380018234253,-0.04331553354859352,-0.2680822014808655,-1.5439571142196655,-0.35849517583847046,0.5691283941268921,1.6911253929138184,-0.16676422953605652,0.25993213057518005,-0.21224702894687647,-0.05848170444369316,0.16190309822559357,0.5330442786216736,0.15552236139774323,-0.017836743965744972,0.9886980652809144,-0.6372474431991577,-0.08367785066366196,0.009940008632838726,0.5294532775878905,0.04292372986674309,0.3533687889575958,0.5104628205299377,-0.23524802923202515,0.13329513370990753,-0.2915671169757843
0.06103692576289177,0.009710002690553663,0.42799729108810414,0.9987591505050659,0.031248038634657856,0.03709762915968895,-0.011295792646706104,-1.7244409322738647,0.7359208464622498,-0.31739416718482966,1.7361443042755127,-0.04185284301638603,-0.26499173045158386,-1.5621839761734009,-0.3787092566490173,0.5780998468399048,1.6943638324737549,-0.17181113362312317,0.2598070800304413,-0.18700179457664487,-0.04926715418696404,0.2112874984741211,0.34250855445861816,0.2122871428728104,0.08605033904314041,1.0168561935424805,-0.8104041218757628,-0.11242664605379105,0.04526357725262642,0.3585079610347748,0.018000487238168716,0.549411952495575,0.5989610552787781,-0.33079859614372253,0.15254393219947815,-0.3126298487186432
0.06016209721565247,0.013221614062786102,0.42459580302238464,0.998722732067108,0.028856441378593445,0.040932901203632355,-0.006678271107375622,-1.7474118471145628,0.7180539965629578,-0.3179835081100464,1.7530266046524048,-0.039103854447603226,-0.261606365442276,-1.5751717090606687,-0.3893306255340576,0.5814806818962097,1.6924195289611816,-0.1733801960945129,0.257851243019104,-0.1557190865278244,-0.03520391881465912,0.2649466395378113,0.12032036483287813,0.26020511984825134,0.14080192148685455,1.0346995592117307,-0.9044254422187805,-0.15527978539466855,0.1101284846663475,0.15094488859176636,-0.037953030318021774,0.7437906861305236,0.6529482007026672,-0.40368118882179266,0.15063530206680295,-0.28839483857154846
0.0585259348154068,0.017475120723247528,0.4213971793651581,0.9987035989761353,0.026689207181334492,0.04252970963716506,-0.008368767797946932,-1.768348217010498,0.706867516040802,-0.32379007339477534,1.7731730937957764,-0.04029254615306854,-0.2584932148456573,-1.5842117071151731,-0.38785642385482794,0.5838794708251953,1.6859043836593628,-0.17305591702461243,0.256285697221756,-0.12468831241130827,-0.01998188905417919,0.32153764367103577,-0.1180773302912712,0.2987597584724426,0.12668587267398834,1.058690309524536,-0.9058700203895568,-0.1917780488729477,0.18219743669033048,-0.07388565689325331,-0.10325705260038376,0.8662505149841309,0.6697695255279541,-0.39376839995384216,0.14210250973701477,-0.23668193817138672
0.05620475113391876,0.022378068417310715,0.41855421662330633,0.9986274242401123,0.023511815816164017,0.044138792902231216,-0.015564222820103168,-1.793902277946472,0.7029848098754883,-0.3378618657588959,1.7960898876190183,-0.04436026141047478,-0.25699424743652344,-1.5940582752227783,-0.3752965927124024,0.5861533880233765,1.6737029552459717,-0.16979438066482544,0.2541366517543793,-0.09451058506965636,-0.00336272781714797,0.3808680772781372,-0.3666384816169738,0.3337683379650116,0.04076837748289108,1.1187903881072998,-0.8508556485176086,-0.2117173820734024,0.25068852305412287,-0.3196430206298828,-0.1597755253314972,0.9116458296775818,0.6878774166107178,-0.337150901556015,0.1459411382675171,-0.1768070012331009
0.053584303706884384,0.027312012389302254,0.4156212210655213,0.9984509944915773,0.017583647742867466,0.04596968367695808,-0.02594495750963688,-1.819526553153992,0.7040903568267822,-0.3610635697841644,1.8196380138397217,-0.05565186589956284,-0.25489458441734314,-1.5994373559951782,-0.35772657394409174,0.5874984264373779,1.6596384048461914,-0.1725982427597046,0.24936696887016296,-0.06542733311653137,0.011913127265870571,0.44386947154998774,-0.6224380731582642,0.374615341424942,-0.1190180778503418,1.2231547832489011,-0.745493173599243,-0.20123139023780823,0.2964667081832886,-0.5887541770935059,-0.19505436718463895,0.904259979724884,0.7538599371910094,-0.2532574534416199,0.1691189557313919,-0.12467887997627258
0.05012056976556777,0.031705595552921295,0.413304328918457,0.9978965520858765,0.00824270211160183,0.052467092871665955,-0.03717132657766342,-1.8525094985961916,0.7036457657814026,-0.39061489701271057,1.8336760997772217,-0.07310542464256287,-0.2566135823726654,-1.6068466901779175,-0.3434883654117584,0.5630817413330078,1.6407406330108643,-0.1683252453804016,0.25327402353286743,-0.033244483172893524,0.024789471179246902,0.4970940947532654,-0.876065194606781,0.4193085730075836,-0.334102600812912,1.3343976736068723,-0.6016821265220642,-0.16359674930572507,0.2926965653896332,-0.8575327396392822,-0.22472022473812103,0.8791566491127014,0.8745603561401366,-0.14865857362747192,0.18960769474506375,-0.08146389573812483
0.048243798315525055,0.03472265601158142,0.411506712436676,0.9971587657928466,0.0004740746517200023,0.061480551958084106,-0.043524004518985755,-1.884131908416748,0.6912524104118347,-0.4172973334789276,1.8472135066986084,-0.07836576551198958,-0.2545412480831146,-1.6230276823043823,-0.33636176586151123,0.5480137467384337,1.6261769533157349,-0.1539958119392395,0.2534064054489136,-0.0060619390569627285,0.03072381764650345,0.5174347758293152,-1.0917960405349731,0.454551637172699,-0.5300590991973877,1.3774151802062988,-0.4370671808719635,-0.11697186529636384,0.24608425796031952,-1.082342505455017,-0.2580110728740692,0.8752517104148864,0.998991310596466,-0.0699123814702034,0.20406737923622129,-0.03810038045048714
0.04788608849048615,0.03645629808306695,0.410676509141922,0.9965907335281373,-0.004771679174154997,0.06880264729261398,-0.04528079926967621,-1.9091895818710327,0.6727620363235474,-0.43971979618072504,1.8575001955032349,-0.0728946402668953,-0.25088244676589966,-1.6392379999160767,-0.3371080458164215,0.5401539206504822,1.6177918910980225,-0.13626734912395477,0.2544580996036529,0.017425166442990303,0.03624711558222771,0.52354633808136,-1.2459831237792969,0.4871809184551239,-0.669184148311615,1.3550615310668943,-0.2897340655326843,-0.08447807282209395,0.2000578194856644,-1.226129412651062,-0.32005810737609863,0.8875911831855774,1.0750502347946167,-0.03873887658119202,0.20229515433311465,-0.01869846880435944
0.04880371317267418,0.037164241075515754,0.412775069475174,0.9962599873542785,-0.009564918465912342,0.07327208667993546,-0.04478551447391511,-1.92072069644928,0.6599597334861755,-0.4558456540107727,1.858079433441162,-0.06404644250869751,-0.2451944053173065,-1.6424827575683592,-0.342395544052124,0.5321142673492432,1.6095166206359863,-0.1238214448094368,0.25522628426551813,0.043746691197156906,0.04844840988516808,0.5228137373924255,-1.338373780250549,0.5305173993110657,-0.7580571174621582,1.3119051456451416,-0.187548890709877,-0.05859462544322014,0.17532937228679657,-1.283949851989746,-0.41483896970748896,0.8902722001075744,1.102221131324768,-0.04353870823979378,0.1984995603561401,-0.0356336310505867
0.0506407842040062,0.03713546320796013,0.4178855419158936,0.9960536360740659,-0.014921785332262516,0.0754888504743576,-0.04422515258193016,-1.9199998378753664,0.6524671912193297,-0.4702155590057373,1.8502951860427856,-0.054233171045780175,-0.2387209385633469,-1.6338248252868652,-0.34825822710990906,0.5187557339668274,1.6019062995910645,-0.11839639395475388,0.25464498996734614,0.07030577957630157,0.06540843844413757,0.5184071063995361,-1.369646072387695,0.5958243012428284,-0.8164659142494202,1.2755687236785889,-0.11770715564489365,-0.03043079748749733,0.18265455961227417,-1.2634421586990356,-0.5284645557403564,0.8671451210975648,1.0886837244033811,-0.06250276416540146,0.200822114944458,-0.0862836018204689
0.05305512621998786,0.03668798506259918,0.42553576827049255,0.9957768321037292,-0.02296170406043529,0.07646619528532028,-0.0453227013349533,-1.9144736528396609,0.6478134393692017,-0.49159109592437744,1.8381513357162476,-0.04095485806465149,-0.23412530124187467,-1.6105157136917114,-0.35214963555336,0.49410706758499146,1.59072208404541,-0.11779383569955824,0.2538659870624542,0.09466848522424698,0.08589135110378265,0.5113859176635742,-1.3266838788986206,0.6896378993988037,-0.8534688949584962,1.2425825595855713,-0.07867757230997084,-0.0017129824263975024,0.21481190621852875,-1.162542462348938,-0.6449339985847473,0.8078603148460387,1.0270042419433592,-0.0778372436761856,0.20475317537784576,-0.15321391820907593
0.05601868033409119,0.03609440103173256,0.43495631217956543,0.9954071640968322,-0.034618034958839417,0.07526636868715286,-0.04796987771987915,-1.9071221351623533,0.6443819999694824,-0.5249236226081848,1.822003960609436,-0.021647224202752117,-0.23383703827857968,-1.5694488286972044,-0.35224926471710205,0.45724290609359747,1.5722663402557373,-0.11709861457347868,0.251301646232605,0.11032572388648985,0.10673024505376816,0.4992524087429047,-1.1820888519287107,0.802558422088623,-0.8564453125,1.2021687030792236,-0.0704997107386589,0.014034514315426348,0.24459974467754364,-0.9768974184989928,-0.733900249004364,0.7149894833564758,0.9119164943695068,-0.09312517195940016,0.2042130082845688,-0.20233786106109616
0.059517916291952126,0.03513486310839653,0.4445009529590607,0.9950138926506041,-0.04696230217814445,0.07120586186647415,-0.05168695002794266,-1.8954319953918457,0.6434190273284912,-0.5637007951736449,1.8042203187942505,-0.00169811665546149,-0.2356027513742447,-1.5161225795745847,-0.3474777340888977,0.41423717141151434,1.550113558769226,-0.11634623259305953,0.2470412403345108,0.1104556769132614,0.12020331621170044,0.4768512845039368,-0.9325488805770874,0.9099931120872496,-0.8046454191207885,1.1499700546264648,-0.06852695345878601,0.016209887340664864,0.25047966837882996,-0.7345940470695494,-0.7587415575981139,0.6188543438911438,0.7759645581245422,-0.12336491048336028,0.19676165282726288,-0.21692410111427307
0.06329061090946198,0.03354904428124428,0.45362439751625055,0.9947037696838379,-0.057063911110162735,0.06484105437994003,-0.055711355060338974,-1.8732302188873289,0.6493353843688965,-0.5960947275161743,1.7887166738510132,0.004785031545907258,-0.2414073944091797,-1.4580001831054688,-0.3396151959896088,0.376740038394928,1.5295486450195312,-0.12091776728630065,0.24489071965217593,0.10015451163053513,0.12318407744169237,0.4364466965198517,-0.6305153965950012,0.9660819172859194,-0.7039983868598938,1.0994881391525269,-0.057363685220479965,0.009510391391813757,0.24223195016384125,-0.4962573945522308,-0.7173264622688292,0.5756987929344177,0.6878384351730347,-0.1740148365497589,0.1861588358879089,-0.20205761492252347
0.06707000732421875,0.0318596214056015,0.46187663078308105,0.9946416020393373,-0.06459994614124298,0.05519995465874672,-0.05888912454247475,-1.8374173641204836,0.6586607098579407,-0.6173696517944336,1.7774534225463867,-0.003038495313376188,-0.24887070059776303,-1.3992104530334473,-0.32906058430671686,0.3497112691402436,1.5153863430023191,-0.12987862527370453,0.24490231275558472,0.08796083182096481,0.11949684470891953,0.38743430376052856,-0.3493834137916565,0.9584728479385377,-0.5946745276451111,1.0683541297912595,-0.049803882837295525,-0.009209517389535906,0.2441115081310272,-0.30735644698143005,-0.6387744545936584,0.6131867170333862,0.6784936785697937,-0.2575523555278778,0.17436060309410095,-0.17314529418945312
0.07078288495540619,0.030421981588006016,0.46905082464218134,0.994585394859314,-0.07134097069501877,0.041386786848306656,-0.06322570890188217,-1.7962119579315183,0.6707854866981505,-0.6363270878791809,1.7730486392974851,-0.013294707983732224,-0.25562930107116694,-1.3409304618835447,-0.31411370635032654,0.33213216066360474,1.506105065345764,-0.14204441010951996,0.24450430274009705,0.08011511713266371,0.11741812527179718,0.33981409668922424,-0.12463817745447157,0.8984462618827821,-0.5089340806007385,1.0649502277374268,-0.04540419206023216,-0.03497295454144478,0.25089165568351746,-0.16295002400875092,-0.5514245629310608,0.7157748937606812,0.7273799180984497,-0.38743025064468384,0.16171248257160187,-0.13694815337657928
0.07372943311929703,0.029156576842069622,0.47356644272804255,0.9943551421165465,-0.0760086253285408,0.027005145326256752,-0.06892967224121094,-1.7618746757507324,0.686611533164978,-0.6514103412628174,1.7760154008865356,-0.01924050785601139,-0.26049003005027765,-1.2923479080200195,-0.29675909876823425,0.32589739561080927,1.5011252164840698,-0.15300503373146057,0.2468000799417496,0.07544189691543579,0.11490989476442336,0.2991325259208679,0.05054825171828269,0.8097161650657655,-0.4502021372318268,1.0748794078826904,-0.0202668271958828,-0.052643463015556335,0.2589288651943207,-0.05467097088694573,-0.46729469299316406,0.8461969494819641,0.8055799007415771,-0.533084511756897,0.1571328043937683,-0.11815524101257324
0.07533781230449677,0.028494667261838913,0.4752329587936401,0.994314968585968,-0.0756971165537834,0.012960056774318218,-0.07375431805849075,-1.7271859645843504,0.7026568055152893,-0.6535688042640686,1.784206748008728,-0.02809450775384903,-0.2663303315639496,-1.256627321243286,-0.2858836054801941,0.33081573247909546,1.5028786659240723,-0.16087627410888672,0.24924872815608975,0.06732188165187836,0.10389698296785355,0.26965758204460144,0.20040537416934967,0.7178006768226624,-0.4067674577236176,1.0679285526275635,0.027175188064575195,-0.05760203301906586,0.26151028275489807,0.025064662098884583,-0.3903363347053528,0.9664967060089112,0.8864081501960753,-0.6548165678977966,0.16293655335903168,-0.12778957188129425
0.07657405734062195,0.02848946303129196,0.4756002724170685,0.995057225227356,-0.06653350591659546,0.0005440635140985249,-0.07371687889099121,-1.6854416131973267,0.7113892436027527,-0.6307951807975769,1.7930827140808103,-0.03255589306354523,-0.2697890102863312,-1.2302085161209106,-0.29209634661674494,0.3549041450023651,1.5070444345474243,-0.1690935343503952,0.25061956048011774,0.05375036969780922,0.07632935047149658,0.24776768684387207,0.32450973987579346,0.6403961777687073,-0.3884791731834412,1.0309562683105469,0.09008003026247025,-0.05788005515933037,0.25943252444267273,0.09224326908588408,-0.3286776542663574,1.052759051322937,0.9400687217712401,-0.7369118332862854,0.17413391172885895,-0.15555649995803833
0.07722190022468567,0.0287455040961504,0.4758775234222412,0.9962324500083923,-0.05114491656422615,-0.009512376040220259,-0.0693870559334755,-1.6411434412002563,0.7116904258728027,-0.5907757878303528,1.7964786291122437,-0.028771460056304928,-0.2698376178741455,-1.213889241218567,-0.30894166231155396,0.3923718631267548,1.512314796447754,-0.17628188431262967,0.25039663910865784,0.03682299703359604,0.03608362749218941,0.22784337401390076,0.4153510630130768,0.5820227861404419,-0.39720380306243896,0.980110764503479,0.16346517205238342,-0.056486621499061584,0.26437947154045105,0.15531355142593384,-0.2820011377334595,1.096381664276123,0.963141679763794,-0.7909042239189149,0.18670451641082764,-0.1912753134965897
0.07677499949932097,0.02886776626110077,0.4771717786788941,0.9969249963760377,-0.03896576538681984,-0.01750960573554039,-0.06569419056177139,-1.6030175685882568,0.7136324644088745,-0.55508953332901,1.792846441268921,-0.024046285077929497,-0.26935291290283203,-1.200745701789856,-0.3218312859535217,0.42183941602706904,1.5115693807601929,-0.17779675126075745,0.2494303286075592,0.02173158526420593,0.0023717279545962806,0.20604571700096128,0.47329258918762207,0.5407958030700684,-0.41720783710479736,0.9379628896713258,0.2315732538700104,-0.0561772845685482,0.28201940655708313,0.2155025899410248,-0.2458543926477432,1.1111081838607788,0.9673895239830016,-0.8247997164726257,0.1985762715339661,-0.22462987899780276
0.07527485489845277,0.02885148115456104,0.478268027305603,0.9970424771308899,-0.03409324958920479,-0.02466600574553013,-0.06430808454751968,-1.5766299962997437,0.7209908962249757,-0.5354250073432921,1.7862955331802368,-0.025892043486237522,-0.2694312334060669,-1.1871402263641355,-0.3266242444515228,0.43532723188400263,1.5086876153945923,-0.17530277371406555,0.2475094497203827,0.009237829595804214,-0.014071009121835232,0.18492081761360168,0.5082985758781433,0.5116890072822571,-0.43512600660324097,0.9076741337776184,0.2841571569442749,-0.05427365377545357,0.3007031977176666,0.2690282166004181,-0.21923789381980896,1.1125695705413818,0.96676766872406,-0.8463521599769592,0.20983070135116577,-0.24835665524005887
0.07278518378734589,0.02864942699670792,0.4790476262569427,0.9969783425331117,-0.03198541700839996,-0.03165225312113762,-0.06331852823495865,-1.555529236793518,0.7284919619560242,-0.5215222835540771,1.7784187793731687,-0.03160708397626877,-0.2702415585517884,-1.1716976165771484,-0.32837507128715515,0.44259554147720337,1.504353642463684,-0.17441236972808835,0.24617259204387665,-0.0038247383199632168,-0.02389289811253548,0.16410987079143524,0.5316687822341919,0.48942279815673834,-0.449916273355484,0.8801169395446777,0.3325808644294739,-0.04841761291027069,0.3171939551830292,0.3185233473777771,-0.19953653216362,1.1046621799468994,0.9577550292015076,-0.8608445525169373,0.22210316359996796,-0.26749065518379206
0.06936562061309814,0.028326246887445446,0.4792773127555847,0.996918737888336,-0.029974380508065224,-0.0383589081466198,-0.061506737023592,-1.536705493927002,0.732778787612915,-0.5067389607429504,1.7705641984939575,-0.03554953634738922,-0.2720794975757599,-1.1579458713531494,-0.33089354634284973,0.45011475682258606,1.5010384321212769,-0.1774124801158905,0.24403278529644007,-0.017953891307115555,-0.03252927586436272,0.1428014039993286,0.5489036440849304,0.47063404321670527,-0.464752584695816,0.8500639200210571,0.38644206523895264,-0.037653062492609024,0.33105963468551636,0.3688003122806549,-0.18293827772140503,1.086273431777954,0.9358449578285216,-0.8681607246398925,0.23805856704711917,-0.28680220246315
0.06513629853725433,0.02802460081875324,0.4783089458942413,0.9969042539596557,-0.02663007006049156,-0.0446845181286335,-0.05895793065428734,-1.5205556154251099,0.7340146899223327,-0.48851317167282093,1.7653844356536863,-0.035752419382333755,-0.2731015086174011,-1.1474032402038574,-0.3345385789871216,0.4606814980506897,1.501904010772705,-0.1838037669658661,0.2427262216806412,-0.03101834468543529,-0.040275245904922485,0.12409956753253935,0.5630141496658325,0.4545771479606629,-0.47942197322845453,0.8096306324005128,0.45147904753685,-0.021520666778087612,0.3340335786342621,0.4201000928878784,-0.17014461755752563,1.0600905418395996,0.8979867100715637,-0.8623645901679992,0.25551125407218933,-0.30648273229599
0.06064140796661377,0.028029758483171463,0.47596037387847906,0.9968273043632508,-0.02309398166835308,-0.051348671317100525,-0.05626136064529418,-1.5075610876083374,0.7347584962844848,-0.4711952805519104,1.7644459009170532,-0.035537172108888626,-0.2739912867546081,-1.13753604888916,-0.3358416557312012,0.4761604368686676,1.5052533149719238,-0.19190731644630432,0.24336932599544525,-0.03940355405211449,-0.042517881840467446,0.11047574132680892,0.5791381597518921,0.44265517592430115,-0.49379158020019526,0.7467367053031921,0.5314473509788513,-0.0013831990072503684,0.31954699754714966,0.47674015164375305,-0.16128456592559814,1.0293943881988523,0.8461245894432067,-0.8333868384361267,0.2736252546310425,-0.3230905532836914
0.05599890649318695,0.028540194034576416,0.47168126702308655,0.9966625571250916,-0.01908962056040764,-0.05899929255247116,-0.0530889481306076,-1.500202178955078,0.7332023978233337,-0.4562951326370239,1.7687094211578367,-0.027889270335435867,-0.2740243673324585,-1.1321091651916504,-0.33602383732795715,0.4963616728782654,1.5153809785842896,-0.19451697170734403,0.24571028351783752,-0.04254087433218956,-0.0383533202111721,0.10500140488147736,0.6055740714073181,0.43833011388778687,-0.5029735565185547,0.6501474976539612,0.6196073293685913,0.021426379680633545,0.272990882396698,0.5362849831581116,-0.15453235805034635,0.9943262338638305,0.798309028148651,-0.7802879810333253,0.2925134003162384,-0.33505073189735407
0.05221948027610778,0.029784521088004112,0.46776691079139704,0.9964487552642822,-0.014608473517000675,-0.06733594089746475,-0.0483974888920784,-1.4978487491607666,0.7280455231666565,-0.4383030831813812,1.773980975151062,-0.0136356670409441,-0.2722012996673584,-1.1261590719223022,-0.3373967111110687,0.5179411768913269,1.5232552289962769,-0.1816561818122864,0.24667592346668243,-0.04017016291618347,-0.028945613652467728,0.11046061664819716,0.6386369466781616,0.447003036737442,-0.4968354403972626,0.5249741673469543,0.7121527791023254,0.0390908420085907,0.19800077378749847,0.5924677848815918,-0.14607568085193634,0.9568407535552977,0.769935131072998,-0.7172682285308838,0.29881525039672846,-0.3362235724925995
0.04917948320508003,0.03133028745651245,0.4656371772289276,0.9961780905723571,-0.011111361905932426,-0.07503890246152876,-0.04330026730895042,-1.5090985298156738,0.7275500893592833,-0.43062856793403625,1.7834035158157349,0.025689674541354176,-0.2686203420162201,-1.1185240745544431,-0.3375138342380524,0.5437444448471069,1.5264742374420166,-0.15983302891254425,0.24513621628284452,-0.03412774205207825,-0.015225251205265522,0.1172247976064682,0.672849714756012,0.46885514259338373,-0.4629526734352112,0.37522265315055847,0.7773247957229614,0.055781841278076165,0.09514336287975313,0.6343469023704529,-0.1310659497976303,0.9103018045425416,0.7589020133018493,-0.6790058612823486,0.32486096024513245,-0.30864837765693665
0.04606984555721282,0.032597437500953674,0.46629336476325994,0.996020257472992,-0.0091100437566638,-0.08204700052738188,-0.033599041402339935,-1.5277296304702759,0.728878378868103,-0.41494274139404297,1.7889550924301147,0.06926203519105911,-0.26708534359931946,-1.1052247285842896,-0.3439229726791382,0.5555070042610168,1.5319917201995847,-0.12650643289089203,0.24548329412937164,-0.03743979707360268,-0.0082795275375247,0.12680433690547943,0.6867806911468506,0.5019187927246094,-0.4039752185344696,0.22914898395538327,0.7885197401046754,0.05157618597149849,0.003666207427158952,0.642623245716095,-0.11132308840751648,0.8246840834617615,0.7574695944786071,-0.6990547776222229,0.36218082904815674,-0.2552701532840729
0.04425157979130745,0.03450595214962959,0.46851798892021174,0.9957034587860109,-0.012287178076803684,-0.08977347612380981,-0.01908792555332184,-1.554319143295288,0.7449224591255189,-0.38325464725494385,1.813770532608032,0.09894930571317671,-0.26572644710540766,-1.0660505294799805,-0.3401404917240143,0.5576063394546509,1.5335946083068848,-0.09710144251585007,0.24711918830871585,-0.05205325037240982,-0.004171543288975953,0.14116957783699036,0.6571389436721802,0.5474425554275513,-0.32380446791648865,0.09343253076076509,0.7096898555755615,0.022350797429680824,-0.0768474042415619,0.6024419069290161,-0.09372457861900328,0.6837182641029358,0.7211418747901917,-0.792789340019226,0.4345064461231232,-0.16980351507663727
0.04514414444565773,0.03671817108988762,0.4732165634632111,0.994259238243103,-0.02511312812566757,-0.1040014922618866,-0.0012867632322013378,-1.5812327861785889,0.7883317470550537,-0.359533965587616,1.8946566581726076,0.10185831785202026,-0.2553599178791046,-0.9890631437301636,-0.33585578203201294,0.547823965549469,1.5329103469848633,-0.08359801024198531,0.24919815361499784,-0.07590729743242262,0.0001954943727469072,0.1681274175643921,0.5738758444786072,0.6022534966468811,-0.24439625442028043,-0.036105889827013016,0.5123907327651978,-0.035857193171978,-0.11951524019241332,0.5062787532806396,-0.08804483711719513,0.5125266909599304,0.6226251721382141,-0.9566969871520995,0.5623132586479187,-0.024756617844104767
0.04842162504792213,0.039306435734033585,0.47570481896400446,0.9899760484695433,-0.0462774783372879,-0.13259346783161163,0.014993292279541492,-1.5764863491058347,0.8026580214500427,-0.38785928487777704,2.038243770599365,0.045615687966346734,-0.23475685715675357,-0.8938562870025634,-0.313648521900177,0.5419797301292419,1.5636806488037107,-0.062112096697092056,0.24119658768177032,-0.10127824544906616,0.0008188505307771266,0.2137762010097504,0.38729211688041687,0.6603047847747803,-0.22094568610191345,-0.08672250807285309,0.21664467453956604,-0.12416069954633711,-0.05209436640143394,0.3424365520477295,-0.1299284994602203,0.3599074780941009,0.5252360105514526,-1.1436693668365479,0.6630003452301024,0.11335276812314989
0.05186296254396439,0.04213588684797287,0.48150104284286493,0.9852271676063536,-0.06544160842895508,-0.15592133998870847,0.02707957290112972,-1.5633342266082764,0.7568700313568115,-0.4499037861824036,2.1590850353240967,0.06475865840911865,-0.2234083116054535,-0.8291372656822205,-0.24061952531337735,0.5454512238502502,1.6293823719024658,0.021590536460280415,0.22827976942062375,-0.1262768805027008,-0.011557601392269135,0.25000086426734924,0.08565770834684373,0.7482290863990783,-0.29437711834907526,0.008472854271531105,0.01202751975506544,-0.20367123186588287,0.1038370132446289,0.1273418515920639,-0.22995354235172272,0.2541395425796509,0.5065956115722656,-1.2607436180114746,0.6330044865608215,0.18635472655296323
0.05291815847158432,0.04380543157458305,0.4886931180953979,0.983385682106018,-0.08458689600229262,-0.15744437277317047,0.031763482838869095,-1.6004427671432495,0.7100483179092407,-0.514933168888092,2.2228779792785645,0.14661650359630585,-0.20786452293396,-0.86695796251297,-0.14886245131492615,0.49339222908020014,1.7457766532897947,0.13823622465133667,0.2219344228506088,-0.1411294788122177,-0.005145837087184192,0.2562377452850342,-0.2566448450088501,0.8783390522003175,-0.42729210853576655,0.23443856835365293,-0.03972019627690315,-0.2085677534341812,0.27376872301101685,-0.09135448187589645,-0.37794229388237,0.20670485496521,0.6103359460830688,-1.2008438110351562,0.518975555896759,0.11284781992435455
0.05145693197846413,0.04446639120578766,0.49594622850418085,0.9850983619689939,-0.09891867637634275,-0.1381969302892685,0.02641874179244041,-1.6052626371383667,0.5817809104919434,-0.5610967874526978,2.2225570678710938,0.2759155035018921,-0.23773999512195587,-1.0114370584487915,-0.09746669977903366,0.3696499764919281,1.885574579238892,0.2614286541938782,0.19413501024246213,-0.1368124634027481,0.010717168450355528,0.24541328847408292,-0.5573834180831909,1.0202009677886963,-0.6252493262290955,0.5376499891281128,-0.04726290702819824,-0.15414243936538696,0.42539721727371216,-0.25347551703453064,-0.5434011220932007,0.18398146331310272,0.7783026695251466,-0.9098450541496276,0.43827155232429504,-0.08403488248586655
0.05022186785936356,0.045043542981147766,0.500704288482666,0.9879773259162903,-0.09826378524303436,-0.11749786883592604,0.020956970751285553,-1.569298267364502,0.45802667737007136,-0.5446484088897705,2.202430963516236,0.3843150138854981,-0.25492048263549805,-1.1247941255569458,-0.007088210433721542,0.24912934005260468,1.9950156211853027,0.23545114696025848,0.2031963616609573,-0.13692840933799744,0.011672418564558027,0.24633531272411344,-0.6759861111640929,1.1483139991760252,-0.7659284472465515,0.7549666762351989,-0.07348694652318953,-0.10138556361198424,0.554654061794281,-0.3332425355911255,-0.6863277554512024,0.1670154184103012,0.9262966513633728,-0.4462538659572601,0.36978086829185486,-0.2507430613040924
0.05172058567404747,0.044765979051589966,0.5038378238677979,0.9899160265922545,-0.09528523683547971,-0.103118896484375,0.018799657002091408,-1.5194349288940427,0.40526518225669855,-0.4971290528774261,2.186983346939087,0.40147820115089417,-0.24338915944099423,-1.1878693103790283,0.12751436233520508,0.12235144525766373,2.033456563949585,0.15340860188007355,0.23863795399665833,-0.13924594223499298,0.011938229203224182,0.2554880976676941,-0.611030101776123,1.2485444545745847,-0.7586146593093872,0.8739373087882996,-0.12707588076591492,-0.06822435557842255,0.6464733481407166,-0.2996017038822174,-0.7734585404396057,0.139047309756279,0.9726710319519043,-0.0053503308445215225,0.2835051715373993,-0.30589184165000916
0.05566887930035591,0.04391837120056152,0.5056177973747252,0.9911217093467712,-0.08775337785482407,-0.09775027632713315,0.020542988553643223,-1.4108991622924805,0.3903970122337341,-0.4288178384304047,2.170851707458496,0.2712206542491913,-0.2340741455554962,-1.215287685394287,0.28663939237594604,0.03942868486046791,2.0081183910369877,0.08605661243200302,0.26463720202445984,-0.14700184762477875,0.0007410923135466874,0.2714669108390808,-0.40906080603599543,1.2702517509460447,-0.617347240447998,0.9356561899185181,-0.17334182560443878,-0.05180670693516731,0.683517575263977,-0.1868644803762436,-0.7735642194747924,0.1019812524318695,0.9205599427223203,0.2049533575773239,0.202754020690918,-0.3159346282482147
0.0615941733121872,0.044861629605293274,0.5034135580062865,0.9923709630966185,-0.06544259935617447,-0.10157129913568495,0.024501988664269447,-1.2424651384353635,0.389740765094757,-0.32528355717659,2.1605632305145264,0.009633257053792477,-0.23043331503868103,-1.2053889036178589,0.404604971408844,0.036840982735157006,1.9973719120025637,0.006419799756258726,0.27205890417099,-0.16182591021060944,-0.03854714334011078,0.29042139649391174,-0.1977720260620117,1.2073906660079956,-0.4681299924850464,0.9761888980865479,-0.18108464777469635,-0.052237268537282944,0.6670866012573241,-0.05463305488228798,-0.707524836063385,0.09840355813503264,0.8583567142486572,0.2680121660232544,0.13315896689891815,-0.30969586968421936
0.06595961004495621,0.04970214515924454,0.4957940578460693,0.9933849573135377,-0.023354474455118176,-0.1075555756688118,0.03275185078382492,-1.090940237045288,0.32252416014671326,-0.2104928642511368,2.155205249786377,-0.21845315396785736,-0.22846153378486636,-1.1556110382080078,0.37287572026252747,0.08096263557672499,2.072608232498169,-0.2220604419708252,0.2531691491603852,-0.17353810369968414,-0.1132732555270195,0.30390506982803345,-0.05987587571144104,1.1004477739334106,-0.4033416509628296,1.0100924968719482,-0.14735464751720428,-0.08497339487075804,0.6279739737510681,0.06638830900192261,-0.594920814037323,0.11680120974779128,0.8643471002578734,0.2602066695690155,0.08623314648866653,-0.2846951186656952
0.0682312473654747,0.05474978685379028,0.490395337343216,0.9931704998016355,0.006042663007974625,-0.10909246653318404,0.04092257469892502,-1.0303075313568115,0.24343590438365936,-0.15174779295921323,2.159850597381592,-0.3098723590373993,-0.23380428552627563,-1.1269700527191162,0.2795614004135132,0.09847180545330048,2.129461765289306,-0.3564250469207764,0.21427424252033236,-0.16677647829055786,-0.15284566581249237,0.31273996829986567,-0.017903689295053482,0.956700325012207,-0.41013932228088373,1.0587687492370603,-0.11967645585536955,-0.13805022835731506,0.5737780928611755,0.15644708275794983,-0.47353726625442494,0.12363765388727188,0.9620524644851683,0.23584870994091037,0.06705465912818909,-0.26503512263298035
0.06979440897703171,0.05894261598587036,0.4892444610595703,0.9935892224311828,0.021719038486480713,-0.10169242322444916,0.04435568302869797,-1.0249347686767578,0.1989859491586685,-0.1260083168745041,2.159301519393921,-0.33369728922843933,-0.23261503875255585,-1.1402838230133057,0.23304146528244016,0.1130022406578064,2.159790515899658,-0.3878425061702728,0.1759115308523178,-0.14458268880844116,-0.1501624286174774,0.3100546896457672,-0.03520796075463295,0.7920261025428773,-0.4236631095409393,1.1344660520553589,-0.11933505535125732,-0.17660750448703763,0.5265724658966064,0.19725672900676727,-0.37754562497138977,0.149446502327919,1.091004967689514,0.21038582921028137,0.07318439334630966,-0.2528159022331238
0.07113486528396606,0.06153907626867294,0.48768687248229986,0.9942559003829955,0.028791323304176327,-0.0919261947274208,0.04664682596921921,-1.03879714012146,0.1841691583395004,-0.1079517900943756,2.1637463569641118,-0.3525133728981018,-0.23120190203189847,-1.162859320640564,0.22695575654506683,0.13427400588989255,2.179096221923828,-0.3916743099689484,0.16643518209457395,-0.11641561985015868,-0.12144052982330322,0.3067104518413544,-0.06334801018238068,0.6228283643722534,-0.42545133829116816,1.241532802581787,-0.1322931796312332,-0.1929503828287125,0.46701726317405695,0.20662517845630643,-0.3071469366550445,0.19355948269367215,1.187568187713623,0.1296021193265915,0.08967685699462889,-0.25405898690223694
0.07238232344388962,0.06261633336544037,0.4867088794708252,0.9948657155036926,0.03473401442170143,-0.07992926239967346,0.0514497347176075,-1.0656378269195557,0.17670242488384247,-0.08894532173871994,2.163377285003662,-0.3597742319107056,-0.22544889152050016,-1.1880586147308347,0.22692646086215967,0.16151554882526395,2.1949212551116943,-0.39571854472160334,0.17211805284023285,-0.09252435714006425,-0.09094759821891785,0.2980174422264099,-0.08108862489461897,0.4621118307113648,-0.40182706713676447,1.3607985973358154,-0.14956411719322205,-0.18547241389751437,0.38189682364463806,0.20330651104450223,-0.2534160912036896,0.2552454471588135,1.2194811105728147,-0.026325201615691185,0.1039990782737732,-0.2707202732563019
0.0742926374077797,0.0626845508813858,0.4866753220558167,0.9944365024566649,0.048246398568153374,-0.07072758674621582,0.06136689335107803,-1.076685070991516,0.14833301305770874,-0.06012140959501266,2.150754928588867,-0.34633877873420715,-0.2185533791780472,-1.1955155134201048,0.21299384534358975,0.19576840102672577,2.211166858673096,-0.4206349849700928,0.19007588922977448,-0.08529078960418701,-0.08354209363460541,0.28778019547462463,-0.07528696954250334,0.32998356223106384,-0.3720933794975281,1.4433807134628296,-0.1360965520143509,-0.17018119990825653,0.3034599721431732,0.205684632062912,-0.21198247373104093,0.3230650722980499,1.1924070119857788,-0.19807089865207672,0.09961028397083281,-0.28461533784866333
0.07706907391548157,0.06232008337974548,0.48527055978775024,0.9927353262901306,0.06416452676057816,-0.0704745352268219,0.073435515165329,-1.0683133602142332,0.09766456484794615,-0.038613174110651016,2.1427929401397705,-0.33033666014671326,-0.2291020303964615,-1.174288272857666,0.19293810427188876,0.22453448176383967,2.2338051795959473,-0.47912484407424927,0.2073742747306824,-0.08861594647169113,-0.08620241284370422,0.28452372550964355,-0.04833090305328369,0.23762838542461395,-0.3670317232608795,1.4687309265136719,-0.10614421218633652,-0.17108510434627533,0.24514025449752808,0.20790345966815948,-0.18505744636058807,0.3720444440841674,1.1529356241226196,-0.3065496385097504,0.08343257755041121,-0.2900520861148834
0.08056190609931946,0.06190112233161926,0.48483505845069885,0.9902279376983641,0.0807897001504898,-0.07721637189388275,0.0834222286939621,-1.0433671474456787,0.04709447175264359,-0.02102763019502163,2.135636568069458,-0.31244096159935,-0.23158533871173856,-1.1393688917160034,0.16873414814472198,0.25135231018066406,2.259251832962036,-0.5263618230819702,0.2124488651752472,-0.09311603754758835,-0.09011320769786833,0.2891852855682373,-0.015728339552879333,0.18736752867698667,-0.3791155517101288,1.4600390195846555,-0.07875258475542067,-0.17050330340862274,0.21080899238586423,0.211440309882164,-0.1746387779712677,0.391073852777481,1.1318567991256712,-0.35368412733078,0.07510434091091155,-0.2904256582260132
0.08441823720932007,0.06122098118066788,0.4837183654308319,0.9874376654624939,0.09249577671289445,-0.09032192081212995,0.09084781259298323,-1.0028555393218994,0.012191804125905035,-0.012011380866169928,2.13291597366333,-0.31063559651374817,-0.2291760742664337,-1.0915732383728027,0.15214332938194275,0.26781031489372253,2.2792043685913086,-0.5623417496681212,0.2169936299324036,-0.09786517173051834,-0.0884432941675186,0.3012501895427704,0.02101038582623005,0.1667100489139557,-0.3902470767498016,1.4384814500808716,-0.06922303885221481,-0.1727646291255951,0.18921455740928647,0.22454562783241272,-0.17870059609413147,0.38319584727287287,1.111699104309082,-0.3703958690166473,0.07353867590427399,-0.29221460223197937
0.08810655027627945,0.0604250431060791,0.48208630084991455,0.9849952459335328,0.09610366076231001,-0.10624662786722185,0.09622947126626968,-0.9596256017684937,-0.0014205207116901875,-0.014583540149033068,2.1373610496521,-0.3247576057910919,-0.22201207280159,-1.0412409305572508,0.14509084820747375,0.2673788070678711,2.294388055801392,-0.5840911269187927,0.2164374440908432,-0.10546202212572096,-0.0804024338722229,0.3155829608440399,0.057952359318733215,0.16275857388973236,-0.39435938000679016,1.4193403720855713,-0.07429321110248564,-0.1743452101945877,0.1728561371564865,0.24829041957855225,-0.1889919340610504,0.35539212822914124,1.0840734243392944,-0.3759931027889252,0.07482726871967316,-0.29401060938835144
0.09119997173547743,0.05973441153764725,0.48002338409423834,0.982845425605774,0.09404807537794112,-0.12256623059511185,0.1007341668009758,-0.920566976070404,-0.00572366826236248,-0.026113027706742287,2.146622657775879,-0.34788522124290466,-0.21736192703247073,-0.9928041100502014,0.14700628817081451,0.25735121965408325,2.306438684463501,-0.5967039465904236,0.21628981828689572,-0.11628444492816924,-0.07160947471857071,0.3297766149044037,0.08859922736883163,0.16459898650646207,-0.395515650510788,1.4110369682312012,-0.08777759224176407,-0.17408236861228943,0.15838222205638883,0.27720046043396,-0.19879016280174253,0.32334282994270325,1.0518854856491089,-0.3817367851734161,0.07604631036520003,-0.29384100437164307
0.09353011846542358,0.05919916182756424,0.47779345512390137,0.9808703064918518,0.08954092860221863,-0.1380634605884552,0.10399211198091506,-0.8860122561454773,-0.0049630096182227135,-0.04060249030590057,2.157496213912964,-0.37258908152580256,-0.21544556319713593,-0.9491326212882996,0.15489235520362854,0.24489587545394895,2.315991163253784,-0.6053332090377808,0.21716223657131195,-0.12770874798297882,-0.06525026261806488,0.3437864482402801,0.11089888215065002,0.16711336374282837,-0.3963032364845276,1.4120980501174927,-0.1073763146996498,-0.17366379499435425,0.1432035267353058,0.30551859736442566,-0.20631408691406247,0.29590299725532526,1.0193691253662107,-0.3910782039165497,0.07591807842254639,-0.29080337285995483
0.09500244259834288,0.05889454111456871,0.475995808839798,0.9792670011520384,0.08520303666591644,-0.15029457211494443,0.10577435791492462,-0.8607981204986572,-0.0025488941464573145,-0.05341820418834686,2.167872190475464,-0.3887978196144104,-0.21543827652931213,-0.9147228002548216,0.1650680899620056,0.23529160022735596,2.322309970855713,-0.6141279935836792,0.21835987269878387,-0.13719885051250455,-0.06340643763542175,0.35517746210098267,0.12361417710781096,0.16883103549480438,-0.397474616765976,1.4188103675842283,-0.12871545553207395,-0.1726730465888977,0.12842604517936707,0.3281220495700836,-0.21203596889972687,0.2767280638217926,0.9902961254119872,-0.40309989452362066,0.0755932033061981,-0.2847978472709656
0.09538032114505769,0.0587984174489975,0.47455528378486633,0.978228449821472,0.08087320625782014,-0.15933839976787567,0.10554563999176024,-0.8434327244758606,0.0036604530178010464,-0.06487644463777542,2.1775059700012207,-0.400362491607666,-0.21648751199245447,-0.8907911777496339,0.17785552144050598,0.22785800695419312,2.326225757598877,-0.6209942698478699,0.2186048924922943,-0.14371074736118317,-0.06269773840904236,0.36441394686698914,0.12790188193321228,0.16966603696346283,-0.3989204168319702,1.427242636680603,-0.1482420712709427,-0.17164449393749237,0.11465153843164444,0.3421191275119781,-0.21795333921909327,0.26685911417007446,0.9677192568778992,-0.4166278541088104,0.07656456530094145,-0.2762347161769867
0.09465014189481737,0.0589996874332428,0.47368368506431574,0.9778239727020264,0.07596949487924576,-0.16553817689418793,0.10337325930595397,-0.8337103128433228,0.013635101728141308,-0.07437773048877715,2.1866941452026367,-0.4080896973609924,-0.21804203093051913,-0.878496766090393,0.19485378265380857,0.22216373682022092,2.3271629810333248,-0.6216375231742859,0.21792826056480408,-0.14740844070911407,-0.05946159735321999,0.3715086579322815,0.12679193913936615,0.16999678313732147,-0.4002993404865265,1.4333677291870115,-0.16336902976036072,-0.17051415145397186,0.1031368300318718,0.3463214635848999,-0.2251050770282745,0.26447746157646174,0.9523568749427795,-0.4297018051147461,0.07996334880590439,-0.2653138339519501
0.0930200219154358,0.059600070118904114,0.47328740358352656,0.9778749346733091,0.06946976482868195,-0.17014785110950467,0.09992119669914243,-0.8279727697372435,0.02462579868733883,-0.08373411744832993,2.1951775550842285,-0.41789641976356506,-0.22093284130096436,-0.8722928762435913,0.21767880022525787,0.21710629761219025,2.323462963104248,-0.6166952848434448,0.21839882433414456,-0.14930091798305511,-0.04972607269883156,0.3767942190170288,0.12513278424739835,0.16977559030056,-0.4012848734855652,1.4366002082824707,-0.17481732368469238,-0.1684858351945877,0.09449221193790436,0.34347912669181824,-0.23297557234764096,0.2663452625274658,0.9419695734977721,-0.4416708052158356,0.08591283857822418,-0.2528328597545624
0.09081806242465973,0.06051036342978477,0.4732089936733246,0.977990984916687,0.062475502490997314,-0.17413602769374847,0.0964733213186264,-0.8230684995651245,0.0317559577524662,-0.09249762445688248,2.2014353275299072,-0.430905282497406,-0.22422727942466733,-0.8676316738128662,0.24357077479362488,0.2145225703716278,2.3168253898620605,-0.6064527630805969,0.2224020957946777,-0.15145738422870636,-0.03589849919080734,0.3805117607116699,0.12587104737758636,0.1692524403333664,-0.3972901999950409,1.4377088546752927,-0.18399517238140103,-0.1666872799396515,0.08847388625144958,0.3391791582107544,-0.24014580249786377,0.26682376861572266,0.9334721565246582,-0.4508624672889709,0.09319183230400083,-0.2406157553195953
0.08831260353326797,0.06153731048107147,0.4735454320907593,0.9779466390609741,0.05742396414279938,-0.17729975283145905,0.0942743495106697,-0.8210813999176025,0.03012632951140404,-0.09908440709114073,2.204353094100952,-0.43621581792831426,-0.22643616795539853,-0.8614832758903502,0.2667558789253235,0.21706660091876984,2.309290170669556,-0.5971795320510864,0.2296188771724701,-0.1553777307271957,-0.024893824011087418,0.38283824920654297,0.12745212018489835,0.1688883006572723,-0.3883889615535736,1.4377374649047852,-0.1897818148136139,-0.16579367220401764,0.08577512949705125,0.3366726040840149,-0.24389152228832245,0.26323968172073364,0.9253433346748352,-0.45095911622047424,0.09841670840978622,-0.23152416944503784
0.08566737174987793,0.06256572902202606,0.4738472402095794,0.9777511954307555,0.054592963308095925,-0.1795348972082138,0.09375215321779251,-0.8246410489082336,0.01860657706856728,-0.10626740753650664,2.20654559135437,-0.42963945865631104,-0.23057417571544647,-0.856009840965271,0.2856967747211456,0.22428372502326965,2.304576873779297,-0.589697003364563,0.2378172427415848,-0.16102957725524902,-0.019636761397123337,0.3851205706596375,0.1253095120191574,0.1688755303621292,-0.37994274497032166,1.43980073928833,-0.1936226785182953,-0.16479553282260895,0.0871496945619583,0.3355381190776825,-0.2413654327392578,0.2593449652194977,0.9197467565536499,-0.4469807147979736,0.09811187535524368,-0.22779409587383273
0.08313918113708496,0.06345358490943909,0.473796010017395,0.9775454998016355,0.05292314291000366,-0.18074083328247073,0.09453359991312027,-0.8322269916534423,0.004039386287331581,-0.11441594362258913,2.209297180175781,-0.4197456240653992,-0.23610293865203855,-0.8533326387405396,0.29850584268569946,0.2324732691049576,2.3043384552001958,-0.5870213508605957,0.2439668774604797,-0.16594411432743073,-0.01902882754802704,0.38709867000579834,0.11817201226949692,0.16952036321163175,-0.37693127989768976,1.4456751346588135,-0.19426314532756803,-0.1635366529226303,0.09005101770162582,0.33411699533462524,-0.23196427524089813,0.2608934044837952,0.9203149080276488,-0.4482687413692474,0.09318657964468001,-0.22860270738601685
0.08090865612030029,0.06396164000034332,0.47354727983474726,0.9775646328926086,0.0516158752143383,-0.18058891594409943,0.09534606337547302,-0.8405191898345947,-0.005412641912698746,-0.12117660790681838,2.211444139480591,-0.4168228209018707,-0.24115848541259763,-0.8564103841781616,0.30593448877334595,0.23842842876911163,2.3065402507781982,-0.5885631442070007,0.24673424661159515,-0.1673278510570526,-0.02152653597295284,0.3878677189350128,0.1086513102054596,0.17082616686820984,-0.38053566217422485,1.453352689743042,-0.1938304752111435,-0.1617475152015686,0.09102798998355864,0.33167117834091187,-0.2172190546989441,0.2709389925003052,0.9274043440818786,-0.4584140479564666,0.08873632550239563,-0.22909243404865265
0.07871810346841811,0.06407943367958069,0.473024845123291,0.977827489376068,0.050235100090503686,-0.1794642060995102,0.09551180899143219,-0.8473864793777466,-0.008808164857327938,-0.1259295642375946,2.2116549015045166,-0.42537194490432734,-0.24519217014312744,-0.8649250268936157,0.31118515133857727,0.24188093841075897,2.3085753917694087,-0.5905193090438843,0.24625928699970245,-0.16524338722229004,-0.02532084472477436,0.3867730498313904,0.09933163970708848,0.17233139276504517,-0.3861124515533447,1.4596269130706787,-0.1946672350168228,-0.159626305103302,0.08593849837779999,0.3274458646774292,-0.19964165985584256,0.28632259368896484,0.9387898445129393,-0.47716346383094793,0.08977986872196196,-0.22669012844562528
0.07671193778514862,0.06399030983448029,0.4727186858654022,0.978190302848816,0.04911552369594573,-0.17811143398284912,0.09490875899791715,-0.8529411554336547,-0.009020727127790451,-0.12614354491233823,2.209541082382202,-0.4375403523445129,-0.24684995412826535,-0.875043511390686,0.31640687584877014,0.2461495995521545,2.307417392730713,-0.589047908782959,0.24461518228054047,-0.1606098115444183,-0.029881367459893223,0.38444152474403376,0.09048561751842497,0.1727073639631271,-0.38993558287620544,1.464053988456726,-0.19875441491603849,-0.15770766139030457,0.07625073939561844,0.3211352527141571,-0.18162100017070767,0.302033394575119,0.9513434767723085,-0.4969427585601807,0.09577365964651108,-0.2208259403705597
0.07509459555149078,0.06388618797063828,0.47332334518432617,0.9786058068275453,0.049014680087566376,-0.1765814572572708,0.0935266837477684,-0.8562433123588562,-0.011651852168142796,-0.12362539768218994,2.2054531574249268,-0.4474050104618073,-0.2468417435884476,-0.8820096254348755,0.32259806990623474,0.25418925285339355,2.3061094284057617,-0.5863505601882936,0.24200943112373352,-0.1548476219177246,-0.0364621989428997,0.38108378648757935,0.08155267685651779,0.17283710837364197,-0.38782089948654175,1.4653704166412351,-0.2011958807706833,-0.15511630475521088,0.060464344918727875,0.3124709725379944,-0.1637979745864868,0.3135630786418915,0.9626290202140808,-0.51280415058136,0.10898047685623168,-0.2125871628522873
0.0739150121808052,0.06411112844944,0.4740578830242157,0.9784752726554871,0.04918311536312103,-0.17758502066135406,0.09290158748626709,-0.8543284535408019,-0.018200248479843136,-0.1205986440181732,2.2004432678222656,-0.45199757814407354,-0.24858914315700528,-0.886111855506897,0.330647736787796,0.26147422194480896,2.303130626678467,-0.5778696537017822,0.2407851219177246,-0.15286511182785034,-0.04384300485253335,0.38003736734390253,0.07926546782255171,0.17456144094467163,-0.382308155298233,1.4620674848556519,-0.2020803391933441,-0.15367041528224945,0.046181347221136086,0.30866795778274536,-0.1514368951320648,0.31274232268333435,0.9670302271842957,-0.5226607918739319,0.12073956429958344,-0.20492054522037503
0.07296757400035858,0.06447592377662659,0.4754135608673096,0.9780914187431335,0.05028191953897476,-0.17974431812763214,0.09220030158758163,-0.8497630357742308,-0.02809840254485607,-0.11668825149536131,2.192650318145752,-0.4489831030368805,-0.25094833970069885,-0.8863806128501891,0.33715081214904785,0.26944583654403687,2.298232078552246,-0.5689592361450195,0.24024325609207156,-0.15305897593498227,-0.05378640443086624,0.3798292875289917,0.08152437955141068,0.18055574595928192,-0.37089845538139343,1.4517511129379272,-0.20123323798179624,-0.1540139466524124,0.03241860494017601,0.3080624639987945,-0.1454309374094009,0.2971715331077576,0.9636207818984984,-0.5236831903457642,0.1312466263771057,-0.19851578772068024
0.0721098482608795,0.06495282053947449,0.4775599539279938,0.9774653315544128,0.05202322825789452,-0.18311190605163571,0.09124229103326797,-0.8390684723854066,-0.04022233560681343,-0.10880014300346375,2.1820971965789795,-0.44552409648895264,-0.25356578826904297,-0.8790481090545654,0.34223780035972595,0.28186434507369995,2.2888369560241695,-0.5600482821464539,0.2376864105463028,-0.15454669296741483,-0.0664253830909729,0.38408309221267695,0.08815424144268036,0.19285407662391665,-0.35213419795036316,1.4348881244659424,-0.19839128851890564,-0.1582178771495819,0.023919349536299706,0.31028789281845087,-0.1483471393585205,0.26266661286354065,0.9514025449752808,-0.5095785856246948,0.13628026843070984,-0.1978391706943512
0.07100094109773636,0.06587713956832886,0.4798605740070343,0.9769220352172852,0.05287332087755203,-0.18633605539798737,0.09003613889217375,-0.8307787179946899,-0.0512610301375389,-0.10769334435462952,2.171107769012451,-0.44044083356857294,-0.25629186630249023,-0.8683605790138244,0.34282222390174866,0.2898386120796204,2.276859998703003,-0.5580383539199829,0.23704673349857328,-0.15583541989326477,-0.07541139423847198,0.3865101337432861,0.09383723139762878,0.20867197215557096,-0.32751998305320734,1.4123342037200928,-0.21076712012290957,-0.16709519922733307,0.026050565764307972,0.31516021490097046,-0.15857051312923431,0.21944534778594968,0.9334359765052797,-0.48369988799095154,0.1409873515367508,-0.20211920142173767
0.06958143413066864,0.06663545966148376,0.4821434020996094,0.9764840006828307,0.05253960192203522,-0.189253568649292,0.08889145404100418,-0.8272860050201416,-0.05987099185585976,-0.10851134359836578,2.1595122814178462,-0.4379962086677551,-0.26032739877700806,-0.8577497601509094,0.3410325646400452,0.2957637012004852,2.2620296478271484,-0.556689977645874,0.23703980445861816,-0.1576646119356155,-0.08211085945367813,0.38863444328308105,0.09540434926748276,0.22686126828193665,-0.29791346192359924,1.3900864124298096,-0.22309966385364527,-0.17660872638225555,0.03803719207644463,0.3168357312679291,-0.17596173286437988,0.18036778271198273,0.9167642593383789,-0.4493353366851807,0.1407495141029358,-0.2086337059736252
