0.0605367086827755,0.0028155636973679066,0.3837426900863648,0.9978345632553101,0.011264083907008173,0.06475470960140228,-0.002473553409799933,-0.30709683895111084,0.16753427684307098,-0.1417497992515564,2.0890512466430664,0.486386388540268,-0.13142451643943787,-0.12644757330417633,-0.15536746382713315,-0.12443581968545912,1.9668757915496824,0.5159019827842712,0.19982308149337769,-0.14979958534240723,0.11209457367658617,0.22869116067886353,-0.1967423111200333,0.1938201934099197,-0.6231492757797241,0.9292746186256408,-0.14593511819839475,-0.039582137018442154,0.17254650592803955,-0.024164231494069096,-0.17247822880744934,0.26550865173339844,0.9528601765632627,0.0033672703430056568,0.050168476998806,-0.2233508378267288
0.059874143451452255,0.0019423314370214937,0.3838411867618561,0.9977898597717283,0.013714389875531197,0.06469372659921646,-0.006486403755843639,-0.30211102962493896,0.16276179254055023,-0.13647997379302979,2.085401773452759,0.4830925464630127,-0.14147306978702545,-0.13050530850887299,-0.1590362936258316,-0.11933763325214385,1.9734425544738767,0.5132311582565308,0.19829636812210083,-0.14696285128593445,0.10963213443756104,0.22692359983921048,-0.1946546137332916,0.19190669059753415,-0.6197026371955872,0.9223983883857728,-0.1391432136297226,-0.042377255856990814,0.17712025344371796,-0.02449721470475197,-0.17485275864601135,0.25412780046463007,0.9383617639541626,0.007857185788452625,0.05122853070497513,-0.22441619634628293
0.059444725513458245,0.0011632462264969945,0.38372752070426946,0.9977142810821533,0.01656460575759411,0.06465578079223633,-0.010559272952377796,-0.29699888825416565,0.15686430037021637,-0.13121625781059265,2.081486701965332,0.4829700291156769,-0.1490466594696045,-0.13425596058368683,-0.16671738028526306,-0.1150473728775978,1.980322241783142,0.511603057384491,0.19426168501377103,-0.14475812017917633,0.10696712881326675,0.2264577150344849,-0.19288156926631927,0.18958346545696256,-0.60666823387146,0.9113539457321168,-0.12821339070796967,-0.04533154517412186,0.18610073626041407,-0.02563879266381264,-0.17913806438446045,0.23811717331409452,0.9124300479888915,0.016674047335982323,0.05135804042220116,-0.22868992388248444
0.059087805449962616,0.0007346881320700049,0.3834528028964996,0.9976040124893187,0.019371241331100464,0.06484031677246094,-0.014375051483511925,-0.29262128472328186,0.1497134417295456,-0.12616278231143951,2.078218936920166,0.48323744535446167,-0.15568801760673523,-0.13719671964645383,-0.17596475780010223,-0.11011705547571182,1.986354231834412,0.5106421113014221,0.1891575753688812,-0.14350725710391998,0.10469365119934082,0.2272736132144928,-0.19323985278606412,0.18767409026622767,-0.5853130221366881,0.895894467830658,-0.12182418256998062,-0.04784027114510536,0.19923581182956693,-0.02549799531698227,-0.18459628522396088,0.22098754346370697,0.8731780052185057,0.02506679855287075,0.04954465851187705,-0.235068753361702
0.05857840925455093,0.0005328479455783963,0.38318812847137446,0.9974689483642578,0.021999280899763107,0.06520542502403259,-0.017887093126773834,-0.2882539629936218,0.14179179072380063,-0.12099518626928328,2.075400352478028,0.48206228017807007,-0.1624484211206436,-0.14067931473255155,-0.18447552621364596,-0.10417184978723526,1.991876244544983,0.5105751156806946,0.18533840775489807,-0.14352677762508392,0.10286347568035124,0.22916737198829648,-0.19544191658496857,0.1858208328485489,-0.5567865967750549,0.8743190169334412,-0.11912665516138075,-0.05106181651353836,0.2176251858472824,-0.023512236773967743,-0.19119980931282043,0.20356808602809903,0.820982277393341,0.03226472809910774,0.04527203738689423,-0.24208992719650269
0.05795395374298096,0.0005538992118090391,0.3830451965332031,0.9973134398460387,0.02434464357793331,0.06582280248403549,-0.020990258082747456,-0.2847728431224823,0.13384681940078735,-0.11704417318105696,2.0736112594604488,0.47829970717430115,-0.16942471265792847,-0.14462023973464963,-0.19117893278598783,-0.09826400130987167,1.9968615770339964,0.5105684399604796,0.18417091667652127,-0.1448364108800888,0.10197747498750687,0.2315819263458252,-0.19866688549518585,0.18479254841804504,-0.5217664837837219,0.8381431102752684,-0.1189102828502655,-0.05770447477698326,0.2402503490447998,-0.0189448855817318,-0.199501633644104,0.18731285631656647,0.7531142234802246,0.0397501178085804,0.03953113779425621,-0.2482238411903381
0.057202085852622986,0.0006309013697318733,0.3830837309360504,0.9971327185630798,0.02635451965034008,0.06691880524158478,-0.023530656471848488,-0.2838941812515259,0.12801864743232727,-0.1136261373758316,2.073014259338379,0.4735710322856903,-0.17562797665596008,-0.15023736655712128,-0.1967663615942001,-0.094199500977993,2.001527547836304,0.5104196071624756,0.18406763672828677,-0.14748533070087433,0.10202731192111968,0.2342938780784607,-0.20256589353084564,0.1866471618413925,-0.4844768047332764,0.7777530550956726,-0.11772744357585906,-0.06929075717926025,0.2630789279937744,-0.01311941724270582,-0.21064747869968412,0.1739167720079422,0.6692731976509094,0.044504325836896896,0.03467712551355362,-0.2516882121562958
0.05642789602279663,0.000397475203499198,0.38331088423728943,0.9969271421432496,0.027129411697387692,0.06908517330884933,-0.025050917640328407,-0.28825142979621887,0.12801212072372437,-0.1124969497323036,2.074387311935425,0.4684273302555084,-0.17779216170310974,-0.1582966446876526,-0.1988522112369537,-0.09279102087020874,2.004741668701172,0.511402428150177,0.18356716632843015,-0.15149949491024017,0.10535881668329238,0.23662269115448,-0.20664009451866147,0.193878173828125,-0.4493127763271332,0.6834357976913452,-0.11206262558698654,-0.08496484905481337,0.2774433195590973,-0.007036361843347549,-0.22695076465606687,0.16433675587177277,0.5708538293838501,0.04443269595503807,0.032495178282260895,-0.24857318401336667
0.05534421280026436,-0.0002682325430214405,0.38361233472824097,0.9967334270477296,0.02619558945298195,0.07209081202745436,-0.02528139390051365,-0.2975166440010071,0.1347973346710205,-0.11486170440912245,2.078310966491699,0.46289694309234614,-0.17577075958251953,-0.16794542968273163,-0.19684624671936035,-0.09489228576421736,2.0064284801483154,0.5144537687301636,0.18159207701683044,-0.1565869003534317,0.11252824217081069,0.23972947895526883,-0.210750550031662,0.20973834395408633,-0.42002859711647034,0.5541245341300964,-0.10185468941926956,-0.10170292109251022,0.27466025948524475,-0.0023507210426032543,-0.24970461428165436,0.1575895994901657,0.4603327512741089,0.038882330060005195,0.03363337740302086,-0.2355297803878784
0.054317012429237366,-0.0014749716501682997,0.3836057782173157,0.9965519905090333,0.023802960291504856,0.07555100321769713,-0.02468908205628395,-0.31086087226867676,0.14672289788722992,-0.1202644258737564,2.0849499702453613,0.4576539397239685,-0.17063595354557037,-0.17908623814582825,-0.19231432676315308,-0.10012556612491608,2.0085883140563965,0.5181128978729248,0.1771780103445053,-0.16209901869297028,0.12315382808446884,0.24499762058258057,-0.21680887043476105,0.23560839891433716,-0.39676269888877863,0.3997268974781036,-0.08928324282169342,-0.11447840929031372,0.24746832251548767,0.0009168124524876476,-0.27873826026916504,0.1485627144575119,0.3373185098171234,0.03432556986808777,0.035841528326272964,-0.2115390598773956
0.053016342222690575,-0.002906010020524264,0.3831011950969696,0.9963879585266112,0.021106014028191566,0.07881626486778259,-0.023527100682258602,-0.32648131251335144,0.159797266125679,-0.12751881778240204,2.0936388969421382,0.4536113142967224,-0.16459850966930387,-0.19008728861808777,-0.18748866021633148,-0.10653403401374816,2.012033462524414,0.5207825303077698,0.17167022824287415,-0.16675005853176117,0.13464462757110596,0.25320443511009216,-0.22788806259632113,0.27122941613197327,-0.37623262405395513,0.23444053530693051,-0.07800007611513139,-0.11928725987672804,0.19380688667297363,0.004227016121149063,-0.31199073791503906,0.1321376860141754,0.20360495150089264,0.04012610390782356,0.036478251218795776,-0.1785079836845398
0.05141593143343925,-0.004268670454621315,0.38229155540466314,0.9962309598922728,0.019033098593354225,0.08181750774383545,-0.02162299491465092,-0.3437216579914093,0.1691599190235138,-0.13643747568130493,2.1031060218811035,0.4522433280944824,-0.16113346815109253,-0.19961945712566373,-0.18414939939975736,-0.11350437998771667,2.01627779006958,0.5216018557548523,0.1661340892314911,-0.16995209455490112,0.1443869024515152,0.264031320810318,-0.24724064767360687,0.31304529309272766,-0.35237058997154236,0.07313004881143571,-0.07422234117984772,-0.11465919762849808,0.12407879531383514,0.006647403351962566,-0.34604766964912415,0.10600465536117552,0.06569760292768478,0.06408765912055969,0.03496822714805603,-0.14223136007785797
0.049428883939981454,-0.0052881366573274136,0.381444662809372,0.996069610118866,0.01753501407802105,0.08462204039096832,-0.01941678859293461,-0.36075419187545776,0.17260675132274628,-0.1468607187271118,2.113209724426269,0.4515228271484375,-0.1617754101753235,-0.20876184105873108,-0.18207332491874692,-0.11963138729333876,2.0213589668273926,0.5210092067718506,0.16092267632484436,-0.17051105201244354,0.15233010053634644,0.27678796648979187,-0.2775920033454895,0.3538567125797272,-0.3194076120853424,-0.0685235932469368,-0.07836682349443436,-0.10173047333955763,0.05542454496026039,0.006820976734161377,-0.37748929858207697,0.07049687951803207,-0.06709671020507812,0.10578463971614836,0.03185185417532921,-0.11065144836902618
0.04699704423546791,-0.005847678519785404,0.380697876214981,0.9958798885345459,0.016535289585590363,0.08744543045759201,-0.01741007529199123,-0.3781052529811859,0.17342986166477203,-0.15617863833904266,2.1234412193298335,0.45054394006729126,-0.16304177045822144,-0.2183069735765457,-0.18230590224266047,-0.12444221973419188,2.0277628898620605,0.5192952156066896,0.15575312077999115,-0.1685340404510498,0.1581948846578598,0.2900483906269073,-0.3200824558734894,0.38403454422950734,-0.2785569727420807,-0.17483144998550415,-0.08209500461816788,-0.08343076705932617,0.004278406035155058,0.0012126544024795292,-0.403933584690094,0.030392831191420555,-0.1829117089509964,0.1558619439601898,0.027280928567051888,-0.0898308828473091
0.044168733060359955,-0.006093038246035576,0.38021978735923767,0.9956527352333069,0.015644248574972153,0.090385302901268,-0.016166614368557927,-0.395558625459671,0.17642907798290253,-0.16235239803791046,2.1335251331329346,0.4486016631126404,-0.1620058715343475,-0.22980262339115143,-0.18406692147254944,-0.12831439077854156,2.035616397857666,0.5175135135650635,0.14932575821876523,-0.16506348550319672,0.16222248971462247,0.30247074365615845,-0.3715340197086334,0.3986236453056336,-0.23552459478378293,-0.2427125424146652,-0.075869083404541,-0.06273996084928513,-0.027346884831786156,-0.012717602774500847,-0.4257255792617798,-0.008769296109676361,-0.2745607793331146,0.20055583119392395,0.020709941163659092,-0.08044862002134323
0.040984392166137695,-0.006133546587079763,0.37982046604156494,0.9953997135162352,0.014774519950151443,0.09335938841104509,-0.015657661482691765,-0.4140585362911224,0.18241655826568604,-0.16628023982048035,2.14337158203125,0.44731476902961725,-0.1575133502483368,-0.24279804527759552,-0.18635553121566767,-0.1310673952102661,2.044325351715088,0.5159109234809875,0.14091153442859647,-0.16125446557998657,0.16454339027404785,0.3147644102573395,-0.42881041765213007,0.39890614151954645,-0.19392529129981995,-0.2831815779209137,-0.05399159714579582,-0.04094956815242767,-0.04317180812358856,-0.03542282432317734,-0.4452644884586334,-0.04697256162762642,-0.34582242369651794,0.2364459931850433,0.013126683421432972,-0.07663948833942413
0.03767500817775726,-0.006082448177039623,0.3793507218360901,0.9951268434524536,0.013728857040405272,0.0963321253657341,-0.015944713726639748,-0.43200454115867615,0.19097505509853363,-0.16836987435817719,2.1527419090271,0.4465607702732086,-0.15096379816532135,-0.2570948600769043,-0.18783532083034515,-0.13210946321487427,2.0537095069885254,0.5147483348846436,0.13211986422538757,-0.15821126103401184,0.16549482941627502,0.3267665207386017,-0.48535224795341486,0.3887796103954315,-0.15651670098304749,-0.30600258708000183,-0.018694981932640076,-0.02003427781164646,-0.0489409938454628,-0.06536228209733963,-0.4640958905220032,-0.0839536041021347,-0.3989481031894684,0.2647166848182678,0.005665180739015341,-0.07365547120571136
0.03438148647546768,-0.006053494289517403,0.37883004546165466,0.9948464035987854,0.011952146887779236,0.09924102574586867,-0.017000095918774605,-0.4482207894325256,0.20352916419506076,-0.16928038001060483,2.162074089050293,0.44559383392333984,-0.14132905006408691,-0.2719261348247528,-0.186934694647789,-0.13211554288864136,2.0630288124084473,0.5146242380142212,0.12393831461668015,-0.15550179779529572,0.16677549481391907,0.33808234333992004,-0.5362113118171692,0.3728844523429871,-0.12492215633392333,-0.31674924492836,0.027196548879146572,-0.002576514147222042,-0.05173446238040924,-0.09876188635826112,-0.48283445835113525,-0.1191290095448494,-0.4344880282878876,0.28521645069122314,-0.0006241493974812329,-0.06921415776014328
0.03107447177171707,-0.0060242339968681335,0.37846916913986206,0.9945700764656067,0.009521969594061375,0.10193091630935668,-0.01870444603264332,-0.46313211321830744,0.21944160759449005,-0.1690984070301056,2.171616792678833,0.4450670778751373,-0.13021598756313324,-0.2870385944843292,-0.18487198650836945,-0.13247722387313843,2.072514533996582,0.5148918032646179,0.11579758673906326,-0.15298472344875336,0.16868937015533447,0.34829458594322205,-0.5776547193527222,0.35424286127090454,-0.09887892752885817,-0.3195982277393341,0.07950996607542038,0.010446323081851004,-0.05455970764160156,-0.1339140683412552,-0.5018770694732666,-0.15177464485168457,-0.45298111438751215,0.2973193228244781,-0.005881010554730892,-0.06418212503194809
0.027885112911462784,-0.005943184718489647,0.3781940937042236,0.9943339228630066,0.006111954804509878,0.10403739660978316,-0.0209510400891304,-0.47472259402275085,0.24026675522327423,-0.1678651124238968,2.18129825592041,0.4451273679733276,-0.11712194979190826,-0.3005110025405884,-0.18114121258258817,-0.13388453423976898,2.0815830230712886,0.5158759951591492,0.10793595761060713,-0.15009813010692596,0.17269852757453918,0.35764801502227783,-0.6066554188728333,0.335446298122406,-0.07760727405548094,-0.319047212600708,0.13735461235046387,0.020080113783478737,-0.060465991497039795,-0.16835476458072662,-0.5209025740623474,-0.18214598298072812,-0.4578477144241333,0.30222922563552856,-0.010408103466033936,-0.05932147800922394
0.025061318650841713,-0.005857912823557854,0.3776816129684448,0.9941917657852173,0.0031746455933898687,0.10505691170692444,-0.023145554587244987,-0.4823353290557861,0.26087483763694763,-0.16610553860664368,2.1907942295074463,0.44518122076988226,-0.10401477664709093,-0.3090510964393616,-0.17899557948112488,-0.13502661883831024,2.0898213386535645,0.5164145827293396,0.10050617158412932,-0.14608152210712433,0.1764334738254547,0.3660252392292023,-0.6255145072937012,0.3196704387664795,-0.06137187033891678,-0.3201974332332611,0.1940937489271164,0.027508448809385296,-0.07099609822034836,-0.19799406826496124,-0.5370867848396301,-0.20821668207645416,-0.4554731547832489,0.30185553431510925,-0.011605647392570972,-0.05594033375382424
0.022716872394084927,-0.0058111874386668205,0.3770137429237366,0.994129240512848,0.001725435140542686,0.10532835870981216,-0.024698179215192795,-0.487591564655304,0.277387410402298,-0.1627155840396881,2.1988892555236816,0.4460777938365936,-0.09280506521463394,-0.31400832533836365,-0.1821208149194717,-0.1363346427679062,2.0977311134338374,0.5158028602600098,0.091128408908844,-0.14252203702926636,0.17850275337696075,0.3729250133037567,-0.6370768547058105,0.30856603384017944,-0.04820771515369415,-0.3247554004192352,0.24521771073341367,0.035628512501716614,-0.0842401683330536,-0.22206974029541013,-0.5494212508201599,-0.2264961153268814,-0.4525074362754822,0.2977564036846161,-0.012014120817184448,-0.054698608815670006
0.02168354578316212,-0.006332425400614738,0.37621611356735224,0.9941295981407164,0.0017060383688658476,0.10515683889389038,-0.025405509397387505,-0.49062800407409674,0.28731060028076166,-0.15982024371623993,2.205263614654541,0.4453029930591583,-0.08614335209131242,-0.3166552484035492,-0.18847012519836423,-0.13677044212818143,2.104574918746948,0.5152651071548462,0.0824407860636711,-0.139141708612442,0.17893336713314056,0.3781019151210785,-0.6474370956420897,0.3020988404750824,-0.034354619681835175,-0.33251121640205383,0.2845320999622345,0.042606282979249954,-0.0963618904352188,-0.23998302221298215,-0.557828962802887,-0.2413260042667389,-0.45748385787010193,0.29786285758018494,-0.012329951860010624,-0.05180049687623978
0.02018004097044468,-0.006801905110478401,0.37512364983558655,0.9941161870956419,0.0026508464943617582,0.10530782490968704,-0.025225887075066566,-0.4949631094932556,0.2908397614955902,-0.1594761312007904,2.2109129428863525,0.44422885775566096,-0.08468896150588989,-0.31964126229286194,-0.19635261595249176,-0.1376208662986755,2.111676216125488,0.5139568448066713,0.0748647525906563,-0.13634562492370603,0.17761643230915067,0.3811889588832855,-0.6605848670005798,0.2989827692508697,-0.019914645701646805,-0.3412516713142395,0.3080868124961853,0.04695412516593933,-0.10323378443717957,-0.25334593653678894,-0.5628977417945862,-0.2548414170742035,-0.47022950649261475,0.3030654489994049,-0.014567167498171328,-0.04421330988407135
0.018605899065732956,-0.0076104849576950065,0.3735311031341553,0.9940735697746276,0.0033943180460482836,0.10585498064756392,-0.02451387047767639,-0.5013138055801392,0.29197800159454346,-0.16237129271030426,2.217520236968994,0.4418984949588776,-0.08608873188495637,-0.3234792351722717,-0.2023760974407196,-0.13984251022338867,2.119887828826904,0.5111618638038635,0.0686144307255745,-0.13352826237678528,0.1765321046113968,0.3835605382919312,-0.6769999265670776,0.29834711551666254,-0.008416746743023396,-0.3480557203292846,0.3184409439563751,0.04881106689572334,-0.10679219663143157,-0.26219525933265686,-0.5658883452415465,-0.26876574754714966,-0.48551738262176514,0.31137657165527344,-0.019339686259627346,-0.03656643629074097
0.016709445044398308,-0.008500381372869015,0.37189662456512446,0.9939501285552977,0.003523270832374692,0.10715245455503464,-0.023855840787291527,-0.5084866881370544,0.29446238279342646,-0.16592007875442505,2.2287254333496094,0.42655423283576965,-0.08542348444461823,-0.3300788700580597,-0.20672975480556488,-0.14271466434001923,2.1300806999206543,0.5048503279685974,0.06070839613676071,-0.13104121387004852,0.1755513101816177,0.3870259821414948,-0.6949231624603271,0.29857271909713745,0.001504688523709774,-0.3515607714653015,0.3232880234718323,0.05043985694646835,-0.10822869837284088,-0.2697058618068695,-0.5676698088645935,-0.27978628873825073,-0.4968022406101226,0.31899741291999817,-0.02342422120273113,-0.0384598970413208
0.014813842251896858,-0.009527174755930899,0.3706375062465668,0.9938473105430605,0.003124915761873126,0.1080913096666336,-0.02395791560411453,-0.5179399251937865,0.2989877462387085,-0.1691044121980667,2.236872673034668,0.4240548610687256,-0.08414265513420105,-0.33784186840057373,-0.20808970928192136,-0.14554715156555176,2.140275001525879,0.501203179359436,0.055690784007310874,-0.12799230217933655,0.17559239268302915,0.3921306431293488,-0.7125099897384644,0.29907774925231934,0.00887518562376499,-0.3518456518650055,0.3226299583911896,0.05013785138726234,-0.10187798738479614,-0.27761566638946533,-0.569951057434082,-0.2901914417743683,-0.5010655522346497,0.3241226077079773,-0.02785630337893963,-0.04118381440639496
0.01274118386209011,-0.010566601529717444,0.36954045295715326,0.9936609268188477,0.00211168872192502,0.1096772775053978,-0.024583077058196068,-0.5304219722747803,0.30676165223121643,-0.17034515738487244,2.245992660522461,0.42370933294296254,-0.08128438144922256,-0.34929147362709045,-0.2076921910047531,-0.14854393899440765,2.1506993770599365,0.49752014875411993,0.051580246537923806,-0.12563003599643707,0.1765223443508148,0.3979688286781311,-0.7286485433578491,0.29949575662612915,0.014689276926219463,-0.3488761484622956,0.32007896900177,0.04853448271751404,-0.09107927232980728,-0.2909989655017853,-0.5749714970588684,-0.2941223978996277,-0.4960305690765381,0.32496997714042664,-0.031110694631934162,-0.04460001364350319
0.010604331269860268,-0.011754918843507767,0.36826658248901367,0.9934322237968445,-8.17201071185991e-05,0.111490361392498,-0.02573437802493572,-0.5440464019775392,0.3206845223903656,-0.17113851010799408,2.2566435337066646,0.4228273928165436,-0.0742119699716568,-0.3612202703952789,-0.20310793817043304,-0.15118257701396942,2.1609621047973633,0.49266389012336725,0.050691582262516015,-0.12323077023029327,0.1793304532766342,0.4046488404273986,-0.7436262369155883,0.30038151144981384,0.018638091161847115,-0.34202489256858826,0.3165489137172699,0.04484254121780396,-0.08037108182907104,-0.30982619524002075,-0.5851441621780396,-0.29300686717033386,-0.48200187087059027,0.32281738519668574,-0.0315217524766922,-0.04186763986945152
0.008216276764869692,-0.013106849044561386,0.36708441376686096,0.9931845664978028,-0.0029688251670449968,0.11320345848798752,-0.02757708542048931,-0.557426393032074,0.33755430579185486,-0.1730448454618454,2.268086194992065,0.4221143126487732,-0.0664396658539772,-0.3726519346237183,-0.19634003937244413,-0.15441787242889404,2.171871423721313,0.4851140081882477,0.05204270407557488,-0.12100296467542648,0.1826908737421036,0.4124316573143005,-0.7573883533477782,0.30273422598838806,0.0173819400370121,-0.3280576169490814,0.31072166562080383,0.03903971612453461,-0.0723661258816719,-0.33457598090171814,-0.6037724614143372,-0.2823973596096039,-0.45295205712318415,0.31657260656356806,-0.030057277530431747,-0.03309711068868637
0.005569249391555785,-0.01423840969800949,0.366509348154068,0.9928978681564333,-0.005597056820988655,0.11515725404024124,-0.029346628114581108,-0.5698291659355164,0.35601875185966486,-0.17378577589988708,2.2796797752380367,0.4193420708179474,-0.057718925178050995,-0.38343667984008795,-0.1923187226057053,-0.1597224324941635,2.1825242042541504,0.47737282514572144,0.05164246633648872,-0.11915986984968184,0.18589545786380768,0.42125996947288513,-0.7684159874916077,0.3058837652206421,0.008891543373465538,-0.30529543757438654,0.3035624623298645,0.03519869223237038,-0.07094616442918777,-0.36143940687179565,-0.632006824016571,-0.2601803541183472,-0.4087606072425842,0.3102932274341583,-0.028120724484324452,-0.02085909806191921
0.0028619803488254547,-0.014726413413882256,0.36642548441886896,0.9926153421401976,-0.006965786684304476,0.11732010543346404,-0.03003961034119129,-0.5811755061149597,0.3727327883243561,-0.17062655091285703,2.2895731925964355,0.4128819108009338,-0.0459233932197094,-0.39328873157501215,-0.19415223598480225,-0.1647635847330093,2.1915440559387207,0.47113022208213806,0.046305984258651726,-0.11910858005285264,0.1897844225168228,0.4289171695709229,-0.7800261974334717,0.31051212549209595,-0.0011940938420593739,-0.2792121469974518,0.31092715263366694,0.03812782093882561,-0.08142302930355072,-0.38509851694107056,-0.6660532355308533,-0.2328384816646576,-0.36420127749443054,0.3056067228317261,-0.022853923961520195,-0.010614982806146145
0.00046434067189693446,-0.014951160177588463,0.3663650751113892,0.9924933910369872,-0.006179512478411198,0.1186644062399864,-0.028938865289092064,-0.5910071730613708,0.3806441724300385,-0.16582785546779633,2.2982246875762935,0.4068460166454315,-0.038777828216552734,-0.3996455073356629,-0.1996408253908157,-0.16652515530586243,2.199009895324707,0.46772655844688416,0.0427025705575943,-0.11982136219739913,0.191997155547142,0.4316416680812836,-0.795778453350067,0.3163346350193024,-0.004006381146609783,-0.26387178897857666,0.3268743455410004,0.04410270228981972,-0.09778521209955215,-0.401068776845932,-0.7002020478248596,-0.21554359793663025,-0.33662888407707214,0.30936989188194275,-0.01915500871837139,0.0007033353904262185
-0.0014992468059062956,-0.015315217897295952,0.36583337187767034,0.99241703748703,-0.0051435637287795535,0.11975748091936111,-0.027205482125282288,-0.5987128019332886,0.3836115300655365,-0.16458149254322052,2.307606935501098,0.3993501663208008,-0.03565274178981781,-0.4057057201862335,-0.20352105796337128,-0.16697758436203003,2.205793857574463,0.46992263197898865,0.0420227013528347,-0.11803317070007324,0.19446432590484616,0.42966493964195246,-0.8121442794799805,0.3221249282360077,-0.002495697932317853,-0.2591431438922882,0.338740736246109,0.04778328537940979,-0.1117142140865326,-0.41052716970443726,-0.7326491475105285,-0.2070850133895874,-0.32043924927711487,0.32695889472961426,-0.020809544250369072,0.014286493882536888
-0.0031176507472991943,-0.015802031382918354,0.3648518919944763,0.992305278778076,-0.004511668346822262,0.12099517881870268,-0.02588454447686672,-0.6054692268371582,0.3861404359340668,-0.16493801772594452,2.3163504600524902,0.39330244064331055,-0.033312879502773285,-0.4127665460109711,-0.2060869336128235,-0.16727501153945923,2.212786912918091,0.47337287664413447,0.04135600477457047,-0.11498969793319702,0.19800998270511627,0.42752605676651,-0.8209454417228698,0.3270110785961151,-0.0017798939952626824,-0.26012811064720154,0.35055577754974365,0.04893249645829201,-0.12113425880670547,-0.4185084104537964,-0.7611514925956726,-0.1984446793794632,-0.3063996434211731,0.3466641306877136,-0.0262555368244648,0.024283483624458313
-0.0043129269033670425,-0.016228845342993736,0.36381521821022034,0.992272675037384,-0.0037165430840104814,0.12155558168888092,-0.02460446767508984,-0.6058546304702759,0.38650837540626526,-0.1637311577796936,2.32388973236084,0.38556718826293945,-0.036370255053043365,-0.4191939830780029,-0.20792897045612332,-0.16344028711318967,2.2227699756622314,0.4681723415851593,0.040735717862844474,-0.11322006583213806,0.2008913904428482,0.42784789204597473,-0.8261876702308655,0.3314552903175354,-0.003768799593672156,-0.26332366466522217,0.36262011528015137,0.05261631682515144,-0.124798446893692,-0.4291839599609375,-0.7865183353424072,-0.18439999222755432,-0.2938811480998993,0.36635100841522217,-0.030831579118967056,0.03011735528707504
-0.005221860483288765,-0.016876887530088425,0.36367282271385193,0.9922904372215272,-0.003350718412548304,0.1215675100684166,-0.023869283497333527,-0.6095067858695984,0.3875445127487183,-0.16441769897937775,2.3289060592651367,0.38135179877281195,-0.03905053809285164,-0.4212120771408081,-0.2087741792201996,-0.163682222366333,2.226954221725464,0.4693993628025055,0.04103680327534676,-0.11016993969678877,0.20389153063297272,0.4285306930541992,-0.8220243453979491,0.3352986872196197,-0.004087971057742833,-0.26980721950531006,0.3767439126968384,0.05292534083127976,-0.13223545253276825,-0.4365105032920837,-0.8066903948783873,-0.17256471514701843,-0.2836175262928009,0.37998127937316895,-0.03331581875681877,0.03443193435668945
-0.006029130890965462,-0.017590448260307312,0.3639370799064636,0.9923086166381838,-0.0036543961614370346,0.1214604675769806,-0.02361373603343964,-0.617626428604126,0.38966915011405934,-0.16808438301086423,2.3335776329040527,0.3794752359390258,-0.03785334154963493,-0.4207992851734161,-0.2080567181110382,-0.167381152510643,2.2264623641967773,0.47828251123428334,0.042295824736356735,-0.10656534135341644,0.20747180283069608,0.4278363287448883,-0.8111450672149657,0.33837997913360596,-0.0025938272010535,-0.27885192632675165,0.3909747898578644,0.050455037504434586,-0.14309023320674896,-0.44213396310806274,-0.822513997554779,-0.16369394958019257,-0.2755790948867798,0.38703405857086176,-0.03443906828761101,0.03738069534301758
-0.00658039003610611,-0.018071968108415604,0.36352479457855214,0.992304265499115,-0.004152074921876192,0.12146881222724915,-0.023670358583331108,-0.62226402759552,0.3937320113182068,-0.17001397907733917,2.339603900909424,0.3750071823596954,-0.0355987623333931,-0.42355677485466,-0.2067347764968872,-0.1661067008972168,2.2308030128479004,0.4765402972698212,0.04434794560074806,-0.10306699573993681,0.21147216856479645,0.4280440807342529,-0.8043619990348816,0.3408154547214508,-0.002439673524349928,-0.29060980677604675,0.39927425980567927,0.050120245665311806,-0.14969411492347717,-0.4483143091201782,-0.8389111757278441,-0.15704062581062317,-0.27080973982810974,0.4044228494167328,-0.03768078237771988,0.04170919209718704
-0.007116300985217094,-0.018492406234145164,0.3627332150936127,0.9922357201576234,-0.00472996337339282,0.12187851965427399,-0.024321654811501503,-0.6281465291976929,0.3992241322994232,-0.17130137979984283,2.345914363861084,0.37090414762496954,-0.02998196519911289,-0.4284762740135193,-0.20583324134349823,-0.1653987318277359,2.236889600753784,0.47245460748672485,0.0477469339966774,-0.0993089973926544,0.21581032872200007,0.4299598038196564,-0.7970932126045227,0.34333181381225586,-0.002792221028357744,-0.30391237139701843,0.40630054473876953,0.049898840487003326,-0.15563371777534485,-0.4556483924388885,-0.8549760580062865,-0.1514829248189926,-0.26670584082603455,0.424409955739975,-0.04081591591238976,0.04786780476570129
-0.00769013911485672,-0.018925929442048073,0.36154583096504206,0.9921006560325623,-0.005633524153381585,0.12267127633094788,-0.02561924792826176,-0.6341651678085327,0.4069177210330963,-0.1733165681362152,2.3529603481292725,0.3639998733997345,-0.022129135206341743,-0.43429383635520935,-0.203549399971962,-0.16456587612628937,2.2441771030426025,0.46609207987785334,0.05272137001156807,-0.09470085799694061,0.2209916114807129,0.4338927865028381,-0.7904359698295593,0.3460930585861206,-0.00400621211156249,-0.31740307807922363,0.4151332676410675,0.04920598119497299,-0.1622042804956436,-0.46369227766990656,-0.871076464653015,-0.1474926471710205,-0.2589317858219147,0.4447253346443176,-0.04235803708434105,0.055887773633003235
-0.008311519399285315,-0.019288834184408188,0.3599851727485657,0.9919113516807555,-0.006376348901540041,0.12379898875951766,-0.027295149862766262,-0.6367388367652893,0.4141246378421784,-0.172364741563797,2.3609786033630367,0.35109153389930725,-0.01980621926486492,-0.4440692663192749,-0.2018764615058899,-0.16079404950141907,2.256561040878296,0.4505196511745453,0.0554310604929924,-0.09039446711540222,0.22663304209709167,0.4413839280605316,-0.7890689969062805,0.3496633768081665,-0.008696241304278372,-0.3279445469379425,0.4238708913326264,0.05405522510409355,-0.1649833172559738,-0.477432519197464,-0.8869411945343018,-0.13904021680355072,-0.24328240752220157,0.46393334865570074,-0.04489951953291893,0.06361787766218185
-0.008898114785552025,-0.02000852860510349,0.35916703939437866,0.9917495846748352,-0.007151117082685232,0.1247044801712036,-0.028816521167755127,-0.6409314870834352,0.4201079308986664,-0.17421917617321014,2.3663063049316406,0.3401583731174469,-0.01734834723174572,-0.44950887560844416,-0.19759862124919889,-0.16046854853630063,2.262826919555664,0.44395360350608826,0.059730373322963715,-0.0857199877500534,0.23233117163181305,0.4491551518440247,-0.7828866839408873,0.35322535037994385,-0.013591884635388851,-0.3347854018211365,0.4399732947349548,0.056664109230041504,-0.17829374969005585,-0.4913907051086426,-0.8968166708946227,-0.13002964854240415,-0.21459306776523593,0.4649190902709961,-0.042563632130622864,0.07282342016696931
-0.009274076670408249,-0.020950000733137127,0.3586428165435791,0.9916726946830748,-0.0077978819608688354,0.12504296004772186,-0.029810961335897446,-0.6429550051689148,0.4263355433940888,-0.17665576934814453,2.370570182800293,0.329595685005188,-0.015740549191832542,-0.45157158374786377,-0.19287632405757904,-0.16037580370903015,2.267220020294189,0.44013082981109614,0.06420079618692398,-0.08073916286230086,0.2371222078800201,0.45667520165443426,-0.7806329727172852,0.3558673858642578,-0.02130110189318657,-0.336004376411438,0.4600072503089905,0.05726478248834609,-0.19904781877994537,-0.5053391456604004,-0.9001781344413757,-0.12018071860074996,-0.172732412815094,0.45375013351440424,-0.0381227470934391,0.08194496482610703
-0.00946093536913395,-0.022043846547603607,0.3585118353366852,0.9916844964027405,-0.008260874077677727,0.1247539222240448,-0.03049636445939541,-0.6420283317565918,0.43374514579772955,-0.178305983543396,2.373551368713379,0.32034870982170105,-0.012360705994069576,-0.4510402977466583,-0.1901486665010452,-0.16190391778945923,2.270583391189575,0.4378062188625336,0.06797576695680618,-0.07514198124408723,0.2413157820701599,0.46468794345855713,-0.7820520401000975,0.3566991090774536,-0.03051873110234737,-0.33241602778434753,0.48397436738014227,0.05697246640920639,-0.226255476474762,-0.5193074345588684,-0.8968402743339537,-0.10647296905517578,-0.12021827697753906,0.42926180362701416,-0.03208421170711517,0.08879921585321425
-0.009577011689543724,-0.02319388836622238,0.35866162180900574,0.9917551875114442,-0.008559507317841053,0.12423580139875412,-0.030229093506932255,-0.6395756006240845,0.4416635036468506,-0.1783066838979721,2.3757195472717285,0.3120587468147278,-0.006065130699425936,-0.4490032494068146,-0.190328985452652,-0.16579872369766235,2.272931814193725,0.4370049834251404,0.06931469589471817,-0.07080268859863281,0.24479198455810544,0.47341883182525635,-0.7852957844734192,0.3540820181369781,-0.03630081191658974,-0.32517871260643005,0.507328987121582,0.056459154933691025,-0.24998119473457336,-0.5327478647232056,-0.889111578464508,-0.09034001082181929,-0.07072536647319794,0.4007034599781036,-0.024537961930036545,0.09193450957536696
-0.009642884135246275,-0.0243145264685154,0.3589196503162384,0.991856336593628,-0.00865671969950199,0.12377166002988815,-0.02875156886875629,-0.6372104287147522,0.4488729238510132,-0.17690974473953247,2.377508640289306,0.30410462617874146,0.00045532549847848713,-0.44612839818000793,-0.1931900531053543,-0.17070052027702332,2.274031162261963,0.438131719827652,0.06692174822092056,-0.06902127712965012,0.2472873479127884,0.4819440245628357,-0.7890353798866272,0.3467487394809723,-0.03574201837182045,-0.31607866287231445,0.5261826515197754,0.05631150305271149,-0.26471057534217834,-0.5417174696922302,-0.882544755935669,-0.07884353399276733,-0.03895702585577965,0.3804370164871216,-0.01851409114897251,0.09378194808959961
-0.009784646332263945,-0.025376837700605392,0.3592807650566101,0.9920390844345092,-0.008381839841604233,0.12294259667396544,-0.02594916336238384,-0.6359263062477112,0.45379877090454096,-0.1761723160743713,2.3793845176696777,0.29702824354171753,0.005052585620433092,-0.4413646757602692,-0.197648286819458,-0.17600099742412567,2.2739486694335938,0.4426200985908508,0.061926506459712975,-0.06991898268461227,0.24751342833042145,0.489037811756134,-0.795805037021637,0.3344378471374512,-0.031179567798972126,-0.3041903078556061,0.5371763110160828,0.058103520423173904,-0.27134981751441956,-0.5461871027946472,-0.879152774810791,-0.07436615973711012,-0.02428021654486656,0.37155550718307495,-0.014998634345829487,0.09461838752031326
-0.010151766240596771,-0.026364075019955635,0.3596336245536804,0.9922271370887756,-0.008267960511147976,0.12212949991226196,-0.022390628233551976,-0.6366292238235474,0.4571375846862793,-0.17730291187763214,2.381741762161255,0.29008704423904413,0.006940665654838085,-0.4383068084716797,-0.20284287631511688,-0.1816298216581345,2.2731502056121826,0.4510078132152557,0.05449369177222252,-0.07149714231491089,0.24725697934627527,0.49296823143959045,-0.8061546087265015,0.31899362802505493,-0.02576153539121151,-0.2906862199306488,0.5449262261390686,0.06286062300205231,-0.2735901176929474,-0.5474222302436829,-0.8793334364891052,-0.07453864812850952,-0.01810451410710812,0.3706194758415222,-0.014815458096563816,0.09324192255735395
-0.010756121948361397,-0.02720326744019985,0.3596031367778778,0.9923551678657533,-0.00880023930221796,0.12167321890592576,-0.018694315105676648,-0.6407163739204407,0.4599475860595703,-0.18107569217681885,2.3852639198303223,0.28451740741729736,0.007112359628081322,-0.43783280253410334,-0.2080920934677124,-0.18757681548595428,2.27270770072937,0.46066170930862427,0.04506951943039894,-0.07217563688755035,0.2483685314655304,0.49359163641929626,-0.8183298707008362,0.30341750383377075,-0.021446580067276955,-0.27864664793014526,0.5542191863059998,0.06905023753643036,-0.2742330729961395,-0.5491430759429932,-0.882659375667572,-0.07796625792980194,-0.015328758396208286,0.37581524252891535,-0.01753103733062744,0.09042503684759139
-0.011540671810507774,-0.027810759842395782,0.35897380113601685,0.9924156069755553,-0.010257773101329803,0.12151406705379486,-0.015502170659601688,-0.6473145484924316,0.46319621801376337,-0.1876008212566376,2.3903548717498775,0.28221237659454346,0.006823137402534485,-0.43842354416847223,-0.2124265879392624,-0.19362904131412503,2.273491859436035,0.46850350499153137,0.03704411536455154,-0.07117688655853271,0.25138747692108154,0.4922626316547394,-0.8309640288352966,0.2893761992454529,-0.019818447530269623,-0.2691965103149414,0.5644202828407288,0.07212062925100327,-0.2754344642162323,-0.5528005957603456,-0.8876637220382689,-0.08299188315868378,-0.009974812157452105,0.38683152198791504,-0.023045800626277924,0.08884602040052414
-0.012381417676806448,-0.028128949925303456,0.35801839828491205,0.9924409389495848,-0.012136639095842838,0.12136262655258177,-0.013591746799647808,-0.6535738110542296,0.4671794474124909,-0.19419413805007932,2.395941734313965,0.2836105525493622,0.007708209101110696,-0.4396149516105652,-0.21702757477760315,-0.19884237647056577,2.2761764526367188,0.4733012616634369,0.03052368015050888,-0.06828387826681137,0.25533637404441833,0.4914101958274841,-0.8421598076820372,0.2778941094875336,-0.021371362730860714,-0.2608286738395691,0.5735428333282471,0.07036793977022171,-0.27590683102607727,-0.5604147911071777,-0.8937216997146606,-0.08399760723114012,0.003280257573351264,0.3977799713611602,-0.029310638085007668,0.08820235729217529
-0.01322689838707447,-0.028214039281010628,0.35724321007728577,0.9925042390823363,-0.014011924155056477,0.12072338908910751,-0.012843342497944832,-0.6583350300788879,0.4720079302787781,-0.20013099908828733,2.401766061782837,0.28527969121932983,0.010839802213013172,-0.43904024362564087,-0.2223587930202484,-0.203190878033638,2.280241012573242,0.47511398792266846,0.025047700852155685,-0.06411291658878326,0.25960513949394226,0.4926398694515228,-0.8510559797286987,0.2683880925178528,-0.027740864083170887,-0.2509503960609436,0.5844904780387878,0.06546831130981445,-0.278594970703125,-0.571872353553772,-0.9012390971183776,-0.07746157795190811,0.027227232232689857,0.40288946032524103,-0.03245619311928749,0.08787018805742262
-0.01405115518718958,-0.02800426259636879,0.35685479640960693,0.9926152825355528,-0.01594683527946472,0.1195800006389618,-0.012699175626039503,-0.6618853807449341,0.47832447290420527,-0.2037770748138428,2.4083211421966553,0.285351425409317,0.017258482053875923,-0.43715643882751454,-0.22877410054206848,-0.2081732004880905,2.2845680713653564,0.47469812631607056,0.0184355229139328,-0.060172189027071,0.2645297348499298,0.49625912308692927,-0.853432059288025,0.2598799765110016,-0.036432769149541855,-0.2386222034692764,0.5986383557319641,0.06100582703948021,-0.2811466157436371,-0.5876423716545105,-0.9104802012443542,-0.06299299746751785,0.05752219632267952,0.4008063077926636,-0.032698020339012146,0.08603294938802718
-0.014777805656194685,-0.02757942676544189,0.35630664229393005,0.9928205013275145,-0.01784617453813553,0.1176467090845108,-0.01217316836118698,-0.663918673992157,0.484014630317688,-0.2052456736564636,2.4164607524871826,0.28295773267745966,0.023112561553716656,-0.43272534012794495,-0.23524577915668488,-0.2116892486810684,2.288717746734619,0.4732828438282013,0.01157438475638628,-0.05802706629037857,0.2692459225654602,0.4996399581432343,-0.8513093590736389,0.2514914274215698,-0.04475100710988045,-0.2230302691459656,0.6175306439399719,0.059038326144218445,-0.28397491574287415,-0.6063847541809082,-0.9226561188697816,-0.04669918119907379,0.086551733314991,0.39335075020790095,-0.029722101986408237,0.08196467906236649
-0.015473864041268824,-0.027003895491361615,0.3555770516395569,0.9930792450904846,-0.020024757832288746,0.11519102752208708,-0.011117155663669108,-0.6655084490776062,0.4886566996574402,-0.2082122564315796,2.4251778125762935,0.2780870199203491,0.02576680295169353,-0.42763277888298035,-0.2420635521411896,-0.21461334824562073,2.2920708656311035,0.4748522043228149,0.0056042312644422046,-0.056873928755521774,0.2748693525791168,0.5008007287979126,-0.8513336181640626,0.24234385788440704,-0.051309794187545776,-0.20522189140319824,0.6355830430984497,0.06079502776265144,-0.28835347294807434,-0.6256651282310486,-0.939222812652588,-0.0345117561519146,0.11130464076995848,0.3896313607692719,-0.02746540494263172,0.0785762071609497
-0.01633213832974434,-0.02639426663517952,0.354487806558609,0.9933210015296936,-0.021719517186284065,0.11290843784809113,-0.00966098066419363,-0.6684483289718628,0.4890890419483185,-0.21359315514564517,2.4334421157836914,0.2778775095939636,0.024998541921377185,-0.4235877990722656,-0.2521105408668518,-0.2170406728982925,2.295764684677124,0.47923782467842096,-0.0005159167340025306,-0.05518333613872528,0.2802727520465851,0.4991863965988159,-0.8554394245147705,0.23351557552814484,-0.058215368539094925,-0.18832275271415713,0.6491737365722656,0.06302058696746826,-0.29130029678344727,-0.6462476253509521,-0.9588725566864013,-0.02346614934504032,0.13529647886753082,0.38657373189926153,-0.027909154072403908,0.07810821384191513
-0.017434783279895782,-0.02584964409470558,0.35299110412597656,0.9935182929039,-0.022928752005100247,0.11100880056619644,-0.008523650467395782,-0.6708950400352478,0.4874360263347626,-0.21869340538978577,2.4410779476165767,0.2828234136104584,0.024396251887083054,-0.42109471559524536,-0.2659282386302948,-0.21960969269275665,2.3010845184326167,0.4822435975074768,-0.008523792028427124,-0.051455151289701455,0.2868608236312866,0.4975524544715881,-0.8613322377204894,0.2253069132566452,-0.06743388622999191,-0.17405171692371368,0.6591719388961792,0.064579539000988,-0.29290667176246643,-0.6673753261566162,-0.9782583713531494,-0.008602296002209185,0.1621934175491333,0.3787939250469208,-0.0316677987575531,0.07858046144247055
-0.018759338185191154,-0.025338947772979736,0.3515574038028717,0.9937177300453186,-0.02312142588198185,0.10920657217502593,-0.008021829649806023,-0.6721110343933105,0.48198577761650085,-0.22237893939018247,2.448084115982056,0.2897660732269287,0.02246832847595215,-0.4189685881137848,-0.2840953469276428,-0.2209500223398209,2.3087427616119385,0.48255723714828486,-0.01830940507352352,-0.04615448415279389,0.2933468520641327,0.4970255196094513,-0.8658286333084105,0.21727806329727167,-0.08004850894212721,-0.1611043810844421,0.6673985719680786,0.06349555402994156,-0.2929708659648895,-0.6910703182220458,-0.994508385658264,0.014077331870794296,0.19420331716537476,0.3642862141132354,-0.03461777791380882,0.07832758128643037
-0.020445816218853,-0.02468456700444221,0.35054194927215576,0.9939190745353698,-0.02266061119735241,0.1074295789003372,-0.008379022590816021,-0.6732829809188843,0.4759301543235778,-0.22480177879333496,2.4552845954895015,0.29491645097732544,0.021724024787545204,-0.41802930831909174,-0.3050670921802521,-0.22162368893623352,2.3184843063354488,0.4812029898166656,-0.02912052907049656,-0.03974670544266701,0.30034127831459045,0.498593270778656,-0.867415726184845,0.20857983827590945,-0.09564531594514848,-0.1457185596227646,0.6744397282600403,0.06013307347893714,-0.29085880517959595,-0.7188405990600586,-1.0061064958572388,0.046312686055898666,0.2342531979084015,0.34464797377586365,-0.035058632493019104,0.07716755568981169
-0.02250027656555176,-0.023789476603269577,0.34968507289886475,0.9940977692604066,-0.021955328062176704,0.10582150518894196,-0.009456909261643887,-0.6752452850341797,0.471914142370224,-0.22495220601558685,2.464471340179444,0.2953338921070099,0.02325502596795559,-0.4184056520462036,-0.326250284910202,-0.2214117646217346,2.330613136291504,0.47662121057510376,-0.039012324064970016,-0.031820204108953476,0.3076782822608948,0.5018191933631897,-0.8652093410491942,0.19907116889953613,-0.1130472868680954,-0.12620790302753448,0.6819524168968201,0.05817881226539612,-0.2866239845752716,-0.7503608465194702,-1.0127204656600952,0.08687639981508255,0.2809066772460937,0.3247607946395874,-0.0340917631983757,0.07400748133659361
-0.024802083149552345,-0.02270739898085594,0.3486760258674621,0.9942249059677123,-0.021563941612839695,0.1046081930398941,-0.010436289943754671,-0.6798477172851562,0.4702149629592896,-0.22329942882061005,2.475989580154419,0.28926882147789,0.02604662254452705,-0.4211474061012268,-0.34475210309028625,-0.21992540359497073,2.343678474426269,0.46967300772666926,-0.04799916595220566,-0.02396433800458908,0.31553736329078674,0.5052019357681273,-0.8610096573829651,0.1896643042564392,-0.1295490711927414,-0.10195425152778624,0.6922085881233215,0.061301551759243005,-0.27953124046325684,-0.7829195261001587,-1.014039158821106,0.12873581051826477,0.3282791078090668,0.30885761976242065,-0.032637182623147964,0.0669928565621376
-0.027354981750249863,-0.02147558890283108,0.34742271900177,0.9943897724151612,-0.0218476727604866,0.10287095606327055,-0.011368917301297188,-0.6838098168373108,0.47049921751022333,-0.22161623835563657,2.488960027694702,0.27822217345237726,0.02955842576920986,-0.42429161071777344,-0.36013063788414,-0.21666775643825528,2.3560540676116943,0.4633416533470154,-0.055040355771780014,-0.016894781962037086,0.3237285017967224,0.5069934725761414,-0.8589330911636353,0.18130764365196228,-0.14468446373939514,-0.07306176424026489,0.7035949230194092,0.06901790201663971,-0.27172067761421204,-0.8163337707519531,-1.009570837020874,0.16880813241004944,0.3767448961734772,0.29696863889694214,-0.03148065134882927,0.06010128557682037
-0.030368335545063015,-0.020068340003490448,0.34588611125946045,0.9945390820503235,-0.022615741938352585,0.10105106234550476,-0.013010280206799507,-0.6870604157447815,0.47056084871292114,-0.22149716317653656,2.5020976066589355,0.2665018439292908,0.03298146277666092,-0.4312901496887207,-0.3766518831253052,-0.21218551695346832,2.3681507110595703,0.46010094881057734,-0.06236385554075241,-0.009432011283934115,0.332981675863266,0.5068646669387816,-0.8591662645339965,0.17551660537719727,-0.15992392599582672,-0.042114097625017166,0.7099044322967529,0.07877062261104582,-0.2637377083301544,-0.8539044260978698,-0.9994775056838989,0.21322898566722867,0.42923855781555176,0.28674304485321045,-0.03112596645951271,0.05980036780238152
-0.033842653036117554,-0.018514031544327732,0.34384024143218994,0.9946950674057008,-0.0227122213691473,0.09906255453824997,-0.015889158472418785,-0.6887701749801636,0.46802258491516113,-0.22118183970451355,2.5151000022888184,0.25915834307670593,0.035412635654211044,-0.4419939815998077,-0.3958975970745087,-0.20466694235801697,2.382129430770874,0.45872005820274353,-0.06960403174161911,-0.0009592846035957336,0.3418312668800354,0.5066832900047302,-0.8577281236648558,0.1741424947977066,-0.1779223084449768,-0.012677284888923168,0.7092922329902649,0.08826645463705063,-0.25453072786331177,-0.8955643773078918,-0.9832506179809569,0.26751697063446045,0.48864224553108215,0.27136728167533875,-0.030103459954261776,0.066746786236763
-0.03790264204144478,-0.016609884798526764,0.34132981300354004,0.9948092103004456,-0.02144203707575798,0.09735745936632156,-0.02040447108447552,-0.6915422081947327,0.46467757225036627,-0.21832484006881717,2.5300159454345703,0.2533342838287353,0.03870679065585136,-0.45802316069602966,-0.41980987787246704,-0.19213023781776428,2.4002370834350586,0.45542266964912415,-0.07865791767835617,0.008949875831604006,0.34967249631881714,0.5074273943901062,-0.8526800870895386,0.1782872378826141,-0.1999025791883469,0.01474074088037014,0.6998772025108337,0.0968801900744438,-0.2446404695510864,-0.9426621794700623,-0.9594536423683167,0.33523300290107727,0.5560877919197083,0.2502857446670532,-0.02415887452661991,0.08045484870672227
-0.04253896325826645,-0.014100025407969952,0.3386949598789215,0.9948012828826904,-0.01895760558545589,0.09661738574504851,-0.02600096166133881,-0.6980492472648621,0.46467116475105286,-0.21202626824378967,2.5480799674987793,0.24445661902427676,0.0470530241727829,-0.4814067482948303,-0.4483836889266968,-0.17424625158309937,2.4217448234558105,0.45069080591201777,-0.0878060832619667,0.019762542098760605,0.3556015491485596,0.5088981986045836,-0.841192364692688,0.18848419189453125,-0.22628809511661527,0.04235078766942024,0.6821258068084717,0.1043468564748764,-0.23417864739894864,-0.9939548373222352,-0.926571488380432,0.4144664704799652,0.6300321221351624,0.22842860221862793,-0.012565873563289642,0.10142756253480913
-0.04774800688028336,-0.010944893583655356,0.33679720759391785,0.9945895671844481,-0.01683327928185463,0.09757389873266221,-0.031425390392541885,-0.7126699686050415,0.47019577026367193,-0.2066840827465057,2.565783739089966,0.23735980689525604,0.06562108546495438,-0.505483090877533,-0.47436961531639094,-0.15800286829471588,2.442383050918579,0.45010700821876526,-0.09174662828445433,0.031124515458941456,0.36034023761749273,0.5123097896575928,-0.8194909691810608,0.2021155655384064,-0.2543446123600006,0.07678540050983429,0.6577709913253784,0.10963086783885956,-0.22237291932106015,-1.0371713638305664,-0.8831429481506348,0.49269625544548035,0.7028765082359314,0.2047776430845261,0.001311140600591898,0.12607912719249725
-0.05257389694452286,-0.007914965972304344,0.335516095161438,0.9944244623184205,-0.01815609633922577,0.09835687279701233,-0.033411119133234024,-0.7265453934669495,0.47646409273147583,-0.20568586885929108,2.5844035148620605,0.2210198640823364,0.08156223595142365,-0.5276228189468384,-0.487749457359314,-0.14693118631839752,2.457987070083618,0.4471125900745392,-0.09418760240077971,0.03933906927704811,0.3674741685390472,0.5134381055831909,-0.7997303605079651,0.21820825338363647,-0.28739050030708313,0.12991994619369507,0.6329280734062195,0.11995501816272736,-0.1997160166501999,-1.0634512901306152,-0.8315799832344054,0.5536999702453613,0.7654511928558348,0.19003432989120483,0.010763138532638548,0.13867858052253723
-0.0565493181347847,-0.005334152840077877,0.33495691418647766,0.9943956732749939,-0.02389384433627129,0.09784929454326627,-0.03212256729602814,-0.7398366332054137,0.4802878201007843,-0.2165546268224716,2.6012167930603027,0.19954249262809756,0.08988621830940247,-0.5385800004005432,-0.4850144386291504,-0.14893847703933716,2.4648740291595455,0.44816020131111145,-0.08918081969022752,0.046044886112213135,0.37875732779502874,0.5138733386993408,-0.7747461795806884,0.2337331473827362,-0.3207150995731354,0.19394408166408536,0.6108775734901428,0.133449524641037,-0.17908623814582825,-1.0654499530792236,-0.7749589085578918,0.5861708521842957,0.8160905838012694,0.1720868945121765,0.018651749938726425,0.1437414586544037
-0.05914197862148285,-0.0033831503242254257,0.3345489501953125,0.994490146636963,-0.033229611814022064,0.09509269148111343,-0.02902548015117645,-0.7463667392730714,0.4859330356121063,-0.23659759759902957,2.6169524192810054,0.17337176203727722,0.09229678660631181,-0.5351192951202393,-0.4640878438949585,-0.15950091183185575,2.463923931121826,0.45199280977249146,-0.07516534626483917,0.05298677086830139,0.39379739761352534,0.5124745965003967,-0.7455778121948241,0.24994526803493497,-0.34870970249176025,0.2554249763488769,0.5828625559806824,0.14724791049957275,-0.16429002583026883,-1.0488262176513672,-0.7174373269081116,0.5949575901031494,0.8602797985076904,0.15644441545009613,0.023154521360993385,0.1416918933391571
-0.060323320329189294,-0.0019514113664627075,0.3344600200653076,0.9945541620254515,-0.04290567338466644,0.09170698374509811,-0.02471690997481346,-0.7492011785507202,0.49057480692863453,-0.2585577964782715,2.6286370754241943,0.14832696318626404,0.09164127707481384,-0.5243492126464844,-0.4373664259910584,-0.1736333966255188,2.4563324451446533,0.45897322893142706,-0.059694331139326096,0.059141144156455994,0.4067286252975464,0.5098817944526672,-0.7091810703277588,0.270144522190094,-0.3679694533348083,0.30599799752235407,0.543060302734375,0.15661564469337463,-0.15051095187664032,-1.0210607051849363,-0.6620209813117981,0.5929749011993408,0.8982004523277282,0.14731042087078094,0.02220489457249641,0.13171669840812683
-0.060048516839742654,-0.0010308921337127683,0.33500054478645325,0.9946044683456419,-0.05039581283926964,0.08846716582775117,-0.01989488676190376,-0.7478603720664978,0.4918217062950134,-0.2762320041656494,2.6342735290527344,0.13009130954742432,0.09077685326337814,-0.5104536414146423,-0.4139957129955292,-0.18512864410877228,2.4442498683929443,0.4663087129592896,-0.04650237411260605,0.06300538033246994,0.4098567068576813,0.5070236325263977,-0.6657771468162537,0.29691636562347407,-0.3803223967552185,0.3478548526763916,0.4910487234592438,0.15782709419727323,-0.13675348460674283,-0.9864035844802856,-0.6098969578742981,0.5991349816322327,0.9313647747039795,0.14397582411766052,0.015001081861555576,0.11949668824672698
-0.05861524865031242,-0.0007472168654203416,0.3360598683357239,0.9947102665901184,-0.05454801023006439,0.08570849150419235,-0.015168137848377228,-0.7414537668228148,0.4852805137634277,-0.2876743674278259,2.632927656173706,0.12161529809236526,0.08624174445867537,-0.4963313937187194,-0.39604881405830383,-0.1911037713289261,2.431072950363159,0.46973958611488337,-0.03467773273587227,0.06253203749656677,0.3983435928821564,0.5057650208473206,-0.6184545755386353,0.33169379830360407,-0.38794928789138794,0.3876281380653381,0.432507187128067,0.15272720158100128,-0.12470519542694092,-0.9509362578392029,-0.5635756850242615,0.6346996426582336,0.9589752554893491,0.13898324966430664,0.0025815274566411968,0.11419035494327544
-0.05650889128446578,-0.0011636652052402496,0.33760949969291687,0.9949311017990112,-0.05558855831623077,0.08309711515903474,-0.01081264577805996,-0.7309206128120422,0.471187949180603,-0.2905733585357666,2.6247944831848145,0.123989537358284,0.07632719725370406,-0.4822224974632263,-0.3812350332736969,-0.1922818422317505,2.417781352996826,0.46755293011665344,-0.023600758984684944,0.0562385767698288,0.3725649416446686,0.5066255927085876,-0.5693725943565369,0.37656396627426153,-0.3953980207443237,0.43124192953109747,0.37153980135917664,0.14885500073432922,-0.11504999548196793,-0.9199644923210144,-0.5260424017906189,0.7150779962539673,0.9790439009666442,0.12119672447443008,-0.012934962287545204,0.1184207871556282
-0.053586993366479874,-0.0023764781653881077,0.33962422609329224,0.9951765537261962,-0.05618445947766304,0.08015761524438858,-0.006457658484578133,-0.7186864018440248,0.45453405380249023,-0.2936590909957886,2.6119384765625,0.13207854330539703,0.06494385004043579,-0.466641902923584,-0.360173374414444,-0.1921345144510269,2.401293992996216,0.46397456526756287,-0.006768875289708376,0.04376264661550522,0.3357377052307129,0.5089182257652283,-0.5153825283050537,0.43926060199737543,-0.4066687822341919,0.4803766012191773,0.30671027302742004,0.14767120778560638,-0.10960865765810011,-0.8956861495971679,-0.501578152179718,0.8576620817184448,0.9855242967605591,0.07058528810739517,-0.031636256724596024,0.13981379568576813
-0.05011413246393204,-0.00444013811647892,0.34164732694625854,0.9954434037208557,-0.056972220540046685,0.07643918693065643,-0.0019140553195029495,-0.7054315805435181,0.436636358499527,-0.29942476749420166,2.597476959228516,0.14690347015857697,0.052767544984817505,-0.4469789564609528,-0.331172376871109,-0.19263753294944763,2.3834629058837886,0.46109539270401,0.01842987723648548,0.024711426347494125,0.29052785038948054,0.5121992230415344,-0.4541440904140472,0.5251156091690063,-0.4267043471336365,0.5253827571868896,0.2526855170726776,0.15752466022968292,-0.1106204241514206,-0.8832530975341795,-0.5028800964355469,1.055044651031494,0.9633253216743469,-0.017751799896359444,-0.0509936437010765,0.16877731680870056
-0.04669232293963432,-0.007112320512533188,0.3432185649871826,0.9956334233283997,-0.058498647063970566,0.07268945872783661,0.0028735480736941095,-0.6958879232406616,0.418721467256546,-0.310432642698288,2.5848546028137207,0.16136862337589264,0.03721505403518677,-0.42638078331947327,-0.2960577607154846,-0.19510164856910703,2.36638617515564,0.4615325629711151,0.04915063828229904,0.0020033288747072216,0.2422461062669754,0.5144822597503662,-0.37980806827545166,0.6357958316802979,-0.4558538198471069,0.5475757122039795,0.23623660206794736,0.18012800812721252,-0.12128687649965286,-0.887698769569397,-0.5389147400856018,1.262186050415039,0.9001221060752868,-0.10677745193243025,-0.06679332256317139,0.1745329350233078
-0.04343927651643753,-0.010367756709456444,0.3444110453128814,0.9958139061927795,-0.05950802192091942,0.06899925321340561,0.007254695985466244,-0.6918705105781555,0.4005842804908752,-0.32469478249549866,2.570460319519043,0.1884276121854782,0.018833156675100327,-0.4084928333759308,-0.2580375373363495,-0.19585999846458435,2.3492915630340576,0.46760231256484985,0.08200840651988982,-0.02038903534412384,0.19055247306823728,0.5143170952796936,-0.28337064385414124,0.7715100646018982,-0.485100120306015,0.5162448287010193,0.2696590721607208,0.21107228100299835,-0.13898129761219025,-0.90497487783432,-0.6112194061279297,1.4432512521743774,0.8056192398071289,-0.1900063455104828,-0.0684872567653656,0.144553005695343
-0.04103463888168335,-0.013965353369712828,0.3450705409049988,0.9960266351699827,-0.05861871317028999,0.06604652106761932,0.011522991582751274,-0.6847925186157227,0.37498286366462713,-0.34192040562629694,2.56119966506958,0.20689730346202848,-0.007034104783087969,-0.3953173458576202,-0.22418619692325592,-0.1959490925073624,2.335242748260498,0.4762839078903198,0.10773200541734695,-0.03952031582593918,0.13053135573863983,0.5127217173576354,-0.1431868076324463,0.9350283145904541,-0.4868752658367157,0.38653108477592474,0.3766841292381287,0.2326793670654297,-0.15019463002681732,-0.9353502988815309,-0.7214367389678955,1.5948902368545532,0.6951310038566588,-0.27906960248947144,-0.056407660245895386,0.08273420482873917
-0.03907272219657897,-0.01783023029565811,0.3453640639781952,0.9964080452919006,-0.055179867893457406,0.062130525708198554,0.01630912534892559,-0.6771735548973083,0.34459996223449707,-0.35993680357933044,2.5507383346557617,0.2366711348295212,-0.027611892670392994,-0.3784396350383759,-0.19887161254882807,-0.19852928817272184,2.322194099426269,0.4836832880973816,0.1229117214679718,-0.04927646741271018,0.0607176311314106,0.5092484951019287,0.08808719366788864,1.119335412979126,-0.35890695452690125,0.12944793701171875,0.5058945417404175,0.22744464874267575,-0.15037226676940915,-0.9652965664863585,-0.8667501807212828,1.7106672525405884,0.5803524255752563,-0.3661818206310272,-0.031716618686914444,0.0014697980368509889
-0.037123262882232666,-0.02149718999862671,0.3443000316619873,0.9964436888694764,-0.05397027358412743,0.06040995568037033,0.023191552609205243,-0.6821066737174988,0.3201774656772613,-0.384997695684433,2.5433237552642822,0.2763602137565613,-0.03741044923663139,-0.3641283214092255,-0.17635402083396912,-0.2092076539993286,2.31179404258728,0.4882678091526032,0.137006938457489,-0.0366847813129425,-8.714277646504343e-05,0.4901675879955292,0.4074896574020386,1.3117241859436035,-0.05272776633501053,-0.180996373295784,0.5663006901741028,0.19041769206523892,-0.14098080992698667,-0.972025752067566,-1.0553932189941406,1.7783523797988892,0.43969032168388367,-0.4021657109260559,-0.013033635914325714,-0.06950791925191879
-0.03631921112537384,-0.025451745837926865,0.3429820239543915,0.9957677721977232,-0.05573384463787079,0.06548798084259033,0.03242964297533035,-0.7158938646316528,0.3060400187969208,-0.4181188344955444,2.5422124862670894,0.31518298387527466,-0.03687597811222077,-0.36959725618362427,-0.166365846991539,-0.2300745099782944,2.309708595275879,0.4901884794235229,0.1443817168474197,-0.004202873446047305,-0.029840895906090736,0.47162893414497375,0.6505528688430786,1.4555984735488892,0.25662639737129206,-0.4213424026966095,0.5716838836669922,0.15205314755439758,-0.13006730377674103,-0.9550909996032714,-1.2594708204269407,1.7942156791687012,0.2719147503376007,-0.3713052868843079,-0.02258642390370369,-0.10938912630081175
-0.03657984361052513,-0.03042663261294365,0.3421562910079956,0.9947376251220704,-0.05945393070578575,0.07341353595256805,0.039658747613430016,-0.7624613046646118,0.3119034469127655,-0.4500501751899719,2.5389204025268555,0.3568221628665924,-0.0316857174038887,-0.3937717974185944,-0.1565994769334793,-0.2503862977027893,2.312323093414306,0.5064308047294617,0.14432431757450104,0.04013887792825698,-0.03701649233698845,0.47037452459335327,0.7450488805770874,1.5383172035217283,0.4920012950897217,-0.5935940742492676,0.5449157953262329,0.12180592119693756,-0.1103234738111496,-0.8904320001602173,-1.4299333095550537,1.7380256652832031,0.1224038153886795,-0.32184532284736633,-0.04014874249696732,-0.12815237045288083
-0.03808129578828812,-0.03561971336603165,0.34037065505981445,0.9936358332633971,-0.06302467733621597,0.08339248597621916,0.04197000339627266,-0.8101102113723754,0.3371790945529938,-0.47070628404617304,2.5391924381256104,0.3755455017089844,-0.02051112428307533,-0.4320495128631592,-0.14639367163181305,-0.2650202214717865,2.3253352642059326,0.5208945870399475,0.1435265690088272,0.08429522812366484,-0.037676509469747536,0.48160794377326965,0.6951208114624025,1.5672144889831543,0.6230179071426392,-0.7053120136260985,0.5319070219993591,0.0958382561802864,-0.10134997963905334,-0.7898195385932921,-1.5210675001144407,1.623441457748413,0.03062565252184868,-0.27182748913764954,-0.047564879059791565,-0.14016243815422058
-0.039941925555467606,-0.040711436420679085,0.3372553586959839,0.9925912022590637,-0.06477613747119904,0.0938265323638916,0.04199334979057312,-0.8515884280204773,0.3730726838111877,-0.479714959859848,2.5420031547546382,0.37479594349861145,-0.00863670092076063,-0.46936175227165217,-0.1386175900697708,-0.27650710940361023,2.3450868129730225,0.5176650881767273,0.1370027661323547,0.11977533996105194,-0.040219839662313454,0.496259331703186,0.5267355442047119,1.5549118518829343,0.6250629425048828,-0.7627952098846436,0.5505034327507019,0.07958686351776123,-0.11471281200647354,-0.7121766209602356,-1.5603693723678589,1.5075609683990479,-0.013834020122885704,-0.22701285779476163,-0.04494698345661163,-0.15102875232696533
-0.04103175178170204,-0.04569942504167557,0.33370354771614075,0.9919047355651855,-0.06950923800468445,0.09834067523479459,0.040281768888235085,-0.8872951865196227,0.4285495579242706,-0.4872660040855408,2.543845891952514,0.36944887042045593,0.006404578685760497,-0.4934644103050232,-0.11990917474031448,-0.2869628965854645,2.358325719833374,0.5146715641021729,0.12480659782886504,0.14909932017326355,-0.029112089425325397,0.5055772066116333,0.30754813551902765,1.5008149147033691,0.5047542452812195,-0.7766662240028381,0.6002727746963501,0.0789441242814064,-0.13307085633277893,-0.7205679416656494,-1.5725848674774168,1.4548765420913696,-0.00911666639149189,-0.17936071753501892,-0.03287419304251671,-0.16826337575912476
-0.04140413179993629,-0.0506012886762619,0.3294745683670044,0.9916378855705261,-0.07928711920976639,0.09424823522567748,0.03853599354624748,-0.9189251065254211,0.49584913253784174,-0.5126646757125854,2.545892000198364,0.35197699069976807,0.03256728872656822,-0.4967868626117706,-0.08594217151403427,-0.2973058819770813,2.3629605770111084,0.5153247117996216,0.1127975657582283,0.17261573672294617,0.002444969257339835,0.5044142007827759,0.0748109444975853,1.3891975879669187,0.28263193368911743,-0.7483617663383485,0.6517768502235413,0.08744563162326813,-0.1588923931121826,-0.7961038947105407,-1.549769639968872,1.4774504899978635,0.03918715938925743,-0.13116012513637543,-0.025964539498090744,-0.19298118352890012
-0.04169344902038574,-0.055304061621427536,0.32420492172241205,0.9911734461784362,-0.09232067316770552,0.08794214576482771,0.03630829229950905,-0.9540410041809082,0.5686845779418945,-0.5563647747039795,2.548985958099365,0.3295641541481018,0.06498073041439056,-0.49892112612724304,-0.04432419314980506,-0.3090256452560425,2.3672420978546143,0.5139498710632324,0.1117948442697525,0.18711797893047327,0.04503878578543663,0.5011917948722839,-0.09074801206588744,1.2283843755722044,0.04735050350427628,-0.6865350008010864,0.6943238973617554,0.10574088245630264,-0.1741049587726593,-0.8653479218482971,-1.4801001548767088,1.528845191001892,0.11946901679039,-0.11272179335355759,-0.025884775444865223,-0.20992411673069
-0.04284832999110222,-0.059257760643959045,0.31738194823265076,0.9902109503746032,-0.10812940448522568,0.08242508023977278,0.03156546130776405,-0.9943791031837464,0.6426770687103271,-0.6168402433395386,2.5591509342193604,0.2864427864551544,0.09352823346853256,-0.5075356364250183,0.0015348121523857117,-0.3186611235141754,2.3771414756774902,0.5087082982063292,0.1200857013463974,0.20062135159969327,0.09731518477201459,0.49707853794097906,-0.20784819126129153,1.054823398590088,-0.18019860982894895,-0.5944384932518004,0.7243907451629639,0.1147461086511612,-0.17514312267303467,-0.9193401932716369,-1.3611187934875488,1.589317798614502,0.24206867814064023,-0.1255369633436203,-0.03000213950872421,-0.22230760753154755
-0.04507683962583542,-0.0623200312256813,0.3092757761478424,0.9888296723365784,-0.12259074300527573,0.08096767216920851,0.025131199508905407,-1.0432705879211424,0.7052618265151978,-0.681738555431366,2.5765421390533447,0.22298486530780792,0.11230213940143584,-0.5268040299415588,0.04080699384212494,-0.3255023956298828,2.3966641426086426,0.4910858571529389,0.1342870593070984,0.21073126792907715,0.14941538870334625,0.4954846799373626,-0.316534161567688,0.8872706294059753,-0.3862074315547943,-0.4707419872283936,0.726564347743988,0.10548414289951324,-0.16124595701694489,-0.9587346315383912,-1.1896672248840332,1.6405627727508545,0.4192986190319061,-0.15643782913684845,-0.037263751029968255,-0.22284632921218872
-0.048128172755241394,-0.06473827362060547,0.30082631111145014,0.9869039058685303,-0.1357361078262329,0.0851171687245369,0.01874641329050064,-1.1080663204193115,0.7562485337257385,-0.7458387613296509,2.596442222595215,0.1510789394378662,0.12461207062005995,-0.5589219927787781,0.07385957241058348,-0.3347385823726654,2.420817852020264,0.46537449955940247,0.14491847157478333,0.219672292470932,0.20158664882183075,0.49847009778022766,-0.43922474980354315,0.7313580513000488,-0.553713858127594,-0.3241385519504547,0.7060336470603943,0.08218178898096083,-0.1366952806711197,-0.9723206162452696,-1.0041842460632324,1.650585651397705,0.6269036531448364,-0.18044649064540863,-0.04014323651790618,-0.19542084634304047
-0.05146964639425278,-0.06677782535552979,0.2933553159236908,0.9846529364585875,-0.14677105844020844,0.09332957863807678,0.01436876505613327,-1.1845510005950928,0.7953956723213197,-0.8008518815040588,2.614985942840576,0.07448013126850128,0.13196346163749695,-0.6003855466842651,0.09994823485612868,-0.3452218472957611,2.4441542625427246,0.44642165303230286,0.14809457957744598,0.23026181757450104,0.2517177164554596,0.5017764568328857,-0.5825282335281372,0.5732294321060181,-0.6847895979881288,-0.13544082641601562,0.6810358166694641,0.05406611040234566,-0.09726165235042573,-0.9603644609451294,-0.8316201567649841,1.5967801809310913,0.8339285850524902,-0.18186229467391968,-0.03613199293613434,-0.14198541641235352
-0.054445520043373115,-0.06801287084817886,0.2883988916873932,0.9824905395507811,-0.15546591579914093,0.10211642831563948,0.01072339154779911,-1.2478511333465576,0.8286333084106445,-0.8344666361808778,2.6261138916015625,-0.00735114049166441,0.13946624100208282,-0.6397303342819214,0.11494001746177672,-0.3534826338291168,2.458126783370972,0.44904547929763794,0.1438126116991043,0.23829302191734317,0.3006165325641632,0.5047101974487305,-0.736491322517395,0.3973835110664368,-0.7800697088241577,0.11970635503530502,0.6836320161819458,0.0359925739467144,-0.040174826979637146,-0.9470146298408508,-0.6767774820327759,1.490213394165039,1.0118314027786255,-0.16378186643123627,-0.03280188515782356,-0.08136417716741562
-0.056284643709659576,-0.06897912174463272,0.28591254353523254,0.9808307886123656,-0.1611650139093399,0.10928025096654892,0.007397450041025877,-1.286273956298828,0.8512532114982606,-0.8548385500907899,2.630768299102783,-0.08866880089044571,0.14412172138690948,-0.6682779788970947,0.12024480104446413,-0.35750314593315125,2.4637527465820312,0.4636311233043671,0.13440410792827606,0.24981567263603208,0.3480919897556305,0.5027284622192383,-0.8767148256301879,0.21796990931034088,-0.8274923563003539,0.38338476419448847,0.7212046384811401,0.0371754914522171,0.013924868777394295,-0.9397684931755066,-0.5507416129112244,1.3621706962585447,1.151681900024414,-0.11778383702039719,-0.03911777585744858,-0.03961048647761345
-0.05744325742125511,-0.07038374245166779,0.2840522527694702,0.9794130325317383,-0.16508667171001434,0.11610589921474455,0.003989136312156916,-1.3148640394210815,0.8601580858230592,-0.8784986138343811,2.632713079452514,-0.15427444875240323,0.14469328522682187,-0.6948862671852112,0.11888129264116289,-0.3634999692440033,2.469493865966797,0.47460597753524786,0.121854767203331,0.26643216609954834,0.3893793523311615,0.4979807436466217,-0.9937859177589417,0.06613101810216904,-0.8333522677421571,0.592008411884308,0.7646455168724061,0.055939961224794395,0.036632172763347626,-0.9502314925193786,-0.4613937139511108,1.2290859222412107,1.2619887590408323,-0.03531587868928909,-0.04931957647204399,-0.021245786920189857
-0.058381423354148865,-0.07182560861110687,0.28123435378074646,0.9782510995864867,-0.16755083203315735,0.12226604670286179,-0.0015914759133011103,-1.3459465503692627,0.8659342527389526,-0.906489610671997,2.637988805770874,-0.18780106306076047,0.146571084856987,-0.7231450080871582,0.11764873564243317,-0.3641813695430756,2.482122898101806,0.4661828279495239,0.11630568653345108,0.28212323784828186,0.4161591529846192,0.49622440338134766,-1.082991361618042,-0.0387645922601223,-0.8222053050994873,0.7179824113845825,0.7872997522354126,0.0721585303544998,0.04119861125946045,-0.9769701957702637,-0.4089862704277039,1.1099438667297363,1.3393139839172363,0.07586955279111862,-0.062214337289333344,-0.020710762590169903
-0.05916786193847656,-0.07352226972579955,0.27716696262359614,0.9775617718696593,-0.16839349269866943,0.12619979679584503,-0.009496575221419334,-1.3689357042312622,0.876542329788208,-0.9311066269874573,2.643614768981933,-0.19760814309120175,0.14778929948806763,-0.7437162399291992,0.117966428399086,-0.35788843035697937,2.499390125274658,0.44564217329025274,0.11628489941358566,0.2927166521549225,0.4282498061656952,0.4956467747688293,-1.143482685089111,-0.10012236982584,-0.8107361793518065,0.7818905115127563,0.7878521680831909,0.07475157082080841,0.04837659746408463,-1.0101011991500854,-0.38265570998191833,1.024641513824463,1.3917236328125,0.20072710514068604,-0.08139315992593765,-0.020888403058052063
-0.059263523668050766,-0.07562918961048126,0.27157580852508545,0.9772787690162658,-0.16870917379856107,0.12727259099483487,-0.016283759847283363,-1.3725343942642212,0.893705904483795,-0.9401253461837769,2.6456515789031982,-0.18957448005676267,0.14606378972530365,-0.7482472062110899,0.12443652004003523,-0.35028132796287537,2.515084981918335,0.42834031581878657,0.12235867977142333,0.29724228382110596,0.43501225113868713,0.494357705116272,-1.17263126373291,-0.13157960772514343,-0.8066264390945433,0.8112497925758362,0.7738744020462035,0.06896552443504332,0.059851624071598046,-1.042510986328125,-0.37264141440391535,0.9934384822845459,1.4340704679489136,0.3033917546272278,-0.09130054712295532,-0.011162803508341312
-0.059118181467056274,-0.0778713971376419,0.26682049036026,0.9779006242752076,-0.1641959846019745,0.12792861461639404,-0.019606187939643856,-1.361250400543213,0.9123331904411317,-0.9185307621955872,2.646302938461304,-0.1824980080127716,0.14844931662082672,-0.7482189536094666,0.1213902160525322,-0.34135255217552185,2.527979612350464,0.4155246317386627,0.12062832713127136,0.29512062668800354,0.43007841706275934,0.4975596070289612,-1.1776976585388184,-0.1444334238767624,-0.8082414865493774,0.8385146260261535,0.7486542463302611,0.07149547338485718,0.07673223316669464,-1.0678468942642212,-0.3693577349185944,0.9779045581817627,1.462409257888794,0.37868326902389526,-0.08441332727670668,-0.00046484760241582984
-0.058559224009513855,-0.08007368445396422,0.2678804099559784,0.9788902997970579,-0.15837131440639496,0.1276023834943771,-0.020246848464012143,-1.335282564163208,0.926770567893982,-0.8828995823860168,2.6422977447509766,-0.20567329227924344,0.15291336178779602,-0.7450341582298279,0.11277926713228224,-0.33642107248306274,2.52474045753479,0.4237739443778992,0.11549797654151917,0.2855548858642578,0.42400375008583063,0.5018836855888367,-1.1685110330581665,-0.14558720588684082,-0.8066434860229491,0.8583331704139708,0.7158817052841187,0.07066740840673447,0.09205482900142668,-1.0716843605041504,-0.36872419714927673,0.9288829565048216,1.4763760566711424,0.42507341504096974,-0.06941607594490051,0.011650368571281431
-0.05742320418357849,-0.08179447054862976,0.2730670273303985,0.9800147414207457,-0.15221466124057767,0.12682470679283142,-0.017812907695770264,-1.3031649589538574,0.925878405570984,-0.8527001738548279,2.6350154876708984,-0.2481205612421036,0.15469865500926971,-0.7399316430091859,0.10305633395910264,-0.33586546778678894,2.51017427444458,0.44092461466789246,0.10955499112606049,0.2716531455516815,0.4173793792724609,0.5038724541664124,-1.1543720960617063,-0.13757331669330597,-0.7957622408866881,0.8647200465202332,0.688741147518158,0.0659186989068985,0.09624927490949631,-1.0588932037353516,-0.3719941675662994,0.8483760356903075,1.4735867977142332,0.45213064551353455,-0.05490602180361748,0.008426131680607796
-0.05566965788602829,-0.08324883878231049,0.2789059281349182,0.9811685681343079,-0.14692240953445435,0.12466496229171752,-0.013442090712487696,-1.2696523666381836,0.9117339253425598,-0.8299866318702698,2.627052068710327,-0.2872520983219147,0.15278540551662445,-0.7297637462615967,0.09461340308189392,-0.3398606479167938,2.4923415184021,0.4567723572254181,0.10257980227470397,0.2565632164478302,0.41023638844490046,0.5036948323249817,-1.1326444149017332,-0.11847935616970062,-0.7819293141365051,0.8523673415184021,0.6612222194671631,0.060035869479179375,0.08679167181253433,-1.0360002517700195,-0.3777930736541748,0.7815207839012147,1.447387456893921,0.4650783836841583,-0.049180131405591965,-0.0007980677182786167
-0.05360317975282669,-0.08425909280776978,0.283363401889801,0.9823710322380066,-0.14114977419376373,0.1221618801355362,-0.010019497014582155,-1.235342025756836,0.8945956230163574,-0.8032464385032653,2.619148731231689,-0.30374473333358765,0.15058684349060059,-0.7181565165519713,0.08656217157840727,-0.3406115174293518,2.478980302810669,0.4604117274284362,0.09819600731134415,0.2415611445903778,0.40147987008094793,0.5052345395088196,-1.1016923189163208,-0.08687553554773329,-0.7695466876029968,0.8187206983566285,0.6242579817771912,0.05613525211811066,0.06685418635606766,-1.0059396028518677,-0.38750505447387695,0.7542227506637573,1.3937467336654663,0.44932979345321655,-0.047377996146678925,0.0018333920743316408
-0.05152840539813042,-0.08465611934661865,0.2875056564807892,0.9837126731872559,-0.13407035171985626,0.11946474015712738,-0.007914524525403976,-1.19970703125,0.8781884908676147,-0.7660711407661438,2.610330820083618,-0.29352623224258423,0.15146787464618683,-0.7044693827629088,0.07658839225769043,-0.33487871289253235,2.4682042598724365,0.4583741426467896,0.09532275050878525,0.22640529274940488,0.3907720744609833,0.5090619921684265,-1.0560507774353027,-0.044366538524627686,-0.7627528905868529,0.7707811594009398,0.5765407085418701,0.05728009715676308,0.04517843201756477,-0.9682533740997313,-0.40234804153442383,0.7660152316093444,1.3181147575378416,0.40895798802375793,-0.04112928733229637,0.01947243325412273
-0.04874911904335021,-0.08421923220157622,0.2926277220249176,0.9850091934204099,-0.12772642076015472,0.1157468482851982,-0.006748802028596401,-1.1593412160873413,0.8629117012023925,-0.7243671417236328,2.5992720127105713,-0.27670598030090326,0.15306435525417328,-0.6846723556518555,0.06752525269985199,-0.32732138037681574,2.452928066253662,0.4601098895072937,0.09260217845439911,0.2121272385120392,0.38126394152641296,0.5118626356124878,-0.9995056390762328,0.0037521037738770247,-0.7595075964927673,0.7201551198959352,0.5261951088905334,0.06278422474861145,0.026553282514214516,-0.9180814623832703,-0.41944342851638794,0.7970012426376343,1.2313168048858643,0.34875380992889404,-0.02816152572631836,0.04346887394785881
-0.04493888467550278,-0.08311125636100769,0.29891833662986755,0.9862496256828307,-0.1224432736635208,0.11084388941526412,-0.005735372193157673,-1.1138052940368652,0.8482170701026915,-0.6812462210655212,2.585507392883301,-0.2628680467605591,0.15452918410301208,-0.657501220703125,0.06114562228322029,-0.3198285400867462,2.431375026702881,0.46619495749473566,0.09215044230222702,0.19722424447536469,0.3721436262130737,0.5129612684249878,-0.9342338442802429,0.05879434943199158,-0.7566814422607421,0.6708561778068542,0.4749159514904022,0.07081107795238495,0.010703560896217825,-0.8529084920883178,-0.4375609457492828,0.8371488451957703,1.1332032680511475,0.2686499357223511,-0.008603980764746668,0.07076489180326462
-0.040299415588378906,-0.08146883547306061,0.3060701787471771,0.9872786402702333,-0.1186317354440689,0.10573811084032057,-0.005172756500542164,-1.064807653427124,0.8339427113533021,-0.640221357345581,2.568268299102783,-0.2453196495771408,0.15423324704170227,-0.626398503780365,0.059259418398141854,-0.31277135014534,2.40393614768982,0.4745558798313141,0.09522797912359235,0.1815761923789978,0.36348119378089905,0.5137920379638672,-0.862670660018921,0.12012851238250732,-0.7530996203422545,0.6249367594718933,0.4283341467380524,0.08246405422687529,-0.003568940330296755,-0.7779238224029541,-0.4565412700176239,0.8809251189231871,1.028124451637268,0.17581914365291595,0.014889365062117577,0.09642690420150755
-0.035272352397441864,-0.0796385258436203,0.3132483661174774,0.9881678223609923,-0.11523369699716568,0.10109079629182816,-0.0051191411912441245,-1.015793800354004,0.8202516436576843,-0.6016297936439513,2.5480484962463374,-0.21974372863769528,0.15394768118858335,-0.5938297510147095,0.06030051410198212,-0.30491626262664795,2.3743762969970703,0.48289051651954645,0.1012669950723648,0.16519904136657715,0.3530765175819397,0.515470027923584,-0.7893032431602478,0.1826295554637909,-0.748559832572937,0.5874309539794922,0.39161917567253113,0.0971241295337677,-0.014429056085646152,-0.7017923593521118,-0.47367334365844727,0.9160293340682985,0.9293595552444458,0.09011748433113098,0.03617367520928383,0.11252088099718092
-0.02987038530409336,-0.07763884961605072,0.3203239440917969,0.9890139102935792,-0.11172208935022354,0.09664837270975113,-0.005361957475543022,-0.964529514312744,0.8051785826683043,-0.5636181831359863,2.524203300476074,-0.18508069217205048,0.1519665569067001,-0.559342086315155,0.06450521945953369,-0.29542791843414307,2.3428874015808105,0.4918639957904816,0.11023208498954772,0.14689978957176208,0.3402625620365143,0.5175964832305908,-0.7104504704475403,0.2474871277809143,-0.7424286007881165,0.555029034614563,0.36412557959556574,0.11334192752838133,-0.021463021636009216,-0.6237981915473938,-0.48988351225852966,0.9405746459960936,0.8355707526206969,0.013750012032687664,0.054811667650938034,0.12198112159967422
-0.023834971711039543,-0.07586032152175902,0.3267364799976349,0.9900593161582946,-0.10665614157915115,0.091603122651577,-0.003986651543527842,-0.9047831296920776,0.7852421998977661,-0.5138483643531799,2.496162176132202,-0.1478589028120041,0.14568743109703064,-0.51697838306427,0.06735880672931671,-0.281779408454895,2.313352108001709,0.4786398112773895,0.11897952109575272,0.12452738732099532,0.3212100565433502,0.5168083310127257,-0.6166438460350037,0.3205017149448395,-0.7414766550064088,0.5218618512153625,0.33730632066726685,0.13714997470378876,-0.027771618217229843,-0.5355693697929382,-0.5078187584877014,0.9510809779167176,0.7361164093017578,-0.0668683871626854,0.07026352733373642,0.1328960806131363
-0.016290003433823586,-0.0736894980072975,0.33445924520492554,0.9912766814231871,-0.10075347125530242,0.08485463261604309,-0.004355777986347675,-0.8320307135581969,0.7642098069190979,-0.46696972846984863,2.462858200073242,-0.09597929567098616,0.13460950553417203,-0.470260351896286,0.07649266719818115,-0.27042609453201294,2.2725460529327393,0.48923221230506897,0.13035809993743896,0.1032918021082878,0.2986411452293396,0.5175999999046326,-0.5126526355743408,0.39319959282875055,-0.7269059419631958,0.49425771832466125,0.3200092017650604,0.14981438219547272,-0.03378339484333992,-0.4358860552310944,-0.5238648653030396,0.9477852582931519,0.6499376893043518,-0.12842929363250732,0.08177190274000166,0.13102400302886963
-0.007597574964165687,-0.07135223597288132,0.34249234199523926,0.992921233177185,-0.09175369888544081,0.0753200426697731,-0.0039442419074475765,-0.7443431019783021,0.7313917279243469,-0.4204025864601135,2.425504684448242,-0.020335387438535687,0.12151933461427689,-0.4119223356246948,0.08242619037628172,-0.2595527768135071,2.223395347595215,0.5200408697128296,0.1466541588306427,0.08024103939533234,0.26852947473526,0.5182907581329346,-0.4023165106773376,0.46132248640060414,-0.6975879669189453,0.4764508306980133,0.3124749958515167,0.1563163697719574,-0.03724683448672295,-0.3308592736721039,-0.5364526510238647,0.9329365491867064,0.5847106575965881,-0.16575637459754944,0.09183038771152496,0.1197863444685936
0.0013148589059710503,-0.06929686665534973,0.3491519093513489,0.9947252273559569,-0.07906875014305113,0.06533956527709961,-0.0007343472680076957,-0.6600323915481567,0.6906357407569885,-0.3704981207847595,2.3891515731811523,0.05134677514433861,0.11353824287652968,-0.3517116904258728,0.06979154795408249,-0.2406828701496124,2.1881618499755855,0.5200403332710266,0.1525689512491226,0.058596666902303696,0.2299152165651321,0.5090086460113524,-0.28441789746284485,0.5207948088645935,-0.667259693145752,0.4624288082122802,0.30118632316589355,0.16315709054470062,-0.03921836987137794,-0.2172599285840988,-0.5462920665740967,0.8954789638519286,0.5331414341926575,-0.19283440709114075,0.09449920058250429,0.10772532224655151
0.010939836502075195,-0.06710835546255112,0.3554412424564361,0.9962042570114136,-0.06457426398992537,0.05828796699643135,0.003117731073871255,-0.5872045159339905,0.6431830525398254,-0.32420626282691956,2.351437568664551,0.12196768075227736,0.10624723881483078,-0.2995067238807678,0.047032419592142105,-0.2206832617521286,2.155701160430908,0.5170028209686279,0.15613681077957153,0.043495245277881615,0.1882939338684082,0.47884243726730347,-0.17004261910915375,0.5628094673156737,-0.6247036457061768,0.46469923853874207,0.28791534900665283,0.16476452350616455,-0.03700629249215127,-0.09641701728105544,-0.5464023947715759,0.8399086594581603,0.5074740052223206,-0.19557134807109833,0.09375590831041336,0.08262621611356734
0.020390385761857033,-0.06490684300661087,0.3613961935043335,0.9968896508216858,-0.051919903606176376,0.05890774726867676,0.0067259115166962155,-0.5441268682479857,0.6003990769386292,-0.2856874763965606,2.313993453979492,0.18366520106792447,0.1014353409409523,-0.27000665664672846,0.021913988515734673,-0.2055119425058365,2.126747369766236,0.5133360028266907,0.15755347907543182,0.03665925934910774,0.1533958315849304,0.4235365092754364,-0.0745478942990303,0.57659512758255,-0.5682617425918579,0.49290716648101807,0.25821399688720703,0.16030815243721008,-0.02449490875005722,0.0188653077930212,-0.5353811383247375,0.7711380124092102,0.5110222101211548,-0.16074016690254211,0.08844953030347824,0.036961380392313
0.02910961583256721,-0.06257744133472443,0.3672947883605957,0.9970828890800477,-0.04052652046084404,0.06400247663259506,0.00932587031275034,-0.5218627452850342,0.562752366065979,-0.252785325050354,2.2776994705200195,0.23444117605686188,0.09736420214176178,-0.25494664907455444,-0.004957473371177912,-0.19356632232666013,2.100989580154419,0.5135637521743774,0.1561942994594574,0.03475118428468704,0.12496004998683928,0.3626925349235535,-0.0022590216249227524,0.5574357509613037,-0.4959264397621154,0.5437073111534119,0.19703722000122073,0.1490282118320465,0.0043559703044593326,0.11150290817022324,-0.5143855810165405,0.6895578503608704,0.5399447679519653,-0.09130070358514784,0.07757261395454407,-0.026322564110159877
0.03676995635032654,-0.05997421592473984,0.3719193041324616,0.9970194697380066,-0.02873005904257297,0.07087434083223343,0.010177080519497395,-0.5106699466705321,0.5253625512123108,-0.223118469119072,2.2480497360229488,0.2715580761432648,0.08937973529100418,-0.24815511703491208,-0.03679149970412254,-0.18133392930030823,2.0826261043548584,0.5179407596588135,0.15391656756401062,0.0347801074385643,0.09923508018255232,0.30527642369270325,0.0472908690571785,0.5084272623062134,-0.41665378212928766,0.6154994964599608,0.10253741592168808,0.1327262818813324,0.046258091926574714,0.1739889532327652,-0.4859673082828522,0.6001761555671692,0.5885782241821289,-0.012953931465744972,0.06462113559246063,-0.08831795305013657
0.04260766506195068,-0.057155705988407135,0.37374499440193176,0.9968128800392151,-0.01722281239926815,0.07738200575113297,0.008911894634366035,-0.5027377605438232,0.48983234167099,-0.19495816528797147,2.2300913333892822,0.2966955900192261,0.0784388855099678,-0.24568930268287656,-0.07497945427894592,-0.16948658227920532,2.0765683650970455,0.5181381702423096,0.15133561193943024,0.03454924747347832,0.07649233192205429,0.2578212022781372,0.07061997801065445,0.443206399679184,-0.34651872515678406,0.7003548741340637,-0.004001709166914225,0.11891703307628632,0.08334982395172118,0.2058013379573822,-0.4530591070652008,0.5097978711128235,0.6492300033569336,0.05299334973096848,0.054548729211092,-0.13239231705665588
0.047169841825962074,-0.05403310805559158,0.3742438852787018,0.9965059161186217,-0.007382612209767102,0.08293414860963821,0.006580953486263752,-0.4948795139789581,0.46029773354530334,-0.16839146614074707,2.217903614044189,0.32172474265098566,0.06662286818027496,-0.2442174255847931,-0.114574134349823,-0.1596158891916275,2.075981855392456,0.511878490447998,0.14850297570228577,0.03270246461033821,0.057884044945240014,0.21800708770751956,0.07131198048591614,0.3769199848175049,-0.2943730354309082,0.792564868927002,-0.1007755622267723,0.11043550074100494,0.10471170395612717,0.2141172289848328,-0.4154597818851471,0.4189663827419281,0.7189107537269592,0.11391808092594145,0.04825359210371971,-0.16354066133499143
0.05152694508433341,-0.050543468445539474,0.37407234311103826,0.9962785840034484,0.0007665132288821042,0.08612217009067534,0.003379709552973509,-0.4813580513000488,0.4365429282188416,-0.14371836185455322,2.206282138824463,0.3520083427429199,0.05410679429769516,-0.23718862235546112,-0.1510993391275406,-0.1493462175130844,2.0762243270874023,0.5004065036773682,0.14206914603710175,0.030809521675109863,0.041653625667095184,0.1869629919528961,0.05694082751870155,0.3219178318977356,-0.266448438167572,0.886109709739685,-0.1687847077846527,0.10544046014547348,0.10609666258096694,0.2044672667980194,-0.37400755286216736,0.3354926109313965,0.7944241166114806,0.16899850964546204,0.043099161237478256,-0.1912076622247696
0.056159742176532745,-0.046832844614982605,0.37407851219177246,0.9962521791458128,0.006134754046797752,0.08627239614725113,-0.0010441457852721214,-0.4587394595146179,0.42365562915802,-0.1184486374258995,2.19104266166687,0.38026010990142817,0.04581837356090546,-0.22289469838142395,-0.18076033890247345,-0.13903599977493286,2.072851657867432,0.4849400520324707,0.12753862142562866,0.02592772804200649,0.02857888489961624,0.1615973860025406,0.04095268994569778,0.2803552746772766,-0.26294285058975214,0.9772485494613647,-0.21114522218704224,0.10853998363018036,0.09240206331014632,0.18071095645427704,-0.3316026628017425,0.2600649893283844,0.8755965828895568,0.2069237381219864,0.0391291119158268,-0.21792086958885193
0.06289559602737427,-0.04343588650226593,0.37553617358207697,0.9966337680816649,0.006659692153334618,0.08153671771287918,-0.005341776646673679,-0.41863501071929926,0.4218988716602325,-0.0963074192404747,2.1695427894592285,0.3966985046863556,0.03513624146580696,-0.19351565837860107,-0.19030882418155673,-0.1248372569680214,2.0562100410461426,0.46972993016242975,0.11534026265144348,0.01727349683642387,0.024919088929891583,0.1385090798139572,0.037049856036901474,0.2527780532836914,-0.2770530879497528,1.0390477180480957,-0.226293608546257,0.11284118145704268,0.0783839300274849,0.1556016206741333,-0.28841000795364374,0.18733108043670652,0.9483270049095152,0.22832404077053073,0.037389922887086875,-0.23521859943866727
0.07011450082063675,-0.04085947945713997,0.37664076685905457,0.9973041415214537,0.00641454104334116,0.07258564233779907,-0.008641048334538937,-0.37172892689704895,0.4191224873065949,-0.08232761174440384,2.146093368530273,0.405597060918808,0.024500394240021706,-0.1518748700618744,-0.1922664940357208,-0.1162109151482582,2.033164978027344,0.471935361623764,0.11287765949964523,0.010617290623486042,0.022644376382231712,0.1199926808476448,0.04714857041835785,0.23703688383102417,-0.3006689548492432,1.0634691715240479,-0.2228549420833588,0.11370334029197691,0.07495249807834625,0.13967540860176086,-0.2514328956604004,0.13539846241474152,0.9952979683876035,0.22458828985691073,0.04110400378704071,-0.24108846485614777
0.07637853175401686,-0.038971126079559326,0.377442330121994,0.9977743625640867,0.007710885256528854,0.06529045104980469,-0.011132514104247091,-0.3327840566635132,0.4109955728054047,-0.07101117074489594,2.125445604324341,0.4178042411804199,0.012367759831249712,-0.12170133739709854,-0.19736106693744657,-0.11024025082588196,2.016510486602783,0.4739072918891906,0.11283924430608748,0.006349396891891956,0.01519052032381296,0.10434218496084212,0.05615902692079544,0.22989501059055328,-0.3292926251888275,1.0678684711456299,-0.2148083597421646,0.10761735588312148,0.07766582071781158,0.12919706106185913,-0.22682739794254303,0.11837637424468994,1.0158741474151611,0.20426256954669952,0.04134596884250641,-0.23640814423561096
0.08113616704940797,-0.03742831572890282,0.3780870735645294,0.9980653524398804,0.010343192145228384,0.059868041425943375,-0.013206634670495985,-0.30295753479003906,0.3977865874767304,-0.06099184602499008,2.108398914337158,0.4304945170879364,-0.0028295228257775302,-0.10090893507003784,-0.2056279182434082,-0.10505878925323486,2.007359027862549,0.4715850949287415,0.11365852504968645,0.0016380855813622475,0.0038390492554754014,0.09361475706100464,0.056822385638952255,0.22661983966827393,-0.3564310669898987,1.0693001747131348,-0.2077898532152176,0.10115906596183775,0.08490022271871567,0.11804387718439102,-0.21396298706531525,0.12015586346387865,1.0193415880203247,0.1763568818569183,0.0406440794467926,-0.22837054729461667
0.08476600795984268,-0.03598596528172493,0.3787694573402405,0.9982458949089049,0.01328264269977808,0.05548449605703354,-0.015816986560821533,-0.2778039574623108,0.3834564089775085,-0.05055131763219833,2.093801975250244,0.4405549764633178,-0.019613316282629967,-0.08706191927194595,-0.21516369283199313,-0.09947292506694792,2.0033109188079834,0.46889859437942494,0.11440398544073103,-0.004906782414764166,-0.008369813673198223,0.08599087595939635,0.05075032263994217,0.22436206042766568,-0.38322183489799494,1.068566918373108,-0.20204433798789975,0.09595392644405365,0.09571436047554016,0.1034686341881752,-0.20868736505508423,0.12865686416625977,1.0119056701660156,0.1459282338619232,0.03991977497935295,-0.21963372826576233
0.08735887706279753,-0.03468963876366615,0.37946781516075134,0.9983547925949096,0.015887467190623283,0.05170724540948868,-0.019014967605471608,-0.2553198039531708,0.37190333008766174,-0.04030057042837143,2.0816493034362793,0.4461330771446228,-0.03346813842654228,-0.07852070033550262,-0.22386707365512848,-0.09334184229373933,2.0036723613739014,0.46768015623092646,0.11602919548749924,-0.012854935601353644,-0.019412752240896225,0.08182284981012344,0.03777344524860382,0.2213289588689804,-0.408161848783493,1.0631601810455322,-0.1987807899713516,0.09083876758813858,0.10924068838357924,0.08488814532756805,-0.20989638566970825,0.13944765925407407,0.9953342080116273,0.12174752354621889,0.03726831451058388,-0.20854137837886808
0.08893027901649475,-0.033843450248241425,0.379966139793396,0.998413860797882,0.018630707636475563,0.04852709174156189,-0.021630072966217995,-0.23935067653656003,0.36387595534324646,-0.03037984482944012,2.072023868560791,0.4528470635414124,-0.0447671078145504,-0.07239312678575516,-0.23343835771083832,-0.08648372441530228,2.0095882415771484,0.457210510969162,0.1201511025428772,-0.021645551547408104,-0.029630327597260475,0.08042863756418227,0.02154067531228065,0.216093510389328,-0.43155843019485474,1.0552289485931396,-0.20250870287418363,0.08436454087495805,0.1283767521381378,0.06185158342123032,-0.21443174779415128,0.14388723671436307,0.9750248193740845,0.09672997891902925,0.035676322877407074,-0.19610808789730072
0.08983001112937926,-0.03294485807418823,0.380235344171524,0.9984225034713744,0.020112160593271252,0.045529555529356,-0.025983586907386776,-0.21991218626499176,0.35852858424186707,-0.01993221789598465,2.064455032348633,0.45363795757293696,-0.052915047854185104,-0.0725688710808754,-0.24434456229209897,-0.08168094605207443,2.0193696022033687,0.4541802704334259,0.1210593432188034,-0.02811642922461033,-0.03380203619599342,0.08013282716274261,-0.0018051156075671315,0.2086803913116455,-0.4465785622596741,1.0410187244415283,-0.20601864159107208,0.0781288743019104,0.141918808221817,0.03778163343667984,-0.2205180823802948,0.15054163336753845,0.9567024707794188,0.09115850925445555,0.03392624482512474,-0.18697695434093475
0.09029989689588545,-0.03220336139202118,0.3803663551807404,0.998417317867279,0.02098509669303894,0.04248655959963799,-0.030288148671388623,-0.2025850862264633,0.35419416427612305,-0.01039003860205412,2.05833101272583,0.45593565702438354,-0.060325637459754944,-0.07294287532567979,-0.2539013624191284,-0.07734950631856918,2.0279295444488525,0.44913697242736816,0.12306747585535048,-0.03272513300180435,-0.03429333120584488,0.08021809160709381,-0.025903018191456795,0.1989597827196121,-0.45729255676269526,1.0251729488372803,-0.21183928847312927,0.07049129903316498,0.1537623554468155,0.015096007846295832,-0.22627265751361847,0.15749691426753995,0.9426560997962952,0.0851825699210167,0.03332092612981796,-0.18047454953193665
0.09047409892082214,-0.03138274326920509,0.38057631254196167,0.9983590245246888,0.021032972261309624,0.039883684366941445,-0.03529989346861839,-0.18335598707199097,0.3513019382953644,-0.0013601991813629863,2.053049087524414,0.4537352919578552,-0.06638500094413757,-0.07459579408168791,-0.2643581032752991,-0.07606848329305647,2.032083034515381,0.4504551589488983,0.12389769405126572,-0.03614066541194916,-0.030136464163661003,0.07846170663833618,-0.05290037766098976,0.18762142956256864,-0.46217280626297,1.0066757202148435,-0.21647837758064273,0.06162373349070549,0.162337064743042,-0.0040243156254291534,-0.23148661851882932,0.1692783385515213,0.9326331615447998,0.0882992222905159,0.0316869355738163,-0.17496107518672943
0.09012186527252196,-0.030831642448902127,0.3807535767555237,0.9983652234077453,0.02068069018423557,0.03693565353751183,-0.03840475156903266,-0.17117264866828918,0.351990669965744,0.004578277468681336,2.048870801925659,0.45623311400413513,-0.06772875785827637,-0.07152388244867325,-0.27046197652816767,-0.07552104443311691,2.033313751220703,0.44610914587974554,0.126954585313797,-0.03959534689784049,-0.02498499304056168,0.0768480971455574,-0.07366372644901276,0.17479903995990753,-0.46522822976112366,0.9883412718772888,-0.22408409416675568,0.0498204194009304,0.1732899099588394,-0.020027531310915943,-0.23460291326045987,0.17704094946384427,0.9229826927185057,0.07747112214565277,0.03276057913899422,-0.16635558009147644
0.0893859788775444,-0.030395641922950745,0.38085439801216125,0.9983999133110046,0.019582001492381092,0.03433864936232567,-0.040435321629047394,-0.16221800446510315,0.3556741178035736,0.007717970293015242,2.046118259429932,0.45789071917533875,-0.0667857751250267,-0.06739271432161331,-0.2735021710395813,-0.07695058733224867,2.032910823822021,0.4429866969585418,0.12999157607555387,-0.04306494817137718,-0.01792667992413044,0.07439947873353958,-0.08987911790609358,0.16232922673225403,-0.4654069244861602,0.9707502722740173,-0.23050574958324432,0.038084223866462714,0.18158654868602753,-0.03142879530787468,-0.23593895137310028,0.18439096212387085,0.9130550026893616,0.06357407569885254,0.03463884815573692,-0.1546354591846466
0.08837299048900604,-0.03002539277076721,0.38078448176383967,0.99846214056015,0.017532845959067345,0.032040666788816445,-0.041704826056957245,-0.15531928837299347,0.3629234135150909,0.008521936833858492,2.045133829116821,0.45715799927711487,-0.06268924474716187,-0.06337759643793106,-0.2740471661090851,-0.08059602230787277,2.031830072402954,0.4424043595790863,0.13258029520511627,-0.04587360098958016,-0.008333570323884487,0.07128329575061798,-0.10064604878425598,0.15084299445152283,-0.46497642993927,0.9535052180290222,-0.23469632863998413,0.026504388079047203,0.18741078674793243,-0.03772394731640816,-0.23574551939964292,0.1903338432312012,0.90289568901062,0.04935409128665924,0.036945790052413933,-0.14032982289791107
0.08694635331630705,-0.029618451371788975,0.3804933428764343,0.9985465407371522,0.014810041524469852,0.02999529242515564,-0.042257871478796005,-0.15049304068088531,0.3737820088863373,0.007646404206752778,2.046217679977417,0.4543977677822113,-0.0549839586019516,-0.060186538845300674,-0.27319759130477905,-0.08653989434242249,2.0319457054138184,0.44195425510406494,0.1348574459552765,-0.047813355922698975,0.0027854426298290487,0.0681760236620903,-0.10688834637403488,0.14128638803958893,-0.4669463932514191,0.938824713230133,-0.23672838509082797,0.01617022231221199,0.19188342988491056,-0.03959495201706886,-0.23403728008270264,0.19509369134902957,0.8949421048164367,0.03755699098110199,0.03904943913221359,-0.123301200568676
0.0851028561592102,-0.029200630262494087,0.3799906373023986,0.9986356496810912,0.011644916608929634,0.0282065961509943,-0.04237401857972145,-0.1477428525686264,0.3866760432720184,0.005102191120386124,2.049372673034668,0.45025005936622614,-0.0453326441347599,-0.05845917388796806,-0.27110522985458374,-0.0936761274933815,2.0338242053985596,0.4417401552200317,0.1363832652568817,-0.04828999564051628,0.014567136764526367,0.06548826396465302,-0.11000841110944748,0.13466103374958038,-0.4742317497730255,0.9295570850372313,-0.2369588017463684,0.007870453409850597,0.19604672491550443,-0.038632832467556,-0.2309171557426453,0.19987553358078,0.8936203718185424,0.028836969286203384,0.041936207562685006,-0.10627055168151855
0.08305180817842484,-0.0288347490131855,0.3794866800308228,0.9987210035324096,0.008022435009479521,0.026727596297860146,-0.04216213524341583,-0.14669273793697357,0.400403618812561,0.001206155284307897,2.0539565086364746,0.4459971189498901,-0.03467860817909241,-0.05792124196887016,-0.2667275071144104,-0.1012105718255043,2.03621506690979,0.44077238440513605,0.13703450560569763,-0.04789873212575912,0.026416424661874768,0.06412865221500397,-0.11108096688985825,0.13176020979881287,-0.48758095502853394,0.9294803142547609,-0.23582802712917328,0.002842905931174755,0.199963703751564,-0.03600392863154411,-0.22657737135887143,0.205697163939476,0.9023176431655885,0.021620837971568108,0.045906875282526016,-0.09197024255990982
0.08102811872959137,-0.02851003408432007,0.3792451322078705,0.9988083243370056,0.003983602859079838,0.025301462039351463,-0.04154369607567787,-0.1458899974822998,0.41437292098999023,-0.003233793657273054,2.058653831481933,0.44296726584434504,-0.023885784670710564,-0.05738165602087975,-0.2595576345920563,-0.10854972153902052,2.0374557971954346,0.4402337968349457,0.13770760595798492,-0.04777885973453522,0.03790661320090294,0.06459726393222809,-0.11148211359977722,0.1326061636209488,-0.5058252215385437,0.9398127198219299,-0.23287686705589292,0.0014564202865585685,0.2025558203458786,-0.03249460831284523,-0.22101464867591855,0.2113169878721237,0.9207193851470947,0.012990713119506836,0.05234799534082413,-0.08112949877977371
0.0792313814163208,-0.028182968497276303,0.3791580498218536,0.9989093542099,0.00032989951432682574,0.02349688485264778,-0.040348205715417855,-0.144108384847641,0.426516056060791,-0.007250291295349599,2.0625908374786377,0.44129326939582814,-0.013530382886528969,-0.055067114531993866,-0.2518978416919708,-0.11549176275730132,2.037010669708252,0.4415455162525177,0.13892222940921783,-0.048847388476133353,0.04722334071993828,0.06688280403614044,-0.11222469061613081,0.13706988096237183,-0.5276554822921753,0.9604964256286621,-0.22722736001014707,0.004316765815019608,0.20411211252212524,-0.027841361239552494,-0.21328122913837433,0.21431238949298856,0.9465627074241638,0.00273116328753531,0.06102703511714935,-0.07404520362615585
0.07764136791229248,-0.027884202077984806,0.37878164649009693,0.9990131855010985,-0.00253148190677166,0.020779946818947792,-0.03917216137051582,-0.1422298550605774,0.435198038816452,-0.012520140968263148,2.0659830570220947,0.43761986494064326,-0.0054210470989346496,-0.04893919825553895,-0.2455900013446808,-0.12374418228864668,2.0338335037231445,0.45072382688522333,0.13846521079540253,-0.05021658912301064,0.05367960035800934,0.06945276260375977,-0.11085999757051468,0.14448633790016174,-0.5510276556015015,0.9892016053199768,-0.2253703624010086,0.009874291718006134,0.2062516212463379,-0.019633086398243904,-0.2022840082645416,0.2147737741470337,0.9755059480667113,-0.0043703652918338776,0.07199109345674515,-0.07353548705577849
0.07676226645708083,-0.027434080839157104,0.3784844875335693,0.9990937113761901,-0.0038537071086466312,0.01854800060391426,-0.038117915391922,-0.13778670132160187,0.43947470188140875,-0.014123586937785149,2.067521333694458,0.4361705780029297,0.0026415020693093534,-0.04348096251487732,-0.241618886590004,-0.12627041339874268,2.0329351425170894,0.4501977860927582,0.14087340235710144,-0.05489501729607582,0.0564701110124588,0.07166209071874619,-0.10915502160787582,0.15392808616161346,-0.5725377202033997,1.0181076526641843,-0.217285618185997,0.018918341025710102,0.20423673093318936,-0.011433604173362257,-0.19004669785499567,0.20679250359535217,1.0002378225326538,-0.011367966420948504,0.07990685850381851,-0.0730687752366066
0.07630907744169235,-0.02702279202640057,0.3781215250492096,0.9991448521614074,-0.004565960727632046,0.016636326909065247,-0.03757729381322861,-0.13294869661331177,0.4418053328990936,-0.014432509429752827,2.0685179233551025,0.43374633789062494,0.00912440475076437,-0.03897074982523918,-0.23871053755283356,-0.1265300214290619,2.0324785709381104,0.4486635029315949,0.14461414515972135,-0.05993976444005966,0.05810125172138214,0.07307078689336775,-0.105499267578125,0.16353753209114075,-0.5905292630195618,1.0427627563476562,-0.21071423590183255,0.028116315603256226,0.1998477280139923,-0.0018101416062563656,-0.176447793841362,0.19380906224250796,1.0182349681854248,-0.0129343057051301,0.08459491282701491,-0.07362891733646394
0.07602038234472273,-0.02662103436887264,0.377768188714981,0.9991708397865297,-0.00484422268345952,0.015279697254300116,-0.037424497306346886,-0.1283453106880188,0.44248878955841053,-0.014085358940064909,2.0691401958465576,0.43080285191535944,0.012205544859170912,-0.03629574179649353,-0.23644605278968808,-0.12513442337512967,2.032904863357544,0.4457918703556061,0.14890718460083008,-0.06418073177337646,0.05910047888755798,0.07345667481422424,-0.10013020783662796,0.17256751656532288,-0.6044871211051941,1.0603518486022947,-0.20578789710998532,0.03566250950098038,0.19398365914821625,0.007688437122851609,-0.16218838095664978,0.17856378853321075,1.0290004014968872,-0.0094119468703866,0.08651644736528397,-0.07549387216567993
0.07579286396503448,-0.026173977181315426,0.3774617910385132,0.9991829991340637,-0.0047990474849939355,0.01446037460118532,-0.03743186593055725,-0.12485890090465544,0.44247040152549744,-0.013785459101200104,2.0696995258331294,0.4281720817089081,0.014301923103630543,-0.03467001393437385,-0.23475727438926697,-0.12284188717603683,2.0338006019592285,0.4416219592094421,0.15290638804435727,-0.06716500967741013,0.05955196544528008,0.07339521497488022,-0.09465732425451279,0.180559515953064,-0.6153276562690735,1.0712928771972656,-0.20095518231391904,0.04039381071925163,0.1884583681821823,0.015462172217667103,-0.14848716557025907,0.16496312618255615,1.0340032577514648,-0.0035535707138478756,0.08652470260858534,-0.07804112881422041
0.07557706534862518,-0.02570913918316364,0.3772558271884918,0.9991924166679382,-0.004522131290286779,0.013997675850987434,-0.03739185631275177,-0.12232244759798049,0.44163841009140015,-0.013768616132438183,2.069878578186035,0.42619574069976807,0.01441194862127304,-0.033669933676719666,-0.23397445678710935,-0.12065598368644714,2.034862279891968,0.4370987117290497,0.1559922844171524,-0.06901679933071136,0.05945002660155296,0.07341382652521133,-0.08980949968099594,0.18729388713836667,-0.6240448951721193,1.0783828496932983,-0.1957920044660568,0.043527092784643166,0.18421015143394473,0.021318068727850917,-0.13568337261676788,0.15348927676677704,1.0355756282806396,0.0023193012457340956,0.08608011156320573,-0.08028534054756163
0.07552244514226913,-0.025268273428082463,0.3771627247333527,0.9992048740386963,-0.004305883776396513,0.0137751093134284,-0.037166062742471695,-0.12063799798488616,0.4410738348960877,-0.013820742256939411,2.0699629783630367,0.42561221122741694,0.014751763083040714,-0.033066052943468094,-0.23299106955528257,-0.1187598705291748,2.035360097885132,0.43436339497566223,0.1587972790002823,-0.07007948309183121,0.05927452072501183,0.07365335524082182,-0.08510913699865341,0.19269490242004397,-0.6298094391822815,1.0829613208770752,-0.1913383901119232,0.04499247297644615,0.18109287321567533,0.025843188166618347,-0.12452101707458496,0.1447732001543045,1.0355805158615112,0.0045489356853067875,0.0854017958045006,-0.08150529861450195
0.07548205554485321,-0.0247715525329113,0.37723851203918457,0.9992181658744813,-0.004051880445331335,0.0136880399659276,-0.03686853498220444,-0.1191813349723816,0.43988603353500366,-0.013416909612715244,2.0698320865631104,0.426135927438736,0.015123952180147173,-0.032773882150650024,-0.2323376834392548,-0.11700192093849182,2.0354771614074707,0.4336616396903992,0.16095101833343503,-0.0702899694442749,0.05887581035494804,0.07446685433387756,-0.08060330897569656,0.19674454629421237,-0.6332548260688782,1.0855188369750977,-0.1885310262441635,0.04547679424285889,0.17812220752239227,0.029098734259605408,-0.11511136591434477,0.13877789676189423,1.0351946353912351,0.0044902921654284,0.08451399952173233,-0.08159121125936508
0.07522629201412201,-0.024002518504858017,0.37745177745819086,0.9992204308509826,-0.003683185437694192,0.013736282475292683,-0.0368267185986042,-0.11789040267467497,0.43726596236228943,-0.012257912196218967,2.06951642036438,0.427560418844223,0.014633678831160069,-0.03292787820100784,-0.232107475399971,-0.11528874188661575,2.0355515480041504,0.4333901107311249,0.1627841740846634,-0.0700775757431984,0.05821311846375465,0.07591760158538817,-0.07682457566261292,0.1992147266864777,-0.6343964338302612,1.0873464345932007,-0.1858298480510712,0.045639123767614365,0.17387978732585907,0.03152342513203621,-0.10720963031053544,0.13650691509246826,1.0344659090042114,0.002208334859460592,0.08348122984170914,-0.08060559630393982
0.07453077286481857,-0.022909808903932568,0.3775295317173004,0.9992123246192931,-0.0032318010926246643,0.013900468125939367,-0.03702912852168083,-0.11614183336496352,0.4327045679092407,-0.010594965890049934,2.069821357727051,0.42639109492301935,0.012968611903488636,-0.033327605575323105,-0.2321080267429352,-0.11358360201120377,2.035829305648804,0.4317429959774017,0.1631031334400177,-0.06969509273767471,0.05724330618977547,0.07839643210172653,-0.07396390289068222,0.19987934827804563,-0.6333214044570923,1.088553547859192,-0.18437346816062927,0.04624209925532341,0.1684722900390625,0.03393438458442688,-0.10104306787252426,0.13674883544445035,1.0327676534652708,0.0013539744541049004,0.08321503549814224,-0.0786869153380394
