0.030726889148354527,0.00732462340965867,0.773832619190216,0.9991648197174072,0.02001969516277313,0.03558913990855217,0.0015181495109573007,-0.14714515209197998,0.08604981005191803,0.22064438462257385,0.35937127470970154,-0.24217708408832553,-0.11745946109294891,-0.17635886371135712,-0.1424894779920578,-0.14698022603988647,0.43111205101013184,-0.32055801153182983,0.10261876881122588,0.011202440597116947,-0.027241995558142666,0.12781527638435364,-0.12540863454341888,0.3169384300708771,-0.5358263850212097,1.2431744337081907,-0.08031997084617615,0.003296490991488099,0.025790264829993248,0.012144067324697971,-0.3064277172088623,0.5747335553169249,0.9365241527557373,0.07139451056718825,0.001931463950313628,-0.16383010149002075
0.0307884868234396,0.006430958863347769,0.773735523223877,0.9990858435630798,0.02201827056705952,0.03654279559850693,-0.002701028017327189,-0.1444442123174667,0.08505616337060928,0.23080620169639587,0.3530883193016052,-0.2418087422847748,-0.117620050907135,-0.18547555804252625,-0.14488287270069122,-0.14068402349948883,0.44265779852867126,-0.3247055411338806,0.10430109500885008,0.01270974427461624,-0.02847634628415108,0.12942063808441162,-0.1226312443614006,0.32068270444869995,-0.5331834554672241,1.2487366199493408,-0.08413894474506378,0.0036437821108847857,0.017879735678434372,0.009348342195153235,-0.31234011054039,0.5750535130500793,0.9402621984481812,0.07223132252693176,0.00043367245234549046,-0.16533109545707703
0.0310432743281126,0.005086052231490612,0.7734687924385072,0.9989852309226989,0.023930242285132408,0.037389378994703286,-0.007607182487845421,-0.140806183218956,0.08504581451416014,0.24198561906814572,0.346089631319046,-0.24074438214302063,-0.11813603341579436,-0.1949761062860489,-0.1456463187932968,-0.13320590555667877,0.4539786279201508,-0.3290490210056305,0.10459209978580473,0.013344780541956425,-0.029085593298077583,0.1323426067829132,-0.12314933538436888,0.3278570771217346,-0.5264822244644165,1.2548705339431763,-0.08845818787813185,0.00193800765555352,0.01007543969899416,0.0027334396727383137,-0.31921282410621643,0.573878288269043,0.9469259381294249,0.07530149817466736,-0.001167341019026935,-0.16748273372650146
0.03136902302503586,0.003188151866197586,0.7731744647026062,0.9988420009613037,0.025769341737031937,0.03827635943889618,-0.013623316772282124,-0.13494446873664856,0.08582282811403273,0.25411632657051086,0.336341917514801,-0.23952646553516388,-0.11986947804689407,-0.2048436403274536,-0.14443442225456235,-0.12397520244121552,0.46391728520393366,-0.33172979950904846,0.10326997935771942,0.013455631211400032,-0.030273489654064175,0.1360127180814743,-0.13019172847270963,0.3409118354320526,-0.5138767957687378,1.2624895572662351,-0.09573512524366377,0.0023321560584008694,0.0071588060818612576,-0.007870195433497427,-0.3262951672077179,0.5707191228866577,0.9571351408958435,0.0799504518508911,-0.0020579656120389696,-0.17089040577411652
0.03135475516319275,0.0005175499245524406,0.7728797793388367,0.9986498355865479,0.027747241780161858,0.03898301348090172,-0.020224178209900856,-0.12795759737491608,0.08710353821516037,0.26661425828933716,0.3252098560333252,-0.2373712062835693,-0.12265429645776749,-0.21536225080490112,-0.14240197837352753,-0.11477843672037125,0.4744851589202881,-0.3344586491584778,0.09967891126871108,0.013309376314282416,-0.033344462513923645,0.14109551906585693,-0.14795738458633423,0.3613472878932953,-0.4935837686061859,1.2664443254470823,-0.10848400741815568,0.005315284710377456,0.016886837780475616,-0.021066037937998768,-0.33201271295547485,0.565931499004364,0.9665067791938781,0.08560027927160263,-0.001528860768303275,-0.17574650049209595
0.03086231835186481,-0.0030645611695945263,0.7725518345832824,0.9984345436096193,0.029841961339116096,0.03916481137275696,-0.02653368748724461,-0.12064435333013535,0.08905123919248581,0.2778221070766449,0.3147633373737335,-0.234053373336792,-0.1265108734369278,-0.2260518819093704,-0.14013503491878507,-0.10815828293561935,0.48789206147193914,-0.3377582132816314,0.0937647670507431,0.012692727148532867,-0.03879306837916374,0.14852958917617795,-0.18122068047523496,0.39059951901435846,-0.4678111672401428,1.2557477951049805,-0.1267443597316742,0.010629650205373764,0.0448201596736908,-0.035109855234622955,-0.3345414996147156,0.562888741493225,0.9697705507278441,0.09079276770353316,-0.0004805686767213047,-0.1833639293909073
0.030016709119081497,-0.007336378563195467,0.7720724940299987,0.9982554316520691,0.031895585358142846,0.03853284195065498,-0.03136848658323288,-0.11463917791843414,0.09168533235788344,0.28577297925949097,0.3081895411014557,-0.230815663933754,-0.13073107600212097,-0.235358789563179,-0.13802157342433927,-0.10596913844347,0.5036046504974365,-0.34260639548301697,0.08719013631343842,0.010075979866087437,-0.04597140103578568,0.1580461710691452,-0.22995388507843015,0.4246971905231476,-0.44692817330360407,1.2198524475097656,-0.14290575683116913,0.014910141937434672,0.08626157045364381,-0.04731066524982452,-0.3335590064525604,0.5640136003494263,0.9619129300117492,0.08780167251825331,0.000139570765895769,-0.1943361610174179
0.02865893580019474,-0.012268181890249252,0.771470606327057,0.9981555938720704,0.03333674743771553,0.03725046291947365,-0.03444524109363556,-0.11193809658288956,0.09665356576442719,0.28986504673957825,0.30777114629745483,-0.22872862219810483,-0.13518303632736206,-0.2422953099012375,-0.1343889832496643,-0.10747630149126051,0.5176458954811096,-0.3474676012992859,0.08057679980993271,0.003503227373585105,-0.052901148796081536,0.1689162701368332,-0.29266583919525146,0.45954006910324097,-0.4355808198451996,1.1564373970031738,-0.1545400023460388,0.014549877494573591,0.13440312445163727,-0.055889740586280816,-0.33073973655700684,0.5708293914794922,0.9409105777740479,0.07357930392026901,-0.0007818465237505734,-0.20604123175144196
0.026870891451835632,-0.017391448840498924,0.771005392074585,0.9981755614280701,0.03338970988988876,0.03552951291203499,-0.03561431169509888,-0.11472365260124207,0.10564830899238586,0.28832849860191345,0.3171050250530243,-0.22859451174736023,-0.1389690339565277,-0.24490325152873993,-0.12776581943035123,-0.11233095824718475,0.5249988436698914,-0.34936246275901794,0.07443394511938095,-0.007819034159183502,-0.05721135437488556,0.1801854968070984,-0.3663541376590729,0.48959606885910034,-0.4350106716156006,1.0764598846435547,-0.1648484766483307,0.0063971332274377355,0.1799449324607849,-0.060113072395324714,-0.3272993266582489,0.583676815032959,0.9106057286262512,0.04894636571407318,-0.003021631622686982,-0.21644353866577148
0.02457650192081928,-0.02279304340481758,0.7708601355552673,0.9983238577842712,0.03114043176174164,0.033263497054576874,-0.03568418323993683,-0.12491678446531296,0.1220831349492073,0.28249281644821167,0.34336578845977783,-0.2303485572338104,-0.14372985064983368,-0.2406258434057236,-0.11557166278362274,-0.11924746632575987,0.520475447177887,-0.34563568234443665,0.06922164559364319,-0.02314685098826885,-0.0558752566576004,0.19216014444828036,-0.44874054193496704,0.5087255835533142,-0.4442991316318512,0.9981026649475097,-0.17999663949012756,-0.007693027146160602,0.2153811156749725,-0.06029312685132027,-0.32360804080963135,0.5983176827430725,0.8777936697006226,0.019007321447134014,-0.004193511325865984,-0.22381481528282163
0.021806811913847923,-0.027933921664953232,0.7714428901672363,0.9985837936401368,0.026382459327578545,0.029873691499233242,-0.03524184972047806,-0.14835380017757416,0.14847567677497864,0.27418053150177,0.39864712953567505,-0.23215252161026,-0.14910663664340973,-0.22728127241134644,-0.09736447781324385,-0.12773895263671875,0.5026071667671204,-0.3339589536190033,0.0644729807972908,-0.041384559124708176,-0.04791252315044403,0.2077081650495529,-0.5374602675437927,0.5139245390892029,-0.4606377184391022,0.9396097660064696,-0.2045123428106308,-0.022997301071882248,0.23885342478752136,-0.05808018893003464,-0.3201117515563965,0.6092988848686217,0.8463140130043029,-0.0020677619613707066,-0.005429335404187441,-0.22938817739486692
0.018150482326745983,-0.03232662379741669,0.7725229263305664,0.9988647103309632,0.022194646298885345,0.025052243843674656,-0.03389895334839821,-0.19404970109462735,0.17806644737720487,0.2610051929950714,0.5051005482673645,-0.22439453005790713,-0.15297456085681915,-0.20638099312782288,-0.08042700588703156,-0.13556286692619324,0.4743320643901825,-0.3196573257446289,0.059232715517282486,-0.06366780400276184,-0.04043034091591835,0.22985772788524628,-0.6301873326301575,0.5032497048377991,-0.4788731038570404,0.9106459021568297,-0.24529147148132324,-0.03265627473592758,0.25551465153694153,-0.0560808703303337,-0.31511396169662476,0.6104657053947449,0.8239850997924804,-0.014476697891950607,-0.0044199381954967976,-0.23560719192028043
0.013345434330403805,-0.03612051904201508,0.7737513184547424,0.9991098642349244,0.021016018465161324,0.019444204866886135,-0.030979355797171593,-0.27576446533203125,0.21066993474960327,0.24812509119510648,0.6749113202095032,-0.1811988949775696,-0.15004846453666687,-0.1861253082752228,-0.07141178846359253,-0.1437024176120758,0.4470399022102356,-0.3063121736049652,0.05249478667974472,-0.09005311876535414,-0.03947782516479492,0.257985919713974,-0.7297430634498595,0.4795494079589844,-0.4995242357254028,0.9160421490669249,-0.2947640419006348,-0.0445801317691803,0.27113404870033264,-0.05723127350211144,-0.3094189465045929,0.6049996614456177,0.8138771653175354,-0.019258953630924225,-0.004832139238715172,-0.2414853274822235
0.007489578798413277,-0.038998354226350784,0.7749037146568297,0.9992977380752563,0.02243616431951523,0.013570346869528292,-0.026768650859594345,-0.3812274932861328,0.24676483869552607,0.245696485042572,0.8792780041694641,-0.1131204441189766,-0.1266922950744629,-0.17298729717731476,-0.07171227782964705,-0.15410755574703217,0.4341306984424591,-0.2983403205871582,0.043354481458663933,-0.1169094294309616,-0.04483943060040474,0.2902787923812866,-0.8338027000427246,0.4455738365650177,-0.521115779876709,0.9406990408897402,-0.32357513904571533,-0.05777396261692047,0.28779664635658264,-0.06258921325206757,-0.30124968290328974,0.5937228798866272,0.8123714327812195,-0.02070626802742481,-0.004264537710696459,-0.2516643702983856
0.0011880677193403244,-0.04066048935055733,0.7750735878944398,0.9993842244148254,0.02442651614546776,0.00900343060493469,-0.023525370284914967,-0.49036598205566406,0.2916179895401001,0.26336830854415894,1.0666420459747314,-0.07281703501939772,-0.0819576159119606,-0.1728074848651886,-0.07557326555252075,-0.1615201234817505,0.43947792053222656,-0.29592829942703247,0.03183424100279808,-0.14259080588817596,-0.052190888673067086,0.32155486941337585,-0.9311885237693786,0.40289729833602905,-0.5538581013679504,0.9740637540817261,-0.31052622199058527,-0.07041292637586594,0.3104242980480194,-0.06985577195882797,-0.289917528629303,0.5842264294624329,0.8255357742309569,-0.021237595006823536,-0.007638085167855024,-0.26387131214141846
-0.004460025578737258,-0.0418502539396286,0.7746140360832214,0.999385952949524,0.02487081103026867,0.006100876722484827,-0.023914720863103863,-0.5820297598838806,0.33759772777557373,0.29498741030693054,1.1784977912902832,-0.10982202738523485,-0.05223527178168297,-0.17581403255462646,-0.07452745735645294,-0.16351081430912015,0.446113258600235,-0.29377710819244385,0.017517926171422005,-0.16467177867889404,-0.05722910165786743,0.3483762741088867,-1.0089106559753416,0.3570442497730255,-0.6029465198516846,1.0019199848175049,-0.2575579881668091,-0.07169730216264725,0.3351959884166717,-0.0762671083211899,-0.27780917286872864,0.5823677182197571,0.8550651669502257,-0.020319771021604534,-0.014338192529976368,-0.2743515372276306
-0.009144384413957598,-0.043062027543783195,0.7745663523674011,0.9993221759796143,0.026473596692085263,0.005656198132783175,-0.024947211146354675,-0.6664993762969971,0.3642908930778504,0.32351285219192505,1.199986696243286,-0.13710570335388184,-0.03564058244228363,-0.1824006140232086,-0.07512488216161728,-0.16266831755638123,0.45023849606513977,-0.28976550698280334,0.001729568000882864,-0.17887148261070251,-0.06255372613668442,0.36546847224235535,-1.0497074127197263,0.31499713659286493,-0.6738667488098145,0.988779604434967,-0.14839209616184235,-0.05629370734095573,0.3529677987098694,-0.07970439642667769,-0.265249639749527,0.5851250290870667,0.892933189868927,-0.004352784715592861,-0.01992960274219513,-0.2709834575653076
-0.012886205688118935,-0.04434429854154586,0.7747888565063475,0.9991453289985656,0.030092641711235046,0.007237902842462064,-0.027398262172937397,-0.7431068420410156,0.3590609133243561,0.3300705552101135,1.144721508026123,-0.11553195118904112,-0.03952674940228462,-0.1949712634086609,-0.08057564496994017,-0.15995806455612183,0.4558695256710053,-0.28584882616996765,-0.01029070932418108,-0.1759755164384842,-0.06762189418077469,0.3737106025218964,-1.045243501663208,0.284562349319458,-0.7676118016242981,0.9032957553863523,0.008307534269988537,-0.029434118419885635,0.3385174870491028,-0.07605308294296265,-0.258370965719223,0.5847402215003967,0.9245747923851011,0.03538404032588005,-0.023439528420567513,-0.24905964732170105
-0.015457760542631148,-0.045620083808898926,0.7746202945709229,0.9988492131233216,0.03316419944167137,0.008656695485115051,-0.03354634717106819,-0.8025716543197632,0.3313404619693756,0.30953657627105713,1.0405101776123047,-0.06950002163648605,-0.0654413029551506,-0.2091749459505081,-0.08354339003562926,-0.15500104427337646,0.46347045898437506,-0.2840825617313385,-0.014813682064414024,-0.1581730991601944,-0.06949691474437714,0.3834461867809296,-0.9968256354331969,0.27332842350006104,-0.8661462664604187,0.7697091698646545,0.15046632289886475,-0.01220081467181444,0.28935867547988886,-0.0677068680524826,-0.2658433020114898,0.5756627917289734,0.9411620497703552,0.07894200831651686,-0.024132177233695984,-0.22183978557586667
-0.01649625599384308,-0.047752052545547485,0.7739692330360413,0.9985755085945128,0.03288416936993599,0.008056283928453922,-0.04123986884951592,-0.8195501565933228,0.3084010481834412,0.2934025228023529,0.8972207307815551,-0.026727812364697456,-0.10230647027492525,-0.21099989116191864,-0.07650218158960342,-0.15203718841075897,0.4614221155643463,-0.28258746862411493,-0.013744154013693333,-0.13900533318519592,-0.06826212257146835,0.4010978043079376,-0.9098471999168398,0.27918973565101624,-0.9319347739219664,0.6597334146499634,0.2228413075208664,-0.010388275608420372,0.23625728487968445,-0.06025972589850426,-0.2930954098701477,0.5644052028656006,0.9374777674674989,0.10926471650600432,-0.023706914857029915,-0.19656549394130704
-0.015589438378810883,-0.0504794791340828,0.7727032899856566,0.998520016670227,0.02480953373014927,0.00530141917988658,-0.04810517281293869,-0.781536340713501,0.3126187920570373,0.3106796145439148,0.7211613059043884,-0.001948877703398466,-0.14638368785381317,-0.19566282629966733,-0.05139188468456268,-0.15693780779838562,0.44677591323852534,-0.2806834280490875,-0.013153616338968275,-0.12614445388317108,-0.057770725339651115,0.4258085787296295,-0.7948344349861146,0.2933517098426819,-0.9369925260543824,0.6429603695869446,0.22534559667110443,-0.011078212410211565,0.1787617653608322,-0.048467762768268585,-0.3384324312210083,0.5554547309875488,0.9053879976272584,0.11319616436958312,-0.015015057288110256,-0.1731385886669159
-0.012885328382253647,-0.05239801108837128,0.7708139419555664,0.9984633922576904,0.013056819327175615,0.0034002407919615507,-0.053747892379760735,-0.7144319415092468,0.32316440343856806,0.3569678068161011,0.5621204972267151,0.008208974264562132,-0.18015001714229584,-0.17880937457084656,-0.01963627152144909,-0.16329599916934967,0.4339841604232788,-0.28262540698051447,-0.007519773673266172,-0.1207929030060768,-0.04411178082227706,0.4438727200031281,-0.675308883190155,0.2978101074695587,-0.8741222023963928,0.7462328672409058,0.1653195321559906,0.004945425782352686,0.10496655106544495,-0.015082040801644324,-0.3912031650543213,0.5390065312385559,0.8478432297706605,0.09000644087791443,0.0003156157035846263,-0.158201664686203
-0.008553646504878998,-0.05417420715093613,0.7693907022476195,0.9983454942703248,0.005874703172594309,0.003482428146526217,-0.05709321051836014,-0.6307436227798462,0.3088281750679016,0.4123938679695129,0.4423308372497559,0.001313634216785431,-0.1965294033288956,-0.17127525806427,-0.0031207057181745768,-0.16951750218868256,0.4352553486824036,-0.288288950920105,0.002786261960864067,-0.11919107288122176,-0.0309325996786356,0.43795615434646606,-0.5652319192886353,0.281711608171463,-0.7834922075271606,0.8086115717887878,0.103377528488636,0.05895829200744629,0.04320669174194336,0.042494647204875946,-0.4383904337882996,0.49676069617271423,0.7947378754615783,0.06585430353879929,0.011774281039834023,-0.15001747012138367
-0.002535443753004074,-0.05436478555202484,0.766899287700653,0.9980107545852659,-0.0011848558206111193,0.007273560389876365,-0.06261138617992401,-0.5392838716506958,0.2814286947250366,0.43144917488098145,0.3427917957305908,-0.005582810379564761,-0.21104721724987033,-0.17609535157680511,0.014793709851801395,-0.1640500575304031,0.4439057409763336,-0.29582175612449646,0.009557996876537802,-0.1103282868862152,0.004199597053229809,0.40129891037940973,-0.46152141690254206,0.27008867263793945,-0.7503707408905029,0.6701646447181702,0.0921732410788536,0.06575500220060349,0.042880911380052567,0.09781092405319212,-0.4619393348693848,0.43962883949279785,0.793945074081421,0.05085275322198868,0.015795104205608368,-0.15829382836818695
0.004234209656715393,-0.05421292781829833,0.7643099427223204,0.9972120523452759,-0.009141534566879272,0.012759256176650524,-0.07294978946447372,-0.4496505260467529,0.259893000125885,0.4314689338207245,0.26272305846214294,-0.007718603126704691,-0.2186650186777115,-0.1846543103456497,0.03834414109587669,-0.15156671404838562,0.44893750548362726,-0.3002285361289978,0.009301520884037018,-0.1029793694615364,0.04143305122852325,0.3621256947517395,-0.3781443238258362,0.27213966846466064,-0.7642986774444579,0.48205456137657166,0.08538756519556044,0.03686117380857468,0.052269212901592255,0.1310477703809738,-0.4652783870697021,0.40208569169044495,0.8206267356872559,0.027319878339767456,0.022175939753651615,-0.1678711324930191
0.009957041591405869,-0.054871492087841034,0.7634172439575195,0.9961651563644408,-0.011979260481894016,0.018684774637222287,-0.08463115245103837,-0.40462285280227667,0.24649950861930847,0.4116652309894562,0.2497859001159668,0.016939127817749977,-0.20099472999572757,-0.19512920081615448,0.05331594124436378,-0.13626010715961456,0.44725540280342096,-0.2997904419898987,0.004997665993869305,-0.09795909374952316,0.05405256897211074,0.32686105370521545,-0.3330908715724945,0.2892208397388458,-0.7871994972229005,0.3310936391353607,0.07438279688358307,-0.0047634057700634,0.06788492947816849,0.14275972545146942,-0.44959127902984614,0.3855340182781219,0.8530734777450562,-0.004659153986722231,0.03025675192475319,-0.1754785180091858
0.014406807720661163,-0.05640152841806412,0.7641063928604126,0.994989275932312,-0.010848374105989931,0.02404792793095112,-0.09643813222646712,-0.40739971399307245,0.24133644998073575,0.3772117495536804,0.282134622335434,0.05660735070705414,-0.15160730481147766,-0.19943566620349884,0.06235377117991448,-0.11554501205682755,0.4379290044307709,-0.2981670200824737,0.0021452796645462513,-0.09491635113954544,0.04477296024560928,0.2954716682434082,-0.32111307978630066,0.3087393641471863,-0.8032838106155396,0.24158352613449097,0.06313562393188477,-0.029910724610090252,0.09242626279592514,0.13956919312477112,-0.4200091361999512,0.38864523172378546,0.8833290934562683,-0.02050760947167873,0.03870373219251633,-0.18446725606918332
0.01837750896811485,-0.0581556111574173,0.7650162577629089,0.9939234852790833,-0.012036575004458427,0.025396142154932026,-0.10642486810684204,-0.4096404016017914,0.2527422606945038,0.3636099100112915,0.30773550271987915,0.04661624133586884,-0.12955328822135925,-0.1886751055717468,0.07221372425556183,-0.10568273812532424,0.421011358499527,-0.2910614013671875,-0.001436897087842226,-0.09525907039642334,0.03711692988872528,0.2786487638950348,-0.32783326506614685,0.3225010633468628,-0.8204658627510071,0.20482639968395236,0.05768829956650733,-0.03894487395882607,0.1168144941329956,0.13820061087608335,-0.3920217752456665,0.40038841962814326,0.8977595567703246,-0.025478610768914223,0.037564296275377274,-0.18375995755195615
0.0221386794000864,-0.05942225456237793,0.7659971117973327,0.9930008053779602,-0.011727034114301205,0.02543835900723934,-0.1147378757596016,-0.4006620049476624,0.2600843608379364,0.36748036742210394,0.31516799330711365,0.04003487527370453,-0.11709508299827576,-0.17694343626499176,0.07614684104919434,-0.09658042341470718,0.40764841437339777,-0.2858015298843384,-0.0026052265893667936,-0.09990142285823822,0.02707361988723278,0.2657276391983032,-0.3435630798339844,0.32898643612861633,-0.8366158008575438,0.20732133090496063,0.06220659241080284,-0.039972245693206794,0.1373048722743988,0.1375501453876495,-0.3668061196804047,0.4157544672489166,0.9021157026290892,-0.026330115273594856,0.03562362492084503,-0.18159095942974088
0.02575353905558586,-0.06039203703403473,0.7668004631996154,0.9922377467155457,-0.010494816116988657,0.024977946653962132,-0.12136796861886978,-0.389499694108963,0.2642992436885834,0.3782292604446411,0.31846949458122253,0.03331069275736809,-0.10839293152093887,-0.16672459244728088,0.07640904188156128,-0.08714328706264496,0.398309588432312,-0.284021258354187,-0.002079480094835162,-0.10697639733552931,0.01658022589981556,0.2543602585792541,-0.36873939633369446,0.3293391466140747,-0.8522379994392395,0.2377863973379135,0.0685558170080185,-0.040287502110004425,0.15382827818393707,0.13740940392017365,-0.3454909920692444,0.4301713407039642,0.8994095921516417,-0.025537000969052315,0.033764008432626724,-0.17855747044086456
0.029152275994420048,-0.0607612058520317,0.7673968076705933,0.9916601181030272,-0.008868232369422913,0.02426355890929699,-0.12626519799232483,-0.37976765632629395,0.2658180892467499,0.3887990117073059,0.3230495750904083,0.02517695538699627,-0.10149580240249632,-0.1592920273542404,0.07390920817852019,-0.0796705260872841,0.39473399519920344,-0.2855791747570038,-0.0009059959556907416,-0.11589109897613524,0.007040266878902912,0.24470467865467072,-0.40447947382926946,0.3248468041419983,-0.8657252192497252,0.28481513261795044,0.07037858664989471,-0.04047495871782303,0.16540825366973877,0.13780894875526428,-0.32840102910995483,0.4418911039829254,0.8907867670059203,-0.025196991860866543,0.032675739377737045,-0.17489007115364075
0.03239836543798447,-0.06043398380279541,0.7677441239356994,0.9913018941879272,-0.007591737434267997,0.02328977733850479,-0.12930740416049957,-0.37209481000900263,0.2657773196697235,0.39576870203018183,0.3298463821411133,0.014552482403814793,-0.09626684337854384,-0.15266357362270355,0.07008764147758484,-0.07575336098670958,0.39460617303848267,-0.2892235815525055,0.0005565098836086689,-0.12630914151668549,-6.432123336708173e-05,0.23758040368556976,-0.448645144701004,0.3165189027786255,-0.8759489059448241,0.3439817130565644,0.06303722411394119,-0.0395585112273693,0.1713849902153015,0.1386166512966156,-0.3150843679904938,0.4480576813220978,0.8769949674606323,-0.023536834865808487,0.03182606399059296,-0.1710219383239746
0.03549087420105934,-0.059545788913965225,0.7679113149642944,0.9911922812461853,-0.006881802808493376,0.02211661823093891,-0.13038937747478485,-0.366951048374176,0.2641585171222687,0.3974210321903229,0.3375246226787567,0.002648803172633052,-0.0920095518231392,-0.14557936787605283,0.0657065212726593,-0.07497745007276535,0.3964321613311768,-0.29445654153823847,0.0024364353157579894,-0.13782340288162231,-0.0045412261970341206,0.23304566740989685,-0.4970853626728058,0.3057161271572113,-0.8815516233444214,0.40631559491157526,0.04476359859108925,-0.03745303303003311,0.1721574068069458,0.13872811198234558,-0.30376961827278137,0.44452711939811707,0.8598335981369017,-0.018379978835582733,0.03115578554570675,-0.17137745022773743
0.03850170969963074,-0.05844028294086456,0.7680424451828003,0.9912253022193908,-0.006002247799187899,0.020651893690228466,-0.13042202591896057,-0.36140966415405273,0.26089027523994446,0.39799946546554565,0.34349218010902405,-0.008422133512794971,-0.08900634199380873,-0.13729690015316007,0.0603845901787281,-0.0743923783302307,0.39793705940246576,-0.30081239342689514,0.005152770783752202,-0.148309588432312,-0.008190830238163471,0.2300372868776321,-0.5469875931739807,0.2946130633354187,-0.8806124329566956,0.4599475562572479,0.016441648826003075,-0.03507208079099655,0.1698801964521408,0.13702832162380219,-0.29326990246772766,0.4297074973583221,0.839155375957489,-0.00918774865567684,0.030077673494815823,-0.18069396913051605
0.04154839366674423,-0.05757031589746475,0.768329679965973,0.9913260340690612,-0.0048679169267416,0.019388604909181595,-0.12989626824855804,-0.3551529049873352,0.256266713142395,0.3982561230659485,0.34692028164863586,-0.0175479706376791,-0.08824864029884337,-0.1286044418811798,0.05439397692680359,-0.07485393434762953,0.3954457342624664,-0.30530786514282227,0.007791453041136266,-0.15700261294841766,-0.011509486474096777,0.2271147072315216,-0.5974902510643004,0.2848317623138428,-0.8734467625617982,0.5027053952217102,-0.02491823211312294,-0.03536150977015495,0.17089802026748657,0.131059467792511,-0.2817506790161133,0.40884143114089966,0.8181978464126587,0.004255958367139101,0.02799874730408192,-0.19705918431282043
0.044488221406936646,-0.056982100009918206,0.7687048912048339,0.9913595914840697,-0.004279141314327717,0.018519191071391106,-0.12978781759738922,-0.34923532605171204,0.25401073694229126,0.40079975128173834,0.35022422671318054,-0.02604610659182072,-0.09017230570316313,-0.11949733644723892,0.04988094046711922,-0.07667385041713713,0.3882899582386017,-0.3072948753833771,0.0100077660754323,-0.16310508549213407,-0.012835725210607052,0.22458383440971372,-0.6431061029434204,0.2776014804840088,-0.8623828291893004,0.5413861870765686,-0.06243137642741203,-0.03642097115516663,0.1741258203983307,0.11787782609462738,-0.2686442732810974,0.3896259665489197,0.8031755685806273,0.01534958090633154,0.025225954130291935,-0.2144746780395508
0.04716383665800095,-0.056546501815319054,0.7690884470939635,0.9913440346717833,-0.004244309850037098,0.017831409350037575,-0.13000360131263733,-0.34347954392433167,0.25324758887290955,0.40471863746643066,0.35183683037757874,-0.033151619136333466,-0.09227030724287032,-0.11003703624010086,0.047289151698350906,-0.07835930585861206,0.378646582365036,-0.30758222937583923,0.01158521231263876,-0.16660276055335999,-0.01272652205079794,0.2227899432182312,-0.6772342920303345,0.2726270854473114,-0.8487367033958435,0.5815690159797668,-0.0787104517221451,-0.03694135323166847,0.17845889925956726,0.09738092124462128,-0.2554440498352051,0.37758108973503113,0.7937082052230835,0.01689392328262329,0.023546501994132996,-0.2278357446193695
0.04982922226190567,-0.05608009174466133,0.7693289518356323,0.9914593696594238,-0.0040911464020609856,0.016992760822176933,-0.12923955917358398,-0.33691108226776123,0.25090280175209045,0.40829649567604065,0.351223886013031,-0.03859138861298561,-0.09347680956125261,-0.10069365054368971,0.04407565668225288,-0.08159460127353667,0.37082025408744806,-0.30894914269447327,0.012754812836647032,-0.1681656837463379,-0.013711010105907915,0.22060993313789368,-0.6975353360176086,0.26830911636352534,-0.8389137387275696,0.6310871839523315,-0.0738687291741371,-0.035722341388463974,0.17870588600635529,0.07299793511629105,-0.24311155080795288,0.37615993618965143,0.7856319546699525,0.01264533307403326,0.024370837956666943,-0.2356573790311813
0.0526534728705883,-0.05540260672569274,0.7695285677909851,0.9917715787887571,-0.003189827082678676,0.016071707010269165,-0.12696726620197296,-0.33120283484458923,0.24536284804344177,0.4097974598407745,0.35047227144241333,-0.04273686185479164,-0.0925491824746132,-0.09300146251916883,0.03840087354183197,-0.08592595905065536,0.368270069360733,-0.3125261962413788,0.014677897095680237,-0.16744054853916168,-0.01691075414419174,0.2175018936395645,-0.7059993743896484,0.26269519329071045,-0.8381412625312805,0.6913248896598816,-0.05509056150913239,-0.03186845779418945,0.1718088537454605,0.04601720720529556,-0.232468843460083,0.3865771889686584,0.7757797837257385,0.009344256483018398,0.02700759097933769,-0.23671630024909973
0.0554886870086193,-0.054478593170642846,0.7695576548576355,0.9921833872795106,-0.0020880065858364105,0.015300704166293144,-0.12382884323596954,-0.3280709385871887,0.2392967790365219,0.40946412086486816,0.3537079095840454,-0.04864855855703354,-0.09063538163900375,-0.08595009893178941,0.031896937638521194,-0.09049420803785325,0.36816322803497314,-0.31720995903015137,0.017646407708525658,-0.16261091828346252,-0.019672820344567295,0.21355639398097992,-0.7049988508224487,0.25653746724128723,-0.8464762568473816,0.7544869780540465,-0.02685055136680603,-0.0245877169072628,0.15582042932510376,0.01745593547821045,-0.224728524684906,0.408504456281662,0.762930154800415,0.005596623290330172,0.03102024272084236,-0.2320973128080368
0.0585019625723362,-0.05342141538858414,0.7695117592811584,0.9925597906112672,-0.001088873017579317,0.014995915815234184,-0.12082640826702117,-0.32872921228408813,0.23508843779563904,0.4098764955997467,0.36308118700981135,-0.05598748847842216,-0.08845695853233337,-0.07938160002231598,0.02608468569815159,-0.09225176274776457,0.36744740605354315,-0.3207159638404846,0.021633306518197056,-0.1517558991909027,-0.019637268036603928,0.2075333595275879,-0.6972050666809082,0.2534170746803284,-0.8560664057731628,0.8055214285850526,0.010652159340679644,-0.016276108101010323,0.132119819521904,-0.009922223165631294,-0.2225507348775864,0.4403483867645264,0.7453974485397338,-0.00048481073463335633,0.03245196118950844,-0.22189268469810483
0.061859682202339165,-0.05249408632516861,0.7696984410285949,0.9929112195968629,0.000331022689351812,0.014914425089955328,-0.11791853606700896,-0.3304414749145508,0.23026680946350095,0.41035223007202154,0.3747292757034302,-0.06449451297521591,-0.08802900463342665,-0.07260605692863464,0.019161405041813847,-0.09340982139110564,0.36505454778671265,-0.32341188192367554,0.027348840609192848,-0.13535065948963165,-0.018678369000554085,0.20006869733333588,-0.6812281608581543,0.2559511959552765,-0.8557292819023132,0.839199125766754,0.04670448973774909,-0.010606822557747364,0.10789816081523897,-0.03554268181324005,-0.22965762019157407,0.4799915254116058,0.7251220941543579,-0.006603834219276905,0.027760157361626625,-0.20735704898834229
0.06567454338073729,-0.051730860024690635,0.7701408267021179,0.9932416677474976,0.0018007911276072264,0.015294949524104595,-0.11503875255584715,-0.3316971063613892,0.22477947175502777,0.4111794531345368,0.3843974471092224,-0.07375825941562653,-0.09006111323833466,-0.06571447849273682,0.011630576103925703,-0.09643242508172989,0.3604572117328644,-0.3248225748538971,0.033102408051490784,-0.11539124697446825,-0.0164348054677248,0.19219939410686487,-0.6529569029808044,0.264194130897522,-0.8402766585350036,0.8623743057250975,0.06902436912059784,-0.006168239749968052,0.08953818678855896,-0.061270128935575485,-0.24641758203506467,0.520781934261322,0.712656557559967,-0.008259555324912071,0.019144693389534954,-0.1932774931192398
0.07006723433732985,-0.05082221329212189,0.7706963419914244,0.9936274886131287,0.003658175235614181,0.01591799594461918,-0.11152460426092148,-0.33077344298362726,0.21686452627182007,0.4139261245727539,0.3892871737480164,-0.0817703679203987,-0.09177041798830032,-0.056366275995969765,0.0027054084930568933,-0.10140831768512724,0.35215747356414795,-0.32650402188301086,0.038540661334991455,-0.09414064884185792,-0.013530289754271507,0.18506187200546265,-0.6103853583335876,0.27741867303848267,-0.8087896704673766,0.8781669735908508,0.07912777364253996,-0.00014438357902690768,0.07656560093164445,-0.08889254182577133,-0.27105170488357544,0.5518207550048828,0.7145627737045288,-0.0049805985763669005,0.010263185016810894,-0.1842116266489029
0.07528543472290039,-0.049800798296928406,0.7711780071258546,0.9941981434822081,0.005937392823398112,0.01658516377210617,-0.10611224919557571,-0.3278583586215973,0.20477820932865143,0.4157870411872864,0.38939616084098816,-0.08681122958660124,-0.09021113812923431,-0.04430323466658592,-0.00828078854829073,-0.10996263474225997,0.34113937616348267,-0.3295843005180359,0.043370600789785385,-0.07524586468935011,-0.0106993755325675,0.1794290691614151,-0.5552676320075989,0.2937839925289154,-0.764868974685669,0.8844462633132935,0.08110951632261276,0.007221107371151446,0.07100307196378708,-0.11558320373296736,-0.3001791834831238,0.5678218007087708,0.7303852438926696,0.0014724540524184704,0.0037407747004181142,-0.18596744537353516
0.0810922011733055,-0.04853233322501183,0.7711361050605774,0.9950438737869263,0.007339407224208115,0.016713198274374008,-0.09774710983037949,-0.3236312866210937,0.19104452431201932,0.41230911016464233,0.3904363811016082,-0.09632126241922377,-0.08655000478029251,-0.028486050665378567,-0.018994335085153576,-0.12545345723628995,0.33034905791282654,-0.3353137671947479,0.0467272587120533,-0.06049055978655815,-0.006108786910772324,0.17528733611106873,-0.4905574023723602,0.31119540333747864,-0.7190888524055481,0.8803501725196838,0.07894251495599745,0.01258539967238903,0.071263886988163,-0.1366865336894989,-0.32836857438087463,0.5717128515243529,0.758505940437317,0.006120397709310055,0.0008324286318384112,-0.20140132308006287
0.08746342360973358,-0.04704032838344573,0.7706522941589355,0.9960567951202391,0.007983618415892124,0.016455121338367462,-0.08681289851665498,-0.320458859205246,0.17597715556621552,0.4025342762470245,0.3941717743873596,-0.1110033094882965,-0.0786755532026291,-0.009712925180792809,-0.029416559264063835,-0.14691805839538574,0.3209347128868103,-0.342233806848526,0.05061443522572517,-0.05034566670656204,-0.0004886772949248552,0.1711444705724716,-0.4221036434173584,0.3275843560695648,-0.6829695105552673,0.8697870373725891,0.07512664049863814,0.012932593934237955,0.07353360205888748,-0.14840145409107208,-0.3527198433876037,0.5684880018234253,0.795574426651001,0.0019409043015912173,0.001389859477058053,-0.22501276433467865
0.09448764473199843,-0.045151326805353165,0.7701332569122313,0.9970754384994506,0.008253208361566065,0.01612960360944271,-0.07424522191286087,-0.3176012337207794,0.1591213047504425,0.3868407905101776,0.3970405757427216,-0.1271837204694748,-0.06856827437877655,0.011943261139094828,-0.03905839845538139,-0.17094089090824127,0.3105856478214264,-0.34765422344207764,0.0561484731733799,-0.043150171637535095,0.004975979682058096,0.16556328535079956,-0.3558066785335541,0.34125658869743347,-0.6610155701637268,0.8601073622703552,0.07343500852584839,0.008158569224178791,0.07031833380460739,-0.1461496651172638,-0.3715268075466156,0.56148362159729,0.8375441431999207,-0.007801095023751258,0.005325539037585258,-0.2479893863201141
0.10224521160125732,-0.04290253669023514,0.7701754570007325,0.997959554195404,0.009621887467801571,0.016019193455576897,-0.06105318292975426,-0.31318563222885126,0.13746072351932523,0.3683430850505829,0.3937835097312927,-0.13680261373519895,-0.0561218298971653,0.03258763998746872,-0.05116388201713561,-0.19413298368453977,0.3025906085968017,-0.35033512115478516,0.06513044983148575,-0.0377807654440403,0.006599984131753445,0.15734165906906128,-0.29475441575050354,0.35144132375717163,-0.6517446041107178,0.8592830896377563,0.07485383749008177,0.0035258575808256865,0.05939440801739693,-0.12917624413967133,-0.3825612664222717,0.5510801076889038,0.8838586807250975,-0.016735779121518135,0.01204839628189802,-0.26261165738105774
0.11035367846488953,-0.04031820222735405,0.7707752585411071,0.9986371397972107,0.011303928680717943,0.015652375295758247,-0.04848728701472282,-0.30512380599975586,0.11478039622306824,0.3502972722053528,0.38435435295104975,-0.14084500074386597,-0.045523811131715775,0.049740005284547806,-0.06425182521343231,-0.2149199545383453,0.30288660526275635,-0.3497034311294556,0.07714278995990753,-0.03393125906586647,0.006004068069159985,0.14758044481277463,-0.2384082078933716,0.35740122199058527,-0.6462897658348083,0.8713763356208801,0.08140026032924653,0.003594876965507865,0.03840628266334534,-0.09975627809762953,-0.38308519124984736,0.5335893630981445,0.9325371980667113,-0.024744223803281784,0.022080544382333755,-0.2658272385597229
0.11859934777021408,-0.037411577999591834,0.7721834778785706,0.9991104006767274,0.012391767464578152,0.014813322573900223,-0.0374871902167797,-0.28944295644760126,0.09472174942493439,0.3382587134838104,0.3659200668334961,-0.14059019088745117,-0.0382460132241249,0.05379336327314377,-0.07869608700275421,-0.23180699348449707,0.328940212726593,-0.3459376692771912,0.09132798761129379,-0.031225707381963726,0.005952252540737391,0.13683420419692993,-0.18901728093624115,0.35922500491142273,-0.6352672576904297,0.8939961194992065,0.09090225398540495,0.009305165149271488,0.009434394538402557,-0.06568702310323715,-0.3725531399250031,0.5073789358139038,0.9793829917907715,-0.03673324733972549,0.04016828536987305,-0.2610976696014404
0.12629131972789764,-0.03436378762125969,0.7744429111480714,0.999390959739685,0.012545972131192684,0.014039592817425728,-0.029378861188888546,-0.26720330119132996,0.07691340148448944,0.32850369811058044,0.337034285068512,-0.13645583391189575,-0.03297637775540352,0.03720590099692345,-0.09538207948207857,-0.2417742609977722,0.3972718417644501,-0.33888626098632807,0.10117888450622559,-0.02927378751337528,0.0069162631407380095,0.12721794843673706,-0.14302898943424225,0.35593101382255554,-0.6127306818962097,0.9268653392791747,0.09930629283189772,0.015225335024297236,-0.015169021673500536,-0.028929853811860085,-0.3547266125679016,0.48078218102455134,1.0121681690216064,-0.046090666204690926,0.05812790617346764,-0.2477455586194992
0.13348926603794095,-0.031663984060287476,0.7768272757530211,0.9995638728141784,0.011767219752073288,0.013205286115407944,-0.02364877797663212,-0.2431030422449112,0.06433087587356567,0.32177361845970154,0.3079113364219665,-0.1293080598115921,-0.02895147539675236,0.0034269203897565603,-0.1132293790578842,-0.24506844580173487,0.4941004812717438,-0.3203488290309906,0.11265388876199722,-0.02855416014790535,0.007196743506938219,0.11939124763011932,-0.10331788659095764,0.3516444861888885,-0.5806647539138794,0.9667403697967528,0.10250584036111832,0.017331810668110847,-0.028202567249536514,0.00822936650365591,-0.3331194221973419,0.45643237233161926,1.0167088508605957,-0.04767410829663277,0.06506622582674025,-0.23274308443069455
0.13989630341529846,-0.029221294447779652,0.778572678565979,0.999655306339264,0.012185721658170223,0.012395014986395836,-0.01967496611177921,-0.22233524918556213,0.05192264541983605,0.3173370361328125,0.28282275795936584,-0.12368752062320708,-0.022011617198586464,-0.05034520477056503,-0.13625462353229523,-0.2380854934453964,0.6227659583091736,-0.2884335219860077,0.12407317012548447,-0.02886214852333069,0.002174801658838988,0.11351415514945984,-0.06893866509199142,0.34689104557037354,-0.5419182181358337,1.0075767040252683,0.09596630185842514,0.016751624643802643,-0.021899877116084095,0.04785606265068054,-0.31154635548591614,0.43859449028968805,0.9921997189521788,-0.04052334651350975,0.05824249610304832,-0.21899446845054624
0.14505901932716367,-0.02717375569045544,0.779105007648468,0.9996588230133056,0.017010066658258438,0.0110290739685297,-0.01646866090595722,-0.202752023935318,0.032340653240680695,0.31894978880882263,0.26089128851890564,-0.119590625166893,-0.00824313797056675,-0.11971522867679596,-0.16715525090694427,-0.21255306899547577,0.7722249627113342,-0.2481825649738312,0.1378159523010254,-0.030417051166296005,-0.013491785153746603,0.10974711924791336,-0.03772323578596115,0.3454931974411011,-0.5038129687309265,1.0355752706527708,0.08693089336156845,0.015181070193648338,-0.0031073812860995527,0.08546388894319534,-0.29499340057373047,0.43045076727867126,0.9491114020347596,-0.028360441327095032,0.04322757199406624,-0.20222663879394528
0.14983609318733215,-0.02570955641567707,0.778264284133911,0.9995843172073363,0.024449411779642105,0.009134353138506413,-0.012247124686837196,-0.1864851266145706,0.009753307327628136,0.32084837555885315,0.24663282930850983,-0.11741299182176589,-0.0019387294305488467,-0.1761869341135025,-0.2083216458559036,-0.1923551559448242,0.8969501256942749,-0.2468804270029068,0.14432808756828308,-0.03168625384569168,-0.03479963541030884,0.106662280857563,-0.012796410359442234,0.34893038868904114,-0.47769337892532343,1.0508699417114256,0.06973408907651901,0.009036221541464329,0.010417346842586994,0.11937253922224043,-0.28119644522666926,0.4235734045505524,0.9064010977745056,-0.015270727686583996,0.028144266456365585,-0.19719180464744568
0.1542643755674362,-0.02457045204937458,0.77719646692276,0.9995190501213072,0.029050691053271294,0.008237184025347233,-0.007063465658575296,-0.17747797071933746,-0.004354635719209909,0.3160979151725769,0.24226947128772733,-0.11996871978044508,-0.00240218685939908,-0.21096695959568024,-0.25920990109443665,-0.19989828765392303,0.9672256112098692,-0.298275351524353,0.12117346376180647,-0.034772757440805435,-0.049492549151182175,0.10378181934356688,0.0059792413376271725,0.3555728793144226,-0.46204048395156866,1.0615463256835935,0.061980653554201126,0.0050077722407877445,0.01777396909892559,0.14327724277973175,-0.2718663811683655,0.4174769520759583,0.8800443410873413,0.0033998650033026934,0.018267951905727383,-0.2016948759555817
0.15852585434913635,-0.02406918816268444,0.7770973443984985,0.9994863867759703,0.03101789951324463,0.007769533433020115,-0.002119550947099924,-0.1659313291311264,-0.01302556786686182,0.3091700077056885,0.231672003865242,-0.11994224041700365,-0.0034621581435203552,-0.23397035896778104,-0.29424700140953064,-0.19704298675060272,0.9729574918746947,-0.3491261899471283,0.09586574137210846,-0.03687785938382149,-0.0574767217040062,0.10008671134710312,0.019988570362329483,0.3589158058166504,-0.44541373848915106,1.0709190368652344,0.06670145690441132,0.005205079447478056,0.02604924701154232,0.15708729624748227,-0.26468151807785034,0.4144507348537445,0.8721289038658142,0.01847353763878345,0.015381405130028725,-0.20732703804969788
0.16284166276454923,-0.024724364280700684,0.7780261039733887,0.999532639980316,0.02956974320113659,0.0075840214267373085,0.0016412123804911971,-0.1539459526538849,-0.012011900544166563,0.3015117347240448,0.22004638612270355,-0.12027309089899064,-0.007258955389261245,-0.24209478497505188,-0.29588067531585693,-0.17798259854316711,0.9022833704948424,-0.3697157800197601,0.08939047157764435,-0.03719564899802208,-0.05802784115076065,0.09524205327033997,0.032747171819210046,0.3572119474411011,-0.4206959009170532,1.0791600942611694,0.07117527723312378,0.006752529181540012,0.033650193363428116,0.16435445845127103,-0.25787433981895447,0.4164689481258392,0.8763737082481384,0.02785503678023815,0.018070120364427567,-0.20527324080467224
0.16704493761062622,-0.026293240487575528,0.7793372273445129,0.9995732903480528,0.02733765542507172,0.00880787707865238,0.005323510151356459,-0.14542144536972043,-0.008253375999629498,0.29309868812561035,0.20454666018486023,-0.11518430709838869,-0.012016946449875832,-0.2397267073392868,-0.2698312103748321,-0.1329197883605957,0.7717527747154237,-0.36158245801925654,0.10868309438228609,-0.03666652366518974,-0.0556950606405735,0.08777739852666855,0.04419796913862228,0.3516049385070801,-0.3937574028968811,1.0824925899505615,0.06622374802827835,0.005033360328525305,0.03755333274602889,0.16906577348709106,-0.2515948414802551,0.4193955957889557,0.8809919357299805,0.0320584811270237,0.021312799304723736,-0.19291254878044128
0.17101985216140747,-0.02860119380056858,0.7801597118377684,0.9995461106300354,0.026309723034501076,0.011396353133022783,0.009246996603906153,-0.1417578011751175,-0.006390581838786602,0.2830491065979004,0.19084946811199188,-0.10942130535840988,-0.017087798565626144,-0.2264394909143448,-0.2396066784858704,-0.07830929756164551,0.6158698797225952,-0.34048184752464294,0.14470809698104858,-0.03483690321445465,-0.05476203188300133,0.07983812689781189,0.05305854976177216,0.34565553069114685,-0.37390464544296254,1.082020282745361,0.055841449648141854,-0.0015886637847870588,0.03744828701019287,0.1720697283744812,-0.24783916771411893,0.4217575192451477,0.8803712725639342,0.03161655738949776,0.02170686796307564,-0.18060940504074097
0.17477181553840637,-0.031719330698251724,0.7801936864852905,0.9994733929634094,0.025753924623131752,0.014508792199194431,0.013387126848101616,-0.1449085623025894,-0.0028108416590839624,0.2715741097927093,0.19117115437984464,-0.11132542788982391,-0.021413143724203106,-0.21314072608947757,-0.22448086738586423,-0.05161261186003685,0.4841094613075256,-0.3119812607765198,0.17139242589473724,-0.033012498170137405,-0.05497433990240097,0.07330064475536345,0.057659953832626336,0.3429761528968811,-0.3626487255096436,1.081734538078308,0.045900635421276086,-0.008772375062108038,0.03895635902881622,0.17214554548263547,-0.2469079941511154,0.4229881465435028,0.8746492862701416,0.02718739211559296,0.020646296441555023,-0.17506316304206848
0.17824044823646543,-0.0360264778137207,0.7801820635795593,0.999404489994049,0.02438027411699295,0.016845373436808586,0.017681341618299484,-0.15257886052131653,0.006307401694357395,0.2596939206123352,0.20467928051948547,-0.1186334416270256,-0.026321278885006905,-0.20872601866722104,-0.2142954766750336,-0.04812561348080635,0.40148696303367615,-0.27208930253982544,0.17351835966110227,-0.02965114638209343,-0.054149534553289407,0.06972026824951172,0.05270656570792198,0.3450672030448913,-0.35981717705726624,1.0852216482162476,0.03586791083216667,-0.015142334625124931,0.0401783250272274,0.17047342658042908,-0.2492845207452774,0.4208715558052063,0.8648925423622131,0.027301205322146412,0.02016080729663372,-0.17645128071308136
0.1812162697315216,-0.041591119021177285,0.7803363800048829,0.9993909001350403,0.02079077251255512,0.018457554280757904,0.021090948954224583,-0.16072626411914823,0.022677507251501083,0.24498613178730008,0.2217272371053696,-0.12681379914283752,-0.040274858474731445,-0.20557214319705963,-0.193146213889122,-0.04704615473747253,0.3595600724220276,-0.2007901072502136,0.16346865892410278,-0.02443035319447517,-0.04995587095618248,0.0688106045126915,0.04347739368677139,0.35006168484687805,-0.356257826089859,1.0970442295074463,0.029521867632865902,-0.015224679373204708,0.04118442162871361,0.16595639288425443,-0.25052869319915766,0.42486232519149775,0.8585023880004883,0.04390448704361916,0.01611512154340744,-0.1831577122211456
0.18367624282836917,-0.04806044697761536,0.7805212140083314,0.9993082284927368,0.01875885762274265,0.01941297948360443,0.025578618049621586,-0.17023047804832458,0.0364929586648941,0.23005543649196625,0.24155087769031525,-0.1344574987888336,-0.05267803370952606,-0.19332270324230197,-0.18360556662082672,-0.06952161341905594,0.3419172167778015,-0.1966436058282852,0.15177609026432037,-0.020360682159662247,-0.0480448380112648,0.06880588829517365,0.02923495322465897,0.3572981059551239,-0.35633847117424006,1.1084134578704832,0.03631969541311264,-0.013380257412791252,0.04438923671841621,0.15571452677249908,-0.25244501233100886,0.4329002797603607,0.8572201132774354,0.06037846207618713,0.014998244121670721,-0.18553757667541504
0.18554407358169556,-0.0549653135240078,0.7810138463973998,0.9993306994438172,0.012587761506438255,0.019837168976664543,0.028039271011948586,-0.18313997983932492,0.0613197423517704,0.21410153806209564,0.2715725898742676,-0.14632627367973328,-0.06671969592571259,-0.17794498801231384,-0.16070595383644104,-0.08645373582839964,0.31814205646514887,-0.18658176064491272,0.13938932120800018,-0.013358090072870255,-0.03635479137301445,0.06898707896471024,0.019634632393717762,0.3610357344150543,-0.35044753551483154,1.1126413345336914,0.048537280410528176,-0.010195654816925524,0.04769910126924514,0.14215239882469177,-0.25536659359931946,0.451005756855011,0.8609769940376282,0.06555826961994171,0.016153430566191673,-0.18203800916671753
0.1871795952320099,-0.06200337037444115,0.7812727689743043,0.9993805289268493,0.005119320005178452,0.019343117251992226,0.0289507620036602,-0.1959695816040039,0.09038365632295609,0.19807137548923487,0.3059918284416199,-0.16144502162933347,-0.08137697726488113,-0.15987728536128995,-0.13327595591545105,-0.10016099363565444,0.2906719148159027,-0.17514833807945251,0.12874567508697507,-0.005935783963650465,-0.021752525120973587,0.07029064744710922,0.018542472273111343,0.3616470396518707,-0.3401944637298584,1.1040818691253662,0.057109400629997246,-0.010029532946646212,0.05134715512394905,0.12816497683525083,-0.2606993615627289,0.47246554493904114,0.8631773591041566,0.06135639175772666,0.019094655290246006,-0.1759631335735321
0.18896041810512543,-0.0686459094285965,0.7812144756317138,0.9993929266929625,-0.0011242079781368375,0.018440367653965953,0.029537463560700417,-0.20557498931884763,0.11606191843748093,0.1841220110654831,0.3351029753684997,-0.17505338788032532,-0.09491897374391556,-0.141697496175766,-0.1088222935795784,-0.11166069656610488,0.26511651277542114,-0.16750794649124143,0.11931751668453217,-0.000722381635569036,-0.009800785221159458,0.0718199610710144,0.02579596452414989,0.35938552021980286,-0.3296816647052765,1.0846455097198486,0.05963660031557083,-0.01496435422450304,0.0557476282119751,0.11727738380432128,-0.267751544713974,0.48671686649322504,0.8592859506607055,0.05741309747099877,0.021337321028113365,-0.17473021149635315
0.1911909580230713,-0.07452066242694855,0.7811091542243956,0.9993815422058104,-0.006087437737733126,0.01756722666323185,0.02984674274921417,-0.2110382914543152,0.1377340704202652,0.17357991635799408,0.355381578207016,-0.18541696667671204,-0.10662243515253068,-0.1235884130001068,-0.08759581297636032,-0.12112306058406828,0.2402549833059311,-0.16180568933486938,0.11041486263275146,0.002175981411710381,-0.0001458692568121478,0.07269215583801268,0.038450982421636574,0.353743463754654,-0.32059720158576965,1.062851905822754,0.05720395967364311,-0.023723570629954335,0.05972108244895935,0.11027792096138,-0.27555909752845764,0.48937347531318653,0.851499319076538,0.06178879365324974,0.020995149388909336,-0.18071311712265012
0.1939816176891327,-0.07959988713264465,0.7811362743377684,0.9993680119514464,-0.009734136983752249,0.016899598762392994,0.02971971407532692,-0.21185515820980072,0.15501698851585388,0.16655297577381134,0.36598461866378784,-0.19181764125823972,-0.11572326719760893,-0.10594891011714937,-0.06993300467729568,-0.1277001053094864,0.21511521935462952,-0.15606722235679626,0.1027480736374855,0.0035406644456088543,0.007502235006541013,0.07284169644117355,0.05131563544273376,0.3453282713890076,-0.3144794702529907,1.0476205348968504,0.051639486104249954,-0.03246741741895676,0.0630141869187355,0.1065615341067314,-0.28231748938560486,0.48233234882354736,0.8446454405784608,0.07295130193233491,0.01939459331333637,-0.19222380220890045
0.19708663225173953,-0.08383119851350784,0.7813114523887633,0.9993583559989928,-0.01211046241223812,0.016275884583592415,0.029519708827137947,-0.2077655643224716,0.1673528552055359,0.16186465322971344,0.3675365149974823,-0.19473297894001007,-0.12297795712947844,-0.08929771184921265,-0.05640875175595284,-0.1324414759874344,0.19134871661663053,-0.150628000497818,0.09711419045925139,0.003136750776320696,0.013275254517793655,0.07270912081003189,0.06037446856498718,0.33540862798690796,-0.3125319182872772,1.0452628135681152,0.046665973961353295,-0.0375380553305149,0.06438759714365005,0.10536856949329376,-0.286446213722229,0.4699668884277344,0.8419685959815979,0.08572821319103241,0.01841495372354984,-0.2050896883010864
0.20020845532417297,-0.08714907616376877,0.7814738750457764,0.9993503689765929,-0.013316447846591473,0.01566440612077713,0.02959864027798176,-0.20071519911289212,0.1747603863477707,0.1574798971414566,0.3639454245567322,-0.19580118358135223,-0.1290513128042221,-0.07477999478578566,-0.04735165461897849,-0.13687559962272644,0.17247003316879272,-0.14759691059589383,0.09350294619798659,0.0010142835089936852,0.016889197751879692,0.07250076532363892,0.06374729424715042,0.3255663216114044,-0.3160519301891327,1.056979775428772,0.042970407754182816,-0.03805919736623764,0.0631152018904686,0.10547447949647903,-0.28797176480293274,0.45828169584274286,0.844505250453949,0.09487061202526093,0.019381113350391388,-0.2151276767253876
0.20316043496131897,-0.08946806937456131,0.7815163135528563,0.9993431568145753,-0.013600317761301994,0.01509927213191986,0.030005132779479023,-0.192926287651062,0.17849129438400269,0.15350070595741272,0.3595408797264099,-0.19658604264259336,-0.134077250957489,-0.06414292007684708,-0.042446605861186974,-0.14092746376991272,0.16237378120422363,-0.14855480194091797,0.09139081835746765,-0.002338582184165716,0.018212320283055305,0.07222241908311844,0.06150251254439354,0.31707778573036194,-0.3241702616214752,1.0797467231750488,0.03987349942326546,-0.035755787044763565,0.05940617993474007,0.10618022084236144,-0.2873632311820984,0.45156082510948176,0.8506486415863037,0.09728964418172835,0.021877834573388096,-0.2186306118965149
0.2059197425842285,-0.09086278080940247,0.7815403342247009,0.9993381500244141,-0.013100313022732735,0.014640390872955322,0.030614249408245087,-0.1850450038909912,0.1790643334388733,0.15022993087768555,0.35460215806961054,-0.19659072160720825,-0.13788697123527527,-0.057328179478645325,-0.0410148911178112,-0.14407092332839963,0.1608542501926422,-0.15325741469860077,0.09019500762224195,-0.00604088231921196,0.01728849485516548,0.0718597024679184,0.05416840687394142,0.31027320027351374,-0.3353611528873444,1.1091498136520384,0.03587830439209938,-0.032303281128406525,0.05358698219060898,0.1077468991279602,-0.28511127829551697,0.4510526061058045,0.8581570386886596,0.0917469784617424,0.025171423330903053,-0.2148352414369583
0.20877769589424133,-0.09164141863584518,0.7815372347831726,0.9993378520011901,-0.012069950811564922,0.01442889031022787,0.031144434586167332,-0.1772926151752472,0.17756561934947968,0.1485138237476349,0.34870612621307373,-0.1959659308195114,-0.14125750958919525,-0.05369426310062408,-0.04214921593666077,-0.14586685597896576,0.16543519496917725,-0.16030769050121307,0.0895027220249176,-0.00978078320622444,0.015014788135886192,0.07107801735401154,0.04344517737627029,0.3052746057510376,-0.3497260510921478,1.13983416557312,0.030536118894815445,-0.02805367484688759,0.04634649306535721,0.10945209115743636,-0.282263457775116,0.4561556279659271,0.8660038709640504,0.07986154407262802,0.027843788266181942,-0.20661151409149167
0.21193102002143857,-0.09199185669422147,0.7815348505973816,0.9993423223495485,-0.010555622167885303,0.014283453114330769,0.03161431476473808,-0.16950440406799316,0.17405641078948975,0.14728470146656036,0.3422421514987945,-0.19462940096855164,-0.14363667368888855,-0.05150404945015907,-0.045503608882427216,-0.14673306047916412,0.17341527342796323,-0.16855955123901367,0.08929897844791411,-0.013374706730246544,0.012036387808620928,0.07031198590993881,0.030644342303276065,0.30149903893470764,-0.3662894070148468,1.16813063621521,0.0242411270737648,-0.02347665838897228,0.03758418187499046,0.11068221926689148,-0.27894243597984314,0.46291273832321167,0.8742064237594604,0.06777171045541763,0.02871819399297237,-0.1978130787611008
0.2151588350534439,-0.09185517579317092,0.7815626859664917,0.9993495941162108,-0.008455494418740273,0.0141243077814579,0.032084569334983826,-0.1616196036338806,0.1683278530836105,0.14644651114940643,0.33586758375167847,-0.1927163004875183,-0.1443789005279541,-0.05073509365320206,-0.05125220492482185,-0.14674139022827148,0.1846981942653656,-0.17789621651172635,0.09023432433605194,-0.01700889877974987,0.008467125706374645,0.06964237987995148,0.017291225492954254,0.29831716418266296,-0.3829192519187927,1.1913130283355713,0.01870592683553696,-0.018776396289467808,0.028433438390493393,0.1113072782754898,-0.27453988790512085,0.4684487283229828,0.88370680809021,0.05885151401162148,0.028828106820583344,-0.1904733628034592
0.21830950677394864,-0.09127818048000336,0.7815814018249511,0.9993516206741331,-0.006212550215423107,0.0139395110309124,0.03260847553610802,-0.15356522798538208,0.16145658493041992,0.1457555741071701,0.3290696144104004,-0.19107891619205475,-0.14430753886699677,-0.05032780021429062,-0.057822421193122864,-0.1463494598865509,0.19650195538997647,-0.18688824772834775,0.09206737577915192,-0.020043380558490757,0.005136067979037762,0.06910411268472672,0.004161377437412739,0.29570049047470087,-0.39681476354599,1.2071189880371092,0.014832882210612295,-0.015131033025681973,0.020307376980781555,0.11190371960401536,-0.2689640522003174,0.47133517265319824,0.8930822014808655,0.05625621974468231,0.028994251042604446,-0.18532802164554596
0.22141155600547793,-0.09046906232833862,0.7815823554992675,0.9993464946746825,-0.0042597888968884945,0.013671185821294785,0.03318919986486435,-0.14529845118522644,0.15498940646648407,0.1453402191400528,0.3219846487045288,-0.190324142575264,-0.1440698355436325,-0.049050025641918175,-0.06382399797439575,-0.1461988389492035,0.20624676346778867,-0.1947727203369141,0.09410824626684189,-0.021779412403702732,0.0026717586442828174,0.06866271793842316,-0.007758162450045347,0.293714702129364,-0.404394805431366,1.215654730796814,0.010471927933394907,-0.014339883811771868,0.01516713760793209,0.11369220167398451,-0.26251962780952454,0.472951203584671,0.9008362889289857,0.05713315308094025,0.029484730213880535,-0.18076822161674497
0.2242298126220703,-0.08950658887624739,0.7815793752670288,0.9993358850479125,-0.0028151702135801315,0.01333404891192913,0.03379463031888008,-0.138021320104599,0.14973531663417816,0.14491593837738037,0.31616124510765076,-0.19064263999462128,-0.14364589750766754,-0.046563498675823205,-0.06868243217468262,-0.1465070992708206,0.21288396418094635,-0.20112900435924527,0.09613890945911407,-0.021972471848130223,0.0012539054732769728,0.06838713586330414,-0.01882475614547729,0.29262152314186096,-0.40567630529403687,1.2188093662261963,0.0017816636245697737,-0.016447490081191063,0.014590620994567873,0.11681727319955824,-0.2560465931892395,0.47581523656845087,0.9063112735748291,0.05912795290350913,0.0296376533806324,-0.17586643993854523
0.2266590446233749,-0.08837345242500305,0.7815564274787904,0.9993246793746947,-0.0018303715623915195,0.012982663698494434,0.03432530909776688,-0.13268020749092102,0.14570920169353485,0.14448614418506622,0.31309422850608826,-0.19211302697658536,-0.14256234467029572,-0.043522290885448456,-0.07262435555458067,-0.14714102447032928,0.21714112162590024,-0.20619687438011167,0.09826485812664033,-0.02080279774963856,0.0007222398417070509,0.06833318620920181,-0.029360588639974598,0.29233571887016296,-0.40270853042602534,1.218945026397705,-0.012447291053831576,-0.02105193957686424,0.018820229917764664,0.12015614658594131,-0.2508193552494049,0.4819435179233551,0.9098863601684569,0.056988924741745,0.029506890103220936,-0.17071746289730072
0.22880372405052185,-0.08713765442371368,0.7814695835113524,0.9993173480033873,-0.0010825352510437367,0.012730506248772144,0.034665029495954514,-0.12937788665294647,0.14235855638980863,0.14408394694328308,0.31359878182411194,-0.19477739930152893,-0.1406257152557373,-0.04098189994692802,-0.0762573853135109,-0.14791308343410492,0.22122766077518463,-0.2108621448278427,0.10035467892885208,-0.018929883837699887,0.0008595882682129741,0.06842860579490662,-0.03955351561307907,0.2923475205898285,-0.39806208014488226,1.217834711074829,-0.030489305034279823,-0.026647981256246567,0.026035664603114128,0.12231078743934631,-0.24769391119480133,0.49191585183143616,0.9128902554512026,0.04994262009859085,0.02947104908525944,-0.1655064970254898
0.23076173663139343,-0.08573251962661742,0.7812630534172058,0.9993204474449155,-0.0005041660042479633,0.01251276209950447,0.03466874361038208,-0.1272546350955963,0.13965219259262085,0.1441546529531479,0.317313015460968,-0.1986897438764572,-0.13870902359485626,-0.038994815200567245,-0.079658105969429,-0.14826174080371857,0.22583727538585663,-0.21551603078842163,0.1022241860628128,-0.016901038587093353,0.001808622386306524,0.06891819834709167,-0.050197944045066833,0.29251164197921753,-0.3955048024654389,1.2169342041015625,-0.04704130068421364,-0.03147149831056595,0.03318062424659729,0.12245433777570724,-0.24721845984458923,0.5056856274604796,0.9159597158432007,0.03997497633099556,0.02933969534933567,-0.16083991527557373
0.2326278984546661,-0.0842638611793518,0.7810016870498657,0.9993343353271484,-8.134443487506358e-05,0.01228504441678524,0.03435023874044418,-0.12563465535640717,0.1375296413898468,0.14442679286003113,0.3230466842651367,-0.2034272253513336,-0.13722668588161469,-0.038012873381376266,-0.082661971449852,-0.14811240136623383,0.2314015626907349,-0.2201567739248276,0.10421983897686005,-0.01545066386461258,0.0034474609419703484,0.0698029100894928,-0.06002848967909813,0.2929568886756897,-0.3979013860225677,1.216944932937622,-0.05718304589390755,-0.034257832914590836,0.03893157467246056,0.1199260875582695,-0.24905231595039368,0.5202186703681946,0.9193459153175354,0.0305380430072546,0.029597818851470947,-0.15790998935699463
0.23447014391422272,-0.08275590091943741,0.7807179689407348,0.9993560910224913,0.00013659021351486444,0.012024978175759315,0.03380477428436279,-0.1242666319012642,0.1359427571296692,0.14461281895637512,0.32953035831451416,-0.20885036885738367,-0.13604764640331268,-0.03714670240879058,-0.08499833196401597,-0.1476561576128006,0.23650592565536496,-0.22447682917118073,0.10584005713462828,-0.014650424942374228,0.005512089002877474,0.07127015292644501,-0.06861405074596405,0.293960839509964,-0.40617200732231135,1.2177174091339111,-0.06026509031653404,-0.03451789915561676,0.04239024594426155,0.11460253596305849,-0.252666711807251,0.5335640907287598,0.9226560592651368,0.024822810664772987,0.030125189572572708,-0.15689443051815033
0.23628056049346924,-0.08131992071866989,0.7804876565933228,0.9993823766708374,0.00023491443425882608,0.01176524255424738,0.03311152756214142,-0.12262339144945145,0.13473376631736755,0.14478138089179993,0.3352456986904144,-0.21397320926189425,-0.13497598469257355,-0.03588118776679039,-0.08672896027565001,-0.1468749642372131,0.240373894572258,-0.22814306616783145,0.107132688164711,-0.014412895776331425,0.007380186114460231,0.07311565428972243,-0.07489293068647385,0.29550111293792725,-0.418784499168396,1.2192152738571167,-0.056822273880243294,-0.032436683773994446,0.04404538869857788,0.10747101157903673,-0.25737529993057245,0.5430822372436523,0.9253008961677552,0.021781673654913902,0.03104249946773052,-0.1569085270166397
0.23798230290412903,-0.08012859523296355,0.7803356051445006,0.9994042515754701,0.0003080815658904612,0.011699698865413664,0.03246808052062988,-0.12099862098693848,0.13358208537101743,0.1450890600681305,0.3394486904144287,-0.21789924800395963,-0.13369886577129364,-0.034466687589883804,-0.08809432387351988,-0.14581315219402313,0.24264502525329587,-0.23082660138607025,0.10805272310972212,-0.014791538938879967,0.008743422105908394,0.07478915899991989,-0.07893634587526321,0.29730889201164246,-0.43263435363769526,1.221048593521118,-0.05002448335289955,-0.02921935357153416,0.04375703632831573,0.09961839765310287,-0.26232901215553284,0.5479902625083923,0.9265663027763367,0.021398369222879406,0.03222493827342987,-0.15709367394447327
0.23946693539619443,-0.0791684091091156,0.7802451252937315,0.9994184374809264,0.0003246629203204065,0.011793108657002447,0.03199383616447449,-0.119758240878582,0.13252902030944824,0.1453314870595932,0.34273001551628113,-0.2211340218782425,-0.1326829046010971,-0.032794009894132614,-0.08917184919118881,-0.14497695863246915,0.24324762821197507,-0.23246334493160248,0.1086338609457016,-0.015339232981204987,0.009855064563453197,0.07617659866809845,-0.08153120428323746,0.2991311252117157,-0.445808619260788,1.2228481769561768,-0.042000528424978256,-0.02640806697309017,0.04126522317528725,0.09278719872236253,-0.26712334156036377,0.549874484539032,0.9256206154823304,0.02236243151128292,0.03290790691971779,-0.15718482434749603
0.24072265625,-0.07843293994665146,0.7802239656448364,0.99942809343338,0.0003296662762295455,0.012027859687805176,0.03160233795642853,-0.11871718615293501,0.13163475692272186,0.1459294855594635,0.3452998399734497,-0.2237599492073059,-0.13184303045272827,-0.03127707540988922,-0.09016410261392592,-0.14449290931224823,0.24302396178245544,-0.23312173783779144,0.10902192443609236,-0.015613953582942484,0.010789226740598679,0.07725781947374342,-0.0832817405462265,0.3011797070503235,-0.4570647180080414,1.2243092060089111,-0.03438793867826462,-0.02501408942043781,0.0381622388958931,0.08761580288410185,-0.2716493010520935,0.5504027605056763,0.9231234788894653,0.02313936874270439,0.032604992389678955,-0.15704701840877533
0.24181723594665527,-0.07773933559656142,0.7802662849426268,0.9994351267814637,0.0003029513172805309,0.012379033491015434,0.031242696568369865,-0.11778800189495087,0.1309140771627426,0.14679758250713348,0.3468462824821472,-0.22579796612262723,-0.13100016117095947,-0.030120955780148503,-0.09094233810901642,-0.14420047402381897,0.24223122000694275,-0.23324649035930636,0.10919882357120513,-0.015505419112741947,0.01163000240921974,0.07780051976442337,-0.08425746858119965,0.30356433987617487,-0.46640124917030334,1.2256848812103271,-0.02919882722198963,-0.024932188913226128,0.035262808203697205,0.08436160534620285,-0.27577799558639526,0.5498489737510681,0.9204465746879577,0.024518266320228577,0.031858425587415695,-0.15738807618618011
0.24286812543869016,-0.07720356434583664,0.7803615927696227,0.9994364976882935,0.00024158896121662113,0.012797535397112368,0.031028790399432182,-0.11696686595678328,0.13029928505420685,0.1475348323583603,0.34747087955474854,-0.2273229509592056,-0.13001178205013275,-0.0289683248847723,-0.09155436605215073,-0.14424248039722443,0.2406053692102432,-0.23313069343566892,0.10938351601362228,-0.015277528204023838,0.012285424396395683,0.07799143344163895,-0.08453667163848878,0.30623286962509155,-0.4742451012134552,1.227397084236145,-0.02549407258629799,-0.02550310268998146,0.033320896327495575,0.08244849741458893,-0.27919697761535645,0.5489926338195801,0.9184409379959105,0.026039674878120422,0.03097720816731453,-0.1579124629497528
0.24390286207199097,-0.07685571908950804,0.7804448008537292,0.9994351863861086,0.00013207949814386663,0.013203645125031471,0.030901487916707993,-0.1160743087530136,0.1299443393945694,0.14806261658668518,0.34720176458358765,-0.22841158509254453,-0.1293061524629593,-0.027459377422928807,-0.0918961390852928,-0.1443411409854889,0.237907737493515,-0.2328991740942001,0.10961563140153883,-0.01475321501493454,0.012758543714880943,0.07814147323369981,-0.08443610370159149,0.3088837265968323,-0.4809976518154144,1.2293705940246582,-0.022687632590532303,-0.025923147797584534,0.032747749239206314,0.08147722482681273,-0.28167077898979187,0.5481060743331909,0.9172972440719603,0.02841036021709442,0.030435569584369656,-0.15840986371040344
0.24495103955268857,-0.07650624960660934,0.7805131077766417,0.9994288682937622,-4.225949669489637e-05,0.013578728772699831,0.030943576246500012,-0.11517969518899916,0.1298954039812088,0.14813311398029327,0.34632870554924006,-0.2291436791419983,-0.12906450033187866,-0.02550806850194931,-0.09193186461925505,-0.14458253979682922,0.234297975897789,-0.2322714328765869,0.10975895822048189,-0.014101182110607624,0.012994631193578243,0.07833844423294067,-0.0842548981308937,0.31150278449058527,-0.4870587885379791,1.2314382791519165,-0.020037617534399033,-0.025788985192775726,0.033036649227142334,0.08112639933824539,-0.28312230110168457,0.547533392906189,0.9169743061065674,0.031412407755851746,0.030382171273231503,-0.1583917140960693
0.2460152059793472,-0.07611849159002304,0.7805861234664917,0.9994171261787415,-0.0002110989444190636,0.013971807435154915,0.031148018315434452,-0.1144622191786766,0.12980835139751434,0.1476324051618576,0.34495389461517334,-0.22971242666244504,-0.12867474555969238,-0.023376526311039925,-0.09190836548805235,-0.14521808922290802,0.23043079674243927,-0.23125478625297544,0.11000402271747588,-0.013552076183259487,0.012883825227618216,0.07857003062963484,-0.08412355184555052,0.31384652853012085,-0.49197420477867126,1.2332435846328735,-0.017739972099661827,-0.025033647194504734,0.03367399796843529,0.08102899044752121,-0.28352421522140503,0.5473160743713379,0.9170080423355103,0.03429903835058212,0.03100259229540825,-0.1578863561153412
0.2470412850379944,-0.07580543309450148,0.7806452512741088,0.9994040727615356,-0.000364695384632796,0.01432256121188402,0.031405258923769,-0.11366115510463715,0.12977562844753265,0.1469813883304596,0.34340953826904297,-0.23008774220943448,-0.12808121740818024,-0.021176137030124664,-0.09168428182601927,-0.14577466249465942,0.2265625,-0.2301091700792313,0.1101330891251564,-0.013004404492676258,0.012535256333649158,0.07889285683631897,-0.08401661366224289,0.3156327605247497,-0.49623274803161616,1.234283447265625,-0.016494203358888626,-0.024449121206998825,0.03433319553732872,0.0808354765176773,-0.28318923711776733,0.5482494235038757,0.917238473892212,0.0361151359975338,0.03158363699913025,-0.15695972740650177
0.247933030128479,-0.07549650967121123,0.7806971669197081,0.9993915557861328,-0.0004719141870737076,0.014640790410339832,0.031653568148612976,-0.11277338862419128,0.1296187788248062,0.14609017968177795,0.34194982051849365,-0.2302570194005966,-0.1272156834602356,-0.0192234180867672,-0.0914829596877098,-0.14638741314411163,0.2231860309839249,-0.2289171516895294,0.1101669892668724,-0.012668798677623272,0.011929260566830637,0.07922471314668654,-0.08373091369867325,0.31687960028648376,-0.4992091357707977,1.234430909156799,-0.01633065938949585,-0.02429227344691753,0.03494713455438614,0.08041170984506607,-0.28221046924591064,0.550011157989502,0.9175813794136048,0.03658005967736244,0.03226909041404724,-0.15572600066661835
0.24854521453380585,-0.0751623511314392,0.7807391285896301,0.9993804097175598,-0.0005542420549318193,0.014901204034686089,0.03188082575798035,-0.11207831650972366,0.12935264408588407,0.14510536193847656,0.3412474989891052,-0.23054897785186768,-0.12641507387161255,-0.017603836953639984,-0.09132134914398192,-0.1469591110944748,0.22040791809558868,-0.22783896327018735,0.11012400686740877,-0.012428052723407744,0.011187072843313215,0.07961125671863557,-0.08358331769704817,0.3174002766609192,-0.5016705989837646,1.2339979410171509,-0.017068153247237206,-0.024311967194080353,0.03517725318670273,0.07983213663101196,-0.28101086616516113,0.5526165962219238,0.9183400273323059,0.03583325445652008,0.032701414078474045,-0.1538483053445816
0.2490454316139221,-0.07492179423570633,0.7807930111885072,0.9993690848350526,-0.000573391211219132,0.01514770183712244,0.03211960941553116,-0.11154114454984664,0.12890124320983887,0.14423449337482452,0.3406140208244324,-0.23061132431030276,-0.12595225870609283,-0.016644811257719994,-0.09139034897089005,-0.1474774181842804,0.21840980648994443,-0.22711531817913053,0.11020239442586897,-0.01228401716798544,0.010366380214691162,0.08001059293746947,-0.0837797299027443,0.3171214163303375,-0.5041858553886414,1.2331771850585935,-0.016527054831385612,-0.024744896218180656,0.03482242301106453,0.07912147045135498,-0.27982357144355774,0.5557398200035095,0.9192476868629456,0.034702640026807785,0.03285125270485877,-0.15179353952407837
0.2495656311511993,-0.07475529611110686,0.7808718681335449,0.9993619918823241,-0.0005487879971042275,0.01528487168252468,0.03227522224187851,-0.11076315492391586,0.12846150994300842,0.14382384717464447,0.3397048413753509,-0.23047325015068051,-0.12610472738742828,-0.015809498727321625,-0.09159164130687712,-0.14771011471748352,0.21694135665893555,-0.2266951650381088,0.11052589863538742,-0.012230937369167805,0.009610516019165518,0.0805610865354538,-0.08411891013383865,0.31615856289863586,-0.5072023272514343,1.2319635152816772,-0.01559694018214941,-0.02525470033288002,0.03408362716436386,0.07828773558139801,-0.2788839340209961,0.558800220489502,0.9201248288154602,0.03378806635737419,0.03249498084187508,-0.1498246192932129
0.2501338720321655,-0.07461835443973541,0.7809168696403502,0.9993613362312317,-0.0004271450452506542,0.015316089615225792,0.03228278458118439,-0.10961901396512984,0.12780015170574188,0.14388088881969452,0.3383897840976715,-0.23047038912773127,-0.12626808881759644,-0.014910059981048107,-0.09218093752861024,-0.14772701263427734,0.21605317294597623,-0.22666597366333008,0.1108742207288742,-0.01217355579137802,0.008803332224488258,0.0812898650765419,-0.08484693616628647,0.31478771567344666,-0.5113094449043274,1.2302629947662351,-0.01519902516156435,-0.02590341493487358,0.03269726783037186,0.07744341343641281,-0.2786308526992798,0.5619362592697144,0.9204925894737245,0.033007197082042694,0.03201714903116226,-0.1485237181186676
0.2506040334701538,-0.07439249753952025,0.7809106111526489,0.9993682503700256,-0.00020288521773181853,0.015240103006362917,0.032105978578329086,-0.1078331395983696,0.1269313395023346,0.14453402161598203,0.3363235294818878,-0.23029422760009763,-0.12640896439552307,-0.014023350551724432,-0.09313383698463441,-0.1475684642791748,0.216240793466568,-0.22734943032264707,0.111127108335495,-0.012213609181344507,0.007867805659770966,0.08219332993030547,-0.08591850101947784,0.3132265508174896,-0.5160110592842102,1.228102684020996,-0.014840499497950075,-0.02652565762400627,0.031175632029771805,0.07648251950740814,-0.27875426411628723,0.5646227598190308,0.9206587076187133,0.03247038647532463,0.03198659047484398,-0.14786472916603088
0.25093352794647217,-0.07405434548854829,0.7808778882026672,0.9993816018104552,8.719294419279322e-05,0.015174847096204756,0.03171943500638008,-0.10559148341417313,0.1258841902017593,0.14570555090904236,0.33357781171798706,-0.23011749982833865,-0.12635715305805206,-0.013754074461758137,-0.09422601014375687,-0.14706102013587952,0.21748775243759155,-0.22838883101940155,0.11130636185407639,-0.012139741331338882,0.006845603697001934,0.08302450925111769,-0.08727952837944031,0.3115435838699341,-0.5205807089805603,1.2260830402374268,-0.01484036725014448,-0.02724877744913101,0.030373934656381607,0.07574895769357681,-0.2789188325405121,0.5664327144622803,0.9205880761146544,0.032142274081707,0.03242596611380577,-0.1478595733642578
0.2510855197906494,-0.07370300590991974,0.780848741531372,0.9993980526924131,0.0003830844652839005,0.015171699225902556,0.031196415424346924,-0.10319956392049788,0.12492059171199799,0.14720043540000916,0.33051303029060364,-0.2297805994749069,-0.12624065577983856,-0.014264519326388836,-0.0951891914010048,-0.146067813038826,0.21935187280178073,-0.22938787937164304,0.11140254139900208,-0.012146050110459328,0.005861598066985607,0.08351196348667143,-0.08870005607604979,0.30992722511291504,-0.5248411893844604,1.2245643138885498,-0.014160986058413982,-0.027655569836497303,0.02989041619002819,0.07513482868671417,-0.27884528040885925,0.5673485398292542,0.9200491309165953,0.03205382078886032,0.033278580754995346,-0.14866396784782407
0.25099942088127136,-0.07344882935285568,0.7808420062065123,0.9994147419929504,0.0006798568647354841,0.015243380330502985,0.03061692789196968,-0.10146159678697586,0.12404201924800871,0.14856800436973572,0.32807254791259766,-0.22961546480655673,-0.12605585157871246,-0.015557626262307169,-0.09605469554662704,-0.14488492906093595,0.2217911183834076,-0.23056165874004364,0.111633263528347,-0.01243177056312561,0.004930256400257349,0.08351735770702362,-0.08990060538053513,0.30846649408340454,-0.5276479125022888,1.2236136198043823,-0.013694196939468384,-0.02767013572156429,0.02968866378068924,0.07508018612861633,-0.27845272421836853,0.5666300058364868,0.9187645912170409,0.032777931541204446,0.03417792543768883,-0.14992035925388336
0.25079965591430664,-0.07323784381151198,0.7808667421340942,0.9994277954101561,0.0009480284643359481,0.015340781770646572,0.030129481106996536,-0.1004987359046936,0.12319884449243544,0.14934368431568143,0.3263598680496216,-0.22965726256370544,-0.12557554244995117,-0.017286604270339012,-0.09686350077390671,-0.14381030201911926,0.2242982387542725,-0.2317288815975189,0.11180018633604048,-0.013031087815761566,0.004126614425331353,0.08333482593297958,-0.09106806665658951,0.3073248565196991,-0.5290492177009584,1.2233015298843384,-0.013863920234143732,-0.027336234226822853,0.02963448502123356,0.07566223293542862,-0.2778445780277252,0.5642292499542236,0.9173066616058348,0.03327875956892967,0.03463810682296753,-0.1512302607297897
0.25066736340522766,-0.07307539880275726,0.780936360359192,0.99943608045578,0.0012113943230360746,0.015470837242901323,0.029778616502881047,-0.10013854503631592,0.12240851670503616,0.14980775117874143,0.3252984583377838,-0.22952730953693387,-0.12506277859210968,-0.019029682502150532,-0.09764048457145691,-0.14273732900619507,0.22634898126125333,-0.23275576531887052,0.11208517849445344,-0.013889020308852196,0.0034305742010474205,0.08323600888252257,-0.09235694259405136,0.3063585162162781,-0.5290254354476929,1.2234773635864256,-0.015034754760563372,-0.02684996835887432,0.030179250985383987,0.07663799077272414,-0.2771131098270416,0.5607678294181824,0.9160028100013733,0.03367256373167037,0.03489401936531067,-0.1523887813091278
0.25066322088241577,-0.07301349937915802,0.7810155749320983,0.9994406700134275,0.0014144291635602713,0.015576704405248163,0.029558520764112473,-0.10021235793828964,0.1217917948961258,0.149921253323555,0.3250480890274048,-0.22964566946029663,-0.12467243522405624,-0.0203965175896883,-0.09824214875698088,-0.14184825122356415,0.22792108356952667,-0.23357589542865756,0.11210282146930695,-0.014792298898100851,0.0029918246436864138,0.08347287774085999,-0.09421823918819427,0.3055668175220489,-0.5287055969238281,1.2233502864837646,-0.015862461179494854,-0.026700446382164955,0.03135434165596961,0.0780823528766632,-0.2763865888118744,0.556442379951477,0.9153714179992675,0.03420277684926987,0.03494301438331604,-0.15320494771003723
0.2506936192512512,-0.07305043935775757,0.7810853719711303,0.999443769454956,0.0015614128205925226,0.015610459260642529,0.02942837588489056,-0.10040616244077682,0.12135519832372664,0.14982850849628448,0.3256080150604248,-0.23029978573322296,-0.12464610487222672,-0.021282359957695007,-0.09883887320756912,-0.1416961699724197,0.22929677367210388,-0.2341570854187012,0.11192214488983154,-0.015771757811307907,0.002830064622685313,0.08405033499002457,-0.09637360274791715,0.30498144030570984,-0.5279416441917419,1.2229160070419312,-0.015629474073648453,-0.027522264048457146,0.032709166407585144,0.07958012819290161,-0.27579140663146967,0.5514165163040161,0.9161099791526793,0.034315597265958786,0.03481212630867958,-0.15346543490886688
0.25069865584373474,-0.07310927659273148,0.7811295986175537,0.99944931268692,0.0017557053361088035,0.015579793602228165,0.029244685545563694,-0.1003984287381172,0.12080544978380205,0.15002644062042236,0.3263412117958069,-0.2307834029197693,-0.12483379989862442,-0.021936379373073574,-0.09963393211364746,-0.141717791557312,0.23082606494426727,-0.23468101024627683,0.11204299330711363,-0.016616053879261017,0.002680249512195587,0.08478418737649916,-0.09910827130079267,0.30461922287940973,-0.5275830030441284,1.2221994400024414,-0.014086082577705383,-0.0284844022244215,0.03319007158279419,0.08089096844196318,-0.27539175748825073,0.5462033152580261,0.918301522731781,0.03502980247139931,0.034555647522211075,-0.15316833555698395
0.2507096230983734,-0.0731288343667984,0.781152606010437,0.9994598031044006,0.0019341582665219903,0.015494896098971365,0.02891894243657589,-0.10017360001802444,0.1202452927827835,0.15045857429504395,0.3270678222179413,-0.23073394596576688,-0.1252434104681015,-0.022273713722825047,-0.10032305866479872,-0.14144419133663175,0.23186491429805756,-0.23478122055530548,0.11246964335441588,-0.017140675336122513,0.0026052971370518208,0.08551637083292006,-0.10172854363918304,0.3044859170913696,-0.527735710144043,1.221278429031372,-0.013214251957833765,-0.029030404984951016,0.03316925838589668,0.082233689725399,-0.27519270777702326,0.5410687923431396,0.9212413430213928,0.03492703661322594,0.03457685932517052,-0.15289907157421112
0.2506001591682434,-0.0730782076716423,0.7811609506607055,0.9994700551033021,0.002049405360594392,0.015384595841169356,0.02861449308693409,-0.09989098459482193,0.119774729013443,0.15093766152858734,0.3277933001518249,-0.23051558434963224,-0.12522630393505096,-0.022253612056374546,-0.10076141357421876,-0.14103876054286957,0.23229818046092987,-0.23481714725494385,0.112811878323555,-0.017613818868994713,0.0026201112195849414,0.0861101597547531,-0.10374986380338667,0.3047547936439514,-0.5279480814933777,1.2203966379165647,-0.013181643560528755,-0.02959497645497322,0.032599251717329025,0.08316899836063385,-0.275245726108551,0.5358234643936157,0.9242435097694398,0.03344042971730232,0.03524430841207504,-0.1524265557527542
0.25045022368431086,-0.07295354455709457,0.7811577320098878,0.9994806051254272,0.002063052263110876,0.015294380486011503,0.02829032950103283,-0.09966916590929031,0.11951936781406403,0.15111900866031647,0.3285823166370392,-0.23047539591789243,-0.12475962191820145,-0.022109506651759148,-0.1008682996034622,-0.14055825769901276,0.23238258063793185,-0.23499189317226407,0.11289965361356737,-0.018164722248911858,0.002742274198681116,0.08652454614639282,-0.10500667244195938,0.3054244518280029,-0.5277789831161499,1.2196755409240723,-0.013290587812662125,-0.030139504000544548,0.03200303018093109,0.08363978564739227,-0.2758026719093323,0.5299134850502014,0.9271934032440184,0.03193597495555878,0.03639945387840271,-0.15229760110378265
0.2504863142967224,-0.0727517530322075,0.7811442613601683,0.9994910359382627,0.0019384099869057536,0.015245888382196426,0.02795509062707424,-0.09961210191249847,0.11967549473047256,0.1510288119316101,0.3296128511428833,-0.23123082518577573,-0.12422188371419907,-0.021909216418862343,-0.10060461610555647,-0.140165314078331,0.2319960594177246,-0.2352352887392044,0.11295597255229949,-0.018732285127043724,0.002994245383888483,0.08657791465520857,-0.10545037686824799,0.30638694763183594,-0.5269896388053894,1.2191674709320068,-0.013384841382503508,-0.0307928416877985,0.03195876628160477,0.08398623764514923,-0.2769179046154022,0.5235735774040222,0.9294227361679075,0.03257320076227188,0.037170760333538055,-0.15268224477767944
0.250744104385376,-0.07259756326675415,0.7811308503150941,0.999505579471588,0.0017097294330596924,0.015144243836402891,0.0275009460747242,-0.09918800741434096,0.12038332223892212,0.15117982029914856,0.3309994041919708,-0.23284365236759183,-0.12382063269615172,-0.02161023020744324,-0.10000815987586976,-0.13980017602443695,0.2318497598171234,-0.23562991619110107,0.11274145543575285,-0.01936299353837967,0.0033311552833765745,0.08668276667594908,-0.10535474866628645,0.3075540363788605,-0.5255950689315796,1.218876838684082,-0.013586551882326601,-0.03148040920495987,0.032729875296354294,0.08414120972156525,-0.278533935546875,0.5159856081008911,0.9304838180541992,0.03438997268676758,0.03735920414328575,-0.15368351340293884
0.25107911229133606,-0.07243572175502777,0.7811234593391417,0.9995224475860596,0.0014711241237819195,0.015066824853420256,0.026940518990159035,-0.09878519177436829,0.1213686317205429,0.15172745287418363,0.33278098702430725,-0.23438933491706848,-0.1235164850950241,-0.021406102925539017,-0.09928024560213089,-0.13921919465065002,0.23219148814678192,-0.2359580099582672,0.11271826177835464,-0.02030978724360466,0.0035867332480847836,0.08673115074634552,-0.10518403351306917,0.30887430906295776,-0.5239766240119934,1.21891450881958,-0.014321894384920595,-0.03179178759455681,0.03426124528050423,0.08449321240186691,-0.2805185914039612,0.5072455406188965,0.9303807020187378,0.0362161323428154,0.03704452142119408,-0.15546278655529022
0.25149983167648315,-0.07228006422519684,0.7810965776443481,0.9995383024215697,0.0012651699362322688,0.01504475437104702,0.026366829872131348,-0.09870794415473938,0.1223076283931732,0.15243451297283173,0.3347706198692322,-0.2356925159692764,-0.12342296540737152,-0.02111206203699112,-0.09853163361549376,-0.13827015459537506,0.23255667090415957,-0.23617953062057492,0.11279325932264328,-0.02166779339313507,0.0038066024426370855,0.08661463111639024,-0.10488849133253096,0.31000757217407227,-0.5225721001625061,1.2195045948028564,-0.015355815179646015,-0.031582511961460114,0.03599356859922409,0.08518467843532562,-0.2824120819568634,0.49757465720176697,0.9297466278076173,0.03829082101583481,0.03630205243825912,-0.1580962240695953
0.25193527340888977,-0.07213030755519867,0.781050205230713,0.9995496273040771,0.001097576692700386,0.01502437237650156,0.02595323510468006,-0.09882261604070663,0.12294811755418776,0.15275853872299194,0.3369925022125244,-0.2370818257331848,-0.12329424172639845,-0.020394025370478634,-0.09796960651874542,-0.13760891556739807,0.23260197043418884,-0.23645916581153867,0.113112673163414,-0.023441936820745468,0.003973247017711401,0.08647361397743225,-0.1041932851076126,0.310886025428772,-0.5208800435066223,1.2204575538635252,-0.0160899106413126,-0.03145978972315788,0.037075795233249664,0.08637639880180359,-0.28391024470329285,0.48721626400947565,0.9288444519042968,0.040316954255104065,0.035615015774965286,-0.16093596816062927
0.2523614466190338,-0.07193328440189362,0.7809820175170897,0.9995550513267517,0.000975224596913904,0.015036054886877537,0.02574096247553825,-0.0991210639476776,0.12330982089042664,0.1527688056230545,0.3392104506492615,-0.23872126638889313,-0.1232352629303932,-0.01953125186264515,-0.09766735881567,-0.13733930885791779,0.23224084079265597,-0.2368325442075729,0.11366929113864899,-0.02508814074099064,0.0040876478888094425,0.086205817759037,-0.10344842076301573,0.31145215034484863,-0.5186049938201904,1.2219233512878416,-0.017108993604779243,-0.031445883214473724,0.03733692318201065,0.08850718289613724,-0.28503790497779846,0.4770205318927765,0.9276332855224608,0.04237475618720055,0.03477749228477478,-0.16281986236572263
0.25279486179351807,-0.071660116314888,0.7808868288993835,0.9995568394660947,0.000878975261002779,0.01503467746078968,0.02567746676504612,-0.09928107261657715,0.1234890967607498,0.1524941474199295,0.3411221504211426,-0.2403454482555389,-0.12334057688713072,-0.018703641369938847,-0.09751472622156145,-0.1373697966337204,0.2320495694875717,-0.23735848069190976,0.1141844242811203,-0.026253528892993927,0.00424769101664424,0.08597331494092941,-0.10310959070920944,0.3116930425167084,-0.5170258283615112,1.2238088846206665,-0.01884792372584343,-0.0317736491560936,0.037537191063165665,0.09138685464859007,-0.28565627336502075,0.4685494899749756,0.9267700910568237,0.044031959027051926,0.034061577171087265,-0.1633884310722351
0.25323760509490967,-0.07133761048316956,0.78078693151474,0.9995570182800293,0.0008210181258618831,0.0149669973179698,0.025712691247463223,-0.09913486987352371,0.12355319410562517,0.15230248868465424,0.34236055612564087,-0.24175085127353668,-0.12325308471918106,-0.017785951495170593,-0.09760797768831252,-0.13771863281726837,0.2320759743452072,-0.23807379603385925,0.11455155909061432,-0.026782408356666565,0.004458235111087561,0.08593695610761641,-0.10333755612373352,0.31148070096969604,-0.5158261656761169,1.2259016036987305,-0.022108457982540127,-0.03236513212323189,0.03763699531555176,0.09447728842496873,-0.285825788974762,0.4625939428806305,0.9266973137855528,0.043889667838811874,0.033652771264314645,-0.1624651700258255
0.2537435293197632,-0.07099267095327377,0.780698537826538,0.9995579719543456,0.0008391268784180284,0.014845658093690872,0.02574386820197105,-0.09849979728460313,0.12344461679458618,0.1522621214389801,0.3428252637386322,-0.2427387535572052,-0.12293425947427748,-0.016863733530044556,-0.09801610559225081,-0.13836528360843658,0.23241832852363584,-0.23881076276302335,0.11495877802371977,-0.02682309038937092,0.004654033575206995,0.08623802661895752,-0.10406216233968733,0.31084111332893366,-0.515541672706604,1.2277982234954832,-0.02465147152543068,-0.03304259106516838,0.03755585476756096,0.09723450243473054,-0.28547659516334534,0.45971414446830744,0.9278981685638429,0.04291343688964844,0.03340080752968788,-0.1607391387224197
0.25421637296676636,-0.07067824900150299,0.7806451916694641,0.9995595812797545,0.0009577597375027836,0.014703950844705105,0.025758432224392887,-0.09749270230531693,0.12312008440494536,0.1524861603975296,0.3428008556365967,-0.24332527816295624,-0.1223919242620468,-0.016063837334513664,-0.09864261746406557,-0.1390160173177719,0.232997328042984,-0.23954784870147705,0.11551734060049056,-0.026368193328380585,0.0048564914613962165,0.08689428120851517,-0.10508192330598833,0.3097793459892273,-0.5157052874565125,1.2291171550750732,-0.026507891714572903,-0.0338146947324276,0.037603367120027535,0.09908937662839888,-0.2846584916114807,0.46084421873092646,0.9304240942001343,0.03967215493321418,0.03372007608413696,-0.1588596552610397
0.2546389698982239,-0.0705440565943718,0.7806385159492493,0.9995623230934144,0.0011301523772999644,0.014586630277335644,0.025711454451084137,-0.0963151752948761,0.12264158576726912,0.15289266407489777,0.34237089753150934,-0.24355025589466092,-0.12192606925964355,-0.015398383140563965,-0.09926240146160124,-0.13947412371635437,0.2334411442279816,-0.2399362027645111,0.1162463203072548,-0.025349907577037808,0.005199372302740812,0.08771434426307678,-0.10608360916376113,0.30829218029975886,-0.5164675712585449,1.2299350500106812,-0.02761044539511204,-0.03423256799578667,0.03742700442671776,0.10010965913534164,-0.28354352712631226,0.465336948633194,0.9334927201271056,0.03440321236848831,0.03434722125530243,-0.15669885277748108
0.2548730969429016,-0.07053965330123901,0.7806444764137267,0.9995630979537965,0.0013375079724937675,0.014539915136992931,0.02569681964814663,-0.09522347897291183,0.12197830528020857,0.15307627618312836,0.3415329158306122,-0.24343270063400269,-0.12170979380607604,-0.014977048151195048,-0.09992238134145735,-0.13990777730941772,0.23366126418113708,-0.24003201723098755,0.11695586144924164,-0.024058425799012184,0.005632896441966295,0.08855902403593062,-0.10726655274629592,0.30649468302726746,-0.5174340009689331,1.2303768396377563,-0.028658464550971985,-0.0344947911798954,0.037354737520217896,0.0999569296836853,-0.2823667824268341,0.47254842519760126,0.9362903833389281,0.027936410158872604,0.0351630337536335,-0.1542332023382187
0.25499606132507324,-0.07056102156639099,0.7806207537651062,0.9995622634887696,0.0015885530738160014,0.014560814015567303,0.02570263482630253,-0.09433624148368835,0.12102992087602615,0.15279774367809296,0.3406326472759247,-0.2432321459054947,-0.12149127572774888,-0.014981635846197603,-0.10062458366155624,-0.14020623266696927,0.23392888903617856,-0.24042806029319763,0.1173638328909874,-0.02261316403746605,0.006093662697821856,0.08923865109682083,-0.10851485282182692,0.3045448958873749,-0.5187444090843201,1.2308475971221924,-0.030052749440073967,-0.03484080731868744,0.03699735552072525,0.09889087826013565,-0.2815444469451904,0.4802825152873993,0.9377599358558655,0.021705538034439087,0.03586430102586746,-0.151906356215477
0.2550866901874542,-0.07041037827730179,0.7806069254875182,0.9995563626289368,0.0018251215806230905,0.01466312911361456,0.025858858600258827,-0.09361854940652849,0.1199769377708435,0.1521037220954895,0.33939746022224426,-0.2427745908498764,-0.12135716527700424,-0.015252216719090939,-0.10123609751462936,-0.1405188739299774,0.2341661900281906,-0.24092596769332883,0.11755288392305374,-0.021448036655783653,0.006613718345761299,0.08964940160512924,-0.10975259542465209,0.3025246262550354,-0.5198431015014648,1.2314667701721191,-0.030665801838040352,-0.03529585897922516,0.036222971975803375,0.09702962636947632,-0.28111600875854487,0.4872997403144837,0.9377504587173461,0.016294145956635475,0.03640882298350334,-0.1496945172548294
0.2551786005496979,-0.07005913555622101,0.7806233167648315,0.9995453357696531,0.0021056532859802246,0.014786220155656336,0.026193922385573387,-0.09307646751403809,0.11884208023548126,0.15130597352981567,0.33785712718963623,-0.24187925457954407,-0.1213098019361496,-0.01549567561596632,-0.1019553169608116,-0.14093473553657532,0.2344223260879517,-0.24159112572669983,0.11785613745450972,-0.020700801163911816,0.007034781854599713,0.08997422456741333,-0.11081720143556593,0.30046969652175903,-0.5210588574409485,1.232250452041626,-0.029541080817580223,-0.03572354465723038,0.03516126051545143,0.0947456955909729,-0.28114381432533264,0.49343657493591303,0.9360983967781066,0.012385440059006214,0.03666768595576286,-0.1479671746492386
0.2553555965423584,-0.06977437436580658,0.7806301116943358,0.9995359778404237,0.0024141583126038313,0.014841537922620772,0.026489239186048508,-0.09260594099760056,0.11782135814428328,0.1506401002407074,0.3363879323005676,-0.2407371550798416,-0.12129652500152588,-0.01566292718052864,-0.102591373026371,-0.1409903913736343,0.23513314127922055,-0.24226777255535123,0.11805850267410278,-0.02020065858960152,0.0073737334460020065,0.09042669832706451,-0.11104455590248108,0.2985900342464447,-0.5216143727302551,1.2327961921691895,-0.0276639387011528,-0.03592291474342346,0.034156329929828644,0.09229787439107895,-0.28152042627334595,0.4982845187187194,0.9335857033729552,0.011027381755411623,0.03663866966962814,-0.14686059951782227
0.25559151172637934,-0.06962376087903976,0.7806551456451416,0.9995321631431581,0.002725540893152356,0.014783402904868124,0.02663663402199745,-0.09209338575601576,0.11700040102005003,0.15022823214530945,0.3352797627449036,-0.2393712252378464,-0.12137725204229353,-0.01560823805630207,-0.10317664593458176,-0.14072906970977783,0.23606517910957336,-0.24275755882263184,0.11824587732553482,-0.01979091577231884,0.007689305115491152,0.0910978615283966,-0.11049876362085342,0.2971038222312927,-0.5211779475212097,1.2329572439193723,-0.025033676996827126,-0.03581002727150917,0.03286898136138916,0.08995617926120758,-0.28223615884780884,0.5016695261001587,0.9305700063705443,0.011334876529872416,0.03630319237709045,-0.14647331833839417
0.2559238374233246,-0.06960374116897583,0.7806969881057739,0.9995323419570922,0.0030518192797899246,0.014615519903600216,0.026687579229474068,-0.09120051562786102,0.1161932423710823,0.15010452270507812,0.3340175151824951,-0.238020732998848,-0.1214115098118782,-0.015231568366289139,-0.10377614200115204,-0.14024482667446136,0.23682555556297305,-0.2431969493627548,0.11835961788892745,-0.01936749555170536,0.007920063100755215,0.09199174493551254,-0.10955648869276045,0.2959012985229492,-0.5201713442802429,1.2330505847930908,-0.022835806012153625,-0.03546912223100662,0.031078230589628216,0.08780869841575623,-0.2831701338291168,0.5034539103507996,0.9277258515357971,0.01311406772583723,0.03576286882162094,-0.14633452892303467
0.2563437223434448,-0.06961651146411896,0.7807251811027527,0.9995326995849608,0.003312488086521625,0.01437324471771717,0.02677514962852001,-0.09034837782382964,0.11557602882385253,0.15010757744312286,0.3330831527709961,-0.2369684875011444,-0.12132330238819122,-0.014871471561491488,-0.10428346693515776,-0.1398153007030487,0.23750640451908112,-0.2438128292560577,0.11813070625066756,-0.018918674439191815,0.00815562717616558,0.09304028004407881,-0.10857676714658736,0.2950126826763153,-0.5195299386978148,1.233375906944275,-0.02166946604847908,-0.035137634724378586,0.02952145040035248,0.08627794682979582,-0.28413528203964233,0.5037937760353088,0.9251676797866819,0.015442349947988985,0.03525847941637039,-0.1464792639017105
0.2566855847835541,-0.06959036737680435,0.7807025313377379,0.999529242515564,0.0034914494026452303,0.014026757329702376,0.02706076391041279,-0.08963390439748765,0.1150958463549614,0.14988575875759125,0.3325302004814148,-0.23652131855487823,-0.12124362587928772,-0.014343820512294768,-0.10486144572496414,-0.13987873494625092,0.23827144503593445,-0.24490350484848025,0.11755531281232832,-0.018592841923236847,0.008356569334864616,0.09413103014230728,-0.10775057226419447,0.2945343554019928,-0.5194927453994751,1.2338547706604004,-0.02204234711825848,-0.034930117428302765,0.02831638231873512,0.08556654304265976,-0.285285085439682,0.5032266974449158,0.9226400852203368,0.01798165589570999,0.03489845618605614,-0.14681674540042877
0.2568243741989136,-0.06945670396089554,0.7806260585784912,0.9995251297950744,0.00357078923843801,0.013610042631626127,0.02741430513560772,-0.08887949585914612,0.11473648250102995,0.14930719137191772,0.3324762284755707,-0.2368473708629608,-0.12092728167772292,-0.01351703330874443,-0.10539580881595612,-0.14049765467643735,0.23891799151897433,-0.2461671531200409,0.116986483335495,-0.018342070281505585,0.008534513413906097,0.09520886838436127,-0.10731023550033568,0.2942512035369873,-0.5198132395744324,1.2347803115844727,-0.0239731390029192,-0.035031434148550034,0.027674833312630653,0.08539429306983948,-0.2865484654903412,0.5027667284011841,0.9202919602394104,0.019371947273612022,0.034780245274305344,-0.14711564779281616
0.25679883360862726,-0.06927798688411713,0.7805683612823486,0.9995220303535459,0.00362374191172421,0.013236590661108492,0.02770165726542473,-0.08799263089895248,0.11445151269435883,0.1486605405807495,0.33239245414733887,-0.237368643283844,-0.12060434371232986,-0.012511278502643108,-0.10577790439128876,-0.14126268029212952,0.239282101392746,-0.24735501408576965,0.11667406558990479,-0.01811792142689228,0.008587696589529514,0.096148781478405,-0.10683292150497437,0.2939991950988769,-0.5202496647834778,1.235857605934143,-0.025981774553656575,-0.03531890735030174,0.027076859027147293,0.08507329970598221,-0.2876127958297729,0.5025532841682434,0.918446660041809,0.01957462541759014,0.03502976521849632,-0.14733040332794187
0.2566661834716797,-0.06906051933765411,0.7805326581001282,0.9995240569114685,0.0036562955938279624,0.012903114780783652,0.0277820099145174,-0.0869501084089279,0.11435282975435256,0.1482074111700058,0.33219468593597407,-0.237883135676384,-0.12040761113166808,-0.011567692272365091,-0.10593806952238081,-0.14186152815818787,0.2396549731492996,-0.24817173182964325,0.11667222529649734,-0.017871683463454247,0.00869117770344019,0.09702785313129424,-0.10627760738134384,0.29374951124191284,-0.5204364061355591,1.2365570068359375,-0.027601249516010284,-0.03583239391446113,0.026630280539393425,0.0841100737452507,-0.28841084241867065,0.5029842257499695,0.9176523685455321,0.01969189755618572,0.03573407232761383,-0.14730121195316315
0.2565513849258423,-0.06877890229225159,0.780541718006134,0.9995288252830504,0.003701156470924616,0.01265796460211277,0.027718227356672287,-0.08600054681301118,0.11432906240224838,0.1478894203901291,0.3316825330257416,-0.2379276007413864,-0.1203787624835968,-0.010882229544222353,-0.10607922822237013,-0.14242388308048248,0.24002406001091003,-0.24864616990089417,0.11691228300333024,-0.017773272469639778,0.008838360197842121,0.09764934331178664,-0.10576459020376204,0.29347416758537287,-0.5198892951011658,1.2367877960205078,-0.028619792312383648,-0.036136511713266366,0.02659038081765175,0.08264262974262236,-0.2887972593307495,0.5038751363754272,0.9178805947303774,0.020023709163069725,0.03667816147208214,-0.1472731977701187
0.25648778676986694,-0.06845424324274063,0.7805733084678651,0.9995352625846863,0.0037419458385556936,0.012466211803257464,0.027566239237785336,-0.08520717918872833,0.11436837911605834,0.1478692591190338,0.330999493598938,-0.2375711500644684,-0.12044810503721236,-0.010545809753239155,-0.10609657317399979,-0.1425577849149704,0.24027982354164124,-0.24887265264987943,0.1169927790760994,-0.017814405262470245,0.009045560844242573,0.09818465262651443,-0.1051475703716278,0.29320836067199707,-0.5197049975395203,1.2366310358047483,-0.029447203502058983,-0.036095160990953445,0.026680676266551014,0.08124055713415146,-0.2888709306716919,0.5053588747978209,0.9182896614074707,0.020496547222137448,0.037672970443964,-0.14708787202835083
0.2565294802188873,-0.06809179484844208,0.7806093096733093,0.9995398521423341,0.0037862483877688646,0.012346347793936728,0.0274462066590786,-0.0845957025885582,0.11432723701000212,0.1478145569562912,0.3301527798175812,-0.23710252344608304,-0.12048472464084624,-0.010682105086743832,-0.10600919276475906,-0.1421028822660446,0.2405591458082199,-0.2489488869905472,0.11696139723062517,-0.01799442619085312,0.009268355555832386,0.09852785617113112,-0.1044674962759018,0.292958527803421,-0.5187691450119019,1.2362725734710691,-0.03034117445349693,-0.03569990023970604,0.026241386309266087,0.08022591471672058,-0.2887094914913177,0.506745219230652,0.9186913967132568,0.020226301625370976,0.03862405568361282,-0.14663495123386383
0.2566452622413635,-0.06771107017993927,0.7806359529495238,0.9995405077934264,0.00385375483892858,0.012310068123042583,0.02743006497621536,-0.08426592499017715,0.1140630692243576,0.14745336771011353,0.3294124901294708,-0.2366051971912384,-0.1203603595495224,-0.011172566562891006,-0.10595697164535522,-0.14144615828990936,0.24083048105239868,-0.24902577698230743,0.11668000370264052,-0.01823759824037552,0.009444626048207283,0.09867888689041136,-0.10403837263584136,0.2928294539451599,-0.5176682472229004,1.2363497018814087,-0.030695779249072075,-0.035306427627801895,0.025557544082403183,0.07965254783630371,-0.28817689418792725,0.5073248147964478,0.9193103313446046,0.019327171146869656,0.03931669518351554,-0.14620336890220642
0.2568235695362091,-0.06735769659280777,0.7806566953659058,0.9995386004447936,0.003924960736185312,0.012264812365174292,0.02750736102461815,-0.08420269191265106,0.1135398894548416,0.14648941159248352,0.3288550972938537,-0.23615917563438413,-0.12026473134756088,-0.011521507054567335,-0.10602957010269164,-0.14112664759159088,0.24085180461406708,-0.24907733500003812,0.1162310391664505,-0.01869630999863148,0.009509779512882233,0.09882863610982896,-0.10411062091588974,0.2927234470844269,-0.5164334177970886,1.236716628074646,-0.030411187559366223,-0.03511922433972359,0.024578092619776722,0.07930940389633177,-0.28713834285736084,0.5073521733283997,0.9201233386993408,0.01816801354289055,0.03978457301855087,-0.1456216722726822
0.25705447793006897,-0.06707000732421875,0.7806560993194579,0.9995348453521729,0.003980141133069992,0.012200047262012959,0.02766571752727032,-0.08416617661714554,0.11300274729728697,0.14561501145362854,0.3285762369632721,-0.23600205779075625,-0.12012814730405807,-0.01168911810964346,-0.10617273300886154,-0.14119160175323486,0.24111823737621307,-0.24928532540798187,0.1158459261059761,-0.019304022192955017,0.009445436298847198,0.09895944595336914,-0.1046091616153717,0.2928040325641632,-0.515516459941864,1.2374742031097412,-0.030156785622239113,-0.03520828485488892,0.023898554965853688,0.07905140519142151,-0.28570395708084106,0.5071077346801758,0.9209007024765015,0.017658287659287453,0.039988428354263306,-0.14548379182815552
0.25717180967330927,-0.06688788533210753,0.780644118785858,0.9995298981666565,0.004029417410492897,0.012138840742409228,0.027862563729286197,-0.08423817902803421,0.11263079196214676,0.14499178528785703,0.32828330993652344,-0.235815092921257,-0.12006844580173492,-0.011630404740571976,-0.10627073049545288,-0.1414671242237091,0.24144400656223297,-0.24960902333259585,0.11579028517007828,-0.01996035873889923,0.00921958964318037,0.0991215929389,-0.10500355064868928,0.2929922640323639,-0.5151089429855347,1.237932205200195,-0.03004210628569126,-0.035242777317762375,0.023349322378635406,0.07898014038801193,-0.28419438004493713,0.5071656107902527,0.9213081002235411,0.01783766783773899,0.03991130366921425,-0.14554373919963837
0.25706040859222407,-0.06674428284168243,0.7806138992309569,0.999525308609009,0.004034653306007384,0.01214348804205656,0.028024390339851376,-0.08446592837572098,0.11251077800989152,0.14467890560626984,0.32769033312797546,-0.23563328385353088,-0.12020108848810196,-0.011757082305848598,-0.10612068325281145,-0.14139343798160553,0.2418918013572693,-0.24993872642517087,0.1157272458076477,-0.020774649456143376,0.008973320946097374,0.09911180287599565,-0.10497112572193144,0.29314538836479187,-0.5147294402122498,1.2377097606658936,-0.030578557401895523,-0.034754406660795205,0.02316504903137684,0.07898950576782225,-0.28274247050285334,0.5075613856315613,0.9215938448905946,0.018371351063251492,0.03984463214874268,-0.14559864997863767
0.2568232715129852,-0.06657986342906952,0.7805659174919128,0.9995223879814149,0.004040166735649109,0.012182575650513172,0.028110869228839874,-0.08491883426904678,0.11248214542865752,0.14452287554740903,0.3269314765930176,-0.23530817031860352,-0.12024347484111785,-0.012161816470324991,-0.1059766262769699,-0.14110569655895233,0.24238196015357968,-0.25021836161613464,0.11585721373558044,-0.021559109911322597,0.008573158644139767,0.09922166913747789,-0.10497987270355225,0.2932515740394592,-0.5145967602729796,1.2367722988128662,-0.0311956200748682,-0.03392929211258888,0.022855250164866447,0.07909675687551497,-0.28145161271095276,0.5080689787864685,0.9215089082717896,0.01928252726793289,0.039843957871198654,-0.14539115130901337
0.25661540031433105,-0.0663624033331871,0.7805467844009398,0.9995180368423461,0.004050017334520817,0.012304428964853287,0.028211329132318497,-0.08581388741731644,0.11230869591236115,0.14414621889591217,0.32618898153305054,-0.23489633202552795,-0.11977624148130415,-0.012975133955478668,-0.10591112822294237,-0.140885129570961,0.24277645349502563,-0.25025349855422974,0.1158638596534729,-0.022462353110313412,0.008081150241196156,0.09935352951288225,-0.10531507432460784,0.2934514582157135,-0.5143582224845886,1.2352153062820435,-0.03160326927900314,-0.032876670360565186,0.022271409630775448,0.07899843156337738,-0.2802145481109619,0.5081864595413208,0.9214403629302977,0.01996977999806404,0.04010365530848503,-0.14500126242637634
0.256510853767395,-0.06619030237197876,0.7805778980255128,0.9995115995407104,0.004047624301165342,0.012411910109221935,0.028392115607857704,-0.08676327019929884,0.11192698776721954,0.1431768238544464,0.32548099756240845,-0.23421393334865567,-0.11912190169095992,-0.013894622214138508,-0.10580486059188841,-0.1408510059118271,0.2430651783943176,-0.24997979402542117,0.1155916228890419,-0.02333464287221432,0.007588053587824105,0.09959564357995987,-0.10628847032785416,0.29377150535583496,-0.5150623917579651,1.2333829402923584,-0.030930938199162483,-0.03195653855800629,0.020907493308186528,0.07910624891519545,-0.2788294553756714,0.5076560974121094,0.9217154979705809,0.020033128559589383,0.04013951867818832,-0.14429610967636108
0.2566334307193756,-0.06619906425476074,0.7806357145309448,0.9995049238204957,0.004038297105580568,0.012541917152702808,0.02857165969908237,-0.08788865804672241,0.11151540279388428,0.1421561688184738,0.3249579071998596,-0.23352569341659543,-0.118368923664093,-0.015250183641910551,-0.10574998706579208,-0.1410755068063736,0.24378778040409088,-0.24969792366027832,0.1149849221110344,-0.024017225950956345,0.007099238689988852,0.0999055877327919,-0.1076158732175827,0.2944125831127167,-0.5161891579627991,1.231199026107788,-0.02932802215218544,-0.03117355890572071,0.019081249833106995,0.07923522591590881,-0.27756863832473755,0.5065617561340332,0.9221422672271729,0.019131653010845184,0.03991542011499405,-0.14391466975212097
0.2569732964038849,-0.06650908291339874,0.7806835174560547,0.9995002746582032,0.004069903865456581,0.012567040510475636,0.028717776760458943,-0.08886820077896118,0.11116319149732588,0.1416897177696228,0.3246317505836487,-0.2329430431127548,-0.11753651499748229,-0.016966087743639943,-0.10582247376441956,-0.14145164191722867,0.24554172158241272,-0.24979957938194275,0.11441452801227568,-0.024335894733667374,0.006451794877648354,0.10049790143966673,-0.10911159217357635,0.2956724464893341,-0.5184181332588196,1.2286188602447508,-0.027214866131544117,-0.030524889007210728,0.01693674549460411,0.07914689183235168,-0.2769884765148163,0.5058317184448241,0.9223330020904541,0.01847061701118946,0.03936416655778885,-0.14479461312294006
0.25721058249473566,-0.06680439412593842,0.7807161808013917,0.9995001554489136,0.0041533978655934325,0.01258501037955284,0.028701644390821457,-0.08953041583299635,0.1110401451587677,0.1420990377664566,0.3240784704685211,-0.23196277022361755,-0.1168665811419487,-0.019198417663574215,-0.10587450116872787,-0.14121992886066437,0.2480221539735794,-0.25015568733215326,0.114401638507843,-0.024251943454146385,0.0055698552168905735,0.10117366164922714,-0.11065028607845306,0.2972915470600128,-0.5208103060722351,1.2256126403808592,-0.02457082271575928,-0.030341651290655136,0.01548155304044485,0.07913672924041747,-0.2771621644496918,0.5070128440856934,0.9218773245811462,0.017753329128026962,0.03920318931341171,-0.14634494483470917
0.2572208642959595,-0.06710166484117508,0.7807638645172118,0.9995066523551941,0.004277502652257681,0.012682626023888588,0.028414959087967873,-0.09001955389976501,0.11115011572837828,0.14287517964839935,0.32302457094192505,-0.2304097265005112,-0.11624635010957717,-0.021670682355761528,-0.10572148114442824,-0.13990110158920288,0.25071707367897034,-0.2505086064338684,0.11466103792190552,-0.023803893476724625,0.004371737129986286,0.10168895870447157,-0.1119457632303238,0.2987344563007355,-0.5227816700935364,1.2225890159606931,-0.022572226822376248,-0.03026175871491432,0.01498675998300314,0.07945471256971358,-0.2778403162956238,0.5095543265342712,0.9209830760955809,0.01975945197045803,0.039308026432991035,-0.1476388722658157
