0.03584759682416916,-0.04088420420885086,0.7806023955345155,0.9965252876281737,-0.0016863956116139889,-0.08327186852693556,0.0005584245664067566,0.10310374200344084,0.02753411047160625,0.03998098149895668,0.26951369643211365,-0.2351047247648239,-0.061155788600444794,0.18711675703525543,-0.029652008786797523,-0.2509757876396179,0.1624331176280975,-0.18470431864261627,0.01644035615026951,-0.03859785571694374,-0.02652906440198421,0.25683662295341486,0.12204021215438841,0.26142948865890503,-0.2132383733987808,1.1614267826080322,0.163275346159935,0.07235951721668243,0.2076095938682556,0.013947674073278904,-0.21552561223506927,0.5696818232536316,1.0285408496856687,-0.15311935544013977,0.07432439923286438,-0.11994749307632446
0.034778203815221786,-0.039417125284671777,0.7806814908981323,0.9965510964393616,-0.00245912722311914,-0.08286923915147781,-0.003545401617884636,0.10415439307689665,0.03001154586672783,0.05037337914109231,0.26810336112976074,-0.2381615936756134,-0.0595729649066925,0.18376395106315607,-0.030215390026569366,-0.2448587417602539,0.16514892876148224,-0.18309949338436127,0.01902109198272228,-0.03821563720703125,-0.028243890032172203,0.25571972131729126,0.1257486790418625,0.2602490782737732,-0.20815336704254153,1.158182978630066,0.15706294775009155,0.07110219448804855,0.20583163201808927,0.020380729809403416,-0.21391482651233676,0.5631398558616638,1.0264203548431396,-0.151678130030632,0.07447566092014311,-0.12081014364957808
0.03405207395553589,-0.03761864081025124,0.7806068062782286,0.9965034723281859,-0.00344378431327641,-0.08302687853574751,-0.008686864748597145,0.106432244181633,0.03191325068473816,0.061426989734172814,0.2678033113479614,-0.2406510561704636,-0.05577962100505829,0.17985978722572327,-0.03073779493570328,-0.23638926446437836,0.1703957766294479,-0.18266962468624115,0.021275850012898445,-0.03862256184220313,-0.02965947985649109,0.25686550140380854,0.1303066313266754,0.2568264901638031,-0.19774596393108368,1.154557228088379,0.15301227569580078,0.06748644262552261,0.20632366836071012,0.02746937423944473,-0.21113257110118863,0.5518773198127747,1.024979591369629,-0.1455937772989273,0.0746859461069107,-0.1229659765958786
0.033686138689517975,-0.035384245216846466,0.7805711030960083,0.996417224407196,-0.004445095546543598,-0.08311102539300919,-0.01501608919352293,0.11064837127923964,0.033256981521844864,0.07388203591108322,0.2647609114646912,-0.24281853437423703,-0.051446136087179184,0.17442454397678375,-0.03149963542819023,-0.22567628324031827,0.17685745656490323,-0.1821540892124176,0.023336956277489666,-0.0397319421172142,-0.03116589598357677,0.25832870602607727,0.1351357102394104,0.2521401047706604,-0.18726661801338196,1.151585817337036,0.14970356225967407,0.06442785263061523,0.20860284566879272,0.03552545607089996,-0.2069991230964661,0.5389195084571838,1.025839924812317,-0.13905911147594452,0.07346013933420181,-0.12511759996414185
0.03365868702530861,-0.03302537277340889,0.7806116938591003,0.9963079690933229,-0.0053548975847661495,-0.08287728577852249,-0.021752534434199333,0.11559969186782836,0.033946409821510315,0.08659671247005463,0.2589123845100403,-0.24363017082214355,-0.04646357148885727,0.16793912649154663,-0.03246660158038139,-0.21367400884628293,0.18314960598945615,-0.18149006366729736,0.02523951604962349,-0.04171985015273094,-0.03276417404413223,0.2598645389080048,0.13816125690937042,0.2474098354578018,-0.1808594763278961,1.1493351459503172,0.14579053223133087,0.061707288026809685,0.21142792701721191,0.044333383440971375,-0.2018541842699051,0.524455189704895,1.0285009145736694,-0.13128720223903656,0.07160955667495728,-0.12653209269046783
0.03362676501274109,-0.030280485749244686,0.7807190418243408,0.9961623549461364,-0.006199581548571587,-0.0824660211801529,-0.028661426156759266,0.121576227247715,0.033753667026758194,0.09912518411874771,0.2502432465553284,-0.2430540770292282,-0.04110980033874512,0.16135184466838837,-0.03370509669184685,-0.20130257308483124,0.18870303034782407,-0.18071460723876956,0.02718431316316128,-0.0455111674964428,-0.034659430384635925,0.26205217838287354,0.13928598165512085,0.24364139139652247,-0.18046288192272184,1.146768808364868,0.14299367368221283,0.059073962271213525,0.21294575929641724,0.05466271936893463,-0.19561293721199036,0.5063401460647583,1.0328962802886963,-0.12127771973609924,0.06987448781728745,-0.12756705284118652
0.03373085707426071,-0.027313455939292908,0.780887246131897,0.9959860444068909,-0.007026129867881536,-0.08194342255592346,-0.03532322123646736,0.12766078114509583,0.03298157453536987,0.11117886006832121,0.24009236693382263,-0.24155613780021667,-0.03600071370601654,0.15493634343147275,-0.03492527827620506,-0.18971318006515503,0.1931898444890976,-0.17976407706737518,0.029032606631517407,-0.05113614723086357,-0.03659360855817794,0.26499804854393005,0.13786898553371427,0.24194450676441193,-0.1867536902427673,1.1431602239608765,0.1435733586549759,0.05625534057617188,0.21268381178379056,0.06567777693271637,-0.1888445615768433,0.483834832906723,1.0391280651092527,-0.1080513373017311,0.06749922782182693,-0.12868720293045044
0.03371389210224152,-0.024235162883996964,0.7810474634170531,0.9957812428474425,-0.007824570871889591,-0.08140399307012558,-0.04161558300256729,0.1337366998195648,0.0317794531583786,0.12329862266778945,0.22904714941978452,-0.23936933279037476,-0.03166574612259865,0.14915038645267487,-0.0363151803612709,-0.17888113856315613,0.19652198255062103,-0.1783381551504135,0.030961235985159877,-0.058491699397563934,-0.0386124774813652,0.2687564194202423,0.13382910192012787,0.24272076785564425,-0.20020271837711331,1.1381653547286987,0.14756958186626434,0.0530111938714981,0.2109992206096649,0.0776030421257019,-0.1819632649421692,0.4555217921733856,1.0476799011230469,-0.09022758901119232,0.06443053483963013,-0.12997859716415405
0.03402744233608246,-0.02111737988889217,0.7812007665634155,0.9955456256866456,-0.008486711420118809,-0.08106563985347748,-0.047383856028318405,0.13996621966362,0.02996479719877243,0.13536196947097778,0.21786090731620789,-0.23683327436447144,-0.02739623934030533,0.14405009150505063,-0.03832592815160751,-0.16914594173431396,0.19962650537490845,-0.17698808014392853,0.03289918601512909,-0.0668032094836235,-0.04085559025406837,0.2735365629196167,0.12729889154434204,0.245759591460228,-0.21878360211849207,1.132023811340332,0.15375454723834991,0.0493629053235054,0.20806126296520236,0.08970487117767334,-0.17548979818820953,0.4218053221702576,1.0585386753082275,-0.06687705218791962,0.06129632890224457,-0.13136349618434906
0.03420860320329666,-0.01819421164691448,0.7813233137130737,0.9952874779701234,-0.00899505615234375,-0.08097315579652786,-0.052585721015930176,0.1465211808681488,0.02745843678712845,0.1464017629623413,0.20647571980953217,-0.23374177515506744,-0.023267824202775955,0.13972322642803192,-0.04099801555275917,-0.1611353904008865,0.2027904242277145,-0.1758650541305542,0.03472200781106949,-0.07532380521297456,-0.04310133308172225,0.2790193557739258,0.1184791624546051,0.2509627938270569,-0.23962825536727905,1.125821828842163,0.16147901117801666,0.04589954391121864,0.20429322123527527,0.10087550431489944,-0.1707717329263687,0.38623371720314026,1.070228099822998,-0.040580950677394874,0.058620184659957886,-0.13311059772968292
0.034660868346691125,-0.01542242243885994,0.7814096808433533,0.9949820041656494,-0.009372033178806305,-0.08128149062395094,-0.0575876422226429,0.15410387516021729,0.02454250119626522,0.15736398100852966,0.19506852328777316,-0.23028579354286197,-0.01921461895108223,0.1363690048456192,-0.043979428708553314,-0.15390856564044952,0.20640088617801663,-0.17515625059604645,0.03662336617708206,-0.08323059976100922,-0.04533036053180695,0.2854140102863312,0.1075555831193924,0.2579694986343384,-0.2598306238651276,1.1197706460952759,0.170031800866127,0.0432448536157608,0.20043589174747467,0.1106632649898529,-0.16922472417354584,0.3528260886669159,1.0809669494628906,-0.015454761683940887,0.05661401152610778,-0.13507810235023499
0.035221539437770844,-0.012711607851088049,0.7814725041389465,0.99462890625,-0.009810755029320717,-0.08192877471446992,-0.06248871982097626,0.16242724657058716,0.021634874865412712,0.16819630563259125,0.18454670906066892,-0.2271641492843628,-0.01534584444016218,0.13421356678009033,-0.04656396806240082,-0.14668357372283936,0.2092857211828232,-0.17438443005084991,0.037958938628435135,-0.09056697040796281,-0.047143671661615365,0.2922524213790893,0.09495595097541808,0.2670588195323944,-0.27824667096138,1.1134828329086304,0.17889301478862762,0.04117711633443832,0.19724325835704803,0.11871362477540968,-0.17158707976341248,0.3233796954154968,1.0899373292922971,0.003178518731147051,0.05563539266586304,-0.13691331446170807
0.03607921302318573,-0.010264459066092968,0.7815277576446533,0.9942477941513059,-0.010259864851832388,-0.08273760229349136,-0.06723470985889435,0.17070692777633667,0.018795935437083244,0.17862448096275327,0.17512661218643188,-0.22423143684864044,-0.011183445341885088,0.13306932151317596,-0.0487133264541626,-0.13935932517051697,0.21081072092056277,-0.17294460535049438,0.03881877288222313,-0.09685523062944412,-0.048441100865602486,0.29906597733497614,0.08143199235200883,0.2775534689426422,-0.29263836145401,1.106075406074524,0.18661141395568848,0.03934868797659873,0.195184126496315,0.12401600927114485,-0.1773390769958496,0.2982235848903656,1.0965673923492432,0.016193438321352005,0.055333103984594345,-0.13834168016910553
0.03718479350209236,-0.00807369779795408,0.7816239595413208,0.993834674358368,-0.010766933672130108,-0.08350047469139099,-0.07214183360338211,0.1785389930009842,0.016408497467637062,0.18933747708797452,0.16678766906261444,-0.22186747193336487,-0.007138781249523162,0.1322140097618103,-0.05043497681617737,-0.13183706998825073,0.21150629222393036,-0.17109979689121246,0.0395338237285614,-0.10189972817897797,-0.048992089927196496,0.30531057715415955,0.06743308901786804,0.28933626413345337,-0.30387407541275024,1.0963040590286255,0.19383189082145688,0.03771069273352623,0.19515205919742584,0.12603428959846497,-0.18578015267848969,0.27686163783073425,1.100124716758728,0.02408063597977161,0.05496281012892723,-0.13977503776550293
0.03820934146642685,-0.005972675979137421,0.7817342281341552,0.9933867454528807,-0.011299471370875835,-0.08427868038415907,-0.07715067267417908,0.1861601918935776,0.014225069433450699,0.199778214097023,0.15951432287693024,-0.2203365713357925,-0.0034551844000816345,0.13167040050029755,-0.05192286893725395,-0.12407999485731123,0.2116767764091492,-0.1690855771303177,0.04046084359288216,-0.10585620999336243,-0.04875604808330536,0.31121101975440973,0.053673215210437775,0.3022306859493256,-0.3124059736728668,1.0835946798324585,0.2016402781009674,0.03583382070064545,0.19597534835338593,0.12419039011001586,-0.19634342193603516,0.25863349437713623,1.1003912687301636,0.02917100675404072,0.05392872542142868,-0.14224600791931152
0.03935004770755768,-0.00387398898601532,0.7817952036857605,0.9929068088531494,-0.011788264848291872,-0.08514518290758133,-0.08214244246482849,0.1938244551420212,0.011893589980900288,0.20987072587013245,0.15284293889999387,-0.21996797621250153,-0.00045137255801819265,0.13157165050506592,-0.053365107625722885,-0.11637163907289504,0.2116401642560959,-0.16750873625278473,0.04169193655252457,-0.10878704488277437,-0.048160355538129807,0.31713688373565674,0.04039828106760979,0.31663331389427185,-0.31911960244178766,1.0676333904266355,0.2101573199033737,0.033262964338064194,0.19727581739425656,0.11860431730747222,-0.20856614410877228,0.24195241928100583,1.0969924926757812,0.034059088677167886,0.05249172449111938,-0.1467115730047226
0.040497832000255585,-0.0018119234591722488,0.7818062901496886,0.9924220442771912,-0.012288986705243587,-0.08597180247306822,-0.08692701905965805,0.2008886486291885,0.00969394389539957,0.21932871639728543,0.1469588428735733,-0.220639169216156,0.0018527662614360447,0.13148900866508484,-0.05439804866909981,-0.1086723506450653,0.21180178225040436,-0.16654787957668304,0.043114092200994485,-0.11070960015058516,-0.04720392823219299,0.32270982861518854,0.027816025540232655,0.33232253789901733,-0.32398399710655207,1.0493937730789185,0.21899743378162384,0.03077604062855244,0.19808709621429443,0.10946863144636154,-0.2215563654899597,0.22640301287174225,1.089974284172058,0.0395098552107811,0.050198104232549674,-0.15311266481876373
0.041808243840932846,-3.8225203752517693e-05,0.7817689180374146,0.9919807910919187,-0.012751530855894089,-0.08669272065162657,-0.09108183532953262,0.20719909667968753,0.007616338785737754,0.22766144573688507,0.14201262593269348,-0.22192052006721497,0.0041051884181797504,0.1318252682685852,-0.05540673807263374,-0.10272445529699324,0.2114894986152649,-0.16589125990867615,0.04451876878738403,-0.11138196289539336,-0.04607734456658363,0.32785743474960327,0.01639079675078392,0.34903502464294434,-0.3266710638999939,1.0293905735015867,0.2281574308872223,0.0286556463688612,0.19853112101554873,0.09775691479444504,-0.23428383469581604,0.21211820840835569,1.079878568649292,0.04460742324590682,0.047784022986888885,-0.16189543902873993
0.04316242784261704,0.0014682840555906296,0.7816766500473022,0.9916347861289978,-0.013184906914830208,-0.08710619062185286,-0.09433466196060179,0.2124308794736862,0.005987382959574461,0.23430834710597992,0.13794173300266263,-0.22330953180789948,0.0058752885088324555,0.13274244964122772,-0.05643007904291153,-0.09896371513605116,0.2100297212600708,-0.16532166302204132,0.0465920977294445,-0.11090271174907684,-0.04470041394233704,0.33197227120399475,0.006331674754619598,0.3661209046840668,-0.32784125208854675,1.006932258605957,0.23682001233100888,0.028004592284560204,0.19755366444587708,0.08393487334251405,-0.2460959106683731,0.20004893839359283,1.0670546293258667,0.048469875007867806,0.04566990956664085,-0.17253296077251434
0.04463926330208778,0.002587668597698212,0.7815686464309692,0.9914413690567015,-0.013428607955574988,-0.08718670159578323,-0.09624006599187851,0.21627287566661835,0.004456548951566219,0.2380542606115341,0.13464513421058655,-0.22454753518104556,0.0071754977107048035,0.13439440727233887,-0.05792388692498207,-0.09816539287567137,0.20784157514572144,-0.16537532210350037,0.04909869283437729,-0.1095592975616455,-0.043375153094530106,0.3349537253379822,-0.00302774365991354,0.38264551758766174,-0.3277214765548706,0.9817218184471129,0.2448279559612274,0.02863531745970249,0.19544069468975067,0.06892852485179901,-0.2564595341682434,0.19126471877098083,1.052727460861206,0.04952852800488472,0.04402950406074524,-0.18368154764175412
0.046234533190727234,0.0032775811851024628,0.7814383506774902,0.9914567470550536,-0.013423833064734936,-0.08704320341348648,-0.09621260315179823,0.21839514374732968,0.002842673100531101,0.23782905936241147,0.13285329937934875,-0.22605107724666595,0.008019072003662586,0.1374347060918808,-0.059997256845235825,-0.10038370639085768,0.20463907718658447,-0.1663992702960968,0.05204575136303902,-0.10785842686891556,-0.04233222454786301,0.3373561501502991,-0.013389383442699907,0.39885744452476496,-0.3281653225421905,0.9525447487831117,0.25362083315849304,0.029982466250658035,0.19276028871536252,0.052734680473804474,-0.2657444477081299,0.18551836907863617,1.037510871887207,0.04662347212433815,0.0431499108672142,-0.1953136920928955
0.047930121421813965,0.003562118858098984,0.7812741994857789,0.9916669726371763,-0.013256303034722803,-0.08682619035243987,-0.09424502402544019,0.2196572571992874,0.0013797349529340863,0.2341415286064148,0.13189044594764707,-0.22802402079105377,0.007914026267826557,0.1414303034543991,-0.06236758455634117,-0.10554620623588562,0.2018142193555832,-0.1681479811668396,0.05525801330804825,-0.10604537278413773,-0.04132552817463874,0.3394242823123932,-0.025798697024583817,0.41410753130912786,-0.33007633686065674,0.9184940457344056,0.2636457681655884,0.03217301517724991,0.19018633663654327,0.036135848611593246,-0.2739817798137665,0.18298651278018951,1.023305892944336,0.04286216571927071,0.042825084179639816,-0.20656193792819977
0.050105925649404526,0.002922479063272476,0.7810961008071899,0.9920704960823059,-0.012882575392723083,-0.0865233913064003,-0.09024350345134736,0.21999147534370425,4.42444288637489e-05,0.2271492630243301,0.1320120096206665,-0.2303587645292282,0.007133369334042072,0.14660552144050598,-0.06496977806091309,-0.114021398127079,0.1991460472345352,-0.17068016529083252,0.058919597417116165,-0.10404057055711746,-0.04025923833251,0.3411708474159241,-0.04148954153060913,0.4277478456497192,-0.3357044756412506,0.8796128630638121,0.27667132019996643,0.035487279295921326,0.1875161826610565,0.019925635308027267,-0.2812195122241974,0.18368804454803464,1.0117990970611572,0.04066063091158866,0.04281352087855339,-0.2161114364862442
0.0523497648537159,0.0024451613426208496,0.7809024453163147,0.9926188588142397,-0.012288184836506844,-0.08627896010875702,-0.08433725684881209,0.22000643610954285,-0.0012979283928871155,0.21711295843124387,0.13317179679870603,-0.2328985333442688,0.006223964039236307,0.15306918323040009,-0.06771093606948853,-0.125603586435318,0.1966312676668167,-0.17392313480377197,0.06253182888031006,-0.10196352005004881,-0.039335977286100395,0.34290996193885803,-0.06083917617797852,0.4392306208610535,-0.34601253271102905,0.8362227082252502,0.2917190194129944,0.03980706259608269,0.1839145123958588,0.00478868931531906,-0.2872950732707977,0.18680816888809204,1.0036672353744507,0.03928389772772789,0.043004315346479416,-0.22285945713520047
0.05494335293769837,0.0014837570488452911,0.7807024121284484,0.9932538866996765,-0.011580812744796276,-0.08613086491823196,-0.07677248865365982,0.219630628824234,-0.0023569068871438503,0.20358692109584808,0.13559894263744354,-0.23567743599414823,0.005235545802861452,0.16117665171623227,-0.07033570110797882,-0.1402634084224701,0.1939820349216461,-0.17707860469818115,0.06614312529563904,-0.09943850338459015,-0.03849843516945839,0.3442865014076233,-0.08438918739557266,0.4480856657028198,-0.36194959282875055,0.7889680862426759,0.3081609010696411,0.04509342089295387,0.1774467974901199,-0.009097786620259285,-0.29169172048568726,0.19101612269878387,0.9985182881355283,0.04004540294408798,0.04277395457029343,-0.2277744114398956
0.057810813188552856,-2.8830021619796753e-05,0.7804502844810487,0.9939005374908448,-0.010608497075736523,-0.08631764352321623,-0.06781157106161118,0.21984821557998657,-0.0035345030482858415,0.18696843087673187,0.13865110278129575,-0.2384176999330521,0.003965629264712334,0.17019394040107727,-0.0733647048473358,-0.1575421392917633,0.19398503005504608,-0.181404247879982,0.06981735676527023,-0.09676821529865264,-0.038625553250312805,0.3454011082649231,-0.11235452443361282,0.453889399766922,-0.3842347264289856,0.7409604191780089,0.32392665743827814,0.05113423615694047,0.16742858290672302,-0.02229811064898968,-0.2937253415584564,0.19453212618827817,0.9959707260131838,0.04446527734398842,0.04255088418722153,-0.2315717339515686
0.06099100410938263,-0.002062756568193436,0.7800844907760621,0.9944855570793152,-0.009231186471879482,-0.08681049942970276,-0.05811385065317154,0.22097480297088623,-0.005201698746532202,0.16853244602680206,0.1417904943227768,-0.24073672294616696,0.002496834611520171,0.17811688780784607,-0.07726198434829712,-0.17579942941665647,0.2008873075246811,-0.1888747364282608,0.07342022657394409,-0.09426281601190568,-0.04079092666506767,0.34664162993431086,-0.14679639041423795,0.4561316072940826,-0.4123388826847077,0.6963140368461609,0.33972248435020447,0.05881959572434425,0.15545664727687836,-0.03737146034836769,-0.2929028868675232,0.19814793765544889,0.9948353171348573,0.05525150522589684,0.04233216494321823,-0.23402944207191467
0.06432676315307617,-0.00454229861497879,0.7795646786689758,0.9949108362197877,-0.007360446732491255,-0.08755336701869965,-0.049322448670864105,0.2231367379426956,-0.007662291172891854,0.151373028755188,0.14483477175235748,-0.24271421134471893,0.0012748445151373744,0.18099573254585263,-0.08294665813446046,-0.19201207160949707,0.2204656153917313,-0.2013840824365616,0.07715823501348494,-0.09171691536903379,-0.045815225690603256,0.3485547602176666,-0.18845903873443604,0.45390358567237854,-0.44358029961586,0.6591482162475586,0.3559395372867584,0.06812181323766708,0.14461384713649747,-0.058072496205568314,-0.2896423041820526,0.20413224399089813,0.9936723709106445,0.0718676820397377,0.0415942557156086,-0.23393152654170987
0.06765060126781464,-0.007421091198921204,0.7788970470428466,0.9951487779617308,-0.005035256966948509,-0.08849020302295683,-0.04269721731543541,0.22654004395008087,-0.01071707997471094,0.13774120807647705,0.14742347598075867,-0.24448248744010925,-0.0007236211677081883,0.17455840110778809,-0.09116022288799283,-0.20375588536262512,0.2586510479450226,-0.21827907860279083,0.08280720561742783,-0.08882183581590652,-0.053918439894914634,0.35188114643096924,-0.23831109702587128,0.4459432661533356,-0.4767414927482605,0.6319724917411804,0.3747856616973877,0.07937341183423997,0.1366090476512909,-0.08853993564844131,-0.28533327579498285,0.2145898938179016,0.9933035373687744,0.09388118982315063,0.03953680023550987,-0.2295171618461609
0.07084162533283234,-0.010506536811590195,0.7781578302383424,0.995171844959259,-0.002747920108959079,-0.08960165083408356,-0.03996248170733452,0.231487438082695,-0.013119519688189028,0.13108336925506592,0.14906586706638336,-0.2465782016515732,-0.004577423445880413,0.15585283935070035,-0.10098771005868912,-0.20942118763923645,0.3169267773628235,-0.23460982739925385,0.09317594766616819,-0.08470086753368378,-0.06348775327205658,0.3573113977909088,-0.2950505018234253,0.43145641684532166,-0.5098451972007751,0.6182143688201904,0.3946721255779266,0.09112458676099776,0.13178561627864835,-0.1320790946483612,-0.2809258997440338,0.2303027957677841,0.9952885508537292,0.12440195679664612,0.03545846417546272,-0.21747927367687225
0.07357145845890045,-0.013430837541818619,0.7773538827896118,0.9949695467948912,-0.00039690392441116273,-0.09087274968624115,-0.04216113686561584,0.23922754824161527,-0.0148059893399477,0.13477592170238495,0.14766846597194672,-0.24907548725605008,-0.010988280177116394,0.12417772412300108,-0.11202358454465866,-0.20628017187118527,0.3907705247402191,-0.24783231317996976,0.11787846684455872,-0.07883134484291075,-0.07302626967430113,0.3648635149002075,-0.3592478930950165,0.4108470380306244,-0.5442752838134766,0.6154005527496338,0.4205724895000458,0.10441595315933228,0.12753666937351227,-0.1941732466220856,-0.2762995958328247,0.25010958313941956,0.998646080493927,0.1701834201812744,0.027493078261613842,-0.19601836800575256
0.07585561275482178,-0.0158926323056221,0.7764078378677368,0.9945749640464783,0.0013462865026667714,-0.09151370823383331,-0.049437787383794785,0.2470858991146088,-0.01537384744733572,0.14421327412128448,0.14666157960891724,-0.2533811628818512,-0.01335624884814024,0.08198826760053633,-0.12314816564321517,-0.20712393522262573,0.4705093204975128,-0.25790145993232727,0.14657554030418396,-0.07245081663131715,-0.07967820018529893,0.3712470829486847,-0.42201367020606995,0.38623932003974915,-0.5851455330848694,0.6258934736251831,0.4520269930362701,0.11760127544403076,0.11326106637716292,-0.27109754085540766,-0.273240178823471,0.2731163203716278,0.9967568516731262,0.2191838771104813,0.02000272460281849,-0.16524143517017365
0.0781068354845047,-0.01845941320061684,0.775571584701538,0.9941664934158323,0.0009526209323666989,-0.09098008275032045,-0.05791959539055824,0.2533644437789917,-0.012207262217998505,0.1545034945011139,0.14513342082500455,-0.2574272155761719,-0.016812512651085854,0.048069920390844345,-0.14055021107196808,-0.23489288985729215,0.5073365569114685,-0.2630227506160736,0.15431012213230133,-0.07013130933046341,-0.08095382899045944,0.3748989999294281,-0.48636817932128906,0.3602198660373688,-0.6224110722541809,0.6459963321685791,0.48521512746810913,0.1295005977153778,0.08736847341060638,-0.3539794385433197,-0.26992735266685486,0.291587769985199,0.9801112413406371,0.2559434771537781,0.00976626854389906,-0.12915533781051636
0.08006644248962401,-0.0210733525454998,0.7750214338302611,0.9938635230064392,-0.0004588557931128889,-0.08893661201000212,-0.06576783210039139,0.25823694467544556,-0.006853506434708834,0.16151775419712067,0.14034046232700348,-0.26030027866363525,-0.019826116040349007,0.021700644865632057,-0.16678942739963531,-0.28961023688316345,0.5084182620048523,-0.2664380669593811,0.13770680129528043,-0.07330089807510376,-0.08053285628557205,0.3739643394947052,-0.5420224070549011,0.3326837122440338,-0.6507513523101808,0.6695197224617004,0.5222781300544739,0.14238698780536652,0.0580323114991188,-0.4362863004207611,-0.26515755057334894,0.3010318577289581,0.9362496733665465,0.27350282669067383,-0.0021160459145903587,-0.08832909166812895
0.08230370283126831,-0.024180300533771515,0.7748566269874573,0.9937595129013059,-0.002307022456079721,-0.08582647889852525,-0.07120701670646667,0.2623009979724884,0.00017072289483621716,0.16429969668388367,0.13268002867698667,-0.26212188601493835,-0.0239127017557621,0.004174510482698679,-0.18753904104232788,-0.34369605779647827,0.4803708493709564,-0.25794297456741333,0.11618364602327345,-0.08370207250118254,-0.08079035580158234,0.3677096664905548,-0.584039568901062,0.3032228946685791,-0.6670089960098267,0.6890888214111328,0.5644829869270325,0.15914924442768097,0.026821231469511982,-0.5116252303123474,-0.2591858506202698,0.30388602614402765,0.8522012233734131,0.2760038375854492,-0.012387989088892937,-0.04246349632740021
0.08530258387327194,-0.027869580313563343,0.7749825716018676,0.9937934279441832,-0.004880476742982864,-0.08313581347465515,-0.0737513229250908,0.2665860652923584,0.010457665659487247,0.1634581983089447,0.12676136195659635,-0.26401728391647333,-0.0313669890165329,-0.005195326171815395,-0.19468356668949127,-0.3800260722637177,0.43982368707656866,-0.22843825817108157,0.09640143066644669,-0.09991514682769775,-0.0813724547624588,0.3579912781715393,-0.6122552156448364,0.27125295996665955,-0.6713901162147522,0.6984351873397827,0.6088221669197083,0.17556558549404144,-0.010688443668186665,-0.5755990147590637,-0.2532140910625458,0.30480319261550903,0.7223092913627625,0.27407264709472656,-0.01842108741402626,0.005497854202985764
0.08910535275936127,-0.03266577422618865,0.7750145196914672,0.9938013553619384,-0.00884236115962267,-0.08146211504936218,-0.07513085752725601,0.27368244528770447,0.02414204366505146,0.15700885653495789,0.12390204519033432,-0.270874947309494,-0.04468953981995583,-0.006831955164670944,-0.1870474070310593,-0.39578071236610407,0.40681883692741394,-0.1734488606452942,0.07936407625675201,-0.12266885489225388,-0.0789542570710182,0.34736257791519165,-0.6286085247993469,0.24450142681598663,-0.6632026433944702,0.6963210701942444,0.6431500315666199,0.1796792298555374,-0.04792658612132072,-0.6278807520866394,-0.24786877632141116,0.3060905635356903,0.5496740341186523,0.28373944759368896,-0.0285697877407074,0.04503343999385834
0.094363272190094,-0.03822807967662811,0.774703860282898,0.9935285449028016,-0.012474588118493555,-0.0817541256546974,-0.07785619050264359,0.2861706614494324,0.038753286004066474,0.1545542478561401,0.123074010014534,-0.28077268600463867,-0.05796863883733749,0.0064950394444167605,-0.17349942028522491,-0.4042370021343231,0.39801481366157526,-0.17535988986492157,0.06979227811098099,-0.13935691118240356,-0.07567992061376572,0.337085098028183,-0.6314103603363037,0.221012219786644,-0.6523232460021973,0.6887858510017395,0.6681360602378845,0.18787698447704315,-0.06907045096158981,-0.6768743991851808,-0.23968784511089325,0.3069114685058594,0.35892242193222046,0.305675745010376,-0.04361766576766968,0.06532644480466843
0.100811205804348,-0.04442738741636276,0.7746121287345886,0.9931642413139344,-0.01801934838294983,-0.08199692517518997,-0.08109646290540694,0.2982585430145264,0.05870015546679497,0.15440092980861664,0.12731876969337463,-0.2923808991909027,-0.07291901856660842,0.02723164297640324,-0.14947794377803802,-0.40727159380912786,0.3814067244529724,-0.17774511873722076,0.06172083318233489,-0.15371446311473846,-0.06557130813598633,0.3274534046649933,-0.6252010464668274,0.20252129435539243,-0.6348919868469238,0.6791049838066101,0.693383514881134,0.19657990336418152,-0.08196114003658295,-0.725068986415863,-0.231040358543396,0.3060923516750336,0.17123624682426453,0.31363981962203974,-0.06396904587745667,0.0779685527086258
0.10804586857557295,-0.051333341747522354,0.7744800448417662,0.9926758408546448,-0.02529937028884888,-0.08195557445287704,-0.08507633954286574,0.30763503909111023,0.08368068933486937,0.15621568262577057,0.1399661600589752,-0.30858126282691956,-0.0910087153315544,0.05171463266015053,-0.11713262647390364,-0.40761160850524897,0.35648843646049494,-0.17890028655529022,0.052738115191459656,-0.16725820302963257,-0.04918075352907181,0.3187934756278992,-0.6132884621620177,0.18908065557479856,-0.6085380911827089,0.6672012805938721,0.7427645325660706,0.21257995069026947,-0.08728016912937164,-0.7838683724403381,-0.222597599029541,0.2973519563674927,0.0051131616346538076,0.2891071438789368,-0.09396383911371232,0.08276540040969849
0.1153409034013748,-0.05863481760025024,0.773932695388794,0.9920191764831544,-0.03287236765027046,-0.08212362974882124,-0.08985058218240739,0.31295332312583923,0.11055894196033476,0.159850612282753,0.16690409183502197,-0.3314127027988434,-0.10807901620864868,0.0762108862400055,-0.08333102613687515,-0.40787696838378906,0.3301772177219391,-0.18327072262763977,0.04264102131128311,-0.17850884795188904,-0.029832791537046432,0.3114754259586334,-0.6009284257888794,0.17979760468006134,-0.5694371461868286,0.643596887588501,0.8260928988456726,0.2415144443511963,-0.08358843624591827,-0.8542144298553466,-0.2185793370008469,0.2844260334968567,-0.11457079648971556,0.23341225087642667,-0.12518770992755887,0.08825954794883728
0.12231191992759705,-0.06618979573249817,0.7727653384208678,0.9912105798721312,-0.04059837013483048,-0.0824776291847229,-0.09513536840677261,0.30660921335220337,0.1415267437696457,0.1636778563261032,0.22496137022972104,-0.36460351943969727,-0.12290789186954498,0.09944182634353635,-0.05024764686822891,-0.40957605838775635,0.3069216310977936,-0.19094642996788025,0.030502960085868835,-0.1856542676687241,-0.00831390917301178,0.30595412850379944,-0.5924476981163025,0.1751594990491867,-0.5244253873825073,0.5880244374275208,0.8957776427268982,0.26443469524383545,-0.08457309007644653,-0.923766016960144,-0.2239054888486862,0.2722654044628144,-0.18199026584625244,0.18314020335674283,-0.14805372059345245,0.10069324076175688
0.12866324186325073,-0.0736943408846855,0.7709484100341795,0.9901665449142456,-0.048561036586761475,-0.08381883054971696,-0.10092835128307343,0.28229835629463196,0.17845921218395233,0.16550537943840027,0.3214137852191925,-0.40410810708999634,-0.1361461877822876,0.11804411560297012,-0.020078351721167564,-0.4095689356327057,0.2972387671470642,-0.20157337188720703,0.017074670642614365,-0.1866444796323776,0.016344062983989716,0.3034592270851135,-0.5899513959884644,0.1730010211467743,-0.4774618744850159,0.48785415291786194,0.895146906375885,0.26290440559387207,-0.08474377542734146,-0.9854867458343504,-0.24091652035713196,0.25540637969970703,-0.21262529492378235,0.17036062479019165,-0.163425013422966,0.10665689408779144
0.13369980454444885,-0.08102794736623763,0.7685043811798095,0.9889195561408995,-0.05671752244234085,-0.08680958300828932,-0.106232613325119,0.2334823906421661,0.22260248661041257,0.1618114560842514,0.47804394364356995,-0.4424661993980408,-0.14463123679161072,0.13333627581596375,0.008304525166749954,-0.404369831085205,0.3029179573059082,-0.219006821513176,0.0023939271923154593,-0.1832469403743744,0.043372854590415955,0.3068845272064209,-0.5860257744789124,0.17141492664813995,-0.4370669424533844,0.32660964131355286,0.7732005119323729,0.24263945221900937,-0.061911854892969125,-1.0358487367630005,-0.26485663652420044,0.231197327375412,-0.2359027564525604,0.1823730170726776,-0.1711525022983551,0.11185118556022644
0.13718028366565704,-0.0881282314658165,0.7658037543296814,0.9877021908760071,-0.06279362738132477,-0.09212347120046616,-0.10961093753576279,0.15526217222213745,0.2671925127506256,0.15200872719287872,0.6891422271728516,-0.44406643509864807,-0.14219465851783752,0.14666917920112607,0.027737272903323174,-0.4024368822574616,0.31743910908699036,-0.23881813883781436,-0.0084103774279356,-0.17619676887989044,0.06483203917741776,0.31649813055992126,-0.5856615304946899,0.1715683341026306,-0.41288372874259943,0.15141212940216064,0.5811746120452881,0.22143495082855225,-0.011111527681350708,-1.0660047531127927,-0.2929418981075287,0.20591181516647336,-0.26327729225158686,0.2052442729473114,-0.1772099882364273,0.11626987904310226
0.140110045671463,-0.09465295821428299,0.7636252641677856,0.9866631031036378,-0.06482712924480438,-0.10052797198295592,-0.1103966310620308,0.06108603999018669,0.30482673645019526,0.13602083921432495,0.9182944297790528,-0.3957740068435669,-0.12315363436937332,0.16663731634616852,0.035127107053995126,-0.40491771697998047,0.3325100839138031,-0.2615966796875,-0.011184453964233398,-0.1688852161169052,0.07464625686407089,0.3280346989631653,-0.5892552733421326,0.17745190858840942,-0.40626662969589233,0.003239457728341222,0.45347693562507624,0.21307730674743647,0.010683370754122734,-1.0825062990188599,-0.320927768945694,0.18248112499713895,-0.2958212196826935,0.2303624004125595,-0.18495552241802213,0.1204068511724472
0.14326639473438263,-0.1004347577691078,0.7619776725769043,0.9859440326690672,-0.0644211620092392,-0.10944359004497528,-0.10856515914201736,-0.03564218431711197,0.34394609928131104,0.1260899305343628,1.1189284324645996,-0.3474145233631134,-0.08340083807706831,0.19146560132503507,0.0366235077381134,-0.412161648273468,0.3410402536392212,-0.28054893016815186,-0.010246608406305311,-0.1625811457633972,0.0785226821899414,0.33907112479209894,-0.5932521224021912,0.19164098799228668,-0.4218908250331879,-0.11050805449485777,0.39129459857940674,0.21514280140399927,0.01209589187055826,-1.0887666940689087,-0.3486432135105133,0.16517463326454163,-0.32711857557296753,0.25205063819885254,-0.1852048933506012,0.12690061330795288
0.1471849828958511,-0.10551259666681288,0.7612664103507996,0.9852447509765624,-0.06293269246816635,-0.117385596036911,-0.10748440772294998,-0.1153723895549774,0.38071766495704645,0.1290580183267593,1.2513843774795532,-0.34660765528678894,-0.0446954108774662,0.22020475566387177,0.03743671253323554,-0.41609576344490046,0.33894121646881104,-0.2919832170009613,-0.008530779741704464,-0.15410462021827695,0.08261690288782118,0.34589949250221247,-0.5918359160423279,0.211863175034523,-0.45093822479248047,-0.2027602046728134,0.37497431039810175,0.2263364791870117,-0.003032661508768797,-1.0843700170516968,-0.3704683482646942,0.1531912088394165,-0.35187625885009766,0.26920080184936523,-0.18326759338378903,0.1396322399377823
0.15198148787021637,-0.10998280346393584,0.7620075941085814,0.9844525456428528,-0.05952673405408859,-0.12355672568082808,-0.109743133187294,-0.17612244188785553,0.3918872773647308,0.13141795992851257,1.3104568719863892,-0.35374727845191956,-0.03307853266596794,0.24982118606567383,0.036600079387426376,-0.4106661677360535,0.3242985010147095,-0.2952379584312439,-0.006135094910860062,-0.1417272984981537,0.08484772592782974,0.34602513909339905,-0.5763177871704102,0.23613218963146207,-0.4825769662857056,-0.29208463430404663,0.3899685740470886,0.23461419343948364,-0.032574739307165146,-1.066174030303955,-0.3782414495944977,0.14369593560695648,-0.37339356541633606,0.2833932638168335,-0.1838292330503464,0.1489161252975464
0.15775331854820251,-0.11390749365091324,0.7633923888206483,0.9835838675498961,-0.05486799031496048,-0.12701274454593658,-0.11584498733282088,-0.22224271297454837,0.3845726251602173,0.13409094512462616,1.3133759498596191,-0.34774413704872126,-0.040486425161361694,0.27355444431304926,0.03415393829345703,-0.3966808021068573,0.30319690704345703,-0.2936973571777344,-0.0027050769422203302,-0.12573778629302979,0.084658183157444,0.33967500925064087,-0.5402615070343018,0.2659004032611847,-0.5065881609916687,-0.39266559481620794,0.3995954096317291,0.2357790321111679,-0.06403956562280655,-1.037814736366272,-0.3741191625595093,0.13648587465286255,-0.3985973298549652,0.3040272891521454,-0.1869378089904785,0.15256822109222412
0.16406551003456116,-0.11714272201061247,0.7647320628166199,0.9825862050056456,-0.050505496561527245,-0.1274460405111313,-0.1254226714372635,-0.2570433020591736,0.36803933978080744,0.13317121565341947,1.2702114582061768,-0.3303249180316925,-0.060524318367242806,0.2893087863922119,0.03214464336633682,-0.37740346789360046,0.2815427780151367,-0.29021316766738886,0.0010092221200466156,-0.10876113921403883,0.08211500197649002,0.32945373654365534,-0.4845164716243744,0.30163687467575073,-0.5163105726242065,-0.5001933574676514,0.38064938783645624,0.2342960089445114,-0.08673520386219025,-1.0065780878067017,-0.36328279972076416,0.12731970846652985,-0.4292446672916412,0.33310732245445246,-0.1880550682544708,0.15053899586200714
0.170906662940979,-0.11987191438674925,0.7656113505363464,0.9815098047256468,-0.04729276895523071,-0.1255716234445572,-0.13650517165660858,-0.2787211835384369,0.348538339138031,0.12754826247692108,1.1813255548477173,-0.30602192878723145,-0.093388170003891,0.29971158504486084,0.031603485345840454,-0.35730811953544617,0.26194116473197937,-0.287811815738678,0.00575207406654954,-0.0949702262878418,0.07655176520347595,0.3176654577255249,-0.4185024797916412,0.3397912383079529,-0.5149280428886414,-0.5971094965934753,0.3430409133434296,0.23415401577949524,-0.10303815454244612,-0.9755082726478576,-0.3479166328907013,0.1129140630364418,-0.4619155824184418,0.3659658133983612,-0.18667583167552948,0.14334817230701447
0.17859981954097748,-0.12242284417152403,0.7658731937408446,0.9804441332817075,-0.04609145224094391,-0.12212395668029784,-0.1472773104906082,-0.28667908906936646,0.3341798186302185,0.11880241334438324,1.049013614654541,-0.2766323983669281,-0.131752610206604,0.3094393312931061,0.034654323011636734,-0.3393173217773437,0.24161532521247864,-0.28666520118713373,0.01168844662606716,-0.08609375357627869,0.06944026052951813,0.30518147349357605,-0.3556319773197174,0.37418395280838007,-0.5124991536140442,-0.6689023375511169,0.3081326484680176,0.23666904866695404,-0.1148691177368164,-0.9459609985351561,-0.3307679295539856,0.09436828643083571,-0.4935697615146637,0.39759379625320435,-0.18346795439720157,0.13513964414596555
0.1873617172241211,-0.12481451779603958,0.7654892802238464,0.9793819785118104,-0.047121040523052216,-0.11818882077932356,-0.15691369771957395,-0.28003567457199097,0.3298691213130951,0.1095382124185562,0.884458303451538,-0.24090859293937683,-0.16215047240257263,0.32170113921165466,0.041479364037513726,-0.32307109236717224,0.2196657508611679,-0.2865523099899292,0.017960762605071068,-0.08233896642923355,0.062162093818187714,0.2931344211101532,-0.303230345249176,0.4001018106937408,-0.5151848793029785,-0.7102630734443665,0.2863403558731079,0.24270910024642944,-0.12110504508018492,-0.9205429553985597,-0.3143157958984375,0.07815591245889662,-0.5211602449417113,0.423690676689148,-0.17810216546058655,0.13109563291072843
0.1972449868917465,-0.1268022656440735,0.7643213272094727,0.9783118963241576,-0.049788258969783776,-0.11468461900949478,-0.1651497483253479,-0.26103332638740534,0.3303523361682892,0.09511708468198776,0.7053799629211426,-0.19356723129749295,-0.18173107504844663,0.336223304271698,0.049507811665534966,-0.30734482407569885,0.2013673484325409,-0.2906218469142914,0.02390929497778416,-0.08422514051198958,0.054598987102508545,0.28288489580154413,-0.26166680455207825,0.41629976034164423,-0.5242792963981628,-0.7251388430595398,0.28205689787864685,0.2526721656322479,-0.12638339400291443,-0.9039374589920046,-0.29965230822563166,0.0726722702383995,-0.5429601669311523,0.4374698996543884,-0.16899339854717255,0.13292810320854187
0.20803526043891904,-0.1278821676969528,0.7624618411064149,0.9771429300308228,-0.05401577800512314,-0.1121966391801834,-0.17229609191417694,-0.23441839218139648,0.3312380015850067,0.07227163761854172,0.5346309542655945,-0.14263612031936643,-0.19845177233219144,0.3509248197078705,0.05733713135123253,-0.29116240143775934,0.1929707229137421,-0.3000928461551666,0.02929774858057499,-0.09067405760288239,0.047892972826957696,0.27519434690475464,-0.23133634030818936,0.42299574613571167,-0.5394622087478638,-0.7164743542671204,0.29746609926223755,0.2683056890964508,-0.13568852841854095,-0.9002510905265808,-0.28872424364089966,0.08531291782855988,-0.5563842654228209,0.435883104801178,-0.15671642124652863,0.1433265209197998
0.21912255883216855,-0.12779846787452695,0.7603911757469177,0.9759854078292847,-0.05806409940123559,-0.11019483208656312,-0.17871268093585968,-0.21230888366699216,0.3303823173046112,0.049786224961280816,0.41298651695251454,-0.10137952119112013,-0.2051217705011368,0.36179232597351074,0.060577373951673515,-0.2759917676448822,0.19785907864570615,-0.31486523151397705,0.03413926437497139,-0.09886667877435683,0.04094737768173218,0.2718240022659302,-0.21518306434154513,0.4198839068412781,-0.5577488541603088,-0.6926774382591248,0.3272525668144226,0.29074111580848694,-0.1438595950603485,-0.91343355178833,-0.28286123275756836,0.11208528280258177,-0.5613061785697937,0.42172721028327936,-0.14330542087554932,0.16960293054580688
0.2300647795200348,-0.12672168016433716,0.7586250901222229,0.975000262260437,-0.05984194204211235,-0.10822287946939468,-0.18461057543754575,-0.20097939670085904,0.326927125453949,0.04432984068989754,0.3665245771408081,-0.06984039396047592,-0.20345549285411835,0.3670499920845032,0.057130713015794754,-0.2604471445083618,0.21161481738090515,-0.33434545993804926,0.04049374908208847,-0.10641794651746748,0.031833164393901825,0.2725448608398437,-0.22026638686656952,0.4087274670600891,-0.5753892064094543,-0.6714723110198976,0.3628343045711517,0.30797809362411493,-0.14318938553333282,-0.9383324384689331,-0.28123193979263306,0.1345912367105484,-0.5649051666259766,0.4064418375492096,-0.13706320524215698,0.20058633387088773
0.2404041886329651,-0.12489278614521027,0.7572394013404846,0.9741480946540833,-0.05871867388486862,-0.10559768229722977,-0.19088423252105713,-0.207578718662262,0.3244180977344513,0.05458036437630653,0.4009335041046143,-0.06892308592796326,-0.19053395092487332,0.3639351725578308,0.04359833896160126,-0.2465715855360031,0.2333150655031204,-0.35150936245918274,0.05151982605457306,-0.10390834510326384,0.02207396365702152,0.27357205748558044,-0.25879696011543274,0.3879533410072327,-0.6016895771026611,-0.6571775674819945,0.3880673050880432,0.3116028904914856,-0.13709144294261932,-0.9667438268661501,-0.2768371403217316,0.14425984025001523,-0.5700904130935669,0.40790531039237976,-0.13195230066776276,0.2216595560312271
0.24982504546642303,-0.1228421926498413,0.7560715079307555,0.9731332063674927,-0.05756832659244537,-0.10159948468208312,-0.19843189418315887,-0.21488893032073972,0.3245666325092316,0.0668124184012413,0.43674305081367487,-0.06833987683057785,-0.1901724636554718,0.355784147977829,0.03136369213461876,-0.23025438189506528,0.24990433454513547,-0.3630867302417755,0.06195196509361267,-0.09616658091545105,0.016627514734864235,0.27309444546699524,-0.31232208013534546,0.35943266749382013,-0.6313056349754332,-0.6509301066398621,0.4139181077480316,0.31141272187232966,-0.1326887160539627,-0.9844091534614563,-0.26683422923088074,0.15599836409091947,-0.5783528089523315,0.40337696671485906,-0.13041247427463531,0.2331266850233078
0.2587457001209259,-0.12066922336816788,0.7554723620414733,0.9720754027366638,-0.056416310369968414,-0.09713213890790941,-0.20603881776332852,-0.22321604192256927,0.32585012912750244,0.08162054419517517,0.4683892726898193,-0.07287427037954329,-0.19087277352809903,0.3486755192279816,0.020996395498514172,-0.21438996493816373,0.25757157802581787,-0.369621068239212,0.07327810674905777,-0.08891194313764572,0.011523878201842308,0.2722795307636261,-0.3617738783359528,0.3313063383102417,-0.6570435762405396,-0.645763099193573,0.44097831845283514,0.3086201846599579,-0.1267516165971756,-0.9975932240486144,-0.25541630387306213,0.17080053687095642,-0.5901556611061096,0.3985244333744049,-0.13001802563667297,0.2448284924030304
0.26774758100509644,-0.118792824447155,0.754929482936859,0.9711816310882568,-0.05546338483691216,-0.0924304947257042,-0.21257148683071136,-0.23501594364643097,0.326074093580246,0.08934827893972397,0.5042951107025145,-0.09280796349048615,-0.18407000601291656,0.34489375352859497,0.011212519370019436,-0.2000688761472702,0.26046851277351374,-0.37248802185058594,0.08244459331035614,-0.08050832897424698,0.007942976430058478,0.27448275685310364,-0.4038168787956238,0.30889102816581726,-0.6808339357376099,-0.6401067972183228,0.4632009565830231,0.30770739912986755,-0.12490948289632796,-1.0070563554763792,-0.24530586600303647,0.18757961690425873,-0.5939330458641052,0.38343006372451777,-0.1271076202392578,0.2589070498943329
0.276698499917984,-0.11691494286060332,0.7545765042304992,0.9704447984695433,-0.05458865687251091,-0.08703421056270598,-0.21836201846599576,-0.24745361506938932,0.32622197270393366,0.09570517390966415,0.5378322601318359,-0.11333093792200089,-0.17641462385654447,0.3422320485115051,0.0029683385509997606,-0.18674299120903012,0.2574165463447571,-0.3717731237411499,0.09071744233369827,-0.07087209820747375,0.0055464087054133415,0.2768990099430084,-0.4377634525299072,0.2926528751850128,-0.6995963454246521,-0.6396062970161438,0.4734589457511902,0.30301162600517273,-0.12002327293157576,-1.0153615474700928,-0.23671191930770877,0.20071417093276975,-0.5962706804275513,0.3693923950195313,-0.1250586062669754,0.2699512839317322
0.2851405739784241,-0.11524709314107894,0.7543755173683167,0.9699671864509583,-0.053468603640794754,-0.08113081008195877,-0.22298555076122284,-0.2588016092777252,0.32603853940963745,0.10239136964082717,0.564635694026947,-0.13289415836334229,-0.16895385086536407,0.3405056297779083,-0.004182164557278156,-0.17535388469696045,0.24835608899593356,-0.36836504936218256,0.09791569411754608,-0.060599278658628464,0.003765721572563052,0.2783360779285431,-0.46667540073394775,0.28271183371543884,-0.7109031081199646,-0.6456894278526306,0.46573922038078314,0.296638697385788,-0.1101294532418251,-1.022274136543274,-0.22975051403045652,0.20805656909942624,-0.5983806252479553,0.3611947596073151,-0.12373065203428268,0.2769750654697418
0.2927306592464447,-0.11380672454833984,0.7544442415237426,0.9698109030723571,-0.05181482061743736,-0.07495202869176865,-0.22619514167308807,-0.2683919370174408,0.3239716589450836,0.1085646077990532,0.583216667175293,-0.14966414868831635,-0.1622082144021988,0.3395678400993347,-0.011007603257894516,-0.16677974164485931,0.2334081381559372,-0.3616819679737091,0.10470137745141984,-0.05026902258396149,0.0020552973728626966,0.2777911424636841,-0.49507719278335566,0.2779977917671204,-0.7124751210212708,-0.6572880744934082,0.4363023638725281,0.2898230254650116,-0.09346794337034224,-1.0274182558059692,-0.22365202009677887,0.21051307022571564,-0.6014923453330994,0.35827577114105225,-0.12419808655977248,0.2777799963951111
0.29941973090171814,-0.11258412152528761,0.7548603415489197,0.9699198007583617,-0.04953176900744438,-0.0687684416770935,-0.22819538414478305,-0.2758830785751343,0.3194163739681244,0.11407932639122008,0.5936682820320128,-0.16226813197135925,-0.1565059125423431,0.3389170169830322,-0.018178332597017288,-0.16141542792320251,0.2151577323675156,-0.3523946404457092,0.11120573431253432,-0.039515841752290726,-0.00012993541895411909,0.2754097580909729,-0.5261158347129822,0.2764919698238373,-0.7042182683944702,-0.6718639135360718,0.3899648785591125,0.28275108337402344,-0.06955564022064209,-1.0310277938842771,-0.21766717731952667,0.20840586721897125,-0.6050848364830017,0.35898447036743164,-0.12684951722621915,0.2730909585952759
0.30517685413360596,-0.11149083077907562,0.7555232644081116,0.9703392386436462,-0.046669363975524895,-0.0627228170633316,-0.22875648736953733,-0.2822875678539276,0.31214088201522827,0.1183006539940834,0.5975853800773621,-0.1715746819972992,-0.15199480950832367,0.33950224518775934,-0.02586017735302448,-0.16029556095600128,0.19461354613304135,-0.34184697270393366,0.11727160215377808,-0.02848163805902004,-0.0033941525034606457,0.27203893661499023,-0.5611261129379272,0.27665331959724426,-0.6856819391250609,-0.6861563920974731,0.3294996917247772,0.2760583162307739,-0.03736981749534607,-1.0334528684616089,-0.2112792730331421,0.2020845860242844,-0.6074115633964539,0.3605867326259613,-0.13007670640945435,0.26285263895988464
0.3098955750465393,-0.11062808334827424,0.7563056349754332,0.971108853816986,-0.043446168303489685,-0.057212948799133294,-0.2275671511888504,-0.28817471861839294,0.30249577760696406,0.1209927499294281,0.5960870385169983,-0.17738784849643707,-0.14900092780590057,0.34127247333526606,-0.033581145107746124,-0.1640065312385559,0.1744956374168396,-0.3320915997028351,0.12180548906326293,-0.0182870589196682,-0.008191335014998913,0.26837313175201416,-0.5986921191215515,0.27678072452545166,-0.6584881544113159,-0.6956859827041626,0.25887984037399286,0.2695029675960541,0.0021576578728854656,-1.0349601507186887,-0.2049431800842285,0.19166235625743863,-0.6064237952232361,0.36326706409454346,-0.13198953866958618,0.24806648492813113
0.31373438239097595,-0.11011303961277008,0.757053792476654,0.9721950888633728,-0.040096290409564965,-0.0525333434343338,-0.22465351223945615,-0.2937694191932678,0.29102909564971924,0.12133325636386871,0.5908238291740417,-0.1798137128353119,-0.14718590676784515,0.34432518482208246,-0.04099703952670097,-0.17155703902244568,0.15669521689414978,-0.32436102628707886,0.12453138828277588,-0.009429958648979664,-0.01465542335063219,0.26476988196372986,-0.6393712759017944,0.2740474343299866,-0.6270862817764281,-0.6970164179801941,0.1826791614294052,0.26356416940689087,0.045160975307226174,-1.0343904495239256,-0.1988905370235443,0.17793065309524536,-0.6025405526161194,0.3667699694633484,-0.13207431137561798,0.2304213643074036
0.31680262088775635,-0.11004871875047684,0.7577848434448241,0.9734188914299011,-0.03668071329593658,-0.04881559684872627,-0.22074258327484128,-0.29800063371658325,0.27843043208122253,0.11989845335483552,0.5825032591819763,-0.1791153699159622,-0.1463942378759384,0.3475470244884491,-0.047984350472688675,-0.18085327744483948,0.14276552200317383,-0.3193756341934204,0.12558117508888245,-0.0013900644844397902,-0.02261754684150219,0.2608599960803985,-0.6838686466217041,0.2661696374416352,-0.59587424993515,-0.6893472671508789,0.10428129136562347,0.2591255307197571,0.08893877267837523,-1.030342698097229,-0.19291749596595764,0.16255612671375275,-0.5974273085594177,0.3694809973239898,-0.13033320009708405,0.21223172545433044
0.31889775395393366,-0.11032358556985856,0.7585068941116333,0.9746034741401672,-0.033334631472826004,-0.04585092142224312,-0.2166438549757004,-0.30056673288345337,0.2658910453319549,0.11794675141572952,0.5713973045349121,-0.17565175890922546,-0.14623019099235535,0.34919992089271545,-0.054111488163471215,-0.19005930423736567,0.13390368223190308,-0.3175332546234131,0.1254705041646957,0.005563538987189531,-0.031135600060224533,0.25605362653732294,-0.730444073677063,0.2521768808364868,-0.569640576839447,-0.6752562522888184,0.03406912833452225,0.25728362798690796,0.12627100944519043,-1.02247953414917,-0.18562623858451843,0.1482832133769989,-0.5938087701797485,0.3681138753890991,-0.12872925400733948,0.19785775244235992
0.3198806345462799,-0.11072316765785216,0.7590709924697877,0.9756492972373961,-0.03031743876636028,-0.043304696679115295,-0.21287062764167783,-0.3029070794582367,0.25501513481140137,0.11692021042108536,0.559740960597992,-0.17032797634601593,-0.14580994844436643,0.348528265953064,-0.05868060514330864,-0.19793905317783356,0.12903957068920135,-0.318024605512619,0.12504297494888303,0.010696694254875185,-0.03914438560605049,0.2502848505973816,-0.772554337978363,0.234472319483757,-0.5512241721153259,-0.6590607166290283,-0.016121570020914074,0.2593610882759094,0.1511901617050171,-1.0111055374145508,-0.17657314240932465,0.137769415974617,-0.5929561257362366,0.35692697763443,-0.1265861541032791,0.19007967412471768
0.3197001814842224,-0.11121956259012222,0.7594096064567566,0.9765087366104126,-0.027731340378522873,-0.04110771045088768,-0.20969475805759427,-0.3057224452495575,0.2465718388557434,0.11662196367979048,0.5488548278808594,-0.1634141057729721,-0.14531494677066803,0.3454134166240692,-0.06162524223327637,-0.20467180013656616,0.12741558253765106,-0.31977662444114685,0.124198816716671,0.013729726895689964,-0.046685125678777695,0.24464257061481476,-0.8063041567802429,0.21619607508182523,-0.5409988164901732,-0.6445208787918091,-0.03576365113258362,0.2626471221446991,0.16003847122192383,-0.9967623353004456,-0.16633829474449155,0.1319102644920349,-0.5952187776565552,0.3319528698921204,-0.1240675374865532,0.19053541123867035
0.318193256855011,-0.11188171058893204,0.7595978379249572,0.9771003127098083,-0.02554745227098465,-0.03959309682250023,-0.20749640464782715,-0.3082435131072998,0.24100686609745023,0.11704304814338684,0.5388075709342957,-0.1552930325269699,-0.14414039254188535,0.34058940410614014,-0.06354666501283646,-0.20978057384490967,0.12803637981414795,-0.3218879997730255,0.12339541316032408,0.014095054939389229,-0.05457885190844536,0.2407245337963104,-0.8263265490531921,0.19944408535957336,-0.53705233335495,-0.6335369944572449,-0.03167108818888664,0.2651768922805786,0.156307652592659,-0.9813393950462339,-0.15660341084003448,0.13043168187141418,-0.599619686603546,0.2932935357093811,-0.11918342858552931,0.2008187174797058
0.3156585693359375,-0.1126759722828865,0.7598107457160949,0.9772588014602659,-0.02427465282380581,-0.03886558860540391,-0.20703940093517303,-0.30972602963447565,0.23999144136905673,0.11793617904186247,0.5298441052436829,-0.1480795294046402,-0.1417667418718338,0.3355625867843628,-0.06346175074577332,-0.21128693222999567,0.12975679337978363,-0.323403000831604,0.1214945912361145,0.013178429566323755,-0.06100000441074371,0.2396401613950729,-0.8295288681983948,0.1868397444486618,-0.5376179218292236,-0.623344361782074,-0.015043586492538452,0.2690171301364898,0.1465110033750534,-0.968662679195404,-0.15091614425182343,0.13295400142669675,-0.6043481230735779,0.25129857659339905,-0.11274632811546324,0.21706788241863248
0.3124755620956421,-0.11362437903881072,0.7604377865791322,0.9769579768180848,-0.024308660998940468,-0.03859158232808113,-0.20850150287151337,-0.30944797396659846,0.24426744878292084,0.12039481848478316,0.5197060108184814,-0.1386939138174057,-0.1381171941757202,0.3310967981815338,-0.06061580777168274,-0.20722393691539764,0.12893739342689514,-0.32090821862220764,0.11786162853240965,0.012622463516891003,-0.06295525282621384,0.24050289392471316,-0.8244614601135254,0.1788859665393829,-0.5382499694824219,-0.6101560592651367,0.0005364648532122374,0.27200573682785034,0.14147865772247314,-0.961322784423828,-0.15137413144111633,0.13523186743259427,-0.605781614780426,0.21832801401615143,-0.1089731678366661,0.22656904160976407
0.30878859758377075,-0.1147472858428955,0.7614790201187133,0.976388156414032,-0.02563294768333435,-0.03841930255293846,-0.21102844178676605,-0.3071090877056122,0.2518013119697571,0.12230966240167616,0.5079159736633301,-0.12782225012779236,-0.13577082753181455,0.32636141777038574,-0.05469413474202156,-0.20095394551754,0.12380996346473692,-0.3126814365386963,0.11424623429775238,0.012979932129383087,-0.058619700372219086,0.2412600666284561,-0.8251114487648009,0.17629747092723846,-0.5358556509017944,-0.5962528586387633,0.0018995797727257011,0.2769059240818024,0.14054402709007263,-0.958569288253784,-0.15697146952152252,0.1331682652235031,-0.598450779914856,0.207963302731514,-0.11271074414253233,0.229819729924202
0.30498528480529785,-0.1159968301653862,0.7623130679130553,0.9756614565849304,-0.027951274067163467,-0.03848297894001007,-0.2140617668628693,-0.30460456013679504,0.26156505942344666,0.1225573644042015,0.4973593652248383,-0.11738869547843932,-0.13797105848789215,0.32216554880142206,-0.04638400673866272,-0.19518308341503143,0.11890788376331328,-0.3049790561199188,0.11128170788288116,0.012014374136924744,-0.05111009627580643,0.2419046014547348,-0.822613775730133,0.1802430897951126,-0.5342881083488464,-0.5858399868011475,-0.0036533414386212826,0.28413355350494385,0.13753272593021393,-0.9576376080513,-0.16589446365833282,0.13251972198486328,-0.5849747657775879,0.21336430311203,-0.116898313164711,0.22652924060821533
0.30088832974433893,-0.11703015863895416,0.7627654671669006,0.9747570157051086,-0.030559293925762177,-0.03939555212855339,-0.21763020753860476,-0.3010995388031006,0.272388368844986,0.12397527694702148,0.48799240589141846,-0.1083158254623413,-0.1427031010389328,0.31925490498542786,-0.03783044219017029,-0.18929870426654813,0.117135152220726,-0.3010302484035492,0.10745348036289216,0.008176109753549099,-0.04370324313640594,0.24393069744110107,-0.8073089718818665,0.1912338137626648,-0.5361053347587585,-0.581352174282074,0.002246636198833585,0.28973621129989624,0.13321997225284576,-0.9580330252647402,-0.17622721195220947,0.13196685910224915,-0.5706229209899902,0.22318656742572784,-0.11855845898389816,0.21714673936367035
0.2964646816253662,-0.11789251118898392,0.7629878520965576,0.9735834598541261,-0.03311498835682869,-0.04110923781991005,-0.22214543819427487,-0.2944008409976959,0.2844538390636444,0.12899234890937805,0.47899988293647766,-0.09970425069332121,-0.1478264182806015,0.31726911664009094,-0.02989724650979042,-0.1818780303001404,0.11723954230546953,-0.2985958456993103,0.1029740646481514,0.0027437428943812847,-0.0378028117120266,0.24806581437587735,-0.7779535055160521,0.20763608813285828,-0.541077196598053,-0.5838677883148192,0.026019563898444172,0.2959303557872772,0.1244622766971588,-0.9567503929138184,-0.18714559078216553,0.13177022337913513,-0.5602415204048157,0.2256663292646408,-0.11780159175395964,0.213582307100296
0.2917945981025696,-0.11864331364631651,0.7631555795669556,0.9720715880393982,-0.036231521517038345,-0.04294853657484055,-0.22785851359367368,-0.2863341271877289,0.29947617650032043,0.13632404804229736,0.47134903073310846,-0.09118053317070007,-0.1517943888902664,0.3149869740009308,-0.020851273089647293,-0.17174062132835388,0.11792349070310593,-0.2948976755142212,0.09825581312179565,-0.0031611782032996416,-0.031434450298547745,0.2542819082736969,-0.740704596042633,0.22728535532951355,-0.546531617641449,-0.5920528769493103,0.061520453542470925,0.3046357333660126,0.11247948557138442,-0.9527891874313353,-0.19643065333366397,0.1347014605998993,-0.5538656711578369,0.2218491733074188,-0.11515095829963684,0.21753303706645963
0.2870752811431885,-0.11933150887489317,0.763390064239502,0.9702253937721251,-0.039796054363250725,-0.044597137719392776,-0.23471257090568545,-0.2775476276874542,0.3170248866081238,0.14544455707073212,0.46399843692779535,-0.0824408084154129,-0.15436452627182007,0.31127792596817017,-0.010526558384299278,-0.1584949493408203,0.11889427900314332,-0.289863646030426,0.09372831881046297,-0.008086505346000193,-0.024081306532025337,0.2623814344406128,-0.7067526578903198,0.24770613014698029,-0.5488430857658385,-0.6025503277778625,0.0977710410952568,0.31404575705528254,0.10160485655069353,-0.9477519392967224,-0.2032365053892136,0.14073766767978668,-0.5488772988319397,0.21702489256858823,-0.11159136891365053,0.22426888346672055
0.28231424093246454,-0.11990238726139069,0.763725757598877,0.968114137649536,-0.04350510239601135,-0.045796845108270645,-0.24241484701633453,-0.26847004890441895,0.33594951033592224,0.15560698509216309,0.4553432464599609,-0.07319223880767822,-0.15671226382255554,0.305347353219986,0.0005171715747565031,-0.14346130192279816,0.12003881484270096,-0.2837256193161011,0.08912259340286256,-0.0125838378444314,-0.015981992706656456,0.2717270255088806,-0.6787899732589722,0.2688513100147248,-0.5469292998313904,-0.6144002676010132,0.1345792859792709,0.32213467359542847,0.09088237583637235,-0.9431735277175904,-0.20690961182117465,0.1498073637485504,-0.5439485311508179,0.21263328194618225,-0.10843399912118912,0.23064304888248444
0.2777509093284607,-0.12029042094945908,0.7642121315002441,0.9658883810043336,-0.04674145951867104,-0.04634554311633111,-0.25045350193977356,-0.2600318491458893,0.35384601354599,0.16635936498641968,0.44479864835739136,-0.0635521411895752,-0.15932635962963104,0.2973958551883697,0.01081891357898712,-0.12778456509113312,0.12109125405550004,-0.2775549590587616,0.08453930169343948,-0.01681126095354557,-0.008411478251218796,0.2811805009841919,-0.6592857837677002,0.29026955366134644,-0.5416967272758484,-0.6262151002883911,0.1703910529613495,0.32812219858169556,0.08166542649269104,-0.9405243992805482,-0.206686332821846,0.16014866530895233,-0.5393389463424683,0.2096676081418991,-0.10654626041650772,0.23388640582561487
0.2732160687446594,-0.12038180232048035,0.7648777961730957,0.9635871052742003,-0.0495350956916809,-0.04626896604895592,-0.2586606740951538,-0.25220710039138794,0.37010583281517034,0.17713455855846405,0.43218159675598145,-0.05332635715603829,-0.16176432371139526,0.28783938288688654,0.020491704344749447,-0.11104211211204527,0.12193057686090468,-0.2706418037414551,0.07994331419467926,-0.020735539495944977,-0.0011007901048287747,0.29002052545547485,-0.6469801664352417,0.31280004978179926,-0.5337264537811279,-0.6378098726272583,0.20414637029170987,0.3312936723232269,0.07615716010332108,-0.9393119215965272,-0.20269900560379028,0.17109347879886627,-0.5351005792617798,0.2096833437681198,-0.10663730651140212,0.23171260952949524
0.2687448263168335,-0.1202402487397194,0.7657452821731566,0.9612743258476256,-0.05174523591995239,-0.045613281428813934,-0.2668212354183197,-0.2442326992750168,0.3842191696166992,0.18818646669387817,0.4170595705509186,-0.04223145917057991,-0.16437381505966187,0.2769089341163635,0.02927832677960396,-0.0941273272037506,0.12274999171495436,-0.26251429319381714,0.07546404749155043,-0.023828502744436264,0.005638615228235722,0.29775017499923706,-0.6396660208702089,0.3372231721878052,-0.5243155360221863,-0.6509549617767334,0.23434144258499143,0.3319264352321625,0.07264395803213118,-0.9389626383781432,-0.1955898553133011,0.18142962455749512,-0.5309950709342957,0.2125358283519745,-0.10787277668714523,0.224916473031044
0.2643640339374542,-0.11993253231048584,0.7666774392127991,0.9590030312538147,-0.05323905870318413,-0.044674955308437354,-0.2747415602207184,-0.2351811230182648,0.39574062824249273,0.20045067369937897,0.3991589248180389,-0.029462516307830807,-0.16721683740615845,0.2653503715991974,0.03629757463932037,-0.07820887118577957,0.12445301562547684,-0.2544674873352051,0.07133614271879196,-0.026168497279286385,0.011232409626245499,0.3045172691345215,-0.6363570690155029,0.3639664947986602,-0.5139931440353394,-0.6658551096916199,0.2611863315105438,0.33160644769668574,0.06976338475942612,-0.938063383102417,-0.18600009381771088,0.1919071972370148,-0.5272707939147949,0.2178720980882645,-0.1084294319152832,0.21588075160980225
0.2601299583911896,-0.11942847818136217,0.7674264311790465,0.956814169883728,-0.05418907478451729,-0.04398113116621971,-0.2821984589099884,-0.22484080493450165,0.4047405123710632,0.2138060033321381,0.38026189804077143,-0.016683224588632584,-0.1701958328485489,0.254036009311676,0.04132581129670143,-0.06389348953962326,0.12816487252712247,-0.24870733916759488,0.06726966053247452,-0.028706893324851986,0.01564040593802929,0.31103023886680603,-0.6345689296722412,0.3922717273235321,-0.5009218454360962,-0.6804736256599425,0.28341287374496454,0.3330443799495697,0.06590772420167923,-0.9353286027908323,-0.1755877286195755,0.20335128903388977,-0.5244568586349487,0.2214735895395279,-0.10785116255283356,0.20831225812435153
0.25625061988830566,-0.11866088211536407,0.7678377628326416,0.9547443985939024,-0.05492795258760452,-0.04401988536119461,-0.28897809982299805,-0.2136986702680588,0.4121018052101135,0.22788904607295987,0.36329206824302673,-0.005643797572702169,-0.17298553884029388,0.24359625577926636,0.04470713064074516,-0.051274675875902176,0.1346057504415512,-0.24629010260105133,0.0634148046374321,-0.03168816119432449,0.01893431507050991,0.3183669447898865,-0.6327956318855286,0.420625239610672,-0.48360022902488714,-0.6930292844772339,0.30580082535743713,0.33873146772384644,0.0583561472594738,-0.9307941198349,-0.16603480279445648,0.21592949330806727,-0.5222457647323608,0.220627635717392,-0.10493682324886322,0.20527423918247223
0.252882182598114,-0.11767269670963287,0.7679831385612487,0.9528109431266784,-0.05578270182013512,-0.04474751651287079,-0.2950207591056824,-0.2033707499504089,0.41853582859039307,0.2404891401529312,0.35045963525772095,0.002068042056635022,-0.17586636543273923,0.23375369608402247,0.047503847628831856,-0.0404256135225296,0.1444617211818695,-0.24711814522743225,0.05937644839286804,-0.035643890500068665,0.021518535912036892,0.3264980018138885,-0.6298107504844666,0.4461421370506287,-0.46162873506546015,-0.701936900615692,0.3343886733055115,0.348946213722229,0.0460149310529232,-0.9253327846527101,-0.15745393931865692,0.22872528433799744,-0.5208080410957336,0.21278719604015353,-0.10011065006256104,0.20933742821216583
0.2501697540283203,-0.11654533445835112,0.7681047320365906,0.951059341430664,-0.05638308823108673,-0.04589321464300156,-0.3003346621990204,-0.19421637058258057,0.42329177260398865,0.252124547958374,0.33988961577415466,0.007820159196853636,-0.1774497777223587,0.22423590719699857,0.04932352900505066,-0.030986078083515167,0.1568816900253296,-0.2502027750015259,0.056551843881607056,-0.04021462798118591,0.02336058579385281,0.3342392444610596,-0.6243104338645935,0.4653549492359161,-0.4381561875343322,-0.7072917222976685,0.3637851774692536,0.3617409467697144,0.032257821410894394,-0.9200807809829714,-0.14910246431827545,0.2404244840145111,-0.520754873752594,0.2013956755399704,-0.09541419148445128,0.2188052833080292
0.24800974130630493,-0.1153704524040222,0.7684784531593322,0.949529230594635,-0.05639021098613739,-0.04691455513238906,-0.30498075485229487,-0.18598218262195587,0.4257216155529022,0.2631699740886688,0.32833465933799744,0.014397238381206988,-0.17753303050994873,0.21613945066928864,0.0499788299202919,-0.021626031026244164,0.16726994514465332,-0.25190871953964233,0.05487694218754768,-0.04466336220502853,0.024975398555397987,0.33957898616790766,-0.6147783398628235,0.4766766130924225,-0.4179998934268952,-0.7112550735473633,0.384594202041626,0.37107774615287775,0.02520512416958809,-0.9142483472824096,-0.14093269407749176,0.25030374526977534,-0.5220752358436584,0.19533309340476987,-0.09246502816677091,0.22670385241508484
0.24625317752361295,-0.11410240828990936,0.7690887451171875,0.9482228755950928,-0.055749628692865365,-0.047819241881370544,-0.3089962303638458,-0.17731416225433347,0.4255658388137817,0.2733919322490692,0.3153940737247467,0.022110536694526672,-0.17678356170654297,0.21116457879543304,0.0491800233721733,-0.011948056519031525,0.17105814814567563,-0.24977378547191617,0.05402372404932976,-0.04897451773285866,0.026467472314834595,0.34228855371475214,-0.6026249527931212,0.48115792870521545,-0.4047498404979706,-0.7146039009094238,0.39544442296028137,0.373614639043808,0.027894223108887672,-0.9076587557792664,-0.1330786496400833,0.2588375508785248,-0.522136926651001,0.19574528932571408,-0.0924173668026924,0.22774979472160337
0.24469842016696927,-0.11278009414672852,0.7698171138763428,0.9471147060394288,-0.05463540554046631,-0.048578299582004554,-0.3124562203884125,-0.16785144805908203,0.4234456717967987,0.2829812467098236,0.30174687504768366,0.029860509559512135,-0.17610855400562286,0.20852459967136383,0.04700629413127899,-0.003013777080923319,0.16983820497989655,-0.24539077281951904,0.053630292415618896,-0.05293171107769013,0.028048427775502205,0.3429328501224518,-0.5903152823448181,0.48076385259628296,-0.3984412550926208,-0.7167636156082153,0.4020753800868988,0.3710187971591949,0.03578567132353783,-0.9007256031036378,-0.12584570050239563,0.2680908739566803,-0.5191718935966492,0.19899897277355197,-0.09447813034057616,0.2224235236644745
0.24332949519157407,-0.11157387495040892,0.770465612411499,0.9461852312088013,-0.05343447998166084,-0.049212828278541565,-0.3153669238090515,-0.15877564251422882,0.4206381440162658,0.29171839356422424,0.2891767621040344,0.03695866838097572,-0.1759559065103531,0.2069324254989624,0.04423383623361588,0.0048064906150102615,0.167099267244339,-0.24104315042495728,0.053469303995370865,-0.05631716921925545,0.030170073732733727,0.3424597978591919,-0.5795974135398865,0.4773290455341339,-0.3984289765357971,-0.7175391912460327,0.4121044874191284,0.3671500086784362,0.041971471160650246,-0.893827736377716,-0.1195671334862709,0.2783023715019226,-0.5136700868606567,0.19878646731376648,-0.09659783542156221,0.21506480872631076
0.24214553833007807,-0.11051711440086363,0.7709418535232544,0.9454296231269836,-0.05247662216424943,-0.04984183236956596,-0.3176866471767425,-0.1513396054506302,0.41818147897720337,0.29922550916671753,0.2794610857963562,0.04235090315341949,-0.17612063884735107,0.20640686154365537,0.0415494367480278,0.011151956394314764,0.1648981273174286,-0.23805584013462064,0.053522475063800805,-0.059530530124902725,0.03288544341921806,0.34211546182632446,-0.5693904161453247,0.47235158085823054,-0.4019327163696289,-0.7178642749786377,0.42758864164352417,0.3645678162574768,0.04354827105998993,-0.8875588774681091,-0.11403363943099976,0.2880729138851166,-0.5075576901435852,0.19235724210739133,-0.09720027446746826,0.20966951549053192
0.241107314825058,-0.10958734154701232,0.7712469100952147,0.9447904229164125,-0.05192257836461067,-0.05064239352941513,-0.3195471465587616,-0.14509485661983487,0.4164580106735229,0.3052773177623749,0.2726871371269226,0.04598593339323997,-0.17628520727157593,0.2067530453205109,0.03947898745536804,0.01638125069439411,0.16368316113948822,-0.23626166582107544,0.05327692627906799,-0.0626048818230629,0.03618980571627617,0.3420602083206177,-0.5591781735420227,0.4660493731498718,-0.4073319733142853,-0.7169918417930603,0.44774964451789856,0.36332234740257263,0.0430644005537033,-0.881355583667755,-0.10907837003469469,0.29704910516738886,-0.5023112297058105,0.18423922359943387,-0.09714571386575699,0.20684276521205905
0.24023184180259705,-0.10883301496505736,0.771444261074066,0.9443345665931699,-0.05155229195952416,-0.05154858157038689,-0.3208073675632477,-0.13999111950397491,0.41483548283576965,0.30956971645355225,0.2677377760410309,0.04877594485878944,-0.1764720231294632,0.20713447034358975,0.03778481855988503,0.020473046228289604,0.1636745184659958,-0.23559443652629847,0.053239673376083374,-0.06529837846755981,0.03941487893462181,0.34206670522689814,-0.5498225092887878,0.45824179053306574,-0.4133517444133759,-0.7154433131217957,0.4654439687728882,0.36266151070594793,0.042568545788526535,-0.875464916229248,-0.10471804440021514,0.30405500531196594,-0.4984012842178345,0.1782330423593521,-0.09760367125272752,0.2053432911634445
0.23959097266197205,-0.1082913726568222,0.7715644836425781,0.9440686702728271,-0.05135053023695946,-0.0525079034268856,-0.3214661777019501,-0.13568314909934995,0.4132156372070313,0.3123379647731781,0.26370665431022644,0.05097123980522156,-0.17673765122890472,0.20753616094589236,0.036559119820594795,0.02335629798471928,0.1647033542394638,-0.23563529551029205,0.053294599056243896,-0.0677202120423317,0.04247838258743286,0.34210190176963806,-0.5411829352378845,0.4496310353279114,-0.4195449352264404,-0.713755190372467,0.4794245064258576,0.36170580983161926,0.04276690632104874,-0.8699374794960022,-0.10116631537675856,0.3095436692237854,-0.49576398730278015,0.1751023381948471,-0.09918955713510512,0.20357030630111692
0.23915240168571472,-0.10790024697780608,0.7715879082679747,0.9440027475357056,-0.05130390822887421,-0.053368929773569114,-0.32152533531188965,-0.13260655105113983,0.4116584360599518,0.3136732280254364,0.2606041729450226,0.05259225517511368,-0.17664989829063416,0.208425298333168,0.03561728447675705,0.024999454617500305,0.16572673618793488,-0.23579365015029907,0.05340477079153061,-0.06971024721860886,0.045342918485403054,0.34196656942367554,-0.533916711807251,0.44086581468582153,-0.42604601383209223,-0.7119677662849425,0.48918595910072327,0.3603855669498444,0.044343721121549606,-0.8653138875961303,-0.0985783189535141,0.3137524425983429,-0.4938925504684448,0.1737152487039566,-0.10129988193511962,0.20152476429939273
0.2389487773180008,-0.10761201381683348,0.7715210318565368,0.9441085457801818,-0.05131793022155762,-0.05410411208868027,-0.32108908891677856,-0.1303846836090088,0.4099690914154053,0.31410515308380127,0.25823909044265747,0.053230471909046166,-0.17653082311153412,0.21006642282009125,0.03483543545007706,0.02558751963078976,0.16605462133884427,-0.23606786131858823,0.05324435979127884,-0.07098167389631271,0.047734137624502175,0.34144893288612366,-0.5292725563049316,0.43289086222648626,-0.431731790304184,-0.7096425294876099,0.4943322539329529,0.3592967689037323,0.04699012264609337,-0.8623775839805603,-0.0972229987382889,0.31672051548957825,-0.4923344254493713,0.1731487363576889,-0.10301440209150314,0.19933259487152097
0.23903733491897583,-0.1074814796447754,0.77139413356781,0.9443635940551757,-0.05133996531367302,-0.05463877320289612,-0.32024404406547546,-0.12879210710525513,0.40805074572563166,0.3135228157043457,0.25581356883049006,0.05364494398236275,-0.17662151157855988,0.21206688880920407,0.034273307770490646,0.024935174733400345,0.1652814745903015,-0.23622277379035947,0.0530378445982933,-0.07165945321321487,0.04958117753267288,0.3403172492980957,-0.5284419655799866,0.4264985322952271,-0.4361951351165771,-0.7061532735824585,0.49564778804779047,0.35897722840309143,0.04963023588061333,-0.8611194491386412,-0.09695562720298768,0.31875514984130854,-0.4906371831893921,0.17296123504638672,-0.10386443883180618,0.19721895456314087
0.23935791850090024,-0.10765370726585388,0.771268904209137,0.9447863698005676,-0.05132492631673813,-0.05502289161086082,-0.3189309239387512,-0.12764428555965424,0.40598911046981806,0.312087744474411,0.2537483870983124,0.05393572524189949,-0.17697177827358243,0.21457359194755557,0.03367869183421135,0.02309855446219444,0.1633760631084442,-0.23606549203395844,0.05290486663579941,-0.0717792958021164,0.0508003756403923,0.33860281109809875,-0.5302978157997131,0.422091007232666,-0.43967321515083313,-0.7023775577545166,0.494441032409668,0.3585185408592224,0.05134230107069016,-0.8614583611488342,-0.09741570055484772,0.31906625628471375,-0.4886363744735718,0.17264367640018463,-0.10443196445703506,0.194968581199646
0.23969343304634091,-0.10804422944784164,0.7711589336395263,0.9453297257423402,-0.05133387446403504,-0.05534914135932922,-0.31725847721099854,-0.1274828016757965,0.4038823544979096,0.30939951539039606,0.252731055021286,0.053644798696041114,-0.1777626872062683,0.21756954491138455,0.033161986619234085,0.02029753290116787,0.1607747972011566,-0.2358304262161255,0.05275667086243629,-0.07174687832593918,0.0516432486474514,0.33653897047042847,-0.5329432487487793,0.419558584690094,-0.4416822493076325,-0.6985792517662048,0.4912417531013489,0.3579782247543335,0.05410793423652649,-0.8621042966842651,-0.09866053611040115,0.3188483119010925,-0.48693594336509693,0.17241428792476654,-0.1050969511270523,0.1929145306348801
0.23994095623493197,-0.10856883972883224,0.7710856795310974,0.9459347724914551,-0.051302868872880936,-0.05567193031311035,-0.31539827585220337,-0.1278454214334488,0.40162342786788946,0.3060177564620972,0.25234782695770264,0.05307101458311081,-0.17826345562934875,0.22065880894660947,0.03254570811986923,0.016779793426394463,0.15821455419063568,-0.2359009087085724,0.05294845625758171,-0.07145826518535614,0.05200415849685669,0.3345019221305847,-0.5349608659744263,0.4186918139457703,-0.4428517520427704,-0.6952085494995117,0.4887282848358154,0.3571779429912567,0.056146129965782166,-0.8626677989959716,-0.10116613656282424,0.3186712861061096,-0.485780656337738,0.1708026826381683,-0.10690871626138689,0.1902843713760376
0.24026036262512207,-0.10920248180627821,0.771031081676483,0.9465997815132141,-0.05126696079969406,-0.0559205450117588,-0.3133583068847656,-0.12885119020938873,0.39957946538925165,0.3024443387985229,0.25314024090766907,0.051828745752573006,-0.1784529089927673,0.22386398911476132,0.03194793313741684,0.013174369931221008,0.15544255077838895,-0.23600585758686063,0.05303476378321648,-0.07090219110250473,0.05205467343330383,0.33242475986480713,-0.535434901714325,0.4195463359355927,-0.4425588250160217,-0.6929190158843994,0.48599913716316223,0.3560912013053894,0.056792572140693665,-0.8635378479957581,-0.10482215881347656,0.31784865260124207,-0.4853874444961548,0.16806939244270325,-0.10917823016643524,0.1875745356082916
0.24079877138137817,-0.11001466959714888,0.7709878087043761,0.9473243951797485,-0.051208235323429115,-0.05621636286377906,-0.3111172616481781,-0.1301821321249008,0.39773377776145935,0.2985520958900452,0.2552793622016907,0.04964557662606239,-0.17840848863124847,0.22768634557724,0.031107898801565167,0.009004273451864718,0.1524914503097534,-0.23633937537670133,0.0530247874557972,-0.06987720727920532,0.05181686207652092,0.3304501473903656,-0.5345678925514221,0.4217246174812317,-0.4416764676570892,-0.6919702887535095,0.4834354519844055,0.3558192849159241,0.05749018117785454,-0.8644368648529053,-0.10962486267089844,0.3155382871627808,-0.4856325089931488,0.1661013662815094,-0.1114387959241867,0.18496716022491452
0.2414206713438034,-0.11090599000453948,0.7709246873855591,0.9481588006019592,-0.05115024745464325,-0.05654868111014366,-0.30851390957832336,-0.13210543990135193,0.3956558108329773,0.29352033138275146,0.25843417644500727,0.04652976989746094,-0.1778755486011505,0.23227863013744357,0.030182572081685063,0.003734649624675512,0.14930430054664612,-0.2368852347135544,0.05272740870714188,-0.06887627393007278,0.05143759399652481,0.3284444510936737,-0.5318860411643982,0.4247374832630157,-0.4400399923324585,-0.6922170519828796,0.48030722141265864,0.35653042793273926,0.058073285967111594,-0.8651241660118102,-0.11519958823919296,0.3120175302028656,-0.4864566326141357,0.16492196917533875,-0.11243029683828352,0.18356479704380035
0.24202622473239896,-0.11176727712154388,0.7708539366722107,0.9489831328392029,-0.051016297191381454,-0.056946348398923874,-0.3059175312519073,-0.13380591571331024,0.39336925745010376,0.2883175611495972,0.26156735420227045,0.04338457062840462,-0.1776084452867508,0.2371096760034561,0.029108554124832157,-0.0016759680584073067,0.14626431465148923,-0.23744672536849973,0.05237795412540436,-0.067588210105896,0.05091619119048119,0.3266305923461914,-0.5265544652938843,0.4283357858657837,-0.4376440942287445,-0.6939594745635985,0.47801029682159424,0.3579407334327698,0.05870777368545532,-0.8660889267921447,-0.12117382884025572,0.3078068196773529,-0.4875041544437408,0.1634790301322937,-0.1118522137403488,0.1832683235406876
0.24258942902088165,-0.11247038096189498,0.7707756161689758,0.9497908353805541,-0.05077558755874634,-0.05732724443078041,-0.3033689856529236,-0.13542434573173523,0.3908573985099792,0.28357002139091486,0.26439744234085083,0.04122433438897133,-0.17760901153087616,0.24161359667778012,0.027919191867113117,-0.007010472938418388,0.14373841881752014,-0.23813676834106445,0.05237270519137383,-0.06630215793848038,0.05037296563386917,0.32502567768096924,-0.5189830660820007,0.43192085623741144,-0.4353338181972504,-0.6974716782569885,0.4756677448749542,0.3587629497051239,0.05882376432418823,-0.8675540089607239,-0.12708821892738342,0.30342897772789,-0.48835375905036926,0.16303709149360657,-0.1102232113480568,0.1830638498067856
0.24311581254005432,-0.11307774484157562,0.7707192897796631,0.9505845308303832,-0.050480913370847695,-0.05769076943397521,-0.3008529245853424,-0.13692736625671387,0.3880340754985809,0.27894085645675654,0.267172247171402,0.03936338797211647,-0.17747509479522705,0.24604175984859464,0.026621127501130104,-0.012087839655578136,0.14128528535366058,-0.23881433904170987,0.05235016345977783,-0.06523101776838303,0.050005994737148285,0.3233202993869781,-0.5089649558067322,0.43529996275901794,-0.4335721135139465,-0.7024397850036621,0.47325822710990906,0.3593454957008362,0.05869392305612564,-0.8696548342704773,-0.13324832916259763,0.2991941273212433,-0.48889315128326416,0.16350072622299194,-0.10871534794569016,0.18202465772628784
0.2437024414539337,-0.11351561546325684,0.7706488370895386,0.9513375163078307,-0.05011546611785889,-0.05806636065244675,-0.2984520196914673,-0.1380273997783661,0.3850215077400208,0.27496030926704407,0.2698982059955597,0.03760248422622681,-0.1771376132965088,0.25014013051986694,0.025129869580268856,-0.01673297956585884,0.13935457170009613,-0.23996818065643313,0.05260879546403885,-0.06423968821763992,0.049924850463867194,0.3215411603450775,-0.4979385435581207,0.43792203068733215,-0.43311294913291926,-0.7086328864097595,0.471838653087616,0.359592080116272,0.057283207774162286,-0.8723590970039367,-0.1396472007036209,0.29512214660644526,-0.4890542924404144,0.1644180119037628,-0.10813954472541808,0.18059679865837097
0.24452124536037445,-0.11381046473979949,0.770554780960083,0.9520452618598938,-0.04970039427280425,-0.05852031707763672,-0.2961673438549042,-0.13859030604362488,0.38187018036842346,0.27121561765670776,0.27251994609832764,0.03573749959468841,-0.17735819518566132,0.2542322874069214,0.02342113107442856,-0.021039938554167747,0.1379055380821228,-0.24165029823780057,0.05325320363044738,-0.06326740235090256,0.05008181929588318,0.31963011622428894,-0.4864005744457245,0.4397050142288208,-0.43345862627029413,-0.7158883213996887,0.4694389402866364,0.35965535044670105,0.05522593855857849,-0.8761141896247863,-0.14575040340423584,0.28997117280960083,-0.4889019131660461,0.16734975576400757,-0.10807714611291884,0.17894132435321808
0.24557502567768097,-0.11402879655361176,0.7704393863677977,0.95269513130188,-0.04924534633755684,-0.05903655290603638,-0.2940434217453003,-0.13891679048538208,0.37879249453544617,0.2677230834960937,0.2758692502975464,0.03325784206390381,-0.17760084569454193,0.2582860589027405,0.021468382328748703,-0.02503757365047932,0.1370723992586136,-0.24375429749488833,0.05420125648379326,-0.06213599443435669,0.0503656379878521,0.31755125522613525,-0.47534143924713135,0.44075953960418707,-0.43388983607292175,-0.7236995100975037,0.4661315083503723,0.3591976463794708,0.053554169833660126,-0.880291223526001,-0.15123805403709412,0.2842215299606323,-0.4882685542106629,0.17300207912921903,-0.10780727118253708,0.17766419053077695
0.24676722288131717,-0.11436005681753159,0.7702752947807312,0.9533123373985289,-0.04882306978106499,-0.05963962525129318,-0.2919846773147583,-0.13942375779151917,0.3760404586791992,0.2645365297794342,0.28055205941200256,0.02969837747514248,-0.17776119709014893,0.26269206404685974,0.019420158118009567,-0.02879643067717552,0.13637995719909668,-0.24580328166484833,0.055476028472185135,-0.06116115301847458,0.050714682787656784,0.31534942984580994,-0.46558430790901184,0.44114774465560913,-0.43402159214019775,-0.7315357923507689,0.4620450735092163,0.35803747177124023,0.05252718552947044,-0.8846625089645386,-0.1565251052379608,0.27782690525054926,-0.48707726597785944,0.1802346557378769,-0.1075022667646408,0.17708055675029755
0.24794264137744904,-0.1148279160261154,0.7700867056846618,0.9538873434066771,-0.048401769250631325,-0.060308121144771576,-0.29003310203552246,-0.14045071601867676,0.37343022227287287,0.261351615190506,0.28664565086364746,0.024745697155594822,-0.1775791198015213,0.26717558503150934,0.017256082966923714,-0.03238264471292496,0.13603113591670987,-0.24793723225593567,0.057003941386938095,-0.06068267300724983,0.050807841122150414,0.3133021593093872,-0.4578693509101868,0.441039353609085,-0.4342883825302124,-0.7382626533508301,0.45823231339454645,0.3554970622062683,0.05168427154421806,-0.8892428278923034,-0.16123005747795105,0.27089738845825195,-0.4855745136737824,0.1890055388212204,-0.10654561966657639,0.17790822684764862
0.2491077333688736,-0.11541105806827544,0.7698976397514342,0.9544480443000792,-0.04798795282840729,-0.061054870486259454,-0.2880946099758148,-0.14197683334350583,0.37070316076278687,0.2574777603149414,0.2938995659351349,0.01890314556658268,-0.17699570953845975,0.2721368670463562,0.015029240399599075,-0.0360281839966774,0.13551576435565948,-0.25027778744697565,0.05878036469221115,-0.06070026382803917,0.05048104003071785,0.31155118346214294,-0.4524605870246887,0.4406200051307678,-0.4349210858345032,-0.7435809969902039,0.4538027346134186,0.3517831861972809,0.05122176557779312,-0.8940110802650452,-0.1653540730476379,0.2630561292171478,-0.48434272408485407,0.19910211861133573,-0.10557523369789124,0.17908965051174164
0.25021177530288696,-0.11601632088422777,0.7697240114212035,0.9549782872200013,-0.04754342138767242,-0.061821915209293365,-0.28624147176742554,-0.14338907599449155,0.3677472472190857,0.25297003984451294,0.30148983001708984,0.012435098178684711,-0.1765706092119217,0.27714478969573975,0.012734156101942062,-0.03950254246592522,0.13476385176181793,-0.2526088356971741,0.06066889315843582,-0.06078276038169861,0.049742411822080605,0.3100281953811645,-0.4495810270309448,0.4402913749217987,-0.43572971224784846,-0.7475230693817138,0.4461224675178528,0.34669628739356995,0.05277685448527336,-0.8989306092262269,-0.16880303621292114,0.2542828917503357,-0.4831483662128448,0.21133542060852048,-0.1047658547759056,0.1799371987581253
0.25137025117874146,-0.11658477038145064,0.7695550322532653,0.9554703831672668,-0.04703368619084358,-0.06252048909664154,-0.28452643752098083,-0.14476951956748962,0.36440443992614746,0.24811206758022308,0.3090111017227173,0.0059677273966372004,-0.17583775520324707,0.2818259000778198,0.010314763523638248,-0.042569328099489205,0.13396678864955902,-0.25480473041534424,0.0626973956823349,-0.0608411468565464,0.04866072162985802,0.3083236515522003,-0.44996631145477295,0.4406183958053589,-0.4369499087333679,-0.7501469850540161,0.4358221590518952,0.3411808013916016,0.056193076074123376,-0.9040129780769347,-0.1715840846300125,0.2448102980852127,-0.48191118240356445,0.22441494464874268,-0.10413147509098052,0.179753378033638
0.25269538164138794,-0.11710540950298308,0.7693969011306762,0.955951988697052,-0.046388063579797745,-0.06306954473257065,-0.28288888931274414,-0.14623287320137024,0.36041128635406494,0.242868646979332,0.31587275862693787,-0.0001536851195851341,-0.17463636398315427,0.2859582304954529,0.007485559210181235,-0.0457046702504158,0.13359253108501434,-0.2573307752609253,0.06451578438282013,-0.060874368995428085,0.047091830521821976,0.30613279342651367,-0.452846497297287,0.44210633635520935,-0.4391382336616516,-0.7519605755805969,0.42348435521125793,0.3342440128326416,0.06147044152021408,-0.9088323712348938,-0.1742687076330185,0.2355328053236008,-0.48054641485214233,0.236221045255661,-0.1035601943731308,0.17837180197238922
0.25428643822669983,-0.11758048832416534,0.7692267894744873,0.9564229249954224,-0.045625831931829446,-0.06344425678253174,-0.28133302927017206,-0.14767856895923615,0.3563873767852783,0.2385004162788391,0.3221699893474579,-0.00571835320442915,-0.173164963722229,0.2893676459789276,0.004166840575635433,-0.04921165108680725,0.13389906287193298,-0.26042139530181885,0.06613194942474365,-0.06105463206768036,0.04493968188762665,0.30374863743782043,-0.45731741189956665,0.4451448619365692,-0.441482812166214,-0.7536103129386902,0.4103583097457886,0.3264875113964081,0.06690885126590729,-0.912619411945343,-0.17742206156253815,0.2273143529891968,-0.4782325327396393,0.24455974996089933,-0.10340577363967896,0.17683786153793335
0.2561233639717102,-0.1180095449090004,0.7690265178680421,0.9568695425987245,-0.04483433067798615,-0.06385479867458344,-0.2798447906970978,-0.14850033819675443,0.35256877541542053,0.23550514876842496,0.32807511091232294,-0.011105967685580252,-0.1720864623785019,0.2926679253578186,0.0004846903029829264,-0.05279466137290001,0.13497264683246613,-0.2639442980289459,0.06781943887472153,-0.06122305616736412,0.04248780384659767,0.301973819732666,-0.46258485317230225,0.44918501377105713,-0.4429124295711517,-0.7556446194648743,0.3986504375934601,0.3189260959625244,0.06955159455537796,-0.9149317145347596,-0.18199245631694796,0.22014866769313807,-0.4749778807163239,0.24799123406410217,-0.10399539768695833,0.1764945536851883
0.2579689621925354,-0.11840717494487762,0.7688344717025757,0.9572629928588867,-0.044065576046705246,-0.06451693922281265,-0.2784661650657654,-0.14847761392593384,0.34923997521400446,0.23435381054878235,0.3342167139053345,-0.01648203283548355,-0.1715652048587799,0.2962377071380615,-0.003273518057540059,-0.05625926703214645,0.1368531584739685,-0.267686128616333,0.06986197829246521,-0.06134163960814476,0.03987573459744453,0.3012048304080963,-0.4659203290939331,0.4537389874458313,-0.44345512986183167,-0.7577391862869263,0.3937099575996399,0.3125302195549011,0.06829553097486496,-0.9158766865730285,-0.1884317845106125,0.21346296370029447,-0.4719322025775909,0.24648991227149963,-0.10454096645116806,0.17875772714614868
0.25956103205680847,-0.11878002434968948,0.7686484456062317,0.9576270580291747,-0.043397225439548485,-0.06539309769868851,-0.2771118283271789,-0.1481431275606155,0.3463236391544342,0.2338240146636963,0.34066790342330927,-0.021553754806518555,-0.17153471708297727,0.2997575104236603,-0.006600853055715561,-0.05973447486758232,0.13956134021282196,-0.2716902196407318,0.07189691811800003,-0.06199513003230095,0.03721417859196663,0.3009580969810486,-0.46522790193557734,0.4584465622901917,-0.44356369972229,-0.7598915100097656,0.3955637514591217,0.3070431053638458,0.06432568281888962,-0.9158426523208617,-0.1961444318294525,0.20615366101264956,-0.4698081314563751,0.24474468827247617,-0.10471443086862564,0.18292447924613953
0.26084721088409424,-0.11906565725803377,0.7683913707733153,0.9579620361328125,-0.04288610443472862,-0.06645924597978592,-0.27577653527259827,-0.14792400598526,0.3437414765357971,0.23290614783763883,0.34745052456855774,-0.0262578297406435,-0.17144528031349182,0.30379554629325867,-0.009341133758425713,-0.06291145831346512,0.1420183032751083,-0.27564916014671326,0.0739862620830536,-0.06329226493835449,0.03452733904123306,0.301123321056366,-0.4608221650123596,0.4637625813484192,-0.4441505670547485,-0.7626608610153198,0.403596967458725,0.3028596341609955,0.058700885623693466,-0.9150035977363585,-0.20463764667510984,0.19738037884235385,-0.46870690584182734,0.244694784283638,-0.1044505015015602,0.18825554847717285
0.2619036138057709,-0.11919482052326202,0.7681142687797545,0.958311378955841,-0.04250338301062584,-0.0675516277551651,-0.2743528485298157,-0.14759106934070587,0.3413912355899811,0.23164986073970795,0.35357311367988586,-0.03029225766658783,-0.17127931118011475,0.3080681562423706,-0.011497641913592815,-0.06542429327964783,0.1437186747789383,-0.2791047990322113,0.07616594433784483,-0.06492991000413895,0.03192530572414398,0.3013317584991455,-0.4540188610553741,0.4696713984012604,-0.445180058479309,-0.766243278980255,0.4168303906917572,0.29976770281791687,0.05212617665529251,-0.9139527678489683,-0.2139902412891388,0.18708576261997223,-0.4687584638595581,0.24632249772548676,-0.1039462760090828,0.1940762996673584
0.262708455324173,-0.11919862031936644,0.7678698897361755,0.9586921334266663,-0.04217331483960152,-0.06838986277580261,-0.2728619873523712,-0.14783555269241333,0.33913061022758484,0.2299156188964844,0.35844311118125916,-0.03311756253242493,-0.1710490733385086,0.3117988109588623,-0.013195241801440716,-0.0676085501909256,0.14423127472400665,-0.2814556658267975,0.07814455032348634,-0.06674499064683914,0.02938968874514103,0.30123805999755854,-0.4464558064937592,0.4756664335727692,-0.4461020231246948,-0.7705183029174804,0.4322575330734253,0.29687470197677607,0.04562390595674514,-0.912679612636566,-0.22295571863651276,0.1760561317205429,-0.4699250757694244,0.2478876560926437,-0.10416112095117568,0.19987107813358304
0.2633645832538605,-0.11922235786914824,0.7676766514778137,0.9590640664100648,-0.04184827208518982,-0.06888526678085327,-0.2714768648147583,-0.1484117954969406,0.3370089530944824,0.22793193161487577,0.3619101941585541,-0.03517545759677887,-0.17133997380733487,0.314870685338974,-0.014547617174685,-0.06947939097881317,0.14370720088481903,-0.28275421261787415,0.08010586351156233,-0.06827832758426666,0.02707555703818798,0.30092012882232666,-0.4395667016506195,0.4812874794006348,-0.4467227756977081,-0.7751420140266417,0.4468483626842498,0.2940293848514557,0.041014816612005234,-0.9113029241561889,-0.23046997189521787,0.1650179028511047,-0.47135210037231445,0.24831378459930417,-0.1061069369316101,0.2045050710439682
0.2639064192771912,-0.11930932104587554,0.7675755023956298,0.9594311118125917,-0.0414930172264576,-0.06894788891077042,-0.2702156603336334,-0.14936131238937375,0.3348297774791717,0.22550314664840695,0.36328440904617304,-0.036007679998874664,-0.17170962691307068,0.3168151676654816,-0.015594525262713432,-0.07096131891012192,0.14254848659038544,-0.28294700384140015,0.08170179277658463,-0.06950555741786957,0.025085721164941788,0.300253301858902,-0.43405732512474066,0.48629188537597656,-0.44710028171539307,-0.7788182497024536,0.4597963392734528,0.2916610836982727,0.03901522606611252,-0.9096927046775818,-0.23623055219650269,0.15463724732398987,-0.47267425060272217,0.24861109256744385,-0.10965806245803832,0.20759347081184387
0.2643309235572815,-0.11938971281051636,0.7675842642784119,0.9597914218902589,-0.041048679500818246,-0.06849183142185211,-0.2691176533699036,-0.1509733945131302,0.33261707425117487,0.22281177341938016,0.3633025884628296,-0.035809874534606934,-0.1716909408569336,0.3168693780899048,-0.01649295724928379,-0.07219718396663666,0.1411551684141159,-0.2823933959007263,0.08319637924432753,-0.0695987269282341,0.02334792353212833,0.2993413805961609,-0.4300940632820129,0.4912687540054321,-0.44751915335655207,-0.7815712094306947,0.4691770672798157,0.2887051999568939,0.041662171483039856,-0.9076495766639708,-0.24049729108810425,0.14435602724552155,-0.472900927066803,0.24973371624946597,-0.11489134281873704,0.20832125842571256
0.26460015773773193,-0.11927760392427444,0.7676613330841064,0.9601275324821472,-0.040707360953092575,-0.0675804391503334,-0.2681993842124939,-0.15341222286224365,0.3308279514312744,0.22027747333049771,0.36241269111633295,-0.034949708729982376,-0.17152318358421323,0.31538933515548706,-0.016947556287050247,-0.0735434666275978,0.1397695243358612,-0.2815122902393341,0.084150530397892,-0.0688474178314209,0.021987702697515488,0.2985227704048157,-0.4269439280033112,0.4967573285102844,-0.4476500451564789,-0.7837573289871216,0.4760652482509613,0.28611701726913447,0.045618295669555664,-0.9055908918380736,-0.24311000108718872,0.1346926391124725,-0.47169071435928334,0.2547162473201752,-0.12048333138227461,0.2062989175319672
0.2645168900489807,-0.11901143938302992,0.7677292227745056,0.9604082107543944,-0.040589220821857445,-0.06643350422382355,-0.2674979567527771,-0.15675432980060575,0.32981643080711365,0.21814103424549103,0.36144009232521057,-0.03379399701952934,-0.17130978405475616,0.31300932168960566,-0.01693296805024147,-0.07493145763874054,0.13852880895137787,-0.28067249059677124,0.08462665975093842,-0.0674969032406807,0.020930064842104912,0.2982469201087952,-0.422507107257843,0.5031635165214539,-0.4473794996738434,-0.7859220504760742,0.4813019633293152,0.284341961145401,0.04919734597206116,-0.9033869504928589,-0.24518083035945887,0.12686829268932343,-0.46925446391105646,0.26104891300201416,-0.12566617131233215,0.20230379700660703
0.264033317565918,-0.11865876615047453,0.7677182555198668,0.9606245160102845,-0.04073628410696983,-0.06519871950149536,-0.26700231432914734,-0.160700261592865,0.32979193329811096,0.21657578647136688,0.36097770929336553,-0.03238465264439583,-0.17106787860393524,0.31032267212867737,-0.016473324969410896,-0.07615762948989868,0.13771480321884155,-0.28014203906059265,0.0845864787697792,-0.06598393619060516,0.01987762190401554,0.29876625537872314,-0.4160504043102264,0.5104773044586182,-0.4464023113250733,-0.7888951301574707,0.4891969561576843,0.283521831035614,0.04933245852589607,-0.9009202718734739,-0.247582882642746,0.12054233253002165,-0.46616989374160767,0.2652934789657593,-0.13011065125465393,0.19837686419487
0.26331067085266113,-0.11835545301437377,0.7676462531089783,0.9607712626457214,-0.04112088307738304,-0.06415456533432007,-0.2666679918766022,-0.16465669870376587,0.3305512070655823,0.2153698205947876,0.36137586832046503,-0.031297072768211365,-0.17117512226104736,0.3078462481498718,-0.015677437186241146,-0.0774243026971817,0.13771302998065948,-0.28001174330711365,0.08428936451673508,-0.0644632875919342,0.018572051078081128,0.3004523813724518,-0.40771254897117615,0.518376350402832,-0.44434902071952814,-0.792405366897583,0.5003082156181335,0.2835228443145752,0.0451701357960701,-0.8973106145858765,-0.2506732642650604,0.11511126905679701,-0.4641294777393341,0.2652598023414612,-0.13298334181308746,0.1964721232652664
0.26244333386421204,-0.11806759238243104,0.7675565481185913,0.9608638882637026,-0.04181818664073944,-0.06320066004991531,-0.2664533257484436,-0.16887468099594116,0.3322742283344269,0.21417677402496335,0.3626072108745575,-0.030214672908186913,-0.17186239361763,0.3051016330718994,-0.014204408973455427,-0.07861685007810593,0.13838791847229004,-0.27977830171585083,0.08387237042188643,-0.06312038749456406,0.01736137643456459,0.3031092584133148,-0.3970136642456055,0.5269293189048767,-0.4404405653476715,-0.796765387058258,0.514610230922699,0.2843354642391205,0.03780674189329147,-0.8925107717514038,-0.2536306083202362,0.10900455713272093,-0.4640001058578491,0.26223161816596985,-0.1346416026353836,0.19710244238376615
0.26151779294013977,-0.11773613095283508,0.7674543857574464,0.9609037041664125,-0.04285854846239089,-0.062258437275886536,-0.26636648178100586,-0.17308728396892548,0.3348964750766754,0.21266311407089236,0.3641895651817322,-0.02953949384391308,-0.17335151135921478,0.3019295334815979,-0.01183398813009262,-0.07964266836643219,0.1396866738796234,-0.27954402565956116,0.08317500352859497,-0.062224775552749634,0.016338001936674118,0.3066910803318024,-0.38291996717453,0.5363654494285583,-0.4339437782764434,-0.8022507429122925,0.5297417640686035,0.2862860858440399,0.02781710959970951,-0.8869830965995789,-0.25569483637809753,0.10162562131881712,-0.4663939476013184,0.2583054006099701,-0.13557128608226776,0.199407622218132
0.2605116665363312,-0.11724762618541716,0.7673798799514769,0.9609422087669373,-0.04411411285400391,-0.0612257681787014,-0.266262024641037,-0.17782820761203763,0.33780410885810846,0.2106536775827408,0.36533790826797485,-0.029191410169005397,-0.1753685176372528,0.29829511046409607,-0.008587026968598364,-0.08027757704257965,0.14108507335186005,-0.27895110845565796,0.08202647417783737,-0.06183471903204918,0.015358377248048782,0.31089845299720764,-0.3654422163963318,0.5455283522605896,-0.42518723011016846,-0.8084734082221984,0.5431569814682007,0.28953307867050165,0.01843764446675777,-0.8813537955284119,-0.2560425400733948,0.09333543479442595,-0.4709306955337525,0.2576189935207367,-0.13571904599666595,0.20264236629009247
0.2595493197441101,-0.1166212186217308,0.7674161195755005,0.9610342383384703,-0.04518282413482665,-0.0600598119199276,-0.26601600646972656,-0.18270765244960785,0.3399687111377716,0.20852276682853696,0.3651869297027588,-0.02835850976407528,-0.17693817615509033,0.29443198442459106,-0.00532032735645771,-0.08039833605289459,0.1419212818145752,-0.277375191450119,0.08069192618131636,-0.06149113550782204,0.013843846507370472,0.31499889492988586,-0.3463016152381897,0.5530794858932495,-0.41642871499061584,-0.8150976300239563,0.5515083074569702,0.2927856147289276,0.012557680718600748,-0.876030445098877,-0.25471684336662287,0.08479957282543182,-0.47616660594940186,0.2613095343112945,-0.13525255024433136,0.20619699358940125
0.2587686479091644,-0.11592623591423035,0.7675713300704957,0.9611558318138121,-0.04588591679930687,-0.05878537893295288,-0.26574084162712097,-0.18717060983181,0.3409943282604217,0.20645686984062195,0.36365854740142817,-0.02692503482103348,-0.1779859364032745,0.29077896475791926,-0.0026337883900851007,-0.0799100622534752,0.14130441844463348,-0.2745108902454376,0.07930437475442886,-0.06109102070331573,0.011849661357700825,0.31839108467102045,-0.32792413234710693,0.5581933856010437,-0.4092783033847809,-0.8210669159889221,0.5544182658195496,0.2954108119010925,0.010872595012187956,-0.8716720938682557,-0.2525654137134552,0.07780373096466064,-0.47980430722236633,0.2671802043914795,-0.1341532915830612,0.20986263453960416
0.25819072127342224,-0.11517783999443054,0.7677920460700989,0.9612614512443542,-0.04627510905265808,-0.0575033500790596,-0.2655717432498932,-0.1908966898918152,0.34114232659339905,0.2046605497598648,0.36180147528648376,-0.025212669745087624,-0.1788238286972046,0.2875118851661682,-0.0007807037327438594,-0.07871554046869278,0.13930916786193848,-0.2707512378692627,0.07816409319639206,-0.06037382781505585,0.009772363118827345,0.32066959142684937,-0.3129376471042633,0.5610967874526978,-0.404544472694397,-0.8253895044326782,0.5532525181770325,0.29733821749687195,0.011773915961384772,-0.8683957457542419,-0.2506641149520874,0.07321339100599289,-0.48053619265556335,0.27204445004463196,-0.13368351757526395,0.21393804252147677
0.2578158378601074,-0.11441999673843384,0.7679876685142517,0.961324155330658,-0.04645412042737007,-0.0563138984143734,-0.2655684351921081,-0.19401732087135315,0.3409118950366974,0.20348593592643735,0.3605065047740936,-0.024002114310860637,-0.1795545071363449,0.28474822640419006,0.00016213231720030308,-0.07761001586914062,0.13696163892745972,-0.2671685516834259,0.07772476226091386,-0.05958639457821847,0.007917209528386593,0.32133206725120544,-0.3031218349933624,0.5623398423194885,-0.4025444090366364,-0.8272547125816345,0.5498372316360474,0.29819425940513605,0.012960604391992092,-0.8670338392257689,-0.24956718087196353,0.07132985442876816,-0.478275328874588,0.2740779221057892,-0.13430756330490112,0.21791274845600128
0.2576139867305756,-0.1136818751692772,0.7680840492248534,0.9613595604896544,-0.04647908732295036,-0.05525416880846024,-0.26565858721733093,-0.19686484336853027,0.34051504731178284,0.20308758318424225,0.3604121804237366,-0.02381444349884987,-0.17996828258037567,0.28256428241729736,0.00021990714594721797,-0.07671581953763962,0.13501673936843872,-0.26458895206451416,0.07807426899671553,-0.05883070454001427,0.006361481733620167,0.3203839361667633,-0.29822975397109985,0.5625708699226379,-0.4033945798873901,-0.8267191052436829,0.5473483800888062,0.29892677068710327,0.012704690918326376,-0.8673767447471618,-0.249238595366478,0.07118163257837296,-0.47428330779075617,0.27289760112762446,-0.13556480407714844,0.2212714850902557
0.25753486156463623,-0.11293744295835496,0.7680869102478027,0.961343765258789,-0.04637384414672852,-0.05424683168530464,-0.2659413814544678,-0.1993407607078552,0.3400107026100158,0.20359811186790464,0.36139386892318726,-0.025007266551256176,-0.1796434372663498,0.2802911400794983,-0.0004912309814244509,-0.07551139593124388,0.13389976322650907,-0.2629587948322296,0.07912130653858186,-0.05808167532086372,0.0050574098713696,0.31794819235801697,-0.29717934131622314,0.5619440674781799,-0.4069090187549591,-0.8239422440528869,0.5458053946495056,0.2991968691349029,0.011468013748526571,-0.8696653246879578,-0.24934934079647064,0.07199516892433168,-0.4692081809043884,0.26856404542922974,-0.13793030381202695,0.22337737679481504
0.25777831673622126,-0.11225178837776184,0.7680263519287108,0.9612967967987059,-0.04614344239234924,-0.05324298143386841,-0.2663540244102478,-0.20172573626041407,0.3392601609230041,0.20481474697589877,0.36363932490348816,-0.02742273919284344,-0.17824429273605347,0.2780044078826904,-0.001934871426783502,-0.07410264015197755,0.1335485726594925,-0.261985182762146,0.08043126016855238,-0.05729034543037415,0.003927172627300024,0.3147426247596741,-0.29914572834968567,0.5601811408996582,-0.4121665358543396,-0.8197970986366272,0.5427535176277161,0.29793572425842285,0.010314163751900196,-0.8740503191947938,-0.2499159723520279,0.0728389024734497,-0.46334737539291376,0.2635895013809204,-0.14147789776325223,0.22411966323852536
0.2583920359611511,-0.11162568628787994,0.767989993095398,0.9612128734588624,-0.045747168362140656,-0.05235612392425537,-0.2669005393981933,-0.20391400158405304,0.3378712236881256,0.20631657540798187,0.3669045269489288,-0.03087889961898327,-0.17533457279205322,0.27570486068725586,-0.004208450205624104,-0.07256428897380829,0.1339784860610962,-0.2613197863101959,0.08190540224313736,-0.056416094303131104,0.0028394013643264766,0.3113113045692444,-0.30331405997276306,0.5574845671653748,-0.41870877146720886,-0.8141093254089355,0.5381943583488464,0.2953360974788666,0.010795171372592447,-0.879596173763275,-0.2511855661869049,0.07395436614751814,-0.4572639465332031,0.26077789068222046,-0.14432938396930695,0.22327372431755063
0.25951969623565674,-0.11104983836412428,0.7679964303970338,0.9611352682113647,-0.045177053660154336,-0.05151200294494629,-0.2674406468868256,-0.20640829205513,0.3357749879360199,0.20772661268711087,0.37081152200698847,-0.03421423584222793,-0.17144040763378143,0.2735072076320648,-0.007039660587906837,-0.07045187056064606,0.13467766344547272,-0.26059243083000183,0.08352121710777281,-0.05544479936361313,0.0018863641889765856,0.3078707754611969,-0.3092416524887085,0.5536887645721436,-0.4260477721691132,-0.8077150583267213,0.531523585319519,0.2922651469707489,0.013341058045625687,-0.8855311274528502,-0.253399133682251,0.07559978961944579,-0.4513162672519684,0.26086676120758057,-0.14679948985576627,0.22027917206287384
0.2610576450824737,-0.11052712798118591,0.7680324912071229,0.9610711336135864,-0.0444442294538021,-0.05080186575651169,-0.26792919635772705,-0.2086540907621384,0.3330480754375458,0.20919387042522433,0.37513512372970576,-0.0370705984532833,-0.16712221503257751,0.271554559469223,-0.010521228425204752,-0.06819523125886917,0.13598741590976715,-0.2600957453250885,0.08553209155797958,-0.054105497896671295,0.0010398259619250891,0.30477169156074524,-0.31677690148353577,0.5486254096031189,-0.4344127774238586,-0.801215887069702,0.5238048434257507,0.2889663279056549,0.016703471541404724,-0.8915871977806091,-0.2573591470718384,0.07817995548248291,-0.4455993473529816,0.263689249753952,-0.14808738231658936,0.21526071429252625
0.26283261179924006,-0.11014412343502045,0.7680575847625731,0.961056113243103,-0.04361787810921669,-0.050362393260002136,-0.2682020366191864,-0.21032994985580444,0.3295771777629852,0.2105354964733124,0.37967920303344727,-0.039819806814193726,-0.163479745388031,0.27018627524375916,-0.014615085907280443,-0.06647858023643494,0.13783854246139526,-0.26023757457733154,0.08795955777168275,-0.052617017179727554,0.000152472362970002,0.30234837532043457,-0.3241249918937683,0.5423302054405212,-0.4430327713489533,-0.7958006262779235,0.5172662138938904,0.28502586483955383,0.019163059070706367,-0.8967305421829223,-0.263238787651062,0.08201536536216736,-0.44013759493827814,0.26705142855644226,-0.14799976348876953,0.21100303530693051
0.2647439837455749,-0.10968227684497832,0.7680787444114685,0.9610796570777891,-0.04272501915693283,-0.05026480183005333,-0.2682797312736511,-0.2104928195476532,0.3253626823425293,0.21220450103282928,0.38435059785842896,-0.04295539855957031,-0.16152098774909973,0.26925191283226013,-0.019425593316555023,-0.065536268055439,0.14119713008403778,-0.2613461911678314,0.09129316359758376,-0.051015693694353104,-0.0010691027855500579,0.30064901709556574,-0.3292681276798248,0.5350024700164795,-0.4515712857246399,-0.7924580574035645,0.5146646499633789,0.2796963453292846,0.020762175321578976,-0.8997075557708739,-0.2708006501197815,0.0869934856891632,-0.4356825649738312,0.2682863175868988,-0.1471470147371292,0.20892852544784543
0.2664948105812073,-0.1092698946595192,0.7681256532669067,0.9611296653747559,-0.04181438311934471,-0.05048931390047073,-0.26820176839828486,-0.2094763815402985,0.3211716115474701,0.2146264016628265,0.3896819055080414,-0.04702724143862724,-0.16035866737365723,0.26880183815956116,-0.02421042323112488,-0.06428579241037369,0.14677415788173676,-0.263715535402298,0.09565462172031401,-0.04961573705077171,-0.0027105710469186306,0.299433708190918,-0.3305684328079224,0.5266004204750061,-0.4576535820960999,-0.7907058596611024,0.5141062140464783,0.272314727306366,0.02469531260430813,-0.8997732400894165,-0.27887457609176636,0.09221402555704115,-0.43256810307502747,0.2670479416847229,-0.145424947142601,0.20899698138237
