-0.008096695877611637,0.001052017556503415,0.7849342226982116,0.9999942779541016,0.00241568055935204,-0.002223639516159892,0.0008133248775266112,0.022495942190289497,0.02273782342672348,0.09424082189798355,0.14754195511341095,-0.16714821755886075,-0.03855080902576447,0.07488836348056793,-0.05723460391163825,-0.34092092514038086,0.12036836892366408,-0.1970931142568588,0.05064354464411736,-0.030715011060237885,-0.038390740752220154,0.11874845623970032,-0.061050649732351296,0.31115287542343134,-0.470888465642929,1.2506413459777832,0.09664636850357056,-0.01565566286444664,0.17392057180404663,-0.031222375109791756,-0.28846150636672974,0.7208998203277587,1.0324894189834595,-0.13790105283260343,0.02777057886123657,-0.06734588742256165
-0.00872615072876215,0.0015437779948115349,0.7849623560905457,0.999995708465576,0.0021708570420742035,-0.0019546356052160263,0.00018902070587500927,0.02072140574455261,0.02330797165632248,0.09609520435333253,0.1475010961294174,-0.16820991039276123,-0.037761449813842766,0.0733640193939209,-0.05754850059747696,-0.3398645222187042,0.12104560434818268,-0.1957046538591385,0.05228634923696518,-0.03161875903606415,-0.03927585482597351,0.11853928118944168,-0.057566486299037926,0.3102062940597534,-0.46185633540153503,1.2515745162963867,0.0930086150765419,-0.015818161889910694,0.17259418964385986,-0.02503968775272369,-0.2868991792201996,0.7108569145202637,1.0329012870788574,-0.13433076441287994,0.02795182168483734,-0.06896444410085678
-0.009305608458817005,0.0020951835904270406,0.7848595380783081,0.9999967217445372,0.0018720031948760152,-0.0017023354303091764,-0.00042585504706949,0.01902318932116032,0.02324070036411285,0.09710241109132767,0.14772869646549225,-0.1689389944076538,-0.03619233891367912,0.07179509103298187,-0.05805136263370514,-0.33882319927215576,0.12201346457004549,-0.19475242495536804,0.05337925627827644,-0.03404796123504639,-0.04012241214513779,0.11876740306615828,-0.05305480957031249,0.3080075681209564,-0.4485589861869812,1.253201603889465,0.0900733172893524,-0.017606554552912712,0.17227241396903992,-0.018357718363404277,-0.28340649604797363,0.6960540413856505,1.0342016220092771,-0.1263047158718109,0.02843195013701916,-0.07176003605127335
-0.009812125004827976,0.002825526520609856,0.7847809195518493,0.9999969601631165,0.0014839171199128032,-0.0013817022554576397,-0.0014249522937461732,0.01756224036216736,0.02320463396608829,0.09842190146446227,0.1474657654762268,-0.16984765231609344,-0.03426343575119972,0.06965182721614838,-0.05844465270638466,-0.33711820840835566,0.123068206012249,-0.19368509948253632,0.0539625771343708,-0.03721296042203903,-0.04098111018538475,0.11851028352975844,-0.0478842407464981,0.30478256940841675,-0.4349958300590515,1.2554079294204712,0.08546618372201918,-0.018458930775523186,0.1734321415424347,-0.010719410143792628,-0.27815824747085566,0.6790534257888794,1.035973310470581,-0.11734507232904434,0.027818895876407623,-0.07490639388561247
-0.010234521701931952,0.0036359247751533994,0.7847423553466797,0.999995231628418,0.0010725408792495728,-0.0010194592177867887,-0.0027077256236225367,0.016509413719177246,0.0233438853174448,0.1004773825407028,0.14670336246490479,-0.17063565552234647,-0.03244110569357872,0.06727831065654755,-0.05860726162791252,-0.33416664600372314,0.124008409678936,-0.19271276891231537,0.05424965173006058,-0.04077460616827011,-0.04172384738922119,0.11810133606195448,-0.04424493014812469,0.3012116253376007,-0.42636987566947937,1.2576746940612793,0.07993562519550323,-0.018799403682351112,0.17519934475421903,-0.002932992298156023,-0.27191877365112305,0.6624951362609863,1.0379519462585447,-0.10841769725084303,0.026460675522685047,-0.07732927799224852
-0.010625340044498444,0.004603591281920672,0.7847496867179871,0.9999908208847044,0.0006610531127080321,-0.0006601674831472337,-0.004175935871899128,0.015832945704460144,0.023397853597998616,0.1027781143784523,0.14570505917072296,-0.17122133076190948,-0.030716029927134517,0.06513838469982147,-0.05869571864604949,-0.3308926820755005,0.12454361468553544,-0.19169916212558744,0.05455784872174263,-0.045227013528347015,-0.04241077974438667,0.11783666163682936,-0.042069006711244576,0.29798874258995056,-0.4240644872188568,1.259073495864868,0.07581819593906401,-0.019269585609436035,0.17595548927783966,0.005247854162007569,-0.26485323905944824,0.6456456184387207,1.0404701232910156,-0.10018913447856904,0.02513923123478889,-0.07932646572589874
-0.010983402840793133,0.005594130139797926,0.7848215699195863,0.9999836087226868,0.0002551178331486881,-0.00034057468292303383,-0.0057121594436466685,0.015105047263205051,0.023323968052864075,0.10499896854162216,0.1448560357093811,-0.17174459993839264,-0.02916948869824409,0.06308979541063309,-0.05874205008149147,-0.3278557658195496,0.12458942830562592,-0.1904915422201157,0.054911352694034576,-0.05016295984387398,-0.042874228209257126,0.11792148649692535,-0.04164884984493256,0.29590785503387446,-0.42849475145339966,1.258641481399536,0.07591988146305084,-0.02047084830701351,0.17562247812747955,0.013080175034701824,-0.2576294243335724,0.628633975982666,1.044090151786804,-0.09194174408912657,0.023334665223956108,-0.08100058883428572
-0.011338485404849052,0.006557999644428492,0.784891366958618,0.9999740719795229,-0.00014486306463368237,-7.368490332737565e-05,-0.0071980515494942665,0.01435017492622137,0.02313699387013912,0.10726622492074966,0.14407843351364136,-0.17211778461933136,-0.02811102382838726,0.06129364296793938,-0.058868281543254845,-0.3248313069343567,0.12427280843257904,-0.1890830248594284,0.05534399300813674,-0.055729765444993966,-0.043084513396024704,0.1183088645339012,-0.04279177263379097,0.29488104581832886,-0.44014802575111384,1.2564194202423096,0.07991761714220048,-0.02275545708835125,0.1741993278264999,0.020958082750439644,-0.2503177523612976,0.6104050874710083,1.0495080947875977,-0.08282611519098282,0.02121260203421116,-0.08226033300161362
-0.01179458387196064,0.007601480465382338,0.7849314212799072,0.9999634623527527,-0.0004985518753528594,3.43935789715033e-05,-0.008532129228115082,0.01391602959483862,0.022732144221663475,0.10954763740301132,0.14342030882835388,-0.1723991483449936,-0.027059327811002728,0.059893444180488586,-0.059382770210504525,-0.32224801182746887,0.1239992156624794,-0.18764521181583405,0.05576041340827942,-0.06147609278559685,-0.04310260340571404,0.11911892890930176,-0.04527898132801056,0.2945877015590668,-0.4566790461540222,1.2531853914260864,0.08611708134412764,-0.025773521512746807,0.17185138165950775,0.028501128777861595,-0.24334773421287537,0.591698169708252,1.056762456893921,-0.07182718813419342,0.01933339051902294,-0.08302609622478485
-0.012160178273916245,0.008577907457947731,0.7849370241165161,0.9999513030052184,-0.0007811227696947753,-1.275194972549798e-05,-0.00983565952628851,0.014176449738442896,0.022062068805098534,0.11173675209283827,0.1425161063671112,-0.17235819995403287,-0.02601023390889168,0.058649454265832894,-0.06034906953573226,-0.3203092813491821,0.12414386868476868,-0.18642805516719815,0.05607831478118896,-0.06670553237199783,-0.04284936934709549,0.120275542140007,-0.04894335940480232,0.2950651943683624,-0.4745795726776123,1.249741554260254,0.09300894290208817,-0.02855045162141323,0.1694188416004181,0.03477795422077179,-0.2379004955291748,0.5753369331359863,1.0643790960311887,-0.060734666883945465,0.018345555290579796,-0.08357361704111099
-0.012514281086623669,0.009568296372890472,0.7849228978157043,0.9999362230300904,-0.0009924070909619331,-0.00023406188120134172,-0.011241751722991467,0.015226955525577068,0.021260548382997513,0.1141522005200386,0.1414986550807953,-0.1720980405807495,-0.024903636425733566,0.05758260563015938,-0.06149466335773468,-0.31861740350723267,0.1248270198702812,-0.18548700213432312,0.056391146034002304,-0.07099658250808716,-0.04237750917673111,0.12191845476627348,-0.05350335687398911,0.2961806356906891,-0.490814745426178,1.2464025020599363,0.09895335137844083,-0.030496230348944664,0.16759787499904633,0.03967873752117157,-0.2347664833068848,0.5628851056098938,1.070940017700195,-0.051176801323890686,0.01801173761487007,-0.08409702777862547
-0.012872947379946709,0.01061631366610527,0.7849173545837401,0.9999172687530515,-0.001196974772028625,-0.0006146914092823863,-0.012790845707058907,0.016888625919818878,0.020452043041586876,0.11669110506772996,0.1406574547290802,-0.17176322638988495,-0.02383413165807724,0.056740906089544296,-0.06252988427877426,-0.3167229890823364,0.12580356001853943,-0.1848017126321793,0.05638284981250762,-0.07446777075529097,-0.04162563756108284,0.123739555478096,-0.05872661620378494,0.2979870140552521,-0.5051037669181824,1.2432072162628172,0.10384850949048996,-0.031773343682289124,0.16673211753368375,0.04313872382044792,-0.23395413160324097,0.5544130802154541,1.0763708353042603,-0.046549294143915176,0.018329152837395668,-0.08466377854347229
-0.013210989534854887,0.011607574298977852,0.7849153876304625,0.9998950362205504,-0.001370531739667058,-0.001115106395445764,-0.014380938373506067,0.018802857026457783,0.019622743129730225,0.11918909102678298,0.13998526334762573,-0.17122842371463776,-0.022626005113124847,0.056276895105838776,-0.0633610337972641,-0.31450724601745605,0.12663310766220093,-0.18406112492084503,0.0561603344976902,-0.07708969712257385,-0.040641773492097855,0.1255652904510498,-0.06402787566184998,0.2999509274959564,-0.5156686902046204,1.2401217222213743,0.10665848851203918,-0.032520994544029236,0.16679875552654266,0.044790118932724,-0.235099732875824,0.5498625636100769,1.0806367397308347,-0.0459912084043026,0.019124913960695263,-0.0848340094089508
-0.013538951054215431,0.012498039752244948,0.7849507331848145,0.9998679161071776,-0.0015462624141946435,-0.0016341912560164928,-0.016096951439976692,0.020659543573856357,0.0191409420222044,0.1222168281674385,0.13943339884281158,-0.17080864310264587,-0.02152823470532894,0.05585683137178421,-0.06392259150743484,-0.3118962049484253,0.12727370858192444,-0.1832732856273651,0.05593765154480934,-0.07872527837753296,-0.03936474770307541,0.12707431614398956,-0.06904786080121994,0.30205944180488586,-0.5235766172409058,1.2368831634521484,0.10847283899784088,-0.033014293760061264,0.1681658774614334,0.044825416058301926,-0.23776941001415247,0.5486360192298889,1.0833680629730225,-0.04885312542319298,0.01994216628372669,-0.08476033061742783
-0.013852762058377264,0.013294543139636517,0.7850084900856018,0.9998366832733153,-0.0016718384576961398,-0.002236129716038704,-0.017856204882264137,0.022733107209205627,0.018718838691711422,0.12541191279888153,0.13900689780712128,-0.17063817381858823,-0.02045034058392048,0.05575711652636528,-0.06452935189008713,-0.3091568052768707,0.12771032750606537,-0.18259422481060028,0.05586878955364227,-0.07957489043474197,-0.037934288382530205,0.12856236100196838,-0.07354989647865294,0.3041742444038391,-0.5296748280525208,1.233498454093933,0.11003721505403519,-0.033580273389816284,0.17006534337997437,0.043214276432991035,-0.2415875196456909,0.5501212477684021,1.0847278833389282,-0.05349678546190262,0.020290980115532875,-0.08481252193450926
-0.014143872074782848,0.014056332409381866,0.7850655913352966,0.999801993370056,-0.0017351991264149547,-0.0029220066498965025,-0.01961083523929119,0.024995220825076103,0.01813049986958504,0.1284085214138031,0.13854385912418363,-0.1708722859621048,-0.01961186900734901,0.055936891585588455,-0.06522683799266815,-0.30644166469573975,0.12800332903862,-0.182125061750412,0.0558939203619957,-0.07980819046497345,-0.03653140738606453,0.1301639229059219,-0.07739178836345673,0.3064324259757996,-0.5345787405967712,1.2301514148712158,0.11154210567474364,-0.03442305326461792,0.17227117717266083,0.040303003042936325,-0.2461585104465485,0.5534055233001709,1.0847302675247192,-0.0580512173473835,0.020497921854257584,-0.08544977754354478
-0.014397360384464264,0.014749977737665176,0.7851052880287169,0.9997644424438477,-0.00178947311360389,-0.0036118917632848016,-0.021328479051589962,0.02708414010703564,0.017647188156843185,0.13125836849212646,0.13812509179115295,-0.1714317947626114,-0.019142605364322662,0.05620009824633598,-0.06566619127988815,-0.30350297689437866,0.12818975746631622,-0.18190650641918185,0.05601700395345688,-0.07947371900081633,-0.03515400364995003,0.1316637545824051,-0.0806697830557823,0.30870682001113886,-0.5382260680198668,1.2274788618087769,0.11228445917367937,-0.03501081466674805,0.17400069534778595,0.03635687381029129,-0.25097063183784485,0.557766318321228,1.0834074020385742,-0.061197515577077866,0.02027494646608829,-0.08648986369371414
-0.014591813087463377,0.015328592620790005,0.7851234674453734,0.9997255206108093,-0.0018351770704612132,-0.004280479159206152,-0.02296028845012188,0.029093116521835327,0.017308255657553673,0.1341394335031509,0.13775090873241425,-0.17215675115585327,-0.018741408362984657,0.05647973343729973,-0.06593935191631317,-0.3008723258972168,0.12831467390060425,-0.1818057745695114,0.05614200234413146,-0.0784669816493988,-0.03388942778110504,0.13311696052551267,-0.08298020809888838,0.3110167384147644,-0.5404363870620728,1.2259652614593504,0.11205881088972092,-0.03539087623357773,0.17532604932785034,0.03171517699956894,-0.25562506914138794,0.5634862780570984,1.0812811851501465,-0.06438927352428436,0.01999634876847267,-0.08778326958417891
-0.014703975059092045,0.01578226312994957,0.785094976425171,0.9996879696846008,-0.0018837401876226068,-0.004852231591939926,-0.02443321980535984,0.031006373465061188,0.017291324213147163,0.1371953934431076,0.13728635013103485,-0.1727377474308014,-0.018532857298851013,0.05680597946047783,-0.06608498841524124,-0.2987181544303894,0.12825974822044373,-0.1817607283592224,0.056613251566886895,-0.07689150422811507,-0.032733749598264694,0.13420891761779785,-0.08418928831815718,0.3132047653198242,-0.5416958928108215,1.2254726886749268,0.11040998250246048,-0.034970805048942566,0.1755492389202118,0.026524925604462624,-0.25989091396331787,0.5700181126594543,1.078477382659912,-0.06748464703559875,0.01973997801542282,-0.08934536576271057
-0.014771945774555206,0.016074413433670998,0.7850512862205505,0.999657392501831,-0.0018941368907690048,-0.005255531519651413,-0.025572184473276135,0.032508205622434616,0.017348388209939003,0.13954196870326996,0.13659971952438354,-0.17316840589046478,-0.018466444686055183,0.05715715512633324,-0.0662294253706932,-0.2971891760826111,0.12814798951148987,-0.18183454871177676,0.05721369385719299,-0.07493332773447037,-0.03176639974117279,0.13477663695812225,-0.08443935215473175,0.3150966465473175,-0.5412619709968567,1.2259016036987305,0.1074020341038704,-0.033945098519325256,0.1747848242521286,0.021317699924111366,-0.26347291469573975,0.5773539543151855,1.0753173828125,-0.07088614255189896,0.019436797127127647,-0.09083633869886398
-0.01483994722366333,0.016193175688385963,0.7849926352500916,0.9996420741081236,-0.0018440206767991183,-0.005549084860831499,-0.026104988530278202,0.03349420055747032,0.017350606620311737,0.1406705230474472,0.13593707978725433,-0.1735047996044159,-0.01857488043606281,0.05787884816527367,-0.0664781853556633,-0.29667612910270685,0.12779198586940765,-0.18204148113727567,0.057828791439533234,-0.07293201237916945,-0.03115632757544517,0.13509932160377502,-0.08446816354990005,0.316936194896698,-0.5398695468902588,1.2271020412445068,0.10365279018878935,-0.03267417848110199,0.17360562086105347,0.01594345085322857,-0.2665280997753144,0.5848345160484314,1.0716943740844727,-0.07510070502758026,0.01927359774708748,-0.09257999807596207
-0.014891253784298897,0.016123710200190544,0.7849447131156921,0.9996428489685057,-0.0017728203674778342,-0.005816942546516657,-0.026023373007774356,0.034361377358436584,0.01741771586239338,0.14071115851402283,0.1352141797542572,-0.17382168769836423,-0.019117629155516624,0.0589715950191021,-0.06667528301477432,-0.2972111403942108,0.12744277715682983,-0.18239812552928925,0.05840616300702095,-0.07122112065553665,-0.030837316066026688,0.13542182743549347,-0.08466689288616179,0.31856638193130493,-0.5379907488822937,1.2283371686935425,0.09908836334943773,-0.03118330612778664,0.17238911986351013,0.010940873064100742,-0.2689754366874695,0.5920370817184448,1.068416118621826,-0.07808098196983337,0.019183451309800148,-0.09450481086969376
-0.014723112806677818,0.01578468084335327,0.7849178314208984,0.9996638894081117,-0.0016836457652971148,-0.006040292792022228,-0.025155777111649517,0.03486654534935951,0.017445283010601997,0.1392420381307602,0.13474677503108978,-0.1738414764404297,-0.019850948825478557,0.060512617230415344,-0.06680707633495331,-0.2990529239177704,0.12693150341510773,-0.18289385735988617,0.05905896425247192,-0.06992703676223755,-0.03072809427976608,0.1357426941394806,-0.08589033782482147,0.319965124130249,-0.537212073802948,1.229434847831726,0.09494207054376602,-0.0298045352101326,0.1714780479669571,0.006415368523448706,-0.2706981301307678,0.5988634824752808,1.066478967666626,-0.07823453843593597,0.019032545387744904,-0.09612634032964705
-0.014693242497742176,0.015429278835654259,0.7849025726318358,0.9997055530548096,-0.0015782134141772983,-0.0062072346918284884,-0.023406285792589188,0.03487095236778259,0.017379282042384148,0.13609495759010315,0.13475526869297028,-0.17354871332645416,-0.020563792437314987,0.06240713968873024,-0.06687633693218231,-0.30227273702621454,0.12630008161067963,-0.1835279166698456,0.05943942070007324,-0.06904440373182297,-0.030893709510564804,0.13608895242214203,-0.0884844958782196,0.3210639357566833,-0.5380346179008484,1.2298963069915771,0.09135542064905167,-0.028590092435479164,0.17080971598625183,0.002845085691660642,-0.271526038646698,0.6057581305503845,1.0659263134002683,-0.07691654562950134,0.018619194626808167,-0.09703481197357176
-0.014658260159194468,0.014934057369828224,0.7849195003509521,0.9997612237930298,-0.0014605300966650248,-0.006293226033449173,-0.02087550051510334,0.034047771245241165,0.017283473163843155,0.13128423690795898,0.13535445928573608,-0.1729925125837326,-0.021285871043801308,0.06457782536745071,-0.06682851910591125,-0.3066210448741913,0.12554599344730377,-0.1841373145580292,0.05952000245451927,-0.0680973082780838,-0.03132700175046921,0.1363392174243927,-0.09243538975715636,0.3218054473400116,-0.5406984090805054,1.2300778627395628,0.08907458931207658,-0.0275530107319355,0.16979812085628507,0.00026817055186256766,-0.27138885855674744,0.6134674549102783,1.0664031505584717,-0.07403639703989029,0.017490016296505928,-0.09699172526597977
-0.014645162038505076,0.014269147999584675,0.7849749326705933,0.9998246431350707,-0.0012962467735633254,-0.006395920645445584,-0.017552969977259636,0.032667502760887146,0.017026223242282867,0.12467633932828905,0.13647666573524475,-0.1721573770046234,-0.022108048200607296,0.06695768982172012,-0.06680664420127869,-0.3123186528682709,0.124920055270195,-0.18487897515296936,0.05929119884967804,-0.06713160872459412,-0.03204386681318283,0.1366107314825058,-0.09763218462467192,0.3221909701824188,-0.5456146597862244,1.2301834821701048,0.08850421756505966,-0.027017395943403244,0.16778056323528287,-0.001626872457563877,-0.2704015374183655,0.6218995451927185,1.067887544631958,-0.06985478848218918,0.016037682071328163,-0.09598907828330992
-0.014646308496594427,0.013470562174916267,0.785049796104431,0.9998865723609923,-0.0010899899061769247,-0.006503862328827381,-0.01354204025119543,0.03053893521428108,0.016612868756055832,0.11666344851255415,0.1382596045732498,-0.17108464241027832,-0.023035889491438866,0.0695943683385849,-0.06682916730642319,-0.31947031617164606,0.12448690831661224,-0.18599310517311096,0.05888668447732925,-0.06622336804866791,-0.03295498713850975,0.13703389465808868,-0.10444656759500504,0.3223568797111511,-0.5530734658241272,1.2302429676055908,0.08973987400531767,-0.026650015264749527,0.16483309864997864,-0.003796021454036236,-0.2688918113708496,0.6319849491119385,1.0705015659332275,-0.06411002576351166,0.01453124824911356,-0.09427884221076963
-0.014719313010573387,0.012621933594346046,0.785117506980896,0.9999359250068665,-0.0008576203836128116,-0.0066197547130286685,-0.009139473550021648,0.027666276320815086,0.015982115641236305,0.10785172879695892,0.14084109663963315,-0.17003554105758667,-0.023853614926338196,0.07229992002248765,-0.06697160005569458,-0.327494740486145,0.12414875626564024,-0.18758070468902588,0.05829385295510292,-0.06522931158542633,-0.033863361924886703,0.13783559203147888,-0.11290717124938963,0.3220739960670471,-0.5627713799476624,1.230070948600769,0.09029202163219455,-0.02649928815662861,0.16145023703575134,-0.007002624683082104,-0.26743054389953613,0.6445956230163574,1.0736117362976074,-0.05732636898756027,0.012824064120650291,-0.0916757732629776
-0.014912407845258713,0.011777587234973907,0.7851707935333253,0.9999666810035704,-0.0006063035107217729,-0.0067704543471336365,-0.004512692335993052,0.024381147697567936,0.015101249329745768,0.0987490862607956,0.14393651485443115,-0.16893252730369568,-0.02470438741147518,0.0749162882566452,-0.0673823356628418,-0.3361378312110901,0.124013751745224,-0.18927893042564392,0.057621706277132034,-0.0642004907131195,-0.034585900604724884,0.1393289417028427,-0.12321052700281145,0.3208829164505005,-0.5749375820159912,1.2302439212799072,0.08935888111591339,-0.026481531560420987,0.15761075913906095,-0.012134255841374396,-0.2663170099258423,0.660409152507782,1.0780991315841675,-0.0489525981247425,0.0104997381567955,-0.08752723038196564
-0.01525452360510826,0.010996600612998009,0.7851865887641906,0.9999756217002868,-0.00038297023274935777,-0.006963152904063463,-0.00033921340946108103,0.02090592496097088,0.014328022487461565,0.09052279591560365,0.1474287062883377,-0.16786982119083405,-0.0256812684237957,0.07691146433353424,-0.06794042140245438,-0.3444339334964752,0.12438628822565077,-0.1907561421394348,0.05668953061103821,-0.06253572553396225,-0.03474220260977745,0.14199376106262207,-0.1353718489408493,0.31807035207748413,-0.5886493921279907,1.2314271926879883,0.08654961735010147,-0.026429826393723488,0.1528477519750595,-0.020992767065763477,-0.265431672334671,0.6799258589744568,1.0846335887908936,-0.03810972720384598,0.007682462222874163,-0.08033948391675949
-0.015754275023937225,0.010302424430847168,0.7851613163948059,0.9999703764915465,-0.0002005255955737084,-0.007159554865211248,0.0028102414216846228,0.01748993806540966,0.013867520727217196,0.0840093046426773,0.15144415199756622,-0.1672450453042984,-0.026433596387505528,0.07783455401659012,-0.06862126290798187,-0.3514757752418518,0.125791996717453,-0.19192874431610107,0.05571172758936881,-0.05989941954612732,-0.03409609943628311,0.14600345492362976,-0.1496906578540802,0.31318438053131104,-0.6047577857971193,1.2348315715789795,0.08206419646739958,-0.025262949988245964,0.14599907398223877,-0.0369015634059906,-0.2647168040275574,0.7048646211624146,1.093584895133972,-0.022577032446861267,0.0039913435466587535,-0.06907472014427185
-0.016350429505109787,0.00981946662068367,0.785103738307953,0.9999653100967408,-0.00019813400285784155,-0.007254537194967271,0.004082079045474528,0.014717604033648968,0.014313769526779652,0.0811387225985527,0.1558501422405243,-0.16784486174583435,-0.026937359943985936,0.07681854814291,-0.06882595270872116,-0.3547883927822113,0.1285063624382019,-0.19245471060276031,0.05474349111318588,-0.056397464126348495,-0.0324796587228775,0.15069246292114255,-0.16379371285438535,0.30641821026802063,-0.6211984157562256,1.2407827377319336,0.07515777647495268,-0.022844482213258743,0.13740104436874387,-0.06194482743740082,-0.2633445858955384,0.7320963740348816,1.1024389266967771,-0.0004978954093530774,0.00062500563217327,-0.05620752647519112
-0.016997292637825012,0.00945345126092434,0.7850883603096008,0.999970257282257,-0.000404019927373156,-0.006985708139836788,0.0032335480209439993,0.012291830964386463,0.015820452943444252,0.08214112371206284,0.1597394347190857,-0.16947223246097565,-0.02736365422606468,0.07306452840566635,-0.06803425401449203,-0.35354071855545044,0.132217139005661,-0.19216853380203247,0.05377023667097092,-0.05292833596467972,-0.030762264505028725,0.1548805683851242,-0.1748957335948944,0.2983385026454925,-0.6345541477203369,1.249472975730896,0.06493151932954788,-0.01926661655306816,0.12916171550750732,-0.09551139920949937,-0.260529100894928,0.7564955949783325,1.1032887697219849,0.031565599143505096,-0.002094707218930125,-0.04703020304441452
-0.0176114235073328,0.008946677669882774,0.785142481327057,0.9999808073043824,-0.0007105831173248589,-0.006138858851045369,0.0004403493367135525,0.009900752454996109,0.01820733956992626,0.08615003526210785,0.16204696893692017,-0.1720072031021118,-0.027703074738383293,0.0666559562087059,-0.06581944972276688,-0.3476870656013489,0.13582518696784973,-0.19144283235073087,0.05277964100241661,-0.05130094289779663,-0.03097591362893581,0.15733447670936584,-0.17998801171779633,0.2904804646968841,-0.6412956118583679,1.2609636783599851,0.052272096276283264,-0.015187064185738564,0.12392830103635788,-0.1332287639379501,-0.25609299540519714,0.7695569396018982,1.0773203372955322,0.0705236867070198,-0.004302042070776224,-0.04957353323698044
-0.018064692616462708,0.008205310441553593,0.7852985858917235,0.9999834895133971,-0.0010692686773836613,-0.004587849136441946,-0.003295734524726868,0.007221469655632973,0.021395543590188023,0.09219668060541153,0.1624859124422073,-0.17468515038490295,-0.02808508276939392,0.05891644582152367,-0.06244749575853348,-0.33999744057655334,0.13767555356025696,-0.1895523816347122,0.052054572850465775,-0.053835995495319366,-0.03482808917760849,0.15660209953784943,-0.17809465527534485,0.28401178121566767,-0.6409993171691896,1.2753304243087769,0.04111451283097267,-0.01230247225612402,0.12118063867092133,-0.171188622713089,-0.2507633566856384,0.7739287018775941,0.9975112676620483,0.102208711206913,-0.01011065114289522,-0.06564665585756302
-0.018301166594028473,0.007267520297318698,0.7855645418167113,0.9999674558639526,-0.0017224421026185155,-0.002597404876723885,-0.007444264832884073,0.004198587499558926,0.025924360379576683,0.10042353719472884,0.1619259417057037,-0.176582470536232,-0.027538834139704704,0.051819492131471634,-0.05800865963101387,-0.33216047286987305,0.1366313397884369,-0.18519586324691767,0.05095179378986359,-0.06058978289365768,-0.04207714647054672,0.1517401933670044,-0.17164510488510132,0.2787838280200958,-0.6381002068519592,1.2926676273345947,0.03454755619168281,-0.011081602424383163,0.11800920963287352,-0.2080356925725937,-0.24675133824348447,0.7887483835220338,0.8453853130340576,0.1032901108264923,-0.02358162403106689,-0.09208083152770995
-0.018404822796583172,0.006284699775278568,0.7857657074928284,0.9999110698699952,-0.002816649619489908,-0.0007208193419501185,-0.013014105148613451,0.0010872739367187023,0.03229093551635742,0.11174962669610976,0.16344718635082245,-0.1794920712709427,-0.02591308020055294,0.04545825347304344,-0.05264456942677498,-0.3224528431892395,0.1347925364971161,-0.1789460927248001,0.04972530156373978,-0.06851784884929657,-0.05020951107144356,0.14359788596630096,-0.16150332987308502,0.27323636412620544,-0.6349951028823853,1.3135377168655396,0.032983772456645966,-0.010137638077139854,0.11553262174129486,-0.2482701689004898,-0.24563883244991305,0.8259577155113219,0.6270912289619446,0.07234831154346466,-0.04121831804513931,-0.13024237751960754
-0.01829760707914829,0.005362883675843476,0.7857982516288757,0.9997628331184387,-0.004325219430029392,0.0004751281812787056,-0.021339140832424164,-0.0009140421752817928,0.04069773107767105,0.12640485167503357,0.1686837077140808,-0.1849280148744583,-0.025062061846256256,0.04068823903799057,-0.04542667418718337,-0.30848121643066406,0.13222527503967285,-0.17247064411640167,0.04819566011428833,-0.07444937527179718,-0.05680777505040169,0.133818581700325,-0.14827360212802887,0.2650898396968841,-0.6309714913368225,1.3372566699981687,0.03316826373338699,-0.01029561460018158,0.11338913440704344,-0.3017162084579468,-0.24280096590518951,0.882318377494812,0.365742564201355,0.02909444086253643,-0.06349840760231018,-0.17222584784030914
-0.017967524006962776,0.00442139059305191,0.785760760307312,0.9994214177131652,-0.006201054435223341,0.0002650527749210596,-0.033441826701164246,0.001619769842363894,0.051813919097185135,0.1472913473844528,0.17598505318164823,-0.19313570857048035,-0.02733435109257698,0.03936461731791496,-0.035590510815382004,-0.2876335978507996,0.12575438618659973,-0.16514310240745544,0.04669973999261856,-0.07524003833532333,-0.05952909216284752,0.12531802058219907,-0.13828742504119873,0.25468119978904724,-0.6222584247589111,1.3584303855895996,0.02843336947262287,-0.009909152053296566,0.11145958304405212,-0.3750026822090149,-0.22948487102985385,0.9312018156051636,0.09027748554944992,-0.027265578508377075,-0.08536119014024734,-0.19916778802871704
-0.017529889941215515,0.003482348285615444,0.7857012152671814,0.9987506866455078,-0.00827246718108654,-0.0014532336499541996,-0.04925968870520592,0.008531413972377777,0.06499295681715012,0.17513626813888547,0.18552957475185397,-0.20412400364875796,-0.03310072422027588,0.039004463702440255,-0.025379650294780728,-0.26231589913368225,0.12120123207569122,-0.15777872502803802,0.04394816979765892,-0.06821398437023163,-0.05548975244164466,0.12124869227409361,-0.1378178745508194,0.2457483559846878,-0.6053078174591064,1.3688082695007324,0.022222762927412983,-0.008152437396347521,0.1218554750084877,-0.4695858955383301,-0.19712671637535092,0.9413138031959533,-0.14466774463653564,-0.12743569910526276,-0.11803005635738371,-0.24556241929531095
-0.017600158229470253,0.0027512060478329654,0.7855438590049743,0.9977865219116211,-0.009659985080361366,-0.002947229659184813,-0.06572674959897995,0.011845352128148077,0.07719548791646957,0.20337225496768951,0.2023254036903381,-0.21794992685317996,-0.038415178656578064,0.03459770232439041,-0.017813343554735184,-0.2387533187866211,0.12453209608793259,-0.15423835813999176,0.037880849093198776,-0.056516773998737335,-0.04421817138791084,0.12053052335977554,-0.14595748484134674,0.24048170447349548,-0.5572880506515503,1.361962914466858,0.01702850870788097,-0.009269619360566141,0.15684689581394196,-0.5769430994987488,-0.14506247639656067,0.901262640953064,-0.2727126479148865,-0.28910261392593384,-0.1573735475540161,-0.3258397877216339
-0.018710292875766758,0.002222869079560041,0.7850022315979005,0.9969525337219238,-0.010769904591143131,-0.0026470448356121774,-0.0772177129983902,0.0008655667188577355,0.0891568586230278,0.2217153757810593,0.2364114373922348,-0.23678889870643613,-0.040649279952049255,0.02464734762907028,-0.013861287385225296,-0.22920179367065427,0.13480022549629211,-0.15544907748699188,0.029688728973269463,-0.04870409145951271,-0.02487624064087868,0.12315233796834944,-0.156396746635437,0.2385127395391464,-0.451495498418808,1.326566219329834,0.012364284135401247,-0.016806911677122116,0.21596421301364896,-0.6926806569099425,-0.10184206813573836,0.8327312469482422,-0.25648534297943115,-0.45400896668434143,-0.176131933927536,-0.39515951275825506
-0.020975064486265182,0.0019457596354186533,0.7841391563415526,0.9965905547142029,-0.012738318182528017,-0.0024401915725320578,-0.08148053288459779,-0.022050604224205017,0.10252545773983,0.22493417561054227,0.28815215826034546,-0.2609533369541168,-0.0403309129178524,0.011181662790477276,-0.011461119167506695,-0.23518192768096924,0.1574873924255371,-0.16359518468379974,0.02015598490834236,-0.045472558587789536,0.007271328940987587,0.1331755518913269,-0.15329968929290771,0.23903131484985352,-0.27829527854919434,1.2163913249969482,-0.013258520513772964,-0.03966553881764412,0.2997360825538635,-0.800788164138794,-0.09277549386024476,0.7576836943626403,-0.10087592154741289,-0.5718773007392883,-0.171632319688797,-0.44007450342178334
-0.024121198803186417,0.0017095101065933704,0.7830032110214233,0.9968205690383912,-0.015585698187351227,-0.003063860582187772,-0.07807964086532591,-0.053003594279289246,0.11472340673208235,0.21144875884056089,0.3480684459209442,-0.28337523341178894,-0.03815359249711037,-0.0013476393651217222,-0.01017315499484539,-0.2533492743968964,0.1877444088459015,-0.1768069714307785,0.011086665093898771,-0.04416825994849205,0.05106884986162186,0.1480664014816284,-0.12917570769786835,0.24500972032547,-0.09824759513139725,1.002027988433838,-0.054985251277685165,-0.08188419789075851,0.36861181259155273,-0.878423571586609,-0.12426736205816268,0.706788957118988,0.13119672238826752,-0.6303606629371643,-0.14341065287590027,-0.468798965215683
-0.027737021446228027,0.000885161105543375,0.7815392613410949,0.9976600408554077,-0.018270941451191906,-0.0035711240489035845,-0.06578616052865982,-0.0902104154229164,0.12125294655561449,0.18180300295352933,0.4067884683609009,-0.297858327627182,-0.03660734370350838,-0.011094660498201849,-0.011742354370653628,-0.2826753258705139,0.21648889780044556,-0.1931122988462448,0.004717152565717697,-0.04539429023861885,0.09618104994297028,0.1622912883758545,-0.0916409194469452,0.2649863660335541,0.046543531119823456,0.7240906357765197,-0.08924607932567596,-0.12184756994247437,0.4027875065803528,-0.9185119271278381,-0.18949845433235168,0.6978049278259277,0.3581041097640991,-0.6487418413162231,-0.09868252277374269,-0.48574823141098017
-0.03130290657281876,-0.0008657342987135053,0.779990553855896,0.9988146424293518,-0.019960608333349228,-0.0038159168325364585,-0.04422969371080399,-0.13136984407901764,0.11823022365570068,0.136322945356369,0.45831754803657526,-0.3029690384864807,-0.037883277982473366,-0.016125226393342018,-0.01749665103852749,-0.3245300352573395,0.23903127014636996,-0.21105737984180448,0.0012693237513303757,-0.049104008823633194,0.13568203151226044,0.17373980581760406,-0.04228575900197029,0.30726152658462524,0.1850425899028778,0.4161450266838074,-0.1368224322795868,-0.1436842828989029,0.42142993211746216,-0.9237787723541261,-0.28490862250328064,0.7244470119476318,0.5524643063545227,-0.6299975514411926,-0.0410408079624176,-0.47879382967948914
-0.03412681818008423,-0.003689071629196405,0.7786353230476379,0.9996790885925294,-0.020190494135022163,-0.003528084373101592,-0.014886516146361828,-0.17339421808719635,0.10318438708782196,0.07559414952993393,0.49848160147666926,-0.298510879278183,-0.04153333231806755,-0.014773794449865818,-0.02789401449263096,-0.3790757656097412,0.25488293170928955,-0.22927555441856384,0.000448746926849708,-0.04868987202644348,0.1687331199645996,0.17885197699069977,0.024216653779149052,0.379526823759079,0.3148123621940613,0.1115277111530304,-0.1802532821893692,-0.1448354870080948,0.4207159876823425,-0.8923362493515015,-0.414793074131012,0.7722971439361571,0.7276087999343872,-0.5755294561386108,0.020404672250151638,-0.4315871298313141
-0.03533565253019333,-0.00783555582165718,0.7779653668403625,0.9996597766876221,-0.018577223643660545,-0.0018962144386023283,0.018210120499134064,-0.20850786566734317,0.07940457761287689,0.009671171195805073,0.5216960310935974,-0.284827321767807,-0.04890084266662598,-0.006104775238782168,-0.039966873824596405,-0.43795105814933777,0.25899967551231384,-0.24331220984458923,0.0010636982042342424,-0.03412266820669174,0.19491544365882876,0.17138703167438507,0.13131634891033173,0.4878694117069244,0.4175497889518738,-0.1776807606220245,-0.1540117710828781,-0.13269276916980743,0.3983217775821686,-0.8100205063819885,-0.5737755298614502,0.8110542297363281,0.8792366385459901,-0.49081215262413025,0.05689780786633492,-0.3489007353782654
-0.03461488336324692,-0.012702297419309616,0.7781547904014587,0.998640239238739,-0.015835048630833622,0.0003688999859150499,0.04966699704527855,-0.23028098046779633,0.05621498078107834,-0.04645258188247681,0.5234148502349854,-0.26480394601821894,-0.06252387166023254,0.010998702608048916,-0.048370297998189926,-0.49310576915740967,0.24633070826530457,-0.24695807695388797,0.00048324980889447033,-0.0026563410647213455,0.2105584740638733,0.15129049122333527,0.27743732929229736,0.6379430294036865,0.5285894870758057,-0.4393359422683716,-0.07073910534381865,-0.14251677691936493,0.3675836622714996,-0.6621912121772766,-0.7379320859909058,0.7794240117073059,0.9890270829200744,-0.38685864210128784,0.06209077686071396,-0.2581447660923004
-0.03228224441409111,-0.017171740531921387,0.778680682182312,0.9968754649162291,-0.01316278986632824,0.0034819229040294886,0.07780697941780089,-0.24349492788314817,0.035233546048402786,-0.09279736131429672,0.5085124969482422,-0.24549639225006104,-0.07765144854784013,0.03192632645368576,-0.050633937120437615,-0.5442933440208435,0.21964396536350247,-0.24312758445739743,-0.0017784459050744772,0.041968237608671195,0.21172563731670377,0.11880356818437576,0.4533198475837708,0.8126450181007385,0.701636791229248,-0.6262081265449524,-0.07190018147230148,-0.19226090610027316,0.36755633354187006,-0.4383788108825684,-0.8785450458526611,0.6261342167854309,1.053877592086792,-0.26523327827453613,0.04857591167092323,-0.19965390861034396
-0.02896775864064693,-0.020251961424946785,0.7789718508720398,0.9944371581077576,-0.011669769883155823,0.007856572978198528,0.10438764840364456,-0.2528587281703949,0.014071905054152012,-0.1409904807806015,0.48731291294097906,-0.2348904460668564,-0.08591055124998093,0.0503270998597145,-0.04796973615884781,-0.5935998558998108,0.1890929490327835,-0.23857374489307404,-0.002456866670399904,0.08460733294486998,0.19802558422088623,0.07724468410015106,0.6347486972808838,0.956534743309021,0.8930192589759826,-0.6990060210227966,-0.17587974667549133,-0.2508104741573334,0.40688893198966974,-0.1597309559583664,-0.9560730457305907,0.37129706144332886,1.100476861000061,-0.1574953943490982,0.03238726779818535,-0.20157991349697116
-0.025012074038386345,-0.02227329090237617,0.77917343378067,0.9911242723464964,-0.010792273096740244,0.012070871889591215,0.1319488286972046,-0.25483641028404236,-0.005974611733108759,-0.19021666049957275,0.4570854008197784,-0.227134570479393,-0.08914311975240707,0.06855357438325882,-0.04468897730112076,-0.6461032032966614,0.16077151894569397,-0.23665405809879303,0.0020676730200648308,0.10627489537000656,0.1750519722700119,0.03703548759222031,0.7528277039527893,1.026609182357788,0.9896938204765322,-0.7375202775001526,-0.2373162806034088,-0.29445236921310425,0.4558111727237701,0.12765060365200043,-0.9567957520484924,0.08060728758573533,1.1261812448501587,-0.10895133763551712,0.028235407546162605,-0.24042095243930817
-0.0210811085999012,-0.024060549214482307,0.779481530189514,0.9872387051582336,-0.009802281856536863,0.01768341287970543,0.1579587310552597,-0.256395161151886,-0.021848196163773537,-0.23169441521167755,0.42371150851249695,-0.21434858441352844,-0.09090446680784224,0.07879607379436494,-0.04289574548602104,-0.6960739493370056,0.14020825922489166,-0.23654940724372864,0.00792884360998869,0.10516177862882614,0.1477508395910263,0.004669307731091976,0.7919373512268065,1.0203343629837036,0.9663629531860352,-0.804252028465271,-0.21361181139945984,-0.31595152616500854,0.5125615000724792,0.37864795327186573,-0.8921065926551818,-0.2190097272396088,1.1039925813674927,-0.10142211616039276,0.03432248532772064,-0.3207165598869324
-0.01734216697514057,-0.026066657155752185,0.7797709703445433,0.9835408329963683,-0.008931188844144344,0.02462503314018249,0.17877689003944397,-0.259456068277359,-0.03210293501615524,-0.26456254720687866,0.3906135857105255,-0.2000645101070404,-0.0936056524515152,0.07967779040336607,-0.0406893901526928,-0.7362912893295288,0.12568040192127228,-0.2377120703458786,0.012714394368231297,0.08674394339323044,0.11487159878015518,-0.016917631030082703,0.7673165798187255,0.9552725553512573,0.8222526907920836,-0.8726939558982849,-0.1289963722229004,-0.32226675748825073,0.5813601016998291,0.5717877149581909,-0.7728313207626343,-0.5238329768180847,0.9723836183547971,-0.09421897679567336,0.03340112790465355,-0.48179295659065247
-0.013651374727487564,-0.02855446748435497,0.7800651192665101,0.980789005756378,-0.00702158035710454,0.030385926365852356,0.19256265461444852,-0.25500768423080444,-0.037897244095802314,-0.2870024442672729,0.3539918959140777,-0.18420539796352384,-0.09548765420913696,0.07804140448570251,-0.0410752147436142,-0.7652527093887329,0.1159074380993843,-0.24162866175174716,0.017241287976503372,0.05082888156175613,0.0646766945719719,-0.019694898277521133,0.6853463053703308,0.8319562673568724,0.5440303087234497,-0.8501151204109191,-0.03451456129550934,-0.33673551678657526,0.6446921229362488,0.6986327171325684,-0.6142655611038208,-0.7494105100631715,0.634156346321106,-0.08355005830526352,0.010153930634260176,-0.7005223631858826
-0.010550234466791151,-0.030375612899661064,0.7805225253105164,0.9803524613380432,-0.004489571321755648,0.03209635242819786,0.19457347691059113,-0.2396579533815384,-0.03748463466763496,-0.2849992513656616,0.32131078839302063,-0.1695280373096466,-0.09458542615175249,0.08011569827795027,-0.04179782047867775,-0.7678862810134887,0.10994089394807816,-0.24693714082241056,0.02112924121320248,0.01841889135539532,-0.0004065305984113365,-0.0009976972360163927,0.5622632503509521,0.7059970498085022,0.29229140281677246,-0.6111952066421509,-0.0756990537047386,-0.36771592497825617,0.6559829115867615,0.7498503923416138,-0.49333718419075007,-0.7666224241256714,0.17927604913711548,-0.12390580028295516,-0.025444975122809407,-0.7831984162330627
-0.008344100788235664,-0.03038228675723076,0.7814424037933348,0.9828914403915405,-0.001526348409242928,0.02947092615067959,0.1818063855171204,-0.21601851284503937,-0.029258860275149345,-0.2514554560184479,0.30214226245880127,-0.16541586816310883,-0.09423274546861649,0.08575887978076935,-0.04205639287829399,-0.735597550868988,0.10841745138168334,-0.24719080328941345,0.02233261428773403,0.0034110718406736846,-0.06613140553236008,0.021888757124543193,0.3947144746780396,0.6335076689720154,0.12195225805044174,-0.15197539329528809,-0.17606642842292783,-0.37586769461631775,0.5980909466743469,0.7339320182800293,-0.5067939162254332,-0.6435568928718567,-0.23739691078662872,-0.2666270434856415,-0.08625680953264236,-0.6561119556427002
-0.006793362554162741,-0.02898318693041801,0.7825363278388977,0.9878837466239928,0.0015852994984015822,0.020874420180916783,0.15377748012542725,-0.18327999114990237,-0.010822607204318047,-0.18733890354633329,0.30848410725593567,-0.1797288954257965,-0.09331955015659331,0.09144087135791777,-0.04364855214953423,-0.6719186902046204,0.12011788785457612,-0.2498204857110977,0.021288299933075905,-0.0054535348899662495,-0.12089521437883376,0.03754332661628723,0.19283016026020047,0.6199727058410645,-0.09694109857082368,0.4839637875556946,-0.21871429681777957,-0.3430520296096802,0.4500538110733032,0.5685580968856812,-0.6886898279190063,-0.4562697410583496,-0.49182179570198054,-0.4210154712200165,-0.1402779519557953,-0.36334741115570074
-0.005816278047859669,-0.027359122410416603,0.7825565934181212,0.9937840104103088,0.0005456578801386057,0.007349862717092037,0.11108160763978958,-0.14343363046646118,0.023706652224063877,-0.10425634682178496,0.339324563741684,-0.21635593473911283,-0.08371014893054962,0.10118342190980913,-0.035900674760341644,-0.5823737382888794,0.12986047565937042,-0.24743594229221344,0.014907201752066612,-0.017369678243994713,-0.1424569934606552,0.053791679441928864,0.044884450733661645,0.6100622415542603,-0.41904330253601074,1.0380215644836424,-0.16462823748588562,-0.2603232860565185,0.31925803422927856,0.27175256609916687,-0.9018349647521972,-0.26573288440704346,-0.6098552346229553,-0.4917920231819153,-0.22002817690372467,-0.15823769569396973
-0.00602936651557684,-0.02600348554551601,0.7809573411941528,0.9978781938552856,-0.006193879060447216,-0.004170691128820181,0.06467878818511963,-0.1079746037721634,0.06707233935594559,-0.025800181552767757,0.37441703677177435,-0.25910520553588867,-0.08340139687061308,0.10863060504198074,-0.01296551153063774,-0.4924710094928741,0.12369603663682936,-0.2345878034830093,0.00758299184963107,-0.02489318326115608,-0.12829211354255676,0.06626959145069121,-0.0259375162422657,0.5230828523635864,-0.7179220318794249,1.328086733818054,0.023978698998689648,-0.1802512854337692,0.21898522973060608,-0.09431342035531996,-1.015181303024292,-0.04079798609018326,-0.7222964763641356,-0.4436057806015015,-0.267229825258255,-0.015455029904842377
-0.007213043514639139,-0.025228720158338543,0.7791432142257689,0.9996302127838135,-0.013935626484453678,-0.008214624598622322,0.021858636289834976,-0.0942482054233551,0.10881571471691132,0.04618540406227112,0.4062044024467468,-0.28993698954582214,-0.08266156166791917,0.09873589128255843,0.010343067348003387,-0.4135167300701141,0.12087664008140564,-0.2244102358818054,0.002076309407129884,-0.02108662575483322,-0.11202868074178696,0.07200471311807632,-0.028833789750933647,0.4131814241409302,-0.7802756428718567,1.4226913452148435,0.04956570267677307,-0.1676352620124817,0.21255460381507876,-0.3904083073139191,-0.994537353515625,0.19091440737247467,-0.8167884945869447,-0.38129293918609614,-0.26645851135253906,0.05209144949913025
-0.00863365363329649,-0.024607915431261063,0.7768544554710387,0.9995248317718506,-0.02430078014731407,-0.009610995650291443,-0.016345784068107605,-0.0921848490834236,0.1550580859184265,0.10531045496463776,0.45141282677650446,-0.3277501165866852,-0.080222986638546,0.08780481666326521,0.04077078402042389,-0.34494492411613464,0.1178346797823906,-0.2141927778720856,-0.005324343219399452,-0.02056947723031044,-0.08772595971822737,0.0763179361820221,-0.008626422844827175,0.31464818120002747,-0.7512691617012024,1.4757735729217527,0.01831436343491077,-0.16134028136730194,0.20413430035114288,-0.6179958581924438,-0.9084519147872925,0.3919934928417206,-0.8485503196716307,-0.305372416973114,-0.285035103559494,0.08557230979204179
-0.010072002187371252,-0.023488838225603104,0.7747398614883424,0.9982346892356871,-0.03419103845953941,-0.008484384045004845,-0.04781711474061012,-0.09692485630512236,0.19797028601169583,0.15087316930294037,0.4974278211593628,-0.36330378055572504,-0.07503080368041992,0.07549268752336502,0.0694074034690857,-0.288665771484375,0.11545305699110033,-0.2028895914554596,-0.011604899540543556,-0.023530680686235428,-0.06168743222951889,0.08198002725839616,0.0037735390942543754,0.2523767054080963,-0.7165958285331726,1.5075135231018066,-0.018983680754899975,-0.14109466969966888,0.18126727640628812,-0.7740846276283264,-0.811301052570343,0.5264530181884766,-0.8285868167877197,-0.21704132854938507,-0.3147792518138885,0.10084293037652968
-0.0117771802470088,-0.021733459085226055,0.7731857299804686,0.9963533878326416,-0.0405883602797985,-0.006197233684360981,-0.0747932121157646,-0.0990574434399605,0.23117093741893768,0.19406558573246,0.5279849171638489,-0.3861636519432068,-0.07120928168296814,0.059266313910484314,0.088246189057827,-0.2414996176958084,0.11887811124324799,-0.1928856074810028,-0.014523055404424667,-0.026835445314645767,-0.03899233415722847,0.08997762948274611,-0.0004635317309293896,0.2299489378929138,-0.707639217376709,1.5107897520065308,-0.05246736481785774,-0.11005134880542757,0.14442944526672363,-0.8805160522460938,-0.7206705212593079,0.6124824285507202,-0.7911664247512817,-0.13450349867343903,-0.3480274975299835,0.10307148844003676
-0.01360354758799076,-0.019705938175320625,0.7729920744895934,0.9946079850196838,-0.042478173971176154,-0.003483294043689966,-0.09454356133937837,-0.0942811518907547,0.24812005460262296,0.23409441113471985,0.5311716198921204,-0.3907374739646912,-0.0693444311618805,0.042092233896255486,0.0954790413379669,-0.2052023559808731,0.12422940135002136,-0.18193663656711576,-0.015426672995090485,-0.030490269884467125,-0.022221432998776436,0.09795695543289185,-0.014534935355186462,0.2452430874109268,-0.7009823322296144,1.4708610773086548,-0.1070663407444954,-0.08298072218894958,0.10111372917890547,-0.9478880763053894,-0.6485432982444763,0.6567609906196593,-0.7578163146972656,-0.06883203238248825,-0.38457328081130976,0.08047872781753539
-0.01534944400191307,-0.017905671149492264,0.7742298245429992,0.9936890602111816,-0.03991075605154037,-0.0004535349435172975,-0.1048278585076332,-0.08592844754457474,0.24702785909175873,0.26436927914619446,0.5107473134994507,-0.37883427739143366,-0.06828384846448897,0.027015324681997296,0.09148897975683212,-0.1833418905735016,0.13013023138046265,-0.17257431149482727,-0.015143295750021935,-0.03447374701499939,-0.010018976405262949,0.10617902129888535,-0.02779305912554264,0.29639267921447754,-0.6551642417907715,1.361291766166687,-0.22848147153854367,-0.06978365033864975,0.060202691704034805,-0.9910200238227843,-0.5942684412002563,0.6620174646377563,-0.7226626873016356,0.013546942733228207,-0.42680692672729487,0.045288290828466415
-0.016615241765975952,-0.016849683597683907,0.7763822674751282,0.9940508008003235,-0.03409179300069809,0.0014396449550986288,-0.10343489050865172,-0.07643046975135803,0.2293221205472946,0.2752477824687958,0.47349277138710016,-0.3562886118888855,-0.0667235255241394,0.0213687177747488,0.07762213796377182,-0.18327908217906952,0.13114438951015472,-0.16793514788150787,-0.013354219496250153,-0.03886330500245094,0.000374785071471706,0.11702802777290344,-0.037565428763628006,0.381388247013092,-0.5651623606681824,1.1472625732421875,-0.466423362493515,-0.07247621566057205,0.021863548085093495,-1.0250332355499268,-0.5631102323532104,0.6177338361740112,-0.6597186326980591,0.1790924072265625,-0.46871551871299744,0.0068242321722209445
-0.016923725605010986,-0.01639803871512413,0.7783789634704589,0.99579519033432,-0.026567142456769943,0.002067323075607419,-0.08764667063951491,-0.07029816508293152,0.19781421124935153,0.25897008180618286,0.4298245012760162,-0.32974281907081604,-0.06440626084804535,0.0248689278960228,0.05536425486207008,-0.2132274359464645,0.12940728664398193,-0.17309753596782684,-0.011725565418601036,-0.04607609659433365,0.0071711475029587754,0.12718378007411957,-0.06943388283252716,0.4854504466056824,-0.46857899427413935,0.8629931807518004,-0.7677550911903381,-0.09160541743040083,-0.03860186040401459,-1.0674142837524414,-0.5624990463256836,0.5141391754150392,-0.5386670827865601,0.42673996090888977,-0.487817257642746,-0.05742182582616807
-0.0154567901045084,-0.016711197793483734,0.7799376845359801,0.9982318282127379,-0.0190100371837616,0.0004479633935261518,-0.05631765350699425,-0.06686152517795563,0.156724750995636,0.2082488983869553,0.3867157697677612,-0.30130988359451294,-0.06490743905305862,0.04101771116256714,0.02811622992157936,-0.27160000801086426,0.12712478637695312,-0.18683794140815732,-0.008189196698367596,-0.05498676002025604,0.006408918183296919,0.13281354308128357,-0.1622657924890518,0.5851185321807861,-0.38350382447242737,0.5749616622924805,-1.0453310012817383,-0.1131901368498802,-0.10458597540855408,-1.102295994758606,-0.5852969288825989,0.3615711927413941,-0.36780738830566406,0.7171722650527954,-0.48011958599090576,-0.21044814586639404
-0.01191273145377636,-0.017513468861579895,0.7815322875976561,0.9998604655265808,-0.0108119435608387,-0.0043449196964502335,-0.011970275081694126,-0.055086500942707055,0.1088610291481018,0.13152605295181274,0.33737221360206604,-0.2676405608654022,-0.06789039075374603,0.07668372988700865,-0.002092577749863267,-0.3459812700748444,0.1259261667728424,-0.2089785188436508,0.0016629340825602412,-0.05419561639428139,-0.007089795079082251,0.12878623604774475,-0.3407304286956787,0.6367097496986389,-0.30681377649307245,0.3118797540664673,-1.2798545360565183,-0.1547112762928009,-0.1131737157702446,-1.0938479900360107,-0.602022111415863,0.1748114377260208,-0.2320459336042404,0.9999071955680848,-0.46232789754867554,-0.42947903275489807
-0.0067559233866631985,-0.018534511327743527,0.7829908728599548,0.9993529319763184,-0.001094122533686459,-0.010741318576037884,0.03430976718664169,-0.025057988241314888,0.06405431777238846,0.05708201229572296,0.2770444452762604,-0.2275187075138092,-0.06647906452417374,0.11634759604930876,-0.033502139151096344,-0.41857269406318653,0.1315905004739761,-0.2349021136760712,0.010207482613623142,-0.04022449254989624,-0.032170288264751434,0.10782717168331146,-0.5667431354522705,0.6145915389060974,-0.2539767622947693,0.07808680832386015,-1.386844515800476,-0.1904142796993256,-0.04067511856555939,-1.0293086767196655,-0.5908423662185669,0.01914813742041588,-0.26687738299369806,1.1050559282302856,-0.47623685002326965,-0.5088000893592833
-0.001162271131761372,-0.02004452049732208,0.7833892703056334,0.9968681335449218,0.008792776614427567,-0.015506244264543056,0.07704711705446243,0.0027781105600297447,0.02832585200667381,-0.004603977780789137,0.21965694427490237,-0.1887482702732086,-0.06241593882441521,0.14360712468624115,-0.06403646618127823,-0.4867329895496368,0.1557282954454422,-0.263350397348404,0.010531460866332054,-0.019412793219089508,-0.06750462949275969,0.07714910060167313,-0.8219480514526366,0.5266344547271729,-0.22279897332191467,-0.12458249181509017,-1.402016282081604,-0.19290901720523837,0.03355709835886955,-0.9549439549446106,-0.5457754731178284,-0.034611135721206665,-0.43872505426406866,1.0089023113250732,-0.5071228742599487,-0.4831272959709168
0.004519408103078604,-0.021289581432938572,0.7821766138076782,0.9935152530670166,0.018577395007014275,-0.01747062616050243,0.11080237478017808,0.02297530137002468,-0.0009190507698804141,-0.0490119494497776,0.17824096977710724,-0.162714883685112,-0.06087516248226166,0.14921605587005615,-0.09988877922296525,-0.5380757451057434,0.21442537009716037,-0.3057912588119507,0.009554931893944739,-0.0008537982939742506,-0.1186944842338562,0.05383586511015892,-1.10247802734375,0.37980285286903376,-0.19286635518074036,-0.32663947343826294,-1.304440140724182,-0.2229604423046112,0.15048913657665253,-0.9016376733779907,-0.4644048810005188,0.0492977350950241,-0.6310895681381226,0.7668394446372986,-0.4949877262115479,-0.2853028178215027
0.011131355538964272,-0.021617043763399124,0.7805906534194945,0.9911505579948424,0.028315775096416477,-0.02316843904554844,0.12760108709335327,0.05707211047410965,-0.025789251551032063,-0.08041172474622726,0.1490512490272522,-0.15856792032718658,-0.06063060835003853,0.15385045111179352,-0.1343984454870224,-0.558016836643219,0.28287410736083984,-0.354399174451828,0.015550781041383743,0.0116699431091547,-0.18268519639968872,0.04919789358973503,-1.3818464279174805,0.14859619736671448,-0.22430633008480072,-0.5311535596847534,-1.0142536163330078,-0.2676047086715698,0.3016475737094879,-0.87951523065567,-0.35854044556617737,0.2683306634426117,-0.7075182795524597,0.34999158978462214,-0.4025212526321411,-0.041937902569770806
0.01715388149023056,-0.021026603877544403,0.7794017791748048,0.9915549755096436,0.03405585512518883,-0.03287126868963241,0.1207413226366043,0.09532815963029859,-0.030034704133868217,-0.07104554772377014,0.1373610645532608,-0.17524799704551697,-0.07234448939561844,0.1638001650571823,-0.14879275858402252,-0.5380682945251465,0.32357510924339294,-0.3809905648231506,0.019585102796554565,0.015418342314660547,-0.22957150638103485,0.042756464332342155,-1.5259830951690672,-0.061529740691185,-0.3541512489318848,-0.6290213465690613,-0.6421368718147278,-0.2516083121299744,0.36371693015098566,-0.9338459372520447,-0.23795223236083984,0.5144343376159668,-0.6429603695869446,-0.2503708004951477,-0.2692658603191376,0.050566911697387695
0.020774906501173973,-0.020944245159626007,0.7787501811981201,0.9937974214553832,0.03330535814166069,-0.039610974490642555,0.09842930734157562,0.12961889803409576,-0.013580398634076118,-0.01998158171772957,0.13641424477100372,-0.2015838325023651,-0.09377684444189072,0.17148804664611816,-0.1391891986131668,-0.49615719914436335,0.31738510727882385,-0.3742393851280213,0.02998965233564377,0.04275437816977501,-0.25108769536018366,0.03141959384083748,-1.5260567665100095,-0.1362306773662567,-0.44326493144035334,-0.5901216864585876,-0.44695317745208735,-0.19557398557662964,0.2239801287651062,-0.9918862581253053,-0.18391509354114527,0.5906758904457092,-0.5558735728263855,-0.6005347967147827,-0.08711607754230499,0.08555631339550017
0.020672310143709183,-0.020673073828220367,0.7808024287223816,0.9958534240722656,0.027589311823248863,-0.04314368590712547,0.0751892253756523,0.1460103988647461,0.005596187897026538,0.017840977758169174,0.14981813728809357,-0.20884668827056885,-0.09841511398553848,0.19037710130214688,-0.11493107676506042,-0.4591023325920105,0.26756429672241205,-0.3330004811286926,0.041676063090562813,0.05834390968084335,-0.23701423406600952,-0.0014418503269553185,-1.4667654037475584,-0.03156168758869171,-0.43365031480789185,-0.36288851499557495,-0.574201226234436,-0.10978217422962187,0.05982928723096848,-0.9604192972183229,-0.2082693576812744,0.44078937172889704,-0.5162076950073241,-0.5889807343482971,0.04066380858421326,0.1742209494113922
0.017760317772626877,-0.021565694361925125,0.7835125923156737,0.9977751970291135,0.01634112372994423,-0.03551313653588295,0.05400425568223,0.10891423374414444,0.03351335972547531,0.04321675375103951,0.1963415890932083,-0.21479298174381256,-0.09181064367294312,0.18575841188430783,-0.07550514489412308,-0.4265785217285156,0.2029275745153427,-0.27613040804862976,0.04154766723513603,0.040926378220319755,-0.194185808300972,-0.05901764333248138,-1.31381356716156,0.20163801312446597,-0.4151155054569244,-0.02842535264790058,-0.8499848246574403,-0.017990725114941597,-0.11364044994115828,-0.9274059534072878,-0.35151666402816767,0.250205397605896,-0.4454706013202667,-0.5017939805984497,0.15507972240447998,0.2395736277103424
0.013138255104422568,-0.023014286532998085,0.7829332351684569,0.9989647269248961,0.003548856358975172,-0.028733104467391968,0.03509007394313812,0.050054803490638726,0.0678195208311081,0.0627802163362503,0.27558234333992004,-0.24852661788463593,-0.07743716239929198,0.17044340074062347,-0.03626868873834609,-0.3969432711601257,0.1643962115049362,-0.24392087757587433,0.026943571865558624,0.0023190553765743967,-0.1265256255865097,-0.08809494972229005,-1.087819218635559,0.4844970703125,-0.3611603379249573,0.3062998652458191,-1.0308845043182373,0.07302966713905334,-0.26113376021385193,-0.9835584163665773,-0.6116369962692261,0.09781979024410249,-0.2740550637245178,-0.35139790177345276,0.17314301431179047,0.18450425565242767
0.009963206946849825,-0.024292530491948128,0.7801724672317504,0.99957537651062,-0.007756728678941727,-0.024871112778782845,0.01304874662309885,0.011985575780272484,0.10509761422872543,0.0979229062795639,0.343766987323761,-0.29179632663726807,-0.06985939294099808,0.15279683470726013,-0.0023910626769065857,-0.3609415888786316,0.14571808278560638,-0.2360995262861252,0.01280729379504919,-0.03531775251030922,-0.06346835196018219,-0.07818695902824403,-0.8169659376144409,0.7051948308944702,-0.2671067416667938,0.5706954598426819,-1.1124924421310425,0.09033901989459991,-0.39522838592529297,-1.046960473060608,-0.8822731971740722,0.006987525150179863,-0.09480831027030943,-0.15378576517105103,0.129458948969841,0.16937175393104553
0.008536000736057758,-0.025614310055971146,0.7783521413803101,0.9996343851089475,-0.017327075824141502,-0.01831931248307228,-0.009756334125995636,-0.01888785511255264,0.14490489661693573,0.14084239304065704,0.4065112471580505,-0.3260679841041565,-0.0670594722032547,0.13299246132373807,0.0277409590780735,-0.3223791718482971,0.1311667114496231,-0.22058512270450592,0.0074145342223346225,-0.08551272004842758,-0.021684248000383377,-0.04408550262451172,-0.46112674474716187,0.8030155301094054,-0.056011617183685296,0.7809191346168518,-1.218522548675537,0.015397868119180202,-0.5093265771865845,-1.0173841714859009,-1.1006128787994385,-0.09522879123687744,0.03763653710484505,0.10861786454916,0.09493286162614822,0.2737213969230652
0.007104034069925547,-0.027170285582542416,0.7777014374732971,0.9988674521446227,-0.027236832305788997,-0.010175590403378008,-0.03766119107604026,-0.04694047197699546,0.1917901188135147,0.18850095570087433,0.4684012830257416,-0.35576948523521423,-0.06725451350212097,0.10391977429389952,0.05862529203295708,-0.2748557925224304,0.12380301207304,-0.19990158081054688,0.002060134429484606,-0.11480118334293364,0.005842108745127916,-0.012699953280389307,-0.21034105122089383,0.7923021912574768,0.1693149209022522,0.9980550408363342,-1.2951538562774658,-0.05408438667654991,-0.5319840312004088,-0.8970696926116942,-1.216037034988403,-0.2147509604692459,0.11751560866832732,0.3212292492389679,0.09166193753480913,0.38224464654922485
0.004837425891309977,-0.028543751686811447,0.7769998908042908,0.9969258308410643,-0.037309594452381134,-0.002152922330424189,-0.0688641369342804,-0.07158339023590088,0.2407924979925156,0.2331904172897339,0.5228064060211182,-0.3807423710823059,-0.06917768716812134,0.07190363854169846,0.0924142524600029,-0.22232083976268768,0.12106647342443466,-0.18044528365135193,-0.003980744164437056,-0.1257309764623642,0.028032463043928143,0.010471000336110592,-0.04239451885223389,0.7416048645973204,0.3847441077232361,1.219144582748413,-1.345963478088379,-0.10138196498155592,-0.4104601442813873,-0.768581748008728,-1.2437936067581177,-0.31320542097091675,0.15735529363155365,0.44372293353080744,0.10074294358491896,0.46576300263404846
0.001599946990609169,-0.029659805819392204,0.7761494517326355,0.9939415454864501,-0.04516803100705146,0.007036546710878611,-0.09995272010564803,-0.09723039716482161,0.28571704030036926,0.27292487025260925,0.5712100267410278,-0.396425187587738,-0.07360895723104478,0.03920336067676544,0.12267020344734192,-0.17055869102478027,0.11955158412456512,-0.16373330354690552,-0.008498787879943846,-0.13107167184352875,0.04195178300142288,0.026676397770643238,0.09008540213108063,0.6809014081954956,0.5616973638534546,1.4130350351333618,-1.3604280948638916,-0.10411121696233748,-0.23240303993225095,-0.6635872125625609,-1.21408474445343,-0.3868357837200165,0.14405691623687744,0.49127331376075745,0.10459403693675993,0.5262044072151184
-0.00285524083301425,-0.03022175468504429,0.7754068374633789,0.9903470277786256,-0.05057250335812569,0.018325496464967728,-0.1277472972869873,-0.1280909925699234,0.3257555365562439,0.30787393450737,0.6108322739601135,-0.4008646011352539,-0.08144091814756393,0.0022236821241676807,0.14873795211315155,-0.11939063668251036,0.11888131499290466,-0.14667849242687225,-0.010882904753088953,-0.1325325071811676,0.054094478487968445,0.03680536150932312,0.19896225631237033,0.6202415227890015,0.6540573239326477,1.5225049257278442,-1.300254702568054,-0.0773785412311554,-0.15682074427604675,-0.5861280560493469,-1.15632426738739,-0.4418513476848602,0.1033368855714798,0.48907318711280817,0.09220524132251741,0.5293164253234863
-0.008228156715631487,-0.02999929711222649,0.7753889560699463,0.9866328239440917,-0.052603486925363534,0.030902814120054245,-0.15110793709754944,-0.16064976155757904,0.354970246553421,0.33879244327545166,0.6333195567131041,-0.3951820731163025,-0.089370533823967,-0.03853383660316467,0.1683790236711502,-0.07432660460472107,0.11776060611009596,-0.1273571252822876,-0.011825774796307085,-0.1302332580089569,0.06454900652170181,0.044744301587343216,0.2893637716770172,0.5686128735542296,0.682123064994812,1.5485095977783203,-1.152532935142517,-0.056219737976789474,-0.13194988667964935,-0.5306717157363892,-1.0848499536514282,-0.48762217164039606,0.08872393518686295,0.46574616432189936,0.06333070993423462,0.457999050617218
-0.013911811634898184,-0.02850187569856644,0.7760803699493408,0.9833881258964537,-0.05043710023164749,0.0417744554579258,-0.1692889779806137,-0.18313588201999664,0.3669073283672333,0.36911657452583313,0.6329326033592224,-0.3821836709976196,-0.0955801010131836,-0.07491600513458253,0.17630432546138763,-0.03958224132657051,0.1150575801730156,-0.10959335416555405,-0.010803774930536745,-0.1250489503145218,0.0669335350394249,0.053650278598070145,0.3565088212490082,0.5363256931304932,0.6792224049568176,1.5361310243606567,-0.9754971861839294,-0.04481534659862518,-0.1272841840982437,-0.47296416759490967,-0.9995794296264648,-0.512837290763855,0.11900237202644348,0.4199919402599335,0.02303652092814445,0.346782922744751
-0.01938966102898121,-0.026143232360482212,0.7772368788719177,0.9809377193450928,-0.045723304152488715,0.0492359884083271,-0.1823357343673706,-0.19242809712886808,0.36303955316543574,0.3966579735279083,0.6124664545059204,-0.3662435412406921,-0.09995419532060625,-0.10306795686483385,0.17414407432079315,-0.012126865796744823,0.11152680218219756,-0.09658442437648772,-0.008193379268050194,-0.12133289873600006,0.06252779066562653,0.06802930682897568,0.3961514532566071,0.5284343361854553,0.6581400036811829,1.519161343574524,-0.8016642928123474,-0.03724227845668793,-0.14782360196113586,-0.39898827672004694,-0.9081107974052429,-0.5250080823898315,0.1937449723482132,0.34759074449539185,-0.02122198976576328,0.25712502002716064
-0.02405558153986931,-0.023656986653804776,0.7778086066246032,0.9799425005912781,-0.041467756032943726,0.052336618304252625,-0.18776041269302368,-0.19470350444316864,0.3523821234703064,0.4122967720031738,0.5908871293067932,-0.35415473580360407,-0.10329414904117584,-0.11784430593252182,0.16685572266578674,0.0031869770027697086,0.10783461481332778,-0.09057869017124176,-0.0051437742076814175,-0.12124016135931016,0.05533219873905182,0.08841423690319061,0.40374994277954096,0.5440928339958191,0.6166551113128662,1.4939570426940916,-0.6245949864387512,-0.03366757929325104,-0.16491784155368805,-0.30951112508773804,-0.823099672794342,-0.521939754486084,0.30664888024330134,0.23136866092681885,-0.04927605018019676,0.180465504527092
-0.02779114618897438,-0.021150704473257065,0.7778579592704773,0.9807693362236024,-0.038998592644929886,0.052242401987314224,-0.18396025896072388,-0.19584268331527707,0.3383527994155884,0.4070989191532135,0.5739250779151917,-0.34725359082221985,-0.10640578716993332,-0.12182267755270004,0.15732687711715698,0.001675287028774619,0.10654186457395552,-0.09156829118728636,-0.004478600807487965,-0.12385866045951845,0.04942714422941208,0.11047189682722092,0.38000458478927607,0.5727064609527588,0.561650276184082,1.4551448822021484,-0.45806524157524103,-0.03692881017923355,-0.15150579810142517,-0.20979033410549164,-0.7502545714378357,-0.4920886158943176,0.44330078363418574,0.06519578397274017,-0.029156453907489777,0.1031704843044281
-0.03024531342089176,-0.018766485154628757,0.7781117558479309,0.983045756816864,-0.03622482717037201,0.050050277262926095,-0.172637939453125,-0.1934739053249359,0.31594738364219666,0.38560059666633606,0.5516359806060791,-0.34095966815948486,-0.10554805397987364,-0.11943581700325012,0.14231251180171967,-0.01267310231924057,0.10868513584136962,-0.10015343874692915,-0.00041371188126504416,-0.12250833213329317,0.046099402010440826,0.1292424499988556,0.32783350348472595,0.5955209136009216,0.49598473310470576,1.4138344526290891,-0.34334006905555725,-0.04863083735108376,-0.10721340030431747,-0.1131751611828804,-0.6902227997779846,-0.4287060797214508,0.5929943919181824,-0.06467435508966446,0.022787079215049744,0.019290741533041
-0.03153810277581215,-0.016532782465219498,0.7787601947784423,0.9858354330062865,-0.03254880756139755,0.04753638803958893,-0.15750962495803833,-0.1858222335577011,0.288687139749527,0.36626890301704407,0.5171328783035278,-0.3306181728839874,-0.10027719289064407,-0.1160452589392662,0.12291594594717024,-0.03605937957763672,0.11348454654216766,-0.10903814435005188,0.004718702286481856,-0.12121202796697617,0.04700428992509842,0.1396229863166809,0.2593229711055756,0.5936440825462341,0.4213101267814636,1.389009952545166,-0.2785945534706116,-0.06000472605228424,-0.054390206933021545,-0.028847003355622288,-0.636350691318512,-0.3471538722515106,0.7448703646659851,-0.11711379885673522,0.06502469629049301,-0.06678455322980881
-0.03184151649475098,-0.014625584706664084,0.7809494137763977,0.9886814951896669,-0.024782832711935043,0.04478051513433456,-0.14102968573570251,-0.16517870128154755,0.24613749980926516,0.3541922867298126,0.4520019292831421,-0.30025392770767206,-0.09117503464221953,-0.11014726012945177,0.09453240036964417,-0.060064144432544715,0.11644231528043746,-0.11382898688316344,0.009051342494785784,-0.12241933494806288,0.041050415486097336,0.1375194638967514,0.19441378116607663,0.5700850486755371,0.35387536883354187,1.389811873435974,-0.23505061864852905,-0.06853741407394409,-0.009553967975080013,0.04048725217580795,-0.5732415318489075,-0.2707296907901764,0.8896368145942688,-0.11474407464265823,0.09399622678756714,-0.13658240437507627
-0.031045787036418915,-0.013080723583698273,0.7841310501098634,0.9909379482269288,-0.014702947810292244,0.043425507843494415,-0.12625397741794586,-0.13527727127075195,0.1960846483707428,0.3473290503025055,0.3628074526786804,-0.2535460293292999,-0.08248388022184373,-0.103899247944355,0.063460573554039,-0.07887286692857742,0.11315199732780457,-0.11387635767459868,0.013869098387658596,-0.1250811070203781,0.02749034389853477,0.1247577890753746,0.150217667222023,0.5334790349006653,0.30839091539382935,1.4013633728027344,-0.20332273840904236,-0.07050377130508423,0.01878429390490055,0.08553300052881242,-0.4988149404525757,-0.1925078779459,1.01242995262146,-0.07667746394872665,0.11017990857362749,-0.17133639752864835
-0.029610414057970047,-0.011555608361959456,0.7867628931999207,0.9922850131988524,-0.0056182658299803725,0.04368811473250389,-0.11588888615369795,-0.104224793612957,0.15149140357971191,0.3421363830566406,0.2733002305030823,-0.20580701529979703,-0.07586992532014848,-0.10124315321445464,0.03667598217725754,-0.0898158997297287,0.1101912409067154,-0.11409905552864073,0.019865117967128757,-0.12550266087055206,0.015488461591303349,0.10809894651174544,0.12566536664962769,0.4893092513084412,0.2773769199848175,1.410597324371338,-0.1741504818201065,-0.06129007786512375,0.03215653449296951,0.11048467457294464,-0.4225892424583435,-0.11724495887756348,1.082444190979004,-0.04555298388004303,0.118039533495903,-0.17034047842025757
-0.02801845781505108,-0.009821516461670399,0.7882210016250609,0.9928866028785704,0.0004842954513151199,0.043849896639585495,-0.11069442331790924,-0.07900003343820573,0.12028780579566956,0.3383672833442688,0.20687954127788544,-0.1707189828157425,-0.0708671286702156,-0.09950825572013856,0.017687920480966568,-0.09358847141265869,0.1101428046822548,-0.11716269701719284,0.026498891413211823,-0.12275975197553635,0.010563396848738192,0.09606676548719406,0.11716482788324356,0.4373925626277924,0.2503756880760193,1.409463882446289,-0.13484624028205872,-0.04053489118814468,0.038515925407409675,0.11987949162721633,-0.35236233472824097,-0.05594451725482941,1.0965666770935059,-0.029260734096169472,0.11734742671251296,-0.16445076465606687
-0.026518696919083595,-0.007872818037867546,0.7884355187416077,0.9930338263511655,0.0028952332213521004,0.042028561234474175,-0.11004108935594557,-0.05838568508625031,0.10422161221504211,0.33957284688949585,0.1699749082326889,-0.1548207849264145,-0.06610815227031708,-0.09503082931041715,0.00816546194255352,-0.09288707375526428,0.11088263988494872,-0.1211576536297798,0.03165755048394203,-0.11578904837369917,0.012657828629016876,0.09016817063093184,0.12371248006820677,0.3780003488063812,0.223530188202858,1.3976898193359375,-0.08703622967004776,-0.016034474596381187,0.04050648957490921,0.11876839399337769,-0.2892272174358368,-0.004779017996042967,1.0801310539245603,-0.002393558621406555,0.10677682608366013,-0.16648203134536743
-0.02554539404809475,-0.006273254286497831,0.7882307171821593,0.9931296706199646,0.003624316304922104,0.03873489797115326,-0.11036260426044464,-0.04200892522931098,0.095834881067276,0.34120750427246094,0.15173058211803436,-0.14963309466838837,-0.061555135995149605,-0.08776800334453583,0.0027642440982162952,-0.09210809320211409,0.11206712573766708,-0.124872587621212,0.034779079258441925,-0.10614124685525894,0.014338647946715353,0.08701588958501814,0.13818280398845673,0.3199777603149414,0.20347352325916288,1.3840924501419067,-0.056019164621829994,0.0005289039108902216,0.04624013230204582,0.11458895355463028,-0.23538339138031003,0.03419775143265724,1.0588083267211914,0.03922124207019806,0.09331025183200835,-0.16663028299808502
-0.025039611384272572,-0.004992390517145395,0.7880984544754028,0.9933871626853943,0.0037471798714250326,0.03514650836586952,-0.10923652350902556,-0.031101588159799572,0.09063670039176942,0.34011998772621155,0.14326806366443634,-0.14911863207817075,-0.05857615172863007,-0.0805039256811142,-0.0015888551715761423,-0.09379053860902786,0.11448945850133896,-0.12853878736495972,0.03607584536075592,-0.09569068253040312,0.013594957068562508,0.08472491055727005,0.15643733739852905,0.2625744640827179,0.1877050548791885,1.3678559064865112,-0.04679061099886894,0.009130249731242657,0.0581812858581543,0.11203519254922865,-0.1869755387306213,0.06626837700605392,1.0466006994247437,0.08576525002717972,0.08156429976224899,-0.16047202050685883
-0.02492617070674896,-0.003893740242347121,0.7878289222717285,0.9938957095146179,0.0032464046962559223,0.030867077410221096,-0.10586777329444884,-0.023037154227495197,0.0873938798904419,0.33487266302108765,0.1415097862482071,-0.15067607164382935,-0.05719827488064766,-0.07177240401506424,-0.005938195623457432,-0.10040874779224396,0.11807414889335632,-0.1331716775894165,0.036744892597198486,-0.08491676300764084,0.011348349042236803,0.08568680286407471,0.1720356047153473,0.2078699022531509,0.1593105047941208,1.3461936712265015,-0.042060885578393936,0.012402431108057497,0.06631343811750412,0.11222987622022627,-0.14746978878974915,0.11261561512947083,1.0459216833114624,0.12055543065071105,0.07873903214931488,-0.1397853046655655
-0.025245644152164456,-0.002920796163380146,0.7872171401977539,0.9946091771125792,0.0024292778689414263,0.025979662314057354,-0.10035794973373412,-0.015801500529050827,0.08482492715120316,0.3245502710342407,0.14244183897972107,-0.15438023209571838,-0.05693310871720313,-0.06080684438347816,-0.010061661712825298,-0.11067170649766922,0.12369079887866972,-0.13976334035396576,0.03610241785645485,-0.07457958161830902,0.008706456981599331,0.09042530506849289,0.17919206619262695,0.1625424325466156,0.11055962741374968,1.3220280408859253,-0.027904789894819256,0.009289827197790144,0.06642905622720718,0.11171841621398924,-0.1225704476237297,0.18941369652748108,1.0547139644622803,0.13167536258697507,0.08663257211446762,-0.09554925560951233
-0.02596484869718552,-0.0019977609626948838,0.7865805029869078,0.9954380393028259,0.0018519836012274025,0.021817354485392567,-0.0928637683391571,-0.01035418640822172,0.08109354227781294,0.30959522724151606,0.1399756222963333,-0.15553076565265656,-0.05607979744672775,-0.05049418658018112,-0.0143899442628026,-0.12321501225233078,0.13056059181690216,-0.14723406732082367,0.03563130274415016,-0.06626906991004944,0.007468214724212885,0.09590008854866029,0.1754397600889206,0.13048334419727323,0.04916500672698021,1.2985262870788574,-0.011194763705134392,-0.0014230168890208004,0.05817630887031555,0.10821910202503204,-0.11434097588062286,0.292712926864624,1.0633374452590942,0.11344404518604279,0.09783581644296646,-0.03211679682135581
-0.02670455351471901,-0.0013520846841856835,0.7865025401115417,0.9963404536247251,0.0015966888749971984,0.01967153698205948,-0.08316312730312347,-0.008322954177856445,0.07598735392093657,0.2903265655040741,0.1341053694486618,-0.1517094522714615,-0.054411455988883965,-0.04205244779586792,-0.0188100878149271,-0.13886134326457977,0.13283945620059967,-0.15015336871147156,0.034899815917015076,-0.06093117967247962,0.00800661463290453,0.0990092158317566,0.16056665778160095,0.11231421679258347,-0.013453620485961435,1.280332326889038,-0.00646871468052268,-0.013859589584171772,0.047667231410741806,0.1018472835421562,-0.12153126299381256,0.3973851203918457,1.062024474143982,0.06951872259378433,0.10342853516340256,0.02404796704649925
-0.027250805869698524,-0.0010685506276786327,0.7867890596389769,0.997215986251831,0.0016224380815401671,0.019275307655334473,-0.0720139816403389,-0.009773911908268929,0.0701693445444107,0.26789557933807373,0.12756897509098053,-0.14480456709861755,-0.0537191741168499,-0.03493456169962883,-0.02300814911723137,-0.1576622575521469,0.12933477759361267,-0.14972481131553647,0.034260254353284836,-0.05962061509490013,0.00949084199965,0.09962882101535796,0.13397110998630524,0.1069679781794548,-0.06877699494361877,1.2726622819900513,-0.013791696168482304,-0.024822611361742016,0.037128452211618417,0.09355067461729048,-0.13882261514663696,0.4819510579109192,1.0572705268859863,0.0204437542706728,0.10489412397146224,0.056417360901832574
-0.027418687939643856,-0.0011306982487440107,0.7871769070625305,0.997963547706604,0.0017922725528478622,0.018987705931067463,-0.06086882203817368,-0.011852595023810863,0.06442882120609283,0.2455009073019028,0.12272477149963378,-0.13745853304862976,-0.05363907292485237,-0.027895374223589897,-0.027220124378800392,-0.1780107170343399,0.1249675154685974,-0.15042327344417572,0.034242775291204446,-0.06121009215712547,0.009533122181892397,0.10101814568042757,0.09885083138942719,0.11450596898794174,-0.11212868988513947,1.2768154144287107,-0.02449963055551052,-0.03205903619527817,0.030485089868307117,0.0865248590707779,-0.15852990746498108,0.5353153944015503,1.0515635013580322,-0.022742373868823048,0.10845977067947388,0.06760074198246002
-0.02718797326087952,-0.001488992478698492,0.787386655807495,0.9985479712486269,0.0017685184720903635,0.018172895535826683,-0.05068014934659004,-0.013505970127880572,0.06038662791252136,0.2258284091949463,0.12125881016254424,-0.1322553902864456,-0.05475694313645362,-0.02055811323225498,-0.030685162171721455,-0.19781994819641116,0.1225740611553192,-0.15371830761432648,0.03408434987068176,-0.06390194594860077,0.0068119028583168975,0.104030042886734,0.060273315757513046,0.13441742956638336,-0.14565159380435944,1.2904947996139526,-0.03484967350959778,-0.035974107682704926,0.030583342537283897,0.08052845299243927,-0.17882801592350006,0.5649647116661072,1.0422472953796387,-0.05662676319479942,0.11336550116539,0.06549584865570068
-0.02666641771793365,-0.0021671745926141735,0.7872681617736816,0.9989714026451111,0.0014783142833039165,0.016883861273527145,-0.04205730557441712,-0.014256480149924757,0.05853764712810516,0.20970395207405088,0.12303680926561356,-0.13084815442562103,-0.05601682513952255,-0.013050351291894913,-0.032755739986896515,-0.21541805565357208,0.1220923513174057,-0.15871067345142365,0.03255718573927879,-0.06698881089687347,0.001317381509579718,0.10879012197256088,0.02456167340278625,0.16479963064193723,-0.1719366759061813,1.30755877494812,-0.047238949686288834,-0.038252614438533776,0.03504359722137451,0.07545741647481918,-0.20079810917377472,0.5781440734863281,1.0250632762908936,-0.07951508462429047,0.11731187999248505,0.05305223912000656
-0.026016566902399063,-0.0030099085997790094,0.7870522737503051,0.9992418289184569,0.0010192570043727756,0.01567084528505802,-0.035625480115413666,-0.015102002769708632,0.05864623561501503,0.19741240143775937,0.1271190196275711,-0.1324076950550079,-0.05609586462378502,-0.006758962757885456,-0.033102646470069885,-0.22897501289844513,0.12245354801416396,-0.16276387870311737,0.029932430014014244,-0.07015908509492874,-0.005729865282773972,0.1136452704668045,-0.001603237469680607,0.20104862749576569,-0.18963852524757385,1.3232570886611938,-0.06277008354663849,-0.039069794118404395,0.04109612479805946,0.07041486352682114,-0.22322243452072144,0.5783258080482483,0.998970925807953,-0.08921081572771072,0.11884646117687224,0.03503287211060524
-0.0253298394382,-0.0037396315019577746,0.7870870828628541,0.9993493556976318,0.0007060664938762784,0.015223222784698008,-0.032689619809389114,-0.015885790809988976,0.05950440093874931,0.19126844406127927,0.1305706351995468,-0.13409830629825592,-0.05547408014535904,-0.003351210383698344,-0.03232989460229874,-0.23583570122718808,0.12200985848903656,-0.16388791799545288,0.028292156755924225,-0.0719674676656723,-0.012978624552488329,0.11613336950540543,-0.016757365316152573,0.23662835359573364,-0.1974480301141739,1.336476683616638,-0.07940024882555008,-0.037264369428157806,0.04389766231179237,0.06363513320684433,-0.24472634494304657,0.5730183720588684,0.9668651819229125,-0.09570559859275818,0.11803837865591048,0.022176166996359825
-0.024513857439160344,-0.004236671607941389,0.7872394323348998,0.9993317723274232,0.00044212475768290466,0.015282630920410156,-0.033199261873960495,-0.015415942296385763,0.06102823466062546,0.19160088896751404,0.1326370984315872,-0.13599202036857605,-0.05566246807575226,-0.0022175339981913567,-0.030818872153759,-0.23655985295772552,0.12114078551530838,-0.16335292160511017,0.0281806755810976,-0.07186619192361832,-0.01973910443484783,0.116448312997818,-0.022138450294733047,0.2695423662662506,-0.19867736101150513,1.3470743894577026,-0.09553739428520201,-0.032510727643966675,0.04155854880809784,0.053832896053791046,-0.2663974463939667,0.5678020715713501,0.9282434582710266,-0.10611497610807417,0.11694520711898804,0.016771873459219933
-0.023494062945246696,-0.004539287183433771,0.7873964905738831,0.9991985559463502,0.0001271526125492528,0.0154513418674469,-0.03692510724067688,-0.01252591423690319,0.06330841034650803,0.19810873270034793,0.13331913948059082,-0.13890410959720612,-0.05654316022992134,-0.002355398843064904,-0.028717657551169395,-0.23131439089775083,0.12004174292087554,-0.16170813143253326,0.028411965817213055,-0.06974045932292938,-0.02565249614417553,0.11528204381465912,-0.01932389847934246,0.3017374277114868,-0.19667060673236847,1.3532530069351196,-0.11128132045269012,-0.02545076608657837,0.035638447850942605,0.040250115096569054,-0.29279279708862305,0.5616706609725952,0.8768526911735535,-0.12223073095083235,0.11702887713909148,0.01405311282724142
-0.02229432575404644,-0.004584597889333963,0.7875044345855712,0.9989253878593444,-0.0002785855031106621,0.01549619808793068,-0.04367878288030624,-0.006684171501547097,0.06628392636775969,0.2104898393154144,0.13281509280204773,-0.14320889115333557,-0.057621058076620095,-0.0035566643346101046,-0.02604176104068756,-0.22075507044792173,0.11976827681064604,-0.15925841033458707,0.028474068269133568,-0.0657915323972702,-0.029730381444096565,0.11307362467050552,-0.007274971343576909,0.33215320110321045,-0.18620458245277405,1.3482080698013303,-0.12873061001300812,-0.01720368303358555,0.03220842033624649,0.023162275552749637,-0.32549768686294556,0.5428206324577332,0.8100831508636473,-0.13384407758712769,0.11725127696990965,0.005448663607239723
-0.020918291062116623,-0.004433599766343832,0.7875016331672668,0.998510003089905,-0.0007709188503213226,0.015294715762138367,-0.0523763783276081,0.001809248118661344,0.06951215118169785,0.22565026581287384,0.13087117671966553,-0.14871996641159055,-0.05898165330290794,-0.004826722200959921,-0.022832749411463737,-0.2070869207382202,0.12015261501073836,-0.1570240706205368,0.02879774570465088,-0.06041683629155159,-0.03136202320456505,0.10998398810625076,0.01332906074821949,0.3592621088027954,-0.15362758934497833,1.322845697402954,-0.15849921107292175,-0.012535413727164268,0.03960856422781944,0.00653286324813962,-0.3628474473953247,0.4918873906135559,0.7260826826095581,-0.11916878819465636,0.11358534544706345,-0.01681647263467312
-0.019401127472519875,-0.004175799898803233,0.7874151468276978,0.9979621767997741,-0.0014075106009840963,0.014766755513846874,-0.06205962598323823,0.012004901655018328,0.0729198306798935,0.2409278899431229,0.1279641091823578,-0.15489844977855682,-0.06008310616016388,-0.005474344361573458,-0.01883891597390175,-0.19189667701721191,0.12084250897169112,-0.15515093505382535,0.029461532831192017,-0.05344914644956589,-0.030247131362557408,0.10664016008377077,0.04411019757390022,0.38264924287796015,-0.08639785647392273,1.259240984916687,-0.225975438952446,-0.017266858369112015,0.07098650932312012,-0.003623019671067595,-0.4008398354053497,0.39814841747283936,0.6202308535575867,-0.0460057407617569,0.09934284538030624,-0.059356532990932465
-0.017727162688970562,-0.00400786055251956,0.7872799634933471,0.9973220825195312,-0.0023827527184039354,0.013807425275444984,-0.07177982479333878,0.023002181202173237,0.07737178355455399,0.25604912638664246,0.12529650330543518,-0.16128844022750854,-0.06107622757554054,-0.0046645686961710444,-0.013966621831059456,-0.177271768450737,0.12056267261505126,-0.15268467366695404,0.029926199465990063,-0.04425974190235138,-0.0263567678630352,0.1035366952419281,0.0868271067738533,0.40194129943847656,0.008340527303516865,1.1332030296325684,-0.35086631774902344,-0.03483128920197487,0.13605527579784393,-0.0046927775256335735,-0.4350001513957977,0.26616305112838745,0.48483368754386896,0.13071241974830627,0.06775207817554474,-0.12542125582695007
-0.01596919447183609,-0.004111753776669502,0.7870879173278807,0.996757924556732,-0.003559641307219863,0.012218233197927473,-0.07944636046886445,0.03344470635056496,0.08220082521438599,0.268451064825058,0.12417815625667572,-0.1677531599998474,-0.06147317960858345,-0.0012884361203759909,-0.009710471145808697,-0.16728727519512177,0.11918486654758452,-0.1513044387102127,0.029866982251405716,-0.036340609192848206,-0.02069704420864582,0.10016295313835144,0.1252368539571762,0.41914331912994385,0.0895579382777214,0.9650171399116515,-0.4787417650222778,-0.06194810569286346,0.21430067718029025,-0.007803711574524642,-0.4594168961048126,0.1260906606912613,0.33309122920036316,0.4202863872051239,0.022224232554435727,-0.20055291056632996
-0.014234909787774086,-0.004336196929216385,0.7868160009384155,0.9963262677192689,-0.004750366788357496,0.00973859429359436,-0.08495019376277924,0.04421764612197876,0.08625572174787521,0.27748775482177734,0.12424609065055849,-0.1756656318902969,-0.06135981157422066,0.005677726585417986,-0.006111341528594494,-0.16028970479965207,0.11803870648145676,-0.1531163305044174,0.03015787526965141,-0.03180821239948273,-0.01496262289583683,0.09690432250499725,0.1486239731311798,0.4363022148609161,0.15683913230895996,0.7670280337333678,-0.5873205065727234,-0.09782582521438599,0.2871759831905365,-0.03181575983762741,-0.47204312682151794,-0.0002209178783232346,0.1729244887828827,0.7251579165458678,-0.03372275456786156,-0.27347803115844727
-0.01268376875668764,-0.004508469253778458,0.7865241169929504,0.9960152506828307,-0.005916123744100332,0.005954230669885874,-0.08878687769174576,0.05746357515454292,0.08912310749292372,0.2838752269744873,0.1254877597093582,-0.184660404920578,-0.06253029406070709,0.015990449115633965,-0.0028572005685418844,-0.15451189875602722,0.1175018846988678,-0.1581953316926956,0.03143684193491936,-0.02911916933953762,-0.009492553770542145,0.09597331285476685,0.14646476507186887,0.4526694416999817,0.2166787385940552,0.5479246973991394,-0.6998124718666077,-0.1264546364545822,0.33613723516464233,-0.08369757980108261,-0.4806832671165466,-0.09419102966785432,0.02257709205150604,0.9551217555999757,-0.089938685297966,-0.326426237821579
-0.011228401213884352,-0.004607309587299824,0.786255955696106,0.9957597255706787,-0.0071432339027524,0.0009531398536637424,-0.09170958399772643,0.07335946708917618,0.09125997126102448,0.28896790742874146,0.12814362347126007,-0.19297073781490323,-0.06495671719312668,0.029120372608304024,-0.00025700224796310067,-0.1507500559091568,0.11773335188627244,-0.16596490144729614,0.03401297330856323,-0.02694002538919449,-0.0035480861552059646,0.09748254716396333,0.10875574499368668,0.47237014770507807,0.262739896774292,0.3385916650295257,-0.8193090558052064,-0.13797922432422635,0.3312170207500458,-0.16309374570846555,-0.49128058552742,-0.13758982717990875,-0.10077426582574844,1.1147143840789795,-0.12888917326927185,-0.36642780900001526
-0.00971589982509613,-0.004722076468169689,0.7859231233596802,0.9956231713294984,-0.008194477297365665,-0.004522927105426788,-0.0929884985089302,0.08905481547117233,0.09281956404447556,0.29154056310653687,0.13261795043945312,-0.2006584852933884,-0.06719182431697845,0.04408420249819756,0.0004670329508371651,-0.15207350254058835,0.1194878965616226,-0.17530132830142975,0.036817464977502816,-0.0262009147554636,0.002017839578911662,0.09867829084396361,0.0343802347779274,0.5044468641281128,0.26659354567527765,0.1736343502998352,-0.9276378154754639,-0.1493610143661499,0.27827200293540955,-0.2592373788356781,-0.5063832402229309,-0.1201201006770134,-0.1971062421798706,1.2198405265808103,-0.1484924703836441,-0.3804098665714264
-0.008061852306127548,-0.00499425595626235,0.7854574322700499,0.9956660270690917,-0.00879923440515995,-0.009233622811734675,-0.09212221950292589,0.10041138529777525,0.09374164044857024,0.29108378291130066,0.13833899796009064,-0.20733468234539032,-0.06787485629320145,0.0580090768635273,-0.0010400296887382865,-0.1583881676197052,0.12265413999557497,-0.1840701848268509,0.03880886733531952,-0.028542878106236454,0.0054862648248672485,0.09686955064535141,-0.06348855793476105,0.5582622289657593,0.2086949646472931,0.06387798488140106,-1.0035080909729004,-0.151539146900177,0.22109182178974152,-0.3524853587150574,-0.5275599360466003,-0.03522535040974617,-0.25954025983810425,1.2786411046981812,-0.14499694108963013,-0.34725406765937805
-0.005924555473029613,-0.005589019041508436,0.7849423289299011,0.9959039688110352,-0.00906647089868784,-0.01263558305799961,-0.08906999230384825,0.10623902082443236,0.09390611946582794,0.28751254081726074,0.14388763904571533,-0.21317490935325625,-0.06689655780792236,0.0699981153011322,-0.003604569006711245,-0.16668137907981873,0.1258226782083511,-0.19033138453960416,0.03883593529462814,-0.03469361737370491,0.006895484868437052,0.09091389179229736,-0.1645602136850357,0.6440665125846863,0.08482450991868973,-0.02043934725224972,-1.0574588775634763,-0.12602342665195465,0.17260663211345673,-0.42421355843544006,-0.5630906820297241,0.12237395346164703,-0.3019579946994781,1.314233899116516,-0.1186165064573288,-0.24900296330451965
-0.002667382825165987,-0.0064246514812111855,0.7844790816307069,0.9963534474372864,-0.008996090851724148,-0.014417199417948723,-0.08361178636550902,0.11007432639598846,0.09225405752658847,0.28016260266304016,0.14534640312194824,-0.2177376300096512,-0.0654318705201149,0.0808778628706932,-0.006635865196585655,-0.17644065618515015,0.12638556957244873,-0.19430069625377652,0.03578809276223183,-0.043976005166769035,0.00568504398688674,0.07940900325775145,-0.2333238571882248,0.7633252143859862,-0.08510757982730865,-0.15521179139614105,-1.0769221782684326,-0.09002573043107985,0.14513017237186432,-0.4441014528274536,-0.6289048194885254,0.34223899245262146,-0.3794303238391876,1.3009624481201172,-0.1307612508535385,-0.13841769099235535
0.0017937957309186459,-0.007302173413336277,0.7840425968170166,0.9970036149024963,-0.008313642814755438,-0.015833817422389984,-0.07525891810655594,0.1160985082387924,0.08791088312864302,0.2655241787433624,0.14270085096359253,-0.21962641179561612,-0.06515292078256607,0.0945620983839035,-0.010788138955831528,-0.1892448961734772,0.12387781590223312,-0.1976359337568283,0.03325509652495384,-0.05667932704091072,0.00013809060328640044,0.06640242040157318,-0.2544654905796051,0.9056792855262755,-0.2778116762638092,-0.3937808275222778,-1.002737522125244,-0.07428222894668579,0.12153589725494383,-0.4065073728561401,-0.738691508769989,0.594817578792572,-0.5312179923057556,1.1699423789978027,-0.21171849966049197,-0.06956808269023895
0.007020654622465372,-0.007986916229128838,0.7834602594375609,0.9976950287818909,-0.007014747709035873,-0.01784866489470005,-0.06509102880954742,0.12532396614551544,0.08045408129692076,0.24167637526988983,0.13920281827449799,-0.21902760863304135,-0.06690458208322525,0.112615630030632,-0.015533843077719212,-0.20519492030143735,0.11959082633256912,-0.20260126888751984,0.033962879329919815,-0.06920445710420609,-0.007755562663078307,0.05704811215400696,-0.24036771059036252,1.0578095912933347,-0.4939451217651367,-0.7053468227386475,-0.7413895726203918,-0.08324026316404343,0.06482415646314621,-0.32618650794029236,-0.8984876871109008,0.8276094794273376,-0.7060661911964417,0.8988658189773558,-0.27966469526290894,-0.0521293580532074
0.012164147570729256,-0.008323252201080322,0.7826957702636719,0.9983634352684021,-0.005847064312547444,-0.019377702847123143,-0.05348724499344826,0.13421566784381866,0.07147182524204254,0.21192073822021484,0.1367834061384201,-0.22069302201271057,-0.06935641914606094,0.12828004360198975,-0.019433019682765007,-0.22523400187492368,0.11873768270015717,-0.21102239191532132,0.03512786701321602,-0.08307856321334839,-0.011955087073147295,0.05364645272493362,-0.1861630529165268,1.194310188293457,-0.7108997106552124,-0.998783528804779,-0.2835123836994171,-0.10369815677404404,-0.00359388766810298,-0.16621790826320648,-1.0904678106307983,0.9340459704399107,-0.8368619084358214,0.4830400049686432,-0.29551076889038086,-0.07894784212112425
0.016704488545656204,-0.008221711963415146,0.7824106812477111,0.9989286065101624,-0.004917352925986052,-0.018827112391591072,-0.04198801517486572,0.13569693267345428,0.06586214900016785,0.18911573290824887,0.1365259289741516,-0.2211814373731613,-0.06939566880464554,0.13739575445652008,-0.023120662197470665,-0.24627532064914703,0.11992949992418288,-0.21858735382556915,0.0382956750690937,-0.09627599269151688,-0.013059514574706554,0.05227785930037498,-0.042636673897504807,1.3074615001678467,-0.8134206533432007,-1.179777145385742,0.12316977977752684,-0.11301157623529434,-0.021770639345049855,0.10768300294876099,-1.272623062133789,0.8677443861961364,-0.9279112815856931,0.028979193419218063,-0.2562880218029022,-0.11234712600708008
0.02032262086868286,-0.008395062759518622,0.7821172475814819,0.9992355704307555,-0.0035468537826091047,-0.017575984820723534,-0.034739721566438675,0.13786692917346954,0.06152881681919098,0.1767742484807968,0.1333765834569931,-0.22009621560573575,-0.07209132611751555,0.14295998215675354,-0.027759106829762455,-0.2622257471084595,0.12148770689964294,-0.22748231887817383,0.04275928810238838,-0.10423840582370758,-0.015146252699196339,0.044987555593252175,0.16323041915893555,1.3851978778839111,-0.7998110055923462,-1.2523063421249387,0.4130571186542511,-0.10496652871370316,-0.004521409049630165,0.425550252199173,-1.3821398019790647,0.7280107140541076,-0.9922230839729309,-0.2989972233772278,-0.18739333748817444,-0.11825895309448242
0.022478513419628143,-0.008845848962664604,0.7818013429641724,0.9994326233863831,-0.002265467308461666,-0.0161328949034214,-0.029480215162038803,0.1355775147676468,0.058602076023817055,0.16977213323116302,0.13127534091472623,-0.22142058610916135,-0.07313276827335356,0.14514237642288208,-0.03118088468909264,-0.2733023166656494,0.12233663350343704,-0.2336929142475128,0.04579328373074532,-0.10760222375392912,-0.019414581358432766,0.03449692949652672,0.32714155316352844,1.4035285711288452,-0.7525380849838256,-1.2457480430603027,0.5725449919700624,-0.08994920551776886,0.033352505415678024,0.6338582634925841,-1.392613410949707,0.626613199710846,-1.0138187408447263,-0.47690612077713007,-0.14627434313297272,-0.1126743033528328
0.023296941071748734,-0.009316482581198215,0.7819876670837401,0.9995574355125427,-0.0013740794965997338,-0.014798521995544432,-0.025769604369997975,0.13240563869476318,0.05667068436741829,0.166827455163002,0.12931999564170835,-0.2193780541419983,-0.07261115312576294,0.1449892371892929,-0.032958321273326874,-0.28015029430389404,0.12111871689558028,-0.23392532765865323,0.04888433218002319,-0.10474974662065505,-0.023533565923571583,0.029396420344710354,0.4189162254333496,1.3917782306671143,-0.7252686023712158,-1.229499101638794,0.6675305366516113,-0.07849084585905075,0.07090387493371964,0.7439527511596679,-1.3657418489456177,0.5716730952262878,-1.0284361839294431,-0.5674035549163817,-0.12559203803539276,-0.10694707930088045
0.022948024794459343,-0.009718058630824087,0.7823075056076051,0.999643623828888,-0.0007143262773752213,-0.012940216809511185,-0.023337718099355698,0.12726955115795135,0.055201668292284005,0.1645561307668686,0.12738740444183347,-0.2160681784152985,-0.072150819003582,0.14145879447460175,-0.03378463163971901,-0.28415903449058527,0.12012754380702972,-0.23176139593124387,0.05143111199140549,-0.09829325973987581,-0.02629885077476501,0.02947847917675972,0.46356457471847534,1.3698389530181885,-0.7114813327789307,-1.213763117790222,0.7305153608322142,-0.07399512827396394,0.10611408203840256,0.7938066124916077,-1.3322696685791016,0.5437361598014832,-1.0393154621124268,-0.6169710159301758,-0.11271177977323532,-0.1022880971431732
0.02167815528810024,-0.00999915972352028,0.782678484916687,0.9997120499610899,-0.0002510332269594073,-0.010140138678252695,-0.021745959296822548,0.11888149380683898,0.05394256860017776,0.16204999387264252,0.12579423189163208,-0.21172542870044708,-0.07030660659074783,0.13441546261310575,-0.03433704376220703,-0.2868930697441101,0.11936230212450027,-0.22848598659038544,0.05302697420120239,-0.08875599503517152,-0.028093406930565838,0.032487329095602036,0.47930341958999634,1.3500576019287107,-0.697248101234436,-1.1965458393096924,0.7811289429664611,-0.07762955129146576,0.14471375942230225,0.8059068918228148,-1.3027002811431885,0.5208590626716614,-1.0355520248413084,-0.6475105881690979,-0.10364123433828352,-0.10170529782772064
0.01975053921341896,-0.010144444182515144,0.7831540703773497,0.9997681379318237,-7.52094274503179e-05,-0.006536297965794802,-0.020518906414508816,0.10752923786640169,0.0534539371728897,0.16071809828281403,0.12541349232196808,-0.20592543482780457,-0.06661292165517807,0.12507684528827667,-0.034765496850013726,-0.28986987471580505,0.11795724183321,-0.22435814142227167,0.05346617475152016,-0.07730469107627869,-0.030412597581744198,0.036949463188648224,0.4863675236701965,1.3386532068252563,-0.6610708236694336,-1.1706910133361816,0.8324291706085205,-0.08210510760545729,0.1918025314807892,0.7888923287391663,-1.2753781080245972,0.49284428358078,-0.996442139148712,-0.6716839671134949,-0.09369133412837982,-0.10721426457166672
0.017446810379624367,-0.01016394980251789,0.7836555242538451,0.9998002648353576,-0.0001228508335771039,-0.0031273653730750084,-0.019741112366318703,0.09555304795503616,0.053768191486597054,0.1614547222852707,0.1266326904296875,-0.20008353888988492,-0.06205757707357407,0.1148577332496643,-0.035611916333436966,-0.2937163114547729,0.116505429148674,-0.22000345587730408,0.05286525189876556,-0.0655498206615448,-0.033947281539440155,0.043150655925273895,0.5045650005340576,1.3346986770629883,-0.5902649760246277,-1.128942847251892,0.9021759629249572,-0.07490567117929457,0.2541157007217407,0.7580429315567015,-1.2405359745025635,0.4612843990325928,-0.911977171897888,-0.7168172001838684,-0.07345051318407057,-0.11899986863136292
0.01491972990334034,-0.00988287292420864,0.7841705679893493,0.9997988343238831,-0.0005213255062699318,0.0002793351886793971,-0.02004729025065899,0.08319423347711563,0.054874837398529046,0.16363303363323212,0.12797498703002927,-0.19401605427265167,-0.05780430510640144,0.1028611585497856,-0.03647837042808533,-0.2956653833389282,0.11563725769519805,-0.21461661159992215,0.051357854157686234,-0.053770773112773895,-0.0379011295735836,0.04923497885465621,0.5450626611709595,1.33540940284729,-0.4867671728134155,-1.0783013105392456,0.9797704219818115,-0.046449411660432816,0.32143571972846985,0.7255234718322755,-1.1938972473144531,0.4402901530265808,-0.8002100586891174,-0.7727077603340149,-0.0465080700814724,-0.13882336020469663
0.012207980267703531,-0.009266188368201256,0.7847139239311217,0.9997427463531494,-0.0014020371017977595,0.0037518257740885015,-0.022323282435536385,0.07158389687538147,0.056613057851791375,0.1660754233598709,0.12723366916179657,-0.1891476213932037,-0.0560186356306076,0.08874282240867615,-0.035870812833309174,-0.29333388805389404,0.1153416708111763,-0.20878121256828308,0.04887600243091583,-0.0403992272913456,-0.04105954989790917,0.05382896214723587,0.5892115831375122,1.3276264667510986,-0.38071069121360773,-1.0235638618469238,1.0231859683990479,-0.0017345109954476357,0.37302055954933167,0.7002632021903992,-1.1383094787597656,0.4292695224285126,-0.6938806176185608,-0.7957702279090881,-0.02714022807776928,-0.1576671600341797
0.009218278340995312,-0.008458161726593971,0.7851630449295045,0.9996661543846129,-0.002414087997749448,0.0072014774195849895,-0.02469541132450104,0.0597553625702858,0.058563120663166046,0.1688207983970642,0.1249195411801338,-0.18547573685646057,-0.0561184361577034,0.07412786036729811,-0.03451129421591759,-0.28974929451942444,0.11536843329668044,-0.2037373185157776,0.046599876135587685,-0.02756121754646301,-0.043364331126213074,0.05901247262954712,0.5983384251594543,1.284602642059326,-0.31152006983757013,-0.9413135647773743,1.0275518894195557,0.04087593778967857,0.4034983813762665,0.6756071448326111,-1.069099187850952,0.42241135239601135,-0.5915188789367676,-0.7802971005439758,-0.01947055570781231,-0.17402903735637665
0.0061259567737579354,-0.007447945885360242,0.7854997515678405,0.999598741531372,-0.0030760399531573057,0.010425765067338943,-0.02615763247013092,0.04780540242791176,0.059684146195650094,0.17233209311962128,0.1226796880364418,-0.18111242353916168,-0.05627923086285591,0.06110512465238571,-0.03407551348209381,-0.28732410073280334,0.11516063660383224,-0.19805790483951569,0.046034839004278176,-0.017884118482470512,-0.045904695987701416,0.06559702754020691,0.5717710852622986,1.202543020248413,-0.27915093302726746,-0.8203763961791992,1.0101289749145508,0.07609812915325165,0.41500112414360046,0.6363667845726013,-0.9869208931922911,0.42538160085678095,-0.48305702209472656,-0.7409570217132568,-0.01630588248372078,-0.1847771257162094
0.0032111555337905884,-0.006349425297230481,0.7858222723007202,0.9995385408401488,-0.0035284848418086767,0.013161828741431236,-0.027149979025125504,0.03654384613037109,0.06039152666926384,0.1755744367837906,0.12186475098133089,-0.1758863627910614,-0.055445093661546714,0.05037080496549606,-0.033922839909791946,-0.2855272591114044,0.11484921723604202,-0.19191418588161469,0.046663131564855576,-0.012227632105350494,-0.048356112092733376,0.07323885709047316,0.5255752801895142,1.1026097536087036,-0.26950088143348694,-0.6738212704658508,0.9742531776428223,0.100755974650383,0.4170300364494324,0.5798104405403137,-0.9009584784507751,0.43606933951377863,-0.36824119091033936,-0.6846984028816223,-0.015891484916210175,-0.1907583773136139
0.000650736503303051,-0.005328806582838297,0.786113202571869,0.9994851350784301,-0.0038643961306661367,0.014795129187405108,-0.028205992653965953,0.0276320893317461,0.06064287573099136,0.17840780317783356,0.12272168695926666,-0.17100566625595093,-0.054336298257112496,0.04232870787382126,-0.03376445919275284,-0.2827629745006561,0.11457329243421555,-0.1865573823451996,0.047583848237991326,-0.009694939479231834,-0.049874447286129,0.0810263082385063,0.47218596935272217,1.006938338279724,-0.2690372169017792,-0.5193485021591187,0.9165923595428466,0.11432685703039168,0.42165073752403254,0.5096269845962524,-0.8178563117980957,0.4474328756332397,-0.250606894493103,-0.6156842112541199,-0.017975905910134315,-0.19878895580768585
-0.0015708657447248695,-0.0043699340894818315,0.78627210855484,0.9994470477104189,-0.004106746520847081,0.01540240179747343,-0.02917923033237457,0.02112378925085068,0.0604034923017025,0.18016959726810453,0.12458771467208862,-0.1678384691476822,-0.05412346497178078,0.03646202757954597,-0.033697545528411865,-0.27941209077835083,0.11488843709230422,-0.1828284710645676,0.04821254312992096,-0.00944522488862276,-0.050117027014493935,0.08804075419902802,0.42052376270294184,0.9212738275527954,-0.26858940720558167,-0.36546966433525085,0.8373433351516724,0.11978985369205473,0.42202243208885193,0.4361481964588165,-0.740098237991333,0.45164138078689575,-0.13276326656341553,-0.5331244468688965,-0.021338680759072304,-0.2098502069711685
-0.003525778651237488,-0.003429017262533307,0.786296010017395,0.9994221925735473,-0.00419900007545948,0.01553953904658556,-0.02993485890328884,0.016240565106272697,0.059877727180719376,0.18125140666961667,0.12670210003852844,-0.16590020060539243,-0.05453837662935257,0.031890228390693665,-0.03385918214917183,-0.2760508358478546,0.11578187346458436,-0.18066057562828064,0.048615645617246635,-0.01037315372377634,-0.04973173141479492,0.09385296702384947,0.3717844188213348,0.8458912968635558,-0.26842954754829407,-0.2135341912508011,0.7499364018440247,0.11917898058891296,0.4111450910568237,0.3652527928352356,-0.6672182679176331,0.44632312655448914,-0.014907151460647585,-0.4363672435283661,-0.02572662755846977,-0.2242439091205597
-0.005251390393823384,-0.0024994213599711657,0.7862058281898497,0.9994058012962339,-0.004271185025572777,0.015506768599152563,-0.030484879389405247,0.012374024838209152,0.059602316468954086,0.18227164447307584,0.12867967784404755,-0.1650029420852661,-0.0551726296544075,0.028096117079257965,-0.034167416393756866,-0.2726212441921234,0.1170411631464958,-0.17923687398433685,0.04867450147867202,-0.01176526676863432,-0.04868247732520104,0.09900305420160291,0.32266515493392944,0.7779028415679932,-0.27225059270858765,-0.056275282055139535,0.6656535267829895,0.112068310379982,0.39331018924713135,0.2975485324859619,-0.596641480922699,0.4334713518619537,0.10582219064235689,-0.325449675321579,-0.03256735205650329,-0.24302971363067624
-0.0066208462230861196,-0.001646141055971384,0.785995602607727,0.9993961453437805,-0.004224450327455997,0.015382274985313416,-0.030869364738464355,0.00969089474529028,0.0592113584280014,0.18357564508914948,0.13052965700626373,-0.16512754559516907,-0.05539562553167343,0.025359481573104855,-0.03491072729229927,-0.26981237530708313,0.11832082271575928,-0.17861172556877136,0.04851941764354706,-0.01365748420357704,-0.04714753106236458,0.10397565364837646,0.27104300260543823,0.7159315347671509,-0.2833198606967926,0.10697788745164873,0.5893619656562805,0.10281477868556976,0.3701742589473724,0.23368993401527405,-0.5296395421028137,0.41792264580726624,0.2266024947166443,-0.20955432951450348,-0.03732786327600479,-0.26323652267456055
-0.00768598448485136,-0.0008128062472678722,0.7857853174209594,0.99939888715744,-0.004033335018903017,0.015482042916119099,-0.030755372717976567,0.007214896846562624,0.057886675000190735,0.18321228027343753,0.131484255194664,-0.1653103530406952,-0.05399493500590325,0.023020872846245766,-0.03616130352020264,-0.2685131132602692,0.11966829746961592,-0.1784130185842514,0.04764645546674728,-0.01579156517982483,-0.04575345665216446,0.10716257989406584,0.22065217792987823,0.665556788444519,-0.30532434582710266,0.25464093685150146,0.5346994400024414,0.09660640358924864,0.34220072627067566,0.1787429004907608,-0.47490140795707697,0.4096236526966095,0.33382403850555414,-0.11953208595514296,-0.0367908738553524,-0.27538543939590454
-0.008499681949615479,5.019089439883828e-05,0.785710573196411,0.9994038939476013,-0.0037897510919719934,0.01627146266400814,-0.030212273821234703,0.00398912513628602,0.05546142160892487,0.18085704743862152,0.13087832927703855,-0.16409143805503845,-0.051114924252033234,0.020582091063261032,-0.03743091970682144,-0.2679760754108429,0.12017311155796052,-0.1767912358045578,0.04643037915229797,-0.017514854669570923,-0.04488245770335197,0.10775518417358398,0.1752634197473526,0.6278234124183655,-0.3362206518650055,0.3682556748390198,0.5006827116012573,0.0917065292596817,0.3128180205821991,0.13251645863056183,-0.4384526312351226,0.417835146188736,0.4215561747550964,-0.06998258829116821,-0.03522498533129692,-0.27547121047973633
-0.009081484749913216,0.0009057429851964115,0.7857850193977357,0.9994142055511473,-0.0035805839579552408,0.01716655120253563,-0.029389167204499245,0.0011284570209681988,0.052628420293331146,0.17731671035289764,0.12977413833141327,-0.16261552274227142,-0.04746707528829575,0.01906832493841648,-0.03843952715396881,-0.268296092748642,0.11926355212926865,-0.17387713491916656,0.045909088104963296,-0.01757783070206642,-0.04381206631660461,0.10713877528905869,0.13531382381916046,0.6011465787887573,-0.3745275735855103,0.43816617131233215,0.4777209758758545,0.08224679529666899,0.28283625841140747,0.09436693042516707,-0.42111849784851074,0.4429959952831268,0.48900541663169855,-0.04539792984724045,-0.03706500679254532,-0.26640984416007996
-0.009431331418454649,0.001661813352257013,0.7858926057815551,0.9994391798973085,-0.0033768890425562854,0.017339276149868965,-0.0284463781863451,-0.00010089288844028488,0.050227109342813485,0.17483836412429807,0.12863531708717346,-0.16098257899284363,-0.04413194581866264,0.018896088004112244,-0.03972328826785088,-0.26984000205993647,0.1180950254201889,-0.17159736156463623,0.04613576084375381,-0.016606805846095085,-0.04203115403652191,0.10698956996202467,0.10236363112926485,0.5845739245414734,-0.41848272085189814,0.47106605768203735,0.461451917886734,0.06558780372142792,0.2561752796173096,0.0644618421792984,-0.4178909063339233,0.4791877567768097,0.5379467606544496,-0.03589592128992081,-0.04491427913308144,-0.253130316734314
-0.00974223855882883,0.002367300447076559,0.7859488129615783,0.9994844794273376,-0.0030316973570734262,0.016686901450157166,-0.02725930698215961,0.0004939226782880723,0.04804926365613937,0.17324030399322507,0.12727148830890656,-0.15926271677017212,-0.042367830872535706,0.020402811467647552,-0.041862670332193375,-0.273345947265625,0.11802992224693298,-0.17172197997570035,0.0474129430949688,-0.015827680006623268,-0.040120236575603485,0.10866501182317732,0.07392052561044693,0.5739341974258423,-0.4662919342517853,0.4869209229946136,0.4521136283874512,0.04892292991280556,0.23988929390907288,0.04196595773100853,-0.4189395308494568,0.5177081227302551,0.574653387069702,-0.03717043623328209,-0.054145194590091705,-0.24082881212234497
-0.010084733366966248,0.0030050899367779493,0.7859405279159546,0.9995170831680298,-0.0024154563434422016,0.015547117218375204,-0.02679545246064663,0.004004274960607289,0.04625822976231575,0.17418938875198364,0.12518146634101868,-0.15794867277145383,-0.04230392351746559,0.02276129275560379,-0.04437709972262383,-0.2758266627788544,0.11946878582239152,-0.17399466037750244,0.05037426948547363,-0.015429642051458359,-0.03925659507513046,0.11119645833969116,0.050721701234579086,0.5621719956398009,-0.5084229707717896,0.5007773637771606,0.4477218389511108,0.0423249751329422,0.23799015581607816,0.025133155286312103,-0.4165498316287994,0.5527045130729675,0.6035704612731934,-0.03648334369063377,-0.05536724999547005,-0.23019701242446897
