0.027215898036956787,-0.0592784658074379,0.7839317321777343,0.9997034072875975,-0.006047353148460388,-0.02299879863858223,0.005247578490525484,-0.09225918352603912,0.11731528490781784,0.04611858353018761,0.2769604027271271,-0.1412968635559082,-0.1826647371053696,0.08234206587076187,-0.07973480969667433,-0.2582908868789673,0.16897517442703247,-0.19837647676467893,0.08737338334321974,0.030611662194132805,0.020431190729141235,0.1678452044725418,0.11847488582134245,0.31210610270500183,-0.4352493286132813,0.9844298958778381,0.08833467215299606,0.06888607144355774,0.12384099513292313,-0.00934463832527399,-0.30590468645095825,0.6592533588409424,0.9142931699752808,-0.31558719277381897,0.036990467458963394,-0.03832489997148514
0.02366973832249641,-0.058380302041769035,0.7827212810516356,0.9997061491012573,-0.00902270432561636,-0.022478602826595303,0.0009110100218094883,-0.1181519627571106,0.12922042608261108,0.05375008285045624,0.3252418637275696,-0.16036397218704224,-0.18360686302185056,0.06098712235689163,-0.07880554348230363,-0.25110396742820734,0.20095635950565335,-0.20770217478275296,0.08836791664361954,0.03478195145726204,0.028741285204887394,0.17719265818595886,0.12649358808994293,0.3085145354270935,-0.41489583253860474,0.9585306048393248,0.08705601096153259,0.07114731520414352,0.13233256340026855,-0.006272897589951754,-0.31340426206588745,0.6458224654197693,0.9022507071495056,-0.3167789876461029,0.04210891202092171,-0.0450826995074749
0.01917942240834236,-0.05643005669116974,0.780952215194702,0.99960720539093,-0.013708727434277534,-0.023475438356399536,-0.006814305204898119,-0.15455250442028043,0.14706452190876007,0.06409815698862076,0.40170398354530334,-0.1893863528966904,-0.18279391527175903,0.032697681337594986,-0.07570216059684753,-0.23850524425506592,0.24629564583301544,-0.2189151793718338,0.08887554705142976,0.039918024092912674,0.040254540741443634,0.19435542821884155,0.1398462951183319,0.29932716488838196,-0.37898638844490046,0.9220770597457885,0.08543488383293152,0.06855835765600204,0.1529761254787445,-0.004549848847091198,-0.3224831223487854,0.6305861473083496,0.8822688460350036,-0.3051043450832367,0.043886978179216385,-0.052818603813648224
0.014497747644782066,-0.05228997766971588,0.7788034081459044,0.9993066787719727,-0.018459225073456764,-0.025027409195899963,-0.020470406860113144,-0.19859708845615384,0.16345635056495667,0.066510871052742,0.4976012408733368,-0.22199617326259613,-0.17348915338516235,-0.0015359994722530244,-0.07213272899389267,-0.21079821884632113,0.2966212630271912,-0.2250763922929764,0.0896312892436981,0.04544166848063469,0.049938321113586426,0.21769943833351132,0.1615450233221054,0.28395405411720276,-0.32765060663223267,0.8812853693962097,0.07167377322912216,0.059025578200817115,0.18478891253471372,0.0012287429999560116,-0.32963007688522333,0.6122669577598572,0.8605652451515197,-0.2918674349784851,0.04345719888806343,-0.06509896367788315
0.009610021486878397,-0.04655705764889717,0.7772793173789978,0.9986280798912048,-0.020316455513238903,-0.024867143481969837,-0.041361894458532326,-0.24712274968624115,0.14430874586105347,0.017933838069438934,0.5785752534866333,-0.2525571584701538,-0.17099863290786743,-0.04509999230504036,-0.07019486278295517,-0.16460564732551575,0.34543609619140625,-0.22489666938781736,0.09274747967720032,0.05097341164946556,0.04984942823648453,0.24359352886676788,0.1808800846338272,0.26700764894485474,-0.27963897585868835,0.8447360396385194,0.053610362112522125,0.050159845501184464,0.21489270031452176,0.002843153662979603,-0.33139941096305847,0.5882213115692139,0.8344584107398986,-0.2779892981052398,0.040053725242614746,-0.07609958201646803
0.003957459703087808,-0.03917238116264343,0.7763514518737794,0.9970365762710572,-0.02143027260899544,-0.021223563700914383,-0.07076960802078247,-0.2886731326580048,0.08281211555004118,-0.09447892755270003,0.6194190979003905,-0.2589245140552521,-0.1881700903177261,-0.09938973188400269,-0.061047840863466256,-0.10183731466531752,0.3834488987922669,-0.216545969247818,0.09762981534004211,0.05515410378575325,0.04194111004471778,0.27153268456459045,0.18763835728168488,0.2563258111476898,-0.2534050643444061,0.8137051463127136,0.03896057233214378,0.04584945365786552,0.2342633605003357,0.007510123774409294,-0.32275170087814326,0.55804044008255,0.802259922027588,-0.26249727606773376,0.03582719713449478,-0.0853269025683403
-0.0023025069385766983,-0.029706448316574097,0.7752044796943665,0.9934883713722227,-0.024639224633574482,-0.014213789254426956,-0.110325887799263,-0.3099721670150757,0.04433411359786987,-0.17074239253997803,0.6140840649604796,-0.24246062338352203,-0.20345178246498108,-0.16058723628520963,-0.03694431111216545,-0.02670006453990936,0.4074998497962952,-0.1958947330713272,0.10492603480815887,0.054875265806913376,0.03132320195436478,0.2992359697818756,0.17611348628997803,0.25959867238998413,-0.2548137903213501,0.7797262072563171,0.040585443377494805,0.04810993000864983,0.24337881803512573,0.017664514482021332,-0.3055799603462219,0.5254203677177429,0.7631889581680298,-0.24194845557212827,0.03080462478101253,-0.09160704910755155
-0.008132094517350195,-0.018498597666621208,0.7738812565803527,0.9870114922523497,-0.028951914981007573,-0.006721522193402052,-0.15787628293037415,-0.315753698348999,0.07115577161312103,-0.1305674910545349,0.5823448896408081,-0.23799556493759155,-0.17622973024845123,-0.21546466648578644,-0.0017853543395176528,0.05522786825895309,0.4117686748504639,-0.1600343883037567,0.11560470610857008,0.04394736886024475,0.015241804532706736,0.32387518882751465,0.1473160982131958,0.2828664481639862,-0.2839774191379547,0.7482076287269592,0.05257783830165863,0.050310302525758736,0.2475822865962982,0.025201233103871346,-0.28733018040657043,0.4953888952732086,0.7279899120330809,-0.20782154798507688,0.02461615018546581,-0.08859582245349885
-0.01537620648741722,-0.005440952256321907,0.772260010242462,0.9779915809631348,-0.03053006343543529,0.0008328530821017922,-0.20639678835868835,-0.33148670196533203,0.12411001324653624,-0.018998172134160995,0.5870290398597717,-0.2459949404001236,-0.11473312228918076,-0.26453694701194763,0.03548683971166611,0.1442849040031433,0.40101417899131775,-0.11106056720018385,0.1360994279384613,0.017612069845199585,-0.0124847749248147,0.3430861234664917,0.09968260675668716,0.3327036201953888,-0.332406610250473,0.7327197194099425,0.052735764533281326,0.03852571919560432,0.2457885891199112,0.030594751238822937,-0.27380919456481934,0.4714526534080505,0.7063204050064087,-0.173422634601593,0.015124468132853508,-0.08399263769388199
-0.02275886014103889,0.0071666091680526725,0.7712853550910949,0.9679371714591982,-0.028753126040101048,0.005799978971481323,-0.24947376549243927,-0.34737384319305414,0.15793210268020627,0.06480661034584045,0.5994085669517517,-0.24132804572582245,-0.08306244015693665,-0.29362422227859497,0.06433419138193129,0.22678452730178836,0.3702256083488464,-0.05949552357196808,0.17314296960830688,-0.01558337826281786,-0.049587063491344445,0.3621431291103363,0.02412733808159828,0.417815238237381,-0.41452282667160034,0.7364290356636046,0.05023832619190216,0.01380800362676382,0.22256571054458615,0.03654874116182327,-0.2671288847923279,0.4457728862762451,0.6859591603279114,-0.14437395334243774,0.007582094054669141,-0.07744812965393065
-0.030389472842216488,0.01944572292268276,0.7706621885299682,0.9579090476036072,-0.02697932720184326,0.005605310667306185,-0.28574615716934204,-0.3458832800388336,0.18041548132896423,0.12801149487495422,0.5996467471122742,-0.23276659846305847,-0.06688197702169417,-0.29864612221717834,0.07533641159534454,0.2669798731803894,0.33416035771369934,-0.03034682944417,0.21786805987358093,-0.046785298734903336,-0.08331049233675003,0.37876805663108826,-0.07225777953863144,0.5352872610092163,-0.5164595842361449,0.7581997513771057,0.03132835775613785,-0.005024118814617395,0.1691828221082687,0.05582107231020928,-0.273579478263855,0.4215819835662842,0.6635678410530089,-0.11906110495328905,0.005711031146347523,-0.0649082288146019
-0.03824223577976226,0.03117450699210167,0.7710530757904052,0.948347270488739,-0.030032237991690636,0.004076820798218249,-0.31578302383422846,-0.339169979095459,0.20882761478424072,0.17922137677669525,0.5970195531845093,-0.22758816182613367,-0.056268669664859765,-0.3006758987903595,0.05756523832678794,0.19794210791587827,0.3569519519805908,-0.07006583362817764,0.2070525884628296,-0.0678660199046135,-0.0973539799451828,0.39405313134193426,-0.19442822039127347,0.6774256229400635,-0.6194236874580383,0.7918745279312133,-0.011564839631319046,-0.014549224637448788,0.09389269351959229,0.08853109180927277,-0.30064418911933893,0.39296290278434753,0.6326784491539001,-0.09951302409172058,0.0063585848547518245,-0.03694642707705498
-0.04631379991769791,0.04205496609210968,0.7727360129356384,0.9403401017189024,-0.03721701353788376,0.005846520885825157,-0.3381437659263611,-0.3410921096801758,0.241975411772728,0.210693359375,0.5911864042282104,-0.2110876739025116,-0.047540981322526925,-0.3112685978412628,0.01699427142739296,0.0722256228327751,0.4751684963703156,-0.13990798592567444,0.14604997634887695,-0.08171492815017699,-0.08965131640434265,0.4079347848892212,-0.3467217981815338,0.8256658315658569,-0.7044715881347656,0.8456777930259703,-0.06551183015108109,-0.01304670050740242,0.024775709956884384,0.12413910031318665,-0.3423515558242798,0.3589254319667816,0.5813548564910889,-0.0918486788868904,0.009311300702393057,0.007028374820947647
-0.054467905312776566,0.05155128985643386,0.7746739387512206,0.9357943534851073,-0.04302896931767464,0.006270796060562134,-0.349854439496994,-0.3486483097076416,0.26038384437561035,0.2213108390569687,0.5833231806755066,-0.1872481405735016,-0.043916307389736176,-0.3042076826095581,-0.022628091275691983,0.02131377160549164,0.6417742967605591,-0.21755483746528623,0.09695107489824296,-0.09364531189203262,-0.07554277777671814,0.4245636761188507,-0.531525731086731,0.9616391062736512,-0.7737279534339904,0.916338801383972,-0.10834113508462904,0.0022074386943131685,-0.021989397704601288,0.15392643213272095,-0.39090737700462336,0.324612557888031,0.4929642975330353,-0.08270993828773497,0.00789598748087883,0.060477592051029205
-0.0625842735171318,0.05997797101736069,0.7760637998580932,0.933647871017456,-0.04569018259644508,0.004321647807955742,-0.3552398681640625,-0.362496554851532,0.26707080006599426,0.21869884431362152,0.5816444754600525,-0.15838292241096497,-0.049078337848186486,-0.2604771554470062,-0.02918417379260063,0.06349831819534302,0.7884735465049743,-0.2665642499923706,0.09754595905542371,-0.10041601210832596,-0.05953455343842506,0.43978574872016907,-0.7490981817245483,1.0728528499603271,-0.841015338897705,0.9811139106750488,-0.12097108364105225,0.018240243196487423,-0.042588528245687485,0.16578751802444458,-0.4383847117424011,0.296531617641449,0.36158016324043274,-0.05510582774877548,-0.0056083532981574535,0.12510766088962555
-0.07092342525720596,0.06851333379745483,0.7755770683288574,0.9311125874519347,-0.04212213680148125,-0.0005787539994344115,-0.362291008234024,-0.3801266252994537,0.25941920280456543,0.20968592166900635,0.5886779427528381,-0.12813065946102142,-0.06555704772472382,-0.19010062515735623,-0.03659845888614655,0.117144837975502,0.8982150554656982,-0.30517375469207764,0.11113221198320387,-0.0952627882361412,-0.04748047515749931,0.45522671937942494,-0.983183741569519,1.1562607288360596,-0.9178661108016968,1.0202962160110471,-0.11914762109518053,0.01941036246716976,-0.011632695794105528,0.13178373873233795,-0.47097399830818176,0.2608924210071564,0.20972320437431333,0.005467617418617009,-0.02608545310795307,0.17718482017517087
-0.07950978726148605,0.07850130647420883,0.7716243863105774,0.9248638749122621,-0.031196625903248783,-0.006679032929241656,-0.3789578378200531,-0.4063768088817597,0.239216148853302,0.18864843249320984,0.6180099844932556,-0.10411056876182556,-0.08748038858175276,-0.11409587413072586,-0.0940825268626213,0.1244695633649826,0.9784523248672483,-0.35486048460006714,0.07932434231042862,-0.06806816905736923,-0.0348750613629818,0.4762322306632996,-1.1635899543762207,1.2314205169677734,-0.9482014179229736,0.9894986748695372,-0.13410668075084686,-0.0044249799102544785,0.08799757063388824,0.013980948366224764,-0.47068488597869873,0.220593124628067,0.07246916741132736,0.07559550553560257,-0.04318295046687126,0.17789867520332336
-0.08911296725273132,0.08904799073934555,0.7618712782859801,0.9142042994499207,-0.019126625731587407,-0.013783188536763191,-0.40456733107566833,-0.44756472110748285,0.22645513713359833,0.16437117755413055,0.6897256374359131,-0.11772679537534712,-0.09193811565637587,-0.026813220232725143,-0.2052066922187805,0.0676879733800888,1.0059015750885008,-0.41554829478263855,0.008698597550392151,-0.015646338462829586,-0.011495170183479784,0.499759703874588,-1.258122444152832,1.3061124086380005,-0.9009912014007568,0.8695886731147766,-0.16137349605560303,-0.02845613472163677,0.1953601986169815,-0.192762553691864,-0.43330052495002747,0.1868344247341156,-0.022341663017868996,0.11651722341775894,-0.05014405772089958,0.11999634653329848
-0.0998854786157608,0.09891159832477568,0.7465757131576538,0.9026147127151488,-0.011016678996384144,-0.02191775292158127,-0.4297498464584351,-0.4758835732936859,0.23451487720012665,0.16815336048603055,0.7566017508506776,-0.1676313579082489,-0.10438493639230728,0.08603157103061677,-0.3002969026565552,-0.002093342831358313,0.951977491378784,-0.44222921133041376,-0.0443619042634964,0.04843742400407791,0.025019876658916477,0.5091909170150757,-1.299558401107788,1.374913454055786,-0.8326148390769958,0.6886360645294188,-0.1930515170097351,-0.03106427937746048,0.23633742332458496,-0.4489764869213104,-0.36999785900115967,0.16605083644390106,-0.08860433101654051,0.16450607776641843,-0.05122654139995575,0.05382763966917992
-0.11418166011571884,0.10812273621559144,0.7228989601135254,0.8952924609184265,-0.0023002820089459415,-0.028068266808986664,-0.4445877969264984,-0.5493953227996825,0.25472474098205566,0.17034503817558289,0.8836065530776978,-0.20485806465148923,-0.1278475672006607,0.22352193295955655,-0.3307648301124573,-0.04192197695374489,0.7483959794044495,-0.4534488022327423,0.08340559154748915,0.10253962129354476,0.054109815508127206,0.4899550378322601,-1.305317997932434,1.4298634529113767,-0.7332999110221863,0.5050255656242371,-0.20486280322074887,-0.046077638864517205,0.25907185673713684,-0.7434154152870177,-0.29774200916290283,0.15374277532100675,-0.09031998366117475,0.21822078526020047,-0.035083841532468796,-0.001982655143365264
-0.12999622523784635,0.11476533114910124,0.6970222592353821,0.8964370489120483,0.002762827090919018,-0.031309794634580605,-0.4420551061630249,-0.6716124415397644,0.2557014524936676,0.11290603131055832,1.0507638454437256,-0.18342550098896024,-0.17775295674800873,0.34029117226600647,-0.33272656798362726,-0.10129579156637192,0.52485454082489,-0.633213460445404,0.19689621031284327,0.13013283908367157,0.08538594096899033,0.4725053310394287,-1.2799118757247925,1.4382951259613037,-0.5804124474525452,0.33188256621360773,-0.17735685408115387,-0.079878531396389,0.27695155143737793,-1.0330781936645508,-0.227429673075676,0.14281912147998807,-0.020551467314362522,0.20232203602790833,-0.0184630099684,-0.012027905322611332
-0.14376911520957947,0.11901619285345076,0.6792478561401367,0.9045411944389344,-0.0020219169091433287,-0.042906660586595535,-0.424217164516449,-0.7385784387588501,0.20255470275878903,0.016000760719180107,1.1375576257705688,-0.14987498521804807,-0.25960657000541687,0.37023770809173584,-0.32714414596557617,-0.14893215894699097,0.5449782609939575,-0.7511935830116272,0.21537236869335172,0.1451021134853363,0.12623561918735504,0.4962767958641052,-1.2403640747070312,1.392040491104126,-0.3950450420379639,0.1732288897037506,-0.1588541269302368,-0.10752751678228378,0.26089969277381897,-1.2572340965270996,-0.19420655071735385,0.15453992784023285,0.07698884606361389,0.11930859833955763,-0.02903877943754196,0.0002400878438493237
-0.15304327011108398,0.11935189366340636,0.6713016629219055,0.9161740541458128,0.0029058360960334535,-0.05223724991083145,-0.3973511159420013,-0.7330140471458435,0.13893558084964752,-0.023750904947519302,1.103367567062378,-0.1724400371313095,-0.2914521098136902,0.363984614610672,-0.3448092043399811,-0.19881977140903473,0.6528113484382628,-0.8259836435317993,0.22296640276908877,0.14363688230514526,0.13104327023029327,0.517075777053833,-1.2183642387390137,1.3249448537826538,-0.23127739131450653,0.031969863921403885,-0.12549187242984772,-0.12375161796808241,0.23301219940185544,-1.3874834775924683,-0.1816817820072174,0.16240084171295166,0.12440007925033568,0.005888145882636309,-0.04914282262325287,0.04390139877796173
-0.15938274562358856,0.1160290241241455,0.6695680022239685,0.9296236634254456,0.011203639209270476,-0.055362727493047714,-0.36415567994117737,-0.7217091917991638,0.1479237675666809,-0.011762157082557678,1.021857738494873,-0.15552590787410736,-0.28607344627380366,0.38646247982978815,-0.34603461623191833,-0.2663517892360687,0.6683658957481384,-0.8402233719825744,0.22953687608242035,0.12062152475118636,0.107971154153347,0.5239030718803406,-1.2418289184570312,1.2520253658294676,-0.1397610306739807,-0.07832540571689604,-0.05518520995974541,-0.13437174260616302,0.21258167922496796,-1.447271704673767,-0.17083273828029633,0.1710621267557144,0.08995653688907622,-0.09704270958900452,-0.06928814202547073,0.08272694051265715
-0.1633971482515335,0.11160267144441605,0.6730449795722961,0.940999448299408,0.014764854684472084,-0.05201726034283639,-0.33406034111976624,-0.7246983647346495,0.18368373811244965,-0.013824728317558764,0.9279369115829469,-0.06247446313500404,-0.2709738910198212,0.4110099673271179,-0.32300031185150146,-0.3296087682247162,0.640333354473114,-0.8150813579559326,0.22995227575302124,0.10199525207281113,0.08616679161787033,0.5226780772209167,-1.3171933889389038,1.1742045879364011,-0.12344280630350112,-0.1469501554965973,0.020873876288533207,-0.1270381212234497,0.17185941338539124,-1.4657733440399168,-0.15930292010307312,0.16518208384513855,0.0044904062524437904,-0.12891587615013123,-0.08685245364904404,0.12976016104221344
-0.16459552943706512,0.107295885682106,0.678892195224762,0.9484606385231018,0.018912911415100098,-0.04411491006612778,-0.31323909759521484,-0.7223644256591795,0.20279499888420105,-0.03273334726691246,0.8171291947364806,0.04615902900695801,-0.26330462098121643,0.41589900851249695,-0.3017713725566864,-0.3696424961090088,0.6127800345420836,-0.7722156643867492,0.23628875613212583,0.09971179813146593,0.06273599714040756,0.5202831625938416,-1.4105191230773924,1.100314736366272,-0.1640017032623291,-0.17774508893489835,0.08761012554168701,-0.12056317925453186,0.150278240442276,-1.4489319324493408,-0.15003985166549683,0.15035229921340942,-0.09038018435239792,-0.1260991245508194,-0.10345976054668427,0.14057113230228424
-0.16247206926345825,0.10287125408649445,0.6855050921440125,0.9521501064300536,0.01964467763900757,-0.033415406942367554,-0.3031627833843231,-0.7357370853424072,0.2155801206827164,-0.05738154798746109,0.7615314126014708,0.08559174090623854,-0.2446027994155884,0.3977071940898895,-0.28817570209503174,-0.3834016621112824,0.6194884777069092,-0.7314547896385194,0.23989643156528473,0.1155712753534317,0.046114563941955566,0.5200519561767578,-1.48342764377594,1.0313575267791748,-0.21559511125087735,-0.1883261799812317,0.14694952964782715,-0.1104341298341751,0.14631718397140503,-1.3986746072769165,-0.1308748871088028,0.12527970969676971,-0.17806389927864075,-0.10362253338098526,-0.11231859028339385,0.12247683107852936
-0.15742892026901245,0.09854747354984285,0.6892447471618652,0.9540567994117738,0.01766817457973957,-0.022545104846358296,-0.29825344681739807,-0.7657938003540038,0.2357052266597748,-0.05482101067900658,0.7691586613655089,0.06391490250825882,-0.186121329665184,0.3683440387248993,-0.2817787230014801,-0.38097259402275085,0.6574147939682007,-0.6936920881271361,0.2437850087881088,0.13528557121753693,0.031433358788490295,0.5215986967086792,-1.521827220916748,0.9679143428802489,-0.253891795873642,-0.1966098099946976,0.1982445865869522,-0.10254256427288055,0.15191346406936643,-1.3324078321456907,-0.09984277933835985,0.110801100730896,-0.2435535043478012,-0.09289075434207916,-0.11203480511903761,0.11300855875015257
-0.15106084942817688,0.094956174492836,0.6888272762298584,0.9560794830322265,0.01524657104164362,-0.011983984149992464,-0.29246529936790466,-0.7692118883132935,0.23021669685840607,-0.056005142629146576,0.7414237260818481,0.06461154669523239,-0.18052120506763455,0.33013811707496643,-0.28220558166503906,-0.3717865645885468,0.7230337858200073,-0.6677267551422119,0.245742991566658,0.14301703870296478,0.013812212273478508,0.5231813788414001,-1.5307140350341797,0.9142263531684877,-0.27511143684387207,-0.19643117487430567,0.24538043141365048,-0.1018889620900154,0.16467024385929108,-1.2716814279556274,-0.06829996407032013,0.10521265119314192,-0.2852867841720581,-0.09031692892313005,-0.10786586999893188,0.11568938940763472
-0.1448507457971573,0.09269997477531432,0.6839156150817871,0.9586290121078492,0.012996762990951538,0.00015460836584679782,-0.2843615114688873,-0.764320969581604,0.20952217280864716,-0.06648306548595428,0.6963343620300293,0.07876541465520857,-0.22266751527786252,0.2845551371574402,-0.2854733467102051,-0.3657689690589905,0.8135812282562256,-0.662369966506958,0.24049261212348935,0.1393889486789703,-0.004657421726733446,0.5201999545097351,-1.5353965759277344,0.8755586743354796,-0.2939532995223999,-0.17867039144039154,0.2859422266483307,-0.1026107743382454,0.18922109901905057,-1.2267112731933592,-0.04103019461035728,0.09683737903833389,-0.3197461664676666,-0.07682706415653229,-0.11873625218868256,0.11771748214960098
-0.13968800008296967,0.09125960618257521,0.6743783354759216,0.9613960981369017,0.013904683291912079,0.009374908171594145,-0.27465665340423584,-0.8360090255737304,0.1854432970285416,-0.08868139237165451,0.7886682152748109,0.04523890838027,-0.20613138377666476,0.238237589597702,-0.29462799429893494,-0.3495689332485199,0.9169117212295533,-0.6704527139663696,0.23718622326850888,0.1327260285615921,-0.022687621414661407,0.5232700705528259,-1.5461629629135132,0.8479872941970825,-0.3105226755142212,-0.14461512863636017,0.3232809007167816,-0.0936598628759384,0.2210712879896164,-1.1871447563171387,-0.01722661592066288,0.08777568489313124,-0.3207785785198212,-0.03541727736592293,-0.11400817334651948,0.117682047188282
-0.1341325044631958,0.09060293436050416,0.660972535610199,0.9636110067367551,0.014624450355768204,0.014508231543004513,-0.2665135860443115,-0.9047357439994813,0.1680777668952942,-0.10495940595865248,0.8943479061126709,0.0012792516499757767,-0.2054423838853836,0.19971878826618197,-0.30453693866729736,-0.3302912414073944,1.0293829441070557,-0.6892505288124084,0.2336618900299072,0.1290559619665146,-0.030965847894549366,0.5286463499069214,-1.5898370742797852,0.821197509765625,-0.33729493618011475,-0.0807524025440216,0.3495533764362335,-0.09327859431505203,0.25488710403442383,-1.1647661924362183,0.003041880438104272,0.07293397933244705,-0.2959213256835937,0.03230299800634384,-0.12293893843889236,0.11172214150428772
-0.12795381247997284,0.08940449357032774,0.6469106674194336,0.9644103050231932,0.01433401834219694,0.018693799152970317,-0.2633587419986725,-0.9632768630981443,0.16238684952259064,-0.11708828061819077,0.9926922917366029,-0.050512295216321945,-0.21815058588981628,0.1655856221914291,-0.3183637261390686,-0.3188563883304596,1.1355375051498413,-0.7109965085983276,0.22845192253589633,0.1301177591085434,-0.0370926596224308,0.5333065390586853,-1.6691502332687376,0.795933723449707,-0.3847608268260956,0.007974586449563503,0.3747538924217224,-0.0955979973077774,0.2747747004032135,-1.1655143499374387,0.017717545852065086,0.05917872488498688,-0.24148195981979367,0.11069145053625105,-0.14842331409454343,0.10555875301361084
-0.1225823014974594,0.08784637600183488,0.6353040933609009,0.9643259048461914,0.014667714945971964,0.023363424465060238,-0.2632763981819153,-1.0046777725219727,0.16265313327312467,-0.12487867474555968,1.0618267059326172,-0.09492183476686476,-0.23603817820549008,0.13878975808620453,-0.34017443656921387,-0.32084769010543823,1.228542685508728,-0.725887954235077,0.21688653528690335,0.12363358587026596,-0.058290496468544006,0.5342923402786255,-1.7443256378173828,0.771640419960022,-0.4284297227859497,0.08747373521327971,0.4109907150268554,-0.09650713950395584,0.28463417291641235,-1.195529818534851,0.02359500341117382,0.0475018285214901,-0.15721334517002103,0.1726584434509277,-0.17164660990238187,0.0834437683224678
-0.11925859004259108,0.08555801212787628,0.6315439343452454,0.9647034406661987,0.015202381648123264,0.026229359209537503,-0.2615877687931061,-1.0184483528137207,0.16199991106987,-0.12908953428268433,1.0843269824981687,-0.1177544891834259,-0.24865406751632688,0.12210861593484879,-0.36198362708091736,-0.3248439431190491,1.3118718862533567,-0.7030971050262451,0.19701775908470157,0.10232359170913696,-0.09789963811635971,0.5337045788764954,-1.7706354856491089,0.7389816045761107,-0.4338968694210053,0.13169607520103455,0.4763591885566712,-0.09515568614006041,0.30749833583831787,-1.2655541896820068,0.020409049466252327,0.050289031118154526,-0.057992424815893166,0.18714874982833865,-0.18932548165321353,0.038390155881643295
-0.1157781183719635,0.08223602175712585,0.6369372606277466,0.9654564261436462,0.006369909271597862,0.023927716538310047,-0.25938528776168823,-0.9945881366729736,0.1714265942573547,-0.14087431132793427,1.0663840770721436,-0.12275096029043196,-0.2581612169742584,0.1097581684589386,-0.3441542983055115,-0.3065125644207001,1.3658759593963623,-0.613666832447052,0.16618132591247559,0.07879555225372313,-0.12607276439666748,0.5318716764450073,-1.7271336317062376,0.6750051379203796,-0.39424493908882147,0.11728986352682112,0.5516741275787354,-0.09552512317895888,0.3471976220607757,-1.355399250984192,0.011527229100465775,0.08164413273334502,0.012803221121430395,0.15459853410720825,-0.1994890421628952,0.00763696851208806
-0.11321450769901276,0.07827986776828764,0.6466387510299683,0.9655323624610899,-0.006497845519334078,0.021457681432366368,-0.25931563973426813,-0.9531591534614563,0.19278547167778012,-0.1597684770822525,1.0268012285232544,-0.12051855027675629,-0.2671806812286377,0.09761699289083482,-0.2856417000293732,-0.26526394486427307,1.3578311204910278,-0.5056373476982117,0.1804642677307129,0.07050032168626785,-0.13240468502044675,0.5287427306175232,-1.610260009765625,0.5871201157569885,-0.3399556875228882,0.04361268505454064,0.6077476739883423,-0.09494853019714355,0.383132129907608,-1.4223127365112305,-0.004692080896347761,0.12843614816665647,0.027427269145846367,0.08372209966182707,-0.202106773853302,-0.008415412157773972
-0.11250841617584229,0.07396011054515839,0.6587648391723633,0.9642168283462524,-0.01762068085372448,0.02055958844721317,-0.2637285888195038,-0.9099801182746888,0.22202087938785553,-0.17317047715187073,0.9766210317611694,-0.11173179000616072,-0.2738979458808899,0.08873706310987473,-0.2307272702455521,-0.2228131294250488,1.329375982284546,-0.4321260452270508,0.20342381298542023,0.07915607839822769,-0.12175901234149931,0.5263239741325377,-1.4342846870422363,0.4943471848964691,-0.28846412897109985,-0.05666587874293327,0.6479770541191101,-0.10272862017154692,0.39395010471344,-1.477728247642517,-0.02696314826607704,0.1765262335538864,0.02047387696802616,-0.013436467386782168,-0.21305125951766968,-0.03550916165113449
-0.11241771280765532,0.06927459686994553,0.671358585357666,0.9605216979980468,-0.024583354592323303,0.01818658038973808,-0.2765195369720459,-0.8602438569068909,0.25991514325141907,-0.16678644716739655,0.9243277907371522,-0.10376128554344176,-0.2786801755428314,0.09356501698493955,-0.20860886573791504,-0.17936870455741882,1.2933804988861084,-0.41354861855506897,0.21706168353557584,0.1016719341278076,-0.1014840453863144,0.5248206257820128,-1.2218867540359497,0.4137265384197235,-0.23519134521484372,-0.13935938477516174,0.6964334845542908,-0.11044992506504057,0.36187341809272766,-1.5299471616744995,-0.04989102482795715,0.22112318873405457,0.01800919510424137,-0.09846026450395584,-0.22941729426383967,-0.07002966850996017
-0.11218057572841644,0.06469278037548065,0.6812720894813538,0.954457640647888,-0.02862850949168205,0.014385022222995758,-0.296621173620224,-0.8117591142654419,0.3054286241531372,-0.1418822556734085,0.8844411969184875,-0.10277853906154633,-0.28278297185897827,0.11555881798267365,-0.23227803409099576,-0.14676640927791595,1.2393767833709717,-0.44118747115135193,0.22325775027275083,0.12331743538379668,-0.0750507265329361,0.5244895219802856,-1.0102503299713135,0.34975743293762207,-0.1762685179710388,-0.17986027896404266,0.7591562271118163,-0.09495314955711363,0.2642238736152649,-1.573443055152893,-0.061646267771720886,0.2529365420341492,0.02715542167425156,-0.14556781947612762,-0.23923180997371676,-0.10293134301900864
-0.11220677942037582,0.06120313704013824,0.6864175200462341,0.9478270411491394,-0.02985546365380287,0.010326245799660683,-0.31721588969230646,-0.7744637727737426,0.3485339283943176,-0.10868209600448608,0.8633642792701721,-0.10694990307092667,-0.2821311056613922,0.14136382937431335,-0.30808755755424494,-0.15169622004032135,1.1718647480010986,-0.4830922782421112,0.22605997323989868,0.1363609880208969,-0.0483839325606823,0.5246661901473999,-0.8788756728172302,0.30408456921577454,-0.13033431768417358,-0.1754833310842514,0.7927791476249696,-0.055208992213010795,0.14171594381332395,-1.6060190200805664,-0.06873062252998352,0.2705257833003998,0.05678896233439445,-0.1572193056344986,-0.25011128187179565,-0.128483846783638
-0.11374220252037048,0.05830084905028343,0.686937153339386,0.9425103664398192,-0.03253765031695366,0.008079609833657742,-0.3324909508228302,-0.7586576342582703,0.38664010167121887,-0.09151121228933334,0.8631309866905212,-0.11422115564346312,-0.27904054522514343,0.15924036502838135,-0.392636388540268,-0.19699911773204803,1.0954294204711914,-0.5090972185134888,0.22655262053012848,0.14017775654792783,-0.015166691504418848,0.5230183005332947,-0.8592982292175294,0.28595197200775146,-0.11658928543329238,-0.15935254096984863,0.7688653469085692,-0.01948634535074234,0.05360903963446617,-1.6281497478485107,-0.08296909183263777,0.2793089747428894,0.10548040270805357,-0.13908834755420685,-0.26919034123420715,-0.15001481771469116
-0.11803925782442092,0.05543134361505509,0.6847546696662903,0.939443588256836,-0.03550035133957863,0.003968821372836828,-0.3408368229866028,-0.752069652080536,0.41475740075111384,-0.08865116536617279,0.8697707056999207,-0.1200420930981636,-0.27282571792602534,0.1735628992319107,-0.45633324980735773,-0.25048780441284174,1.0175955295562744,-0.5265264511108398,0.2225886434316635,0.14226801693439484,0.029111167415976524,0.5220836400985718,-0.9477553367614746,0.2925480902194977,-0.13736020028591156,-0.1475076824426651,0.6855226159095764,0.007654993794858455,0.0019303420558571811,-1.6449360847473145,-0.11094823479652403,0.27564170956611633,0.15091179311275482,-0.10034261643886566,-0.29110634326934814,-0.171669602394104
-0.12495236098766326,0.05194012075662613,0.6807642579078673,0.9374538064002991,-0.04006096720695496,-0.002375073963776231,-0.345788836479187,-0.743191123008728,0.43962123990058893,-0.09789030998945235,0.8746457099914551,-0.11608733981847764,-0.2702209949493408,0.18268668651580808,-0.46594008803367615,-0.2729545831680298,0.9221151471138,-0.5221418738365173,0.2335907220840454,0.15629878640174863,0.08481394499540329,0.5215734243392944,-1.1346266269683836,0.32637083530426025,-0.18018575012683868,-0.1249409019947052,0.5262337923049927,0.042671963572502136,-0.0251497570425272,-1.648516058921814,-0.15411065518856049,0.2580609917640686,0.16511811316013336,-0.04629216343164444,-0.29752570390701294,-0.18057988584041595
-0.13520170748233795,0.047154877334833145,0.6736690998077393,0.936343014240265,-0.04311499744653702,-0.007538218516856432,-0.3483477234840393,-0.749320387840271,0.4576162099838257,-0.11744152009487152,0.8891384601593018,-0.10435126721858978,-0.2706965506076813,0.2010942995548248,-0.44661182165145874,-0.29700344800949097,0.8216448426246643,-0.5317015647888184,0.258238285779953,0.1712961345911026,0.14249244332313535,0.5251564979553223,-1.360048770904541,0.4028298854827881,-0.21808505058288571,-0.06456702202558517,0.3702585101127625,0.06299544870853424,-0.011367242783308027,-1.6309731006622314,-0.19422715902328488,0.24556006491184235,0.1443769335746765,-0.003238275181502104,-0.2945466339588165,-0.20612773299217224
-0.14653879404067993,0.04126310721039772,0.6644496321678162,0.9383853673934937,-0.03583180159330368,-0.01397197600454092,-0.3434440493583679,-0.775425374507904,0.4437238872051239,-0.13204948604106903,0.9119691252708435,-0.07218997180461884,-0.269148588180542,0.22082723677158356,-0.45809739828109747,-0.3321814835071564,0.8104031682014465,-0.6125848293304443,0.2654132843017578,0.17577113211154935,0.180943101644516,0.5296628475189209,-1.581247329711914,0.5200589895248413,-0.2661270797252655,0.0411992073059082,0.2780499756336212,0.06044277176260948,0.03600139915943146,-1.6123238801956177,-0.22213773429393768,0.23959085345268247,0.10131653398275375,0.005510205402970314,-0.2897630035877228,-0.2409572005271912
-0.1578790247440338,0.03364941477775574,0.6549198031425476,0.9445717930793761,-0.01835400238633156,-0.02160489559173584,-0.3270788788795471,-0.8249434828758239,0.40161103010177607,-0.12893302738666534,0.9479342103004456,-0.007834769785404205,-0.2626313269138336,0.22237847745418549,-0.4927531778812408,-0.34897011518478394,0.8765435218811035,-0.7130791544914246,0.2645806074142456,0.16770298779010773,0.20536018908023837,0.5317697525024414,-1.7853162288665771,0.6446325778961182,-0.34328353404998774,0.17682479321956635,0.24125476181507113,0.05127665027976036,0.06964066624641417,-1.5929195880889893,-0.24502892792224884,0.23820000886917117,0.06731048971414566,-0.01765701174736023,-0.2733641564846039,-0.25602710247039795
-0.16776743531227112,0.02503267116844654,0.6457359790802002,0.9521910548210144,-0.0010282580042257905,-0.03232938051223755,-0.30378603935241694,-0.8821219205856323,0.37991544604301447,-0.08564311265945433,1.0041371583938599,0.05445649102330208,-0.24222734570503235,0.23572535812854767,-0.5270556211471558,-0.36814031004905695,0.958667576313019,-0.7957747578620911,0.25985994935035706,0.15719230473041534,0.2391265332698822,0.5311319828033447,-1.9683116674423216,0.749409258365631,-0.4758633673191071,0.32417359948158264,0.23090794682502744,0.03343472257256508,0.07919149100780487,-1.5609346628189087,-0.2655821442604065,0.23312021791934967,0.0466483049094677,-0.04179508984088898,-0.26123616099357605,-0.2567530572414398
-0.1726724803447723,0.016012009233236313,0.6389167308807373,0.9562067389488221,0.011326674371957777,-0.05105363205075264,-0.2879822850227356,-0.8979423642158508,0.3989978134632111,-0.0006932321120984852,1.0665395259857176,0.06221645697951317,-0.20108190178871155,0.2666584849357605,-0.5606638193130493,-0.3756742179393768,1.0281091928482056,-0.8349614739418029,0.25415274500846863,0.16321147978305817,0.2808763086795807,0.5309169888496399,-2.131302833557129,0.8438857197761535,-0.7117299437522888,0.47031962871551514,0.23462603986263275,0.012403246015310287,0.06939011812210083,-1.5116729736328125,-0.2780643105506897,0.24126110970973969,0.040370143949985504,-0.06763426959514618,-0.2523180544376373,-0.22593869268894196
-0.17411568760871887,0.007408725097775459,0.6321959495544434,0.9561819434165953,0.020047759637236595,-0.07053758203983307,-0.28344079852104187,-0.8939676880836487,0.41518700122833246,0.060235973447561264,1.1421887874603271,0.00350883393548429,-0.17543362081050873,0.3086002767086029,-0.5859077572822571,-0.36719077825546254,1.077798843383789,-0.8588976263999939,0.25117069482803345,0.18516980111598969,0.31052592396736145,0.5280070900917053,-2.2594656944274902,0.9262683987617492,-0.9699903726577759,0.526326596736908,0.25146520137786865,-0.007291220128536224,0.07336144149303436,-1.4525121450424194,-0.2765220105648041,0.24746592342853543,0.02981433644890785,-0.0788929760456085,-0.24841268360614777,-0.1908403038978577
-0.17260214686393735,-0.0006978195160627365,0.6261723041534424,0.9528045654296877,0.022423304617404934,-0.08485399931669235,-0.2906208038330078,-0.9017795920372008,0.4049825370311737,0.05592087283730506,1.2220735549926756,-0.05354570224881172,-0.18363356590271,0.3311537504196167,-0.599257230758667,-0.34537914395332336,1.118692398071289,-0.8711581230163574,0.24639032781124115,0.2147052139043808,0.3175058662891388,0.5203797817230225,-2.3206264972686768,0.9777194857597352,-1.1204581260681152,0.48567995429039,0.2626051604747772,-0.023984722793102264,0.09321299195289613,-1.390187382698059,-0.2527859210968017,0.2317785769701004,0.0025438154116272926,-0.08351697772741316,-0.24018265306949613,-0.1543716937303543
-0.168209046125412,-0.009210318326950072,0.6227538585662842,0.9487494230270384,0.021687256172299385,-0.09384793788194656,-0.3009931743144989,-0.90081650018692,0.3744115829467773,0.028733642771840092,1.266719341278076,-0.07862909883260728,-0.21608786284923556,0.34180355072021484,-0.603543221950531,-0.3229778707027436,1.1517267227172852,-0.8652476668357849,0.24196738004684448,0.23347440361976624,0.29683497548103327,0.5108331441879272,-2.292344331741333,0.9884295463562013,-1.1173970699310303,0.39460611343383784,0.24729877710342407,-0.029165482148528096,0.08705998212099075,-1.3274171352386475,-0.2140397131443024,0.19027829170227048,-0.04243450239300728,-0.07549255341291428,-0.22858019173145291,-0.12339379638433456
-0.160942941904068,-0.019553398713469505,0.622509241104126,0.9474444389343261,0.019595718011260033,-0.09774299710988998,-0.3039923310279846,-0.8911948204040526,0.338013231754303,0.0005293578724376857,1.2610015869140625,-0.06926888227462769,-0.24240463972091675,0.36485239863395685,-0.5948976278305054,-0.3224134743213653,1.1675411462783811,-0.8402435779571533,0.23833532631397247,0.22958935797214508,0.2526667714118957,0.49779999256134033,-2.1525115966796875,0.9717140793800354,-0.9600254893302915,0.24975734949111936,0.19971257448196408,-0.029282404109835625,0.048216503113508224,-1.25823175907135,-0.17052455246448517,0.12810347974300385,-0.10602397471666336,-0.0614103190600872,-0.21608006954193115,-0.1066840887069702
-0.15031835436820984,-0.03227861598134041,0.6245315074920654,0.9502248764038085,0.014447410590946674,-0.09763257205486296,-0.2955196499824524,-0.8794224858283997,0.3036266565322876,-0.033013224601745605,1.2027311325073242,-0.04719811305403709,-0.25950732827186584,0.41288217902183527,-0.5622407197952272,-0.34916773438453674,1.1484113931655884,-0.8026364445686339,0.23543983697891235,0.2150298207998276,0.2001000344753265,0.4758474826812744,-1.8821773529052732,0.9222015142440797,-0.7135015726089478,0.034537781029939645,0.14725047349929807,-0.03347187489271164,0.024705972522497177,-1.1894413232803345,-0.13809266686439514,0.0683346837759018,-0.17508937418460843,-0.06209249049425125,-0.1964228451251984,-0.11068347841501236
-0.1361873745918274,-0.04713397473096848,0.6272639036178589,0.9565659761428832,0.010523401200771332,-0.09474340826272963,-0.27548956871032715,-0.8607279062271118,0.25796544551849365,-0.07330248504877089,1.0905719995498655,0.00347751728259027,-0.2773245573043823,0.4868919551372528,-0.5138202905654907,-0.4000616669654846,1.0863492488861084,-0.7597130537033081,0.23552067577838895,0.1950636059045792,0.1397140920162201,0.44322583079338074,-1.4959338903427124,0.8206261992454528,-0.5072348117828369,-0.23143692314624784,0.14439377188682556,-0.03678730502724648,0.04664529487490653,-1.1572489738464355,-0.1322477161884308,0.04513950645923615,-0.21904118359088895,-0.09744809567928314,-0.16912341117858887,-0.1170382872223854
-0.11713433265686037,-0.0623345784842968,0.6288438439369202,0.9628817439079284,0.0088352607563138,-0.08994273841381073,-0.25434407591819763,-0.8335382342338562,0.2123112827539444,-0.10501809418201447,0.9467170834541322,0.07170119136571884,-0.2858269214630127,0.5535003542900084,-0.45902740955352783,-0.44121986627578735,1.009338617324829,-0.7159555554389954,0.23939670622348783,0.17782598733901975,0.07601971924304962,0.4107606709003448,-1.090632438659668,0.7091870903968811,-0.41140046715736395,-0.45947733521461487,0.16694730520248413,-0.034497760236263275,0.09645967930555344,-1.19193959236145,-0.1748817265033722,0.10520055145025252,-0.21141985058784485,-0.16787004470825195,-0.13337385654449463,-0.10309472680091857
-0.09579379856586456,-0.07612963020801544,0.6279654502868652,0.9677908420562744,0.010999989695847034,-0.0824209451675415,-0.23762698471546173,-0.8153198361396788,0.16284121572971344,-0.13472816348075867,0.8347010612487794,0.11997821182012557,-0.28945356607437134,0.5983230471611023,-0.42428818345069885,-0.4656400382518768,0.951299488544464,-0.6707449555397034,0.23996263742446897,0.15800002217292783,-0.0010133162140846252,0.39843991398811346,-0.7490551471710205,0.6204016804695128,-0.3685389161109924,-0.5681673288345337,0.22123879194259644,-0.01720985770225525,0.14047668874263763,-1.3238744735717771,-0.2673747539520264,0.22689802944660184,-0.13851302862167358,-0.2265458106994629,-0.10285736620426177,-0.061489637941122055
-0.0744837149977684,-0.08751378208398819,0.6254626512527466,0.9718195199966431,0.0190582312643528,-0.07117775827646255,-0.2239138036966324,-0.8270041942596436,0.11166157573461533,-0.14987103641033173,0.8038004636764526,0.13514269888401031,-0.28949350118637085,0.6141543984413146,-0.41424533724784846,-0.47358354926109314,0.93250435590744,-0.6316908597946167,0.2402105927467346,0.14348824322223663,-0.08726517856121062,0.405939131975174,-0.5449841022491455,0.5305362343788146,-0.32835322618484497,-0.5765403509140015,0.29047873616218567,0.01528896763920784,0.18396015465259552,-1.5318611860275269,-0.4228969812393189,0.38942784070968633,-0.01986096613109112,-0.24003338813781736,-0.12986111640930176,-0.02185342088341713
-0.05310477316379547,-0.0970541164278984,0.6226192116737366,0.9744893312454224,0.024063616991043087,-0.0550260879099369,-0.21624903380870816,-0.8818271756172179,0.10718180984258652,-0.13528724014759064,0.8795790672302246,0.09365082532167433,-0.2806299924850464,0.587883234024048,-0.42149880528450007,-0.4687410593032837,0.9657798409461976,-0.5642837882041931,0.24032767117023468,0.14782162010669708,-0.14953398704528809,0.4271249175071716,-0.5282112956047058,0.4224602282047272,-0.32047614455223083,-0.5825948715209961,0.35898110270500183,0.04238724708557129,0.18765202164649963,-1.7534459829330444,-0.586715042591095,0.5682631134986876,0.09421397000551224,-0.16902057826519012,-0.2035259306430817,-0.005727925337851048
-0.033154845237731934,-0.10422122478485107,0.6213411688804625,0.9759637713432312,0.01989144831895828,-0.03910293802618981,-0.21347151696681976,-0.9046453237533568,0.13467298448085785,-0.11605630815029144,0.9260262846946716,0.0476432591676712,-0.2725987732410431,0.5355255603790283,-0.4221096932888031,-0.43923789262771606,1.0443596839904783,-0.4920538067817688,0.22625043988227844,0.14931392669677734,-0.18390332162380216,0.4469356536865234,-0.614932656288147,0.30072256922721863,-0.3475736677646637,-0.5657541751861572,0.43780738115310663,0.050530996173620224,0.19668084383010864,-1.9084601402282717,-0.7072516679763794,0.6865442991256714,0.11407600343227386,-0.10973379015922546,-0.28210097551345825,-0.03657367452979088
-0.014960834756493568,-0.11065050214529036,0.620914101600647,0.9765112400054932,0.011545210145413876,-0.030071383342146877,-0.21304517984390256,-0.9350342154502868,0.15405498445034027,-0.1269254833459854,1.0105390548706055,-0.020902736112475395,-0.26276639103889465,0.48194631934165955,-0.4252908527851105,-0.3881825804710388,1.1507219076156616,-0.41181081533432007,0.20787955820560453,0.14432625472545624,-0.20778287947177887,0.4727378487586975,-0.7307679653167725,0.1898561716079712,-0.38759028911590576,-0.515958607196808,0.530443012714386,0.05235876888036728,0.19950516521930692,-1.960710883140564,-0.7754610180854796,0.7266074419021606,0.07883530110120773,-0.08743041008710861,-0.3502867519855499,-0.08103092014789581
0.002804173156619072,-0.11684216558933258,0.6212157011032104,0.9752764105796814,-0.004758818075060844,-0.029741255566477772,-0.21892616152763367,-0.9379850625991821,0.18649740517139435,-0.14988113939762115,1.095965266227722,-0.09875841438770294,-0.2600310146808624,0.43825069069862366,-0.3926078379154205,-0.295917272567749,1.2309932708740234,-0.31987026333808893,0.2010834217071533,0.1496729701757431,-0.2069428712129593,0.4993228614330292,-0.8263629078865051,0.10412505269050598,-0.4319652020931244,-0.4552254676818848,0.6005437970161438,0.0391264446079731,0.20802386105060575,-1.9311165809631348,-0.7954497337341309,0.7001904845237732,0.03615337237715721,-0.08562593162059784,-0.39451107382774353,-0.11616463214159012
0.02047410048544407,-0.12256348133087158,0.6232346296310425,0.9713738560676575,-0.02579730190336704,-0.03070831671357155,-0.23414582014083865,-0.9255828857421875,0.2399291545152664,-0.1749247759580612,1.168612003326416,-0.1743856817483902,-0.2630806863307953,0.3930354714393616,-0.3321104645729065,-0.18691985309123993,1.266664743423462,-0.23350131511688232,0.21733801066875455,0.16886466741561887,-0.18002575635910034,0.5164072513580321,-0.8731111884117126,0.0658249706029892,-0.4744736850261688,-0.41788819432258606,0.6371166706085205,0.015267793089151382,0.20926788449287412,-1.8517034053802488,-0.7704733610153198,0.6331347823143004,0.007764115929603576,-0.07880706340074539,-0.41369697451591486,-0.12260089814662932
0.03552975878119469,-0.1268031895160675,0.6278784871101379,0.9657315015792847,-0.036251988261938095,-0.028639016672968864,-0.25539839267730713,-0.903643488883972,0.2934828102588653,-0.1757325828075409,1.20589017868042,-0.23303526639938357,-0.26305341720581055,0.3341374099254608,-0.31721997261047363,-0.10579840093851088,1.2924070358276367,-0.22614644467830655,0.2243962585926056,0.1913016438484192,-0.15687319636344907,0.5250953435897827,-0.885464608669281,0.07942918688058853,-0.511786937713623,-0.4101659953594208,0.6581721305847168,-0.011999979615211487,0.21108272671699524,-1.7641253471374512,-0.7046571373939513,0.5624193549156189,-0.01857529766857624,-0.07047314941883087,-0.4050252437591553,-0.13722652196884155
0.04798789322376251,-0.12950275838375092,0.637269914150238,0.9590921401977539,-0.0436301976442337,-0.024056274443864822,-0.2786754965782165,-0.8680913448333741,0.34498029947280884,-0.16629160940647125,1.2051244974136353,-0.26408976316452026,-0.2614120543003082,0.2598336935043335,-0.311969131231308,-0.04140061140060425,1.2861011028289795,-0.26386725902557373,0.227788120508194,0.2156207710504532,-0.11982262134552,0.526145875453949,-0.8960184454917908,0.13254153728485107,-0.5413295030593872,-0.4315338432788849,0.6651788949966431,-0.027811832726001736,0.20420302450656888,-1.6766046285629272,-0.6084502339363098,0.5006912350654602,-0.058660343289375305,-0.0790111720561981,-0.3728868365287781,-0.16290578246116638
0.05866260826587677,-0.1319785863161087,0.6499360203742981,0.953101098537445,-0.05028856173157692,-0.01819556951522827,-0.29788973927497864,-0.8249818086624146,0.3819191753864288,-0.15902578830718994,1.177126407623291,-0.2657634913921356,-0.2624615728855133,0.18081754446029663,-0.30992019176483154,0.0017502916743978856,1.245442509651184,-0.30097079277038574,0.2318511754274368,0.23703882098197937,-0.06486822664737701,0.5232840776443481,-0.9316031932830809,0.2074895054101944,-0.5560603737831116,-0.47703641653060913,0.6363140344619751,-0.033548109233379364,0.18025736510753632,-1.5917705297470093,-0.4946537613868713,0.4517187178134918,-0.10846469551324844,-0.07296949625015257,-0.33725106716156006,-0.18330717086791992
0.06748370081186295,-0.13434147834777832,0.6633163690567017,0.9504610896110535,-0.051227662712335593,-0.012962017208337784,-0.3063192069530487,-0.7991551160812379,0.3810831606388092,-0.16356728971004486,1.1476080417633057,-0.23324814438819885,-0.26696428656578064,0.12612538039684296,-0.34468626976013184,0.0013297883560881019,1.2022526264190672,-0.3613754212856293,0.2282223403453827,0.24805448949337003,-0.01084565557539463,0.5228312015533447,-1.002909541130066,0.3013440668582916,-0.5407301783561707,-0.5181791186332704,0.5728144645690918,-0.031885821372270584,0.15808486938476562,-1.5288585424423216,-0.3846164047718048,0.40875989198684687,-0.14991092681884763,-0.050677575170993805,-0.30654746294021606,-0.19994080066680908
0.07344888150691986,-0.13709430396556854,0.6750660538673401,0.9536530971527101,-0.048926737159490585,-0.005176381208002567,-0.296858698129654,-0.8139131665229796,0.34619396924972534,-0.18260513246059415,1.1227021217346191,-0.1787438988685608,-0.27182525396347046,0.09263704717159273,-0.4115251302719116,-0.04801490530371665,1.173828363418579,-0.43008014559745783,0.20032399892807007,0.237992987036705,0.036902591586112976,0.5228279829025269,-1.1217033863067627,0.412921130657196,-0.49543625116348267,-0.5287935733795166,0.4952625036239624,-0.02257135882973671,0.13656862080097198,-1.4902727603912351,-0.2966812551021576,0.3576005697250366,-0.16716687381267548,-0.036827690899372094,-0.2925997972488404,-0.21767048537731168
0.0783897191286087,-0.1407291144132614,0.681487500667572,0.9617247581481932,-0.04617105051875114,0.0035291553940624,-0.27007627487182617,-0.8501616716384887,0.2851717472076416,-0.2118055820465088,1.0823780298233032,-0.12356060743331908,-0.2799437940120697,0.09687760472297667,-0.4420759379863739,-0.07999856024980545,1.1307227611541748,-0.47801795601844793,0.18004153668880463,0.20894907414913175,0.07543500512838364,0.5233792066574097,-1.3046859502792358,0.5250822901725769,-0.4476528167724609,-0.48259478807449346,0.4331011474132538,-0.0035273942630738016,0.1199711263179779,-1.4638795852661133,-0.2301233410835266,0.28248172998428345,-0.17291809618473053,-0.030032189562916756,-0.276460736989975,-0.24186477065086365
0.08384914696216582,-0.1439732164144516,0.6808419823646545,0.9707208275794984,-0.04032249376177788,0.0067840698175132275,-0.23670479655265808,-0.8723593354225159,0.20413587987422943,-0.23714534938335416,1.0452930927276611,-0.08691222965717316,-0.2834976315498352,0.13855133950710297,-0.44428011775016785,-0.0759235844016075,1.0805704593658447,-0.5149906277656555,0.1723531186580658,0.172525092959404,0.09317173808813096,0.5255433917045593,-1.559138774871826,0.6164278984069824,-0.44095641374588007,-0.3615606427192688,0.3916074335575104,0.02846812643110752,0.10391244292259216,-1.4345036745071411,-0.17822790145874023,0.191068172454834,-0.1863977164030075,-0.009411901235580444,-0.2670314908027649,-0.26776093244552607
0.0881430059671402,-0.14735856652259827,0.6727147102355957,0.9776465892791747,-0.03005261905491352,0.005532929208129644,-0.20802265405654907,-0.8766691088676452,0.12849999964237213,-0.25666099786758423,1.0455098152160645,-0.11670216917991638,-0.2767544984817505,0.1852598935365677,-0.43719232082366943,-0.050232090055942535,1.0436162948608398,-0.5389606356620789,0.17202672362327576,0.13263604044914243,0.08797485381364822,0.5289503335952759,-1.849812626838684,0.6744832396507263,-0.4915140867233276,-0.17665505409240723,0.3585138022899628,0.059692464768886566,0.07751238346099852,-1.4007741212844849,-0.12608228623867035,0.1075754165649414,-0.2156146466732025,-0.005568859167397022,-0.2772948741912842,-0.29154959321022034
0.09195995330810547,-0.15044759213924408,0.6604707837104796,0.981600821018219,-0.02250727266073227,0.003913932479918003,-0.1895729750394821,-0.8931440711021422,0.07608237862586974,-0.2766454815864563,1.0877271890640259,-0.16958236694335935,-0.2684171497821808,0.2314182370901108,-0.4296884834766388,-0.04269564524292946,1.0066068172454832,-0.547722101211548,0.17671450972557068,0.10142447799444199,0.08027859777212144,0.5294395685195923,-2.1034197807312007,0.7008870840072632,-0.585641384124756,0.02048398368060589,0.33444893360137934,0.07177416235208511,0.051761794835329056,-1.3707195520401,-0.0723278746008873,0.046836003661155694,-0.2587818503379822,-0.02953401952981949,-0.2900732159614563,-0.2988398373126984
0.09627670049667358,-0.1545344591140747,0.6481313705444336,0.9831886291503905,-0.020465610548853878,-0.0002626985078677535,-0.18144193291664124,-0.9126666784286499,0.04903260245919228,-0.2982330322265625,1.1527585983276367,-0.21233338117599487,-0.2688247263431549,0.27755025029182434,-0.4278967082500458,-0.059063028544187546,0.9730967879295347,-0.5433350205421448,0.17529162764549255,0.08973300457000732,0.07403531670570372,0.5284383893013,-2.271549224853516,0.6914377212524414,-0.6764478087425232,0.15422604978084564,0.34237465262413025,0.06722620874643326,0.039057880640029914,-1.3284993171691895,-0.02337239310145378,0.01252515520900488,-0.30419743061065674,-0.0623992495238781,-0.2854655981063843,-0.27755254507064814
0.0997595489025116,-0.159205824136734,0.6412554383277893,0.9832808375358579,-0.013825127854943275,-0.008550173602998257,-0.18136854469776156,-0.9029553532600403,0.035190001130104065,-0.2969419062137604,1.1878551244735716,-0.24225418269634247,-0.2632808983325958,0.315516859292984,-0.4452424347400665,-0.06318652629852295,0.9589737057685853,-0.5375615954399109,0.1843316555023193,0.08786415308713913,0.04075414687395096,0.520744264125824,-2.3224449157714844,0.6540920734405518,-0.7294010519981384,0.18544931709766388,0.3762165904045105,0.04935690760612488,0.05143150687217712,-1.275190830230713,0.016692541539669037,0.0054564825259149075,-0.34292426705360407,-0.11728845536708832,-0.2667573094367981,-0.22506397962570193
0.1004255563020706,-0.16467924416065216,0.6437317132949829,0.9812543392181395,-0.010161946527659891,-0.01562965288758278,-0.19181334972381592,-0.8707192540168761,0.05513124540448189,-0.2838952839374542,1.1759898662567139,-0.24007590115070343,-0.25666388869285583,0.3296611607074737,-0.45029923319816584,-0.04625406116247177,0.9426680207252502,-0.521247923374176,0.19246365129947665,0.0976627916097641,0.003052262822166085,0.5081687569618225,-2.264989137649536,0.6069435477256775,-0.7214027643203734,0.13726861774921417,0.44438388943672175,0.03294019773602486,0.07425041496753693,-1.233062744140625,0.03543352335691452,0.033545106649398804,-0.36547285318374634,-0.1782023012638092,-0.23161056637763977,-0.14785604178905487
0.0954667627811432,-0.17135146260261536,0.6562775373458862,0.9787501096725466,-0.008404383435845375,-0.019401663914322853,-0.2039636522531509,-0.8376384973526002,0.08783861994743347,-0.27157682180404663,1.1244972944259644,-0.17510570585727692,-0.24824804067611692,0.32312217354774475,-0.451596736907959,-0.057463638484478,0.9244791865348818,-0.48496752977371216,0.20191846787929532,0.11261920630931854,-0.025051528587937355,0.5053340792655945,-2.158120393753052,0.5721039772033691,-0.6837078928947449,0.06718119233846664,0.5038782954216003,0.02509358525276184,0.08374744653701782,-1.2294511795043943,0.01870744489133358,0.05796492099761962,-0.3650835752487183,-0.23854219913482663,-0.1916995197534561,-0.06645391881465912
0.08421263098716736,-0.1788015514612198,0.6759336590766907,0.9775578379631041,-0.004318766761571169,-0.019616492092609406,-0.20970754325389865,-0.8199095726013182,0.11393072456121443,-0.25525712966918945,1.0499873161315916,-0.03614319860935211,-0.23751546442508695,0.3019416332244873,-0.46976870298385615,-0.13001079857349396,0.9347859621047971,-0.4506325423717498,0.1977383643388748,0.12166962027549744,-0.04308456927537918,0.5085259079933168,-2.0265407562255855,0.569636344909668,-0.6221656203269958,0.003139374777674675,0.4890087842941284,0.04496543109416962,0.0800257995724678,-1.2729688882827759,-0.03132006525993347,0.08050607144832611,-0.32174086570739746,-0.27402821183204645,-0.1570681929588318,-0.026363253593444824
0.07046648114919662,-0.18648351728916168,0.6940427422523499,0.9777969717979432,-0.008408332243561745,-0.016807168722152706,-0.208710253238678,-0.8315902948379517,0.14281174540519714,-0.2413964569568634,1.0064220428466797,0.07675860822200774,-0.2409775108098984,0.29350513219833374,-0.4675024151802063,-0.23285855352878568,0.9532368779182434,-0.45302566885948176,0.17388559877872467,0.12903401255607605,-0.03272047266364097,0.5116058588027954,-1.8560421466827393,0.5646381378173828,-0.5347574949264526,-0.06450770050287247,0.38536381721496576,0.07553891837596893,0.11195605993270874,-1.3642492294311523,-0.11324713379144669,0.1005028411746025,-0.23125575482845304,-0.2489217072725296,-0.12793719768524167,-0.035777706652879715
0.0573560819029808,-0.19514527916908264,0.7024493217468262,0.9777981638908385,-0.023050209507346157,-0.018714651465415955,-0.2074347585439682,-0.8507346510887147,0.15125954151153564,-0.2434096485376358,1.0257284641265867,0.08235928416252136,-0.26911017298698425,0.3199065923690796,-0.4211783707141876,-0.30683109164237976,0.9483811259269713,-0.44797012209892273,0.1522405296564102,0.13828794658184052,0.0010161431273445487,0.512271523475647,-1.6246997117996216,0.5253862738609314,-0.4311319291591644,-0.14913253486156464,0.2747657299041748,0.10158988088369368,0.18198418617248532,-1.461585521697998,-0.20454193651676175,0.12110267579555511,-0.1076575368642807,-0.1943667829036713,-0.10444922000169754,-0.06616087257862091
0.04974717646837234,-0.2040396481752396,0.7005505561828613,0.9782866239547728,-0.024276331067085263,-0.030733326449990273,-0.20352245867252347,-0.8131032586097717,0.12597374618053436,-0.2005431354045868,0.9917111396789551,0.059449013322591775,-0.2717226445674896,0.3734781742095947,-0.3908077776432037,-0.3416881561279297,0.9151610732078552,-0.4544722735881805,0.16379825770854947,0.13530750572681427,-0.0008332219440490006,0.5009114146232605,-1.3418773412704468,0.45125648379325867,-0.3551214933395386,-0.23178748786449432,0.20281219482421875,0.09686994552612305,0.25997990369796753,-1.5361249446868896,-0.2758758068084717,0.1484299749135971,0.010520831681787968,-0.14798828959465027,-0.08993595838546753,-0.06836918741464615
0.04716870188713074,-0.21040889620780945,0.690995454788208,0.976952075958252,-0.03480106592178345,-0.0416494756937027,-0.20644330978393555,-0.7416202425956726,0.1624361276626587,-0.14924171566963196,0.9229586124420166,-0.01526927389204502,-0.26079171895980835,0.4315536916255951,-0.3487154543399811,-0.36538535356521606,0.8556422591209412,-0.4328043460845947,0.17673657834529877,0.1212460771203041,0.006429504603147507,0.4808122515678406,-1.0754923820495603,0.35789868235588074,-0.33791163563728327,-0.2852668762207031,0.1827710717916489,0.06204759702086449,0.34024712443351746,-1.5611467361450195,-0.3178670108318329,0.17315994203090668,0.07166783511638641,-0.12956340610980988,-0.09874739497900008,-0.05725576356053352
0.04407914727926254,-0.21495844423770905,0.6813535690307617,0.9720135331153869,-0.04413960501551628,-0.05101344734430313,-0.22503110766410828,-0.7137346863746643,0.22323323786258695,-0.1271170079708099,0.9463500976562499,-0.08161860704421997,-0.21629998087882996,0.4269987940788269,-0.3298482596874237,-0.3142715096473694,0.8611799478530883,-0.41086211800575256,0.2203772664070129,0.13054394721984863,0.009897846728563309,0.47245329618453974,-0.9523899555206298,0.29314640164375305,-0.34544622898101807,-0.3190100491046905,0.20458436012268064,0.029124155640602112,0.3873522281646729,-1.5469613075256348,-0.3283578157424927,0.1840268224477768,0.07105947285890579,-0.14633207023143768,-0.10685057193040848,-0.025444645434618
0.03706138581037521,-0.21895010769367215,0.6798116564750671,0.964247226715088,-0.061105646193027496,-0.051574401557445526,-0.25265294313430786,-0.7078814506530762,0.30279916524887085,-0.1410507559776306,0.9482237696647645,-0.08888775110244752,-0.21007983386516568,0.373661071062088,-0.30656698346138,-0.26961126923561096,0.9085941314697265,-0.39886251091957087,0.21778723597526553,0.15160414576530457,0.02816290222108364,0.48105227947235113,-0.9168063998222352,0.27288028597831726,-0.3592927157878876,-0.34938448667526245,0.2587447464466095,-0.0037527994718402624,0.41669684648513794,-1.5100834369659424,-0.3203802704811096,0.1789797991514206,0.025151653215289116,-0.15661016106605527,-0.13179567456245422,-0.004168289247900248
0.02348385937511921,-0.22321283817291257,0.6850976943969728,0.9573317170143129,-0.0729399174451828,-0.042834360152482986,-0.2763348519802093,-0.6973452568054199,0.3765593469142914,-0.13959333300590515,0.8869792819023132,-0.04209540411829949,-0.20993901789188385,0.27837884426116943,-0.273588627576828,-0.215734139084816,0.9730855226516724,-0.34593439102172846,0.22619618475437164,0.15795542299747467,0.035122040659189224,0.4998968541622162,-0.9455951452255248,0.2889254689216614,-0.38270717859268183,-0.3590405583381653,0.3387887477874756,-0.023558761924505237,0.42178654670715326,-1.4706028699874876,-0.2845362424850464,0.16263529658317563,-0.04317375645041466,-0.1528158187866211,-0.15283606946468353,-0.0008014842751435934
0.0034374315291643143,-0.22592358291149137,0.6941624283790588,0.9528756141662595,-0.08498027920722961,-0.026782957836985588,-0.2899811863899231,-0.7084162831306458,0.4341545701026917,-0.14794200658798215,0.7990741729736328,0.05217831581830978,-0.21082454919815063,0.15201164782047272,-0.20698010921478271,-0.15333041548728943,1.0737652778625488,-0.27976641058921814,0.23562780022621155,0.1536971628665924,0.05535603687167168,0.5174427032470703,-1.0402697324752808,0.32818037271499634,-0.42569369077682495,-0.34958237409591675,0.44297888875007624,-0.020471708849072456,0.4068178236484528,-1.4421490430831907,-0.23595407605171204,0.14164449274539948,-0.1170639395713806,-0.1467890739440918,-0.16483664512634277,-0.016259318217635155
-0.021135572344064713,-0.22645482420921323,0.7029870748519897,0.9504332542419432,-0.09731694310903549,-0.005224208347499371,-0.2952603101730346,-0.7534275650978088,0.4873048663139343,-0.15742801129817963,0.7146187424659729,0.1707257777452469,-0.22021321952342987,0.018031718209385872,-0.12795870006084442,-0.11209040135145187,1.191242218017578,-0.2031334340572357,0.24470996856689453,0.1536716669797897,0.0986632853746414,0.5225287079811096,-1.1951199769973755,0.3795034885406494,-0.4832383394241333,-0.35381874442100525,0.4977190792560577,0.016275497153401375,0.35233321785926813,-1.4280213117599487,-0.18818147480487823,0.11229036748409273,-0.16435584425926208,-0.1268293410539627,-0.16402404010295868,-0.04733486846089363
-0.047028180211782455,-0.22555989027023315,0.7089481353759766,0.949094831943512,-0.09669281542301178,0.017553595826029778,-0.29926806688308716,-0.8054711818695068,0.5287066102027893,-0.12699362635612488,0.6441076397895813,0.25154349207878113,-0.21053601801395416,-0.10167165845632552,-0.09673663228750227,-0.09286315739154816,1.2973276376724243,-0.2003164440393448,0.25756174325943,0.16389708220958707,0.13830718398094177,0.520874559879303,-1.3967490196228027,0.45251932740211487,-0.5258750319480896,-0.37411993741989136,0.49914413690567017,0.07106586545705795,0.2872658967971802,-1.4288489818572998,-0.1400955319404602,0.07993698865175246,-0.18678656220436096,-0.09341076016426086,-0.15948110818862915,-0.09400751441717149
-0.06908596307039261,-0.22279107570648196,0.7076206803321838,0.9470744729042051,-0.07669273018836974,0.03225499764084816,-0.31004488468170166,-0.8267796635627745,0.5299890041351318,-0.07250458002090454,0.5832381248474121,0.2755909264087677,-0.19845680892467496,-0.18809950351715088,-0.20898863673210144,-0.10997512936592102,1.3789271116256712,-0.3056856691837311,0.24317829310894007,0.18220654129981995,0.1426764726638794,0.5204354524612427,-1.5954591035842896,0.5779160857200624,-0.5377512574195862,-0.37699699401855463,0.48030820488929754,0.12456995993852615,0.2289215922355652,-1.408537745475769,-0.08033265173435211,0.05757816880941391,-0.20106561481952667,-0.06275507062673569,-0.1737160086631775,-0.14844901859760284
-0.08820753544569014,-0.22056886553764343,0.6958522796630859,0.9448533058166506,-0.05567149445414543,0.03482382744550705,-0.320842981338501,-0.8472452163696289,0.5277954936027527,-0.04677604138851166,0.5985025763511658,0.25561878085136414,-0.1747048795223236,-0.19363893568515775,-0.34630754590034485,-0.1452074944972992,1.3672297000885008,-0.4243150949478149,0.2159745693206787,0.19269998371601105,0.1320548951625824,0.5220562219619751,-1.7490984201431274,0.7361267805099486,-0.5512166619300841,-0.3295171558856964,0.4678229093551636,0.16227535903453827,0.17476624250411987,-1.3561383485794067,-0.01181493978947401,0.04633394256234169,-0.22638604044914243,-0.04544932022690773,-0.18795225024223328,-0.17841874063014984
-0.10725054144859313,-0.22063253819942477,0.6744806170463562,0.9399056434631348,-0.05475860834121704,0.030310772359371185,-0.33564895391464233,-0.9101675748825072,0.5841741561889648,-0.09014963358640671,0.727768063545227,0.18055155873298645,-0.15214714407920835,-0.12393853068351744,-0.374879777431488,-0.17178595066070557,1.2608801126480103,-0.4904274046421051,0.19996148347854611,0.19171027839183807,0.14221033453941345,0.5236526131629944,-1.8594944477081297,0.8901955485343933,-0.5929321050643921,-0.22587741911411283,0.46395465731620794,0.20083008706569672,0.0983932763338089,-1.2743386030197144,0.05815448611974716,0.04995191469788551,-0.24963586032390597,-0.012142036110162733,-0.1852262914180756,-0.16388410329818723
-0.12029312551021576,-0.2237480580806732,0.6473783254623413,0.9409586191177368,-0.04690942913293839,0.010845360346138476,-0.3350801467895508,-0.8767760396003723,0.5715126991271973,-0.11698797345161437,0.7397646307945251,0.13694724440574646,-0.23090551793575287,0.012986336834728716,-0.3477471172809601,-0.1300548017024994,1.0866574048995972,-0.6518367528915405,0.26755073666572565,0.16513150930404663,0.12936191260814667,0.5261565446853638,-1.9175804853439329,0.9845982193946838,-0.6617482900619507,-0.08155000209808348,0.4590174555778504,0.20228689908981323,-0.007734202779829502,-1.201594352722168,0.10840887576341628,0.07267078012228013,-0.25706538558006287,-0.013946733437478542,-0.1859877407550812,-0.1217554211616516
-0.1322643011808395,-0.2255326956510544,0.6293544173240662,0.9439072012901306,-0.03686816245317459,-0.004889106377959251,-0.3281097114086151,-0.8825208544731139,0.5425093173980713,-0.1297687143087387,0.7601462006568909,0.14480625092983243,-0.2290697395801544,0.06381163001060486,-0.3572990596294403,-0.11925369501113892,1.0747181177139282,-0.8019706606864929,0.2587999105453491,0.13456058502197263,0.1282965391874313,0.5253129601478577,-1.857424020767212,1.034424066543579,-0.6531780958175659,-0.027855155989527702,0.5111078023910521,0.20517778396606445,-0.08086356520652771,-1.1488425731658936,0.13718880712985992,0.10761550813913344,-0.2509829103946686,-0.04602914303541184,-0.1828468888998032,-0.07291616499423981
-0.13963104784488675,-0.22863714396953583,0.629610002040863,0.9441789984703065,-0.028188623487949368,-0.02328439988195896,-0.32739782333374023,-0.8148441314697266,0.5300319790840149,-0.09663083404302596,0.7029304504394531,0.20134237408638,-0.23115420341491696,0.09986956417560576,-0.3686201274394989,-0.10200396925210951,1.0731017589569092,-0.8378597497940062,0.25466635823249817,0.10354869067668913,0.13296326994895935,0.5259125828742981,-1.6863585710525513,1.0382444858551023,-0.5428095459938049,-0.058711834251880646,0.5575739741325377,0.2025748044252396,-0.09909812361001968,-1.091044545173645,0.16524846851825714,0.15772700309753415,-0.25573721528053284,-0.04424027353525162,-0.18859519064426425,-0.04598148539662361
-0.14287947118282318,-0.23308970034122467,0.6427642703056335,0.9441131949424744,-0.01743381842970848,-0.03827880695462226,-0.32692673802375793,-0.7316811084747313,0.502848744392395,-0.05351526290178298,0.6104762554168701,0.3107348382472992,-0.23344086110591888,0.1352829933166504,-0.3807277381420136,-0.08865079283714294,1.0349982976913452,-0.8087672591209412,0.2529309093952179,0.06661733984947205,0.11492270976305008,0.5244722366333008,-1.5209355354309082,1.0081446170806885,-0.44036224484443665,-0.11688273400068284,0.5700016021728516,0.16376733779907227,-0.04445298761129379,-1.0532838106155396,0.19166517257690427,0.22859947383403775,-0.255416601896286,-0.08572372049093246,-0.17763462662696838,-0.051663689315319054
-0.14461906254291534,-0.23840177059173584,0.6635057926177979,0.9433815479278563,-0.0056161186657845965,-0.04805846884846687,-0.3281616270542145,-0.6660231947898865,0.4803761839866638,-0.00909159518778324,0.530583381652832,0.4373573362827301,-0.2467145472764969,0.1649627387523651,-0.3889124989509583,-0.07132691890001297,0.9782338738441468,-0.7465522289276123,0.25288310647010803,0.036987267434597015,0.08749693632125854,0.518131673336029,-1.4188928604125977,0.9994918107986449,-0.3791282176971436,-0.1653485894203186,0.5684694647789001,0.12978550791740415,0.015402325429022312,-1.0287078619003296,0.21108312904834747,0.2755039036273956,-0.23628577589988708,-0.0998494029045105,-0.15991583466529846,-0.036613959819078445
-0.14576371014118195,-0.24298161268234247,0.6838901042938232,0.9402440786361694,0.007364669349044561,-0.05036666989326477,-0.3366750180721283,-0.6474615931510925,0.4971060752868652,0.0557287223637104,0.5239781141281128,0.5059663653373718,-0.2293497920036316,0.18304613232612607,-0.3982976675033569,-0.051848657429218285,0.892316460609436,-0.6746302247047424,0.2574095129966736,0.025359325110912323,0.06772128492593765,0.5083761811256409,-1.3682267665863037,1.0227563381195068,-0.3606565296649933,-0.18659099936485288,0.5612024664878845,0.10377870500087738,0.07711493223905563,-1.0224148035049438,0.21018657088279724,0.30080559849739075,-0.2089890688657761,-0.103707417845726,-0.1394023895263672,-0.043667808175086975
-0.14563047885894775,-0.24536767601966855,0.7000075578689575,0.9323562383651731,0.01343923807144165,-0.05006972327828407,-0.3578047454357147,-0.6294716000556946,0.5501498579978943,0.11556777358055113,0.5643942952156067,0.4722402989864349,-0.19750605523586276,0.18105393648147583,-0.3994652032852173,-0.019827064126729965,0.8197540044784547,-0.605428159236908,0.2588489055633545,0.03787395730614662,0.0746479406952858,0.5061114430427551,-1.343125343322754,1.0587693452835083,-0.36272919178009033,-0.1936529576778412,0.5664491653442383,0.09517328441143037,0.1285550594329834,-0.9963384866714476,0.1904140263795853,0.32092803716659546,-0.19057747721672055,-0.0930686965584755,-0.12050385773181917,-0.05360039323568344
-0.14492915570735931,-0.24691601097583768,0.7098048329353333,0.922121524810791,0.01943453587591648,-0.05307888239622116,-0.38274914026260376,-0.5799049735069275,0.5393161177635193,0.09727898985147475,0.5612530708312988,0.4267055094242096,-0.23127840459346768,0.16080594062805176,-0.41200801730155934,0.024796659126877785,0.7900900840759277,-0.5638248324394226,0.2621847987174988,0.05755181983113289,0.08613739162683488,0.5082443952560425,-1.3057621717453003,1.091741681098938,-0.3592008352279663,-0.2098315954208374,0.580985426902771,0.08489529043436049,0.1576092690229416,-0.9548775553703309,0.16731321811676023,0.33008378744125366,-0.18063630163669583,-0.04633920639753342,-0.1272120177745819,-0.057185553014278405
-0.1436796933412552,-0.24702242016792297,0.7104328870773315,0.9135868549346925,0.02518428862094879,-0.05931214615702629,-0.4015057682991028,-0.5405044555664064,0.5034981369972229,0.0544128343462944,0.5722197294235228,0.3867629766464233,-0.24788348376750943,0.13345369696617126,-0.4310197234153748,0.06233390420675278,0.8084186315536499,-0.5640251636505127,0.2640277147293091,0.0690467581152916,0.09377789497375488,0.5069211721420288,-1.252832293510437,1.1102839708328247,-0.347931444644928,-0.2456304430961609,0.6027846932411194,0.06363047659397125,0.17205803096294403,-0.9096141457557678,0.14980773627758026,0.333922803401947,-0.1643241047859192,0.007335690315812825,-0.14316067099571228,-0.07673599570989607
-0.14367838203907013,-0.2477367967367172,0.7032610177993774,0.9098659157752991,0.0251677930355072,-0.0639159306883812,-0.4091762602329254,-0.5394394397735596,0.5015974640846252,0.037345569580793374,0.6181569695472717,0.36825346946716314,-0.2438733279705048,0.12555022537708282,-0.434528112411499,0.07443371415138243,0.8306416273117065,-0.6002264618873596,0.263411283493042,0.0674944519996643,0.10587140172719955,0.5052102208137512,-1.1990411281585691,1.1126313209533691,-0.33163556456565857,-0.29635387659072876,0.6206469535827637,0.037946760654449456,0.17577792704105377,-0.8853207826614381,0.1365649253129959,0.3332592844963074,-0.13475874066352844,0.03508910909295082,-0.15265952050685883,-0.11797509342432022
-0.1448821723461151,-0.2507409453392029,0.690583348274231,0.9101976156234739,0.020216334611177444,-0.06705926358699799,-0.4082089960575104,-0.5638993978500366,0.5372841358184814,0.052762031555175774,0.6808194518089294,0.35526877641677856,-0.2287886142730713,0.14834269881248474,-0.426555871963501,0.0607774406671524,0.838376522064209,-0.6759526133537292,0.26009649038314814,0.06055154651403427,0.11901585757732391,0.5099751949310303,-1.2004810571670532,1.105502963066101,-0.3311578035354614,-0.30714237689971924,0.5934406518936157,0.019412374123930928,0.17141802608966827,-0.8927462697029114,0.13682228326797485,0.3428645133972168,-0.109819695353508,0.04190826043486595,-0.15707722306251523,-0.16507869958877563
-0.1455029845237732,-0.2556057870388031,0.6783581376075745,0.914688766002655,0.016696253791451454,-0.06744053959846497,-0.39814248681068415,-0.5997559428215027,0.5662158131599425,0.08110793679952621,0.7063055038452148,0.33145228028297424,-0.20345468819141388,0.17447999119758603,-0.4232234954833984,0.02920733205974102,0.8476987481117249,-0.7555449604988098,0.25905001163482666,0.05222012102603912,0.12709805369377136,0.5104925036430359,-1.305970549583435,1.09591007232666,-0.3597937524318695,-0.2203175723552704,0.5140056610107422,0.012503603473305702,0.16369399428367615,-0.9408148527145384,0.1638648808002472,0.3550105690956116,-0.10086513310670853,0.022100450471043583,-0.1720680594444275,-0.18819996714591977
-0.14255087077617645,-0.2625436782836914,0.6730387210845947,0.9255017638206482,0.014476838521659374,-0.06646909564733505,-0.3725838363170624,-0.5951255559921265,0.5561892986297609,0.15175461769104004,0.6496503949165344,0.2894792556762696,-0.17269682884216309,0.22858668863773343,-0.415278434753418,-0.026058314368128777,0.8271140456199646,-0.7828787565231323,0.25468114018440247,0.04200277850031853,0.12615911662578583,0.505806565284729,-1.46614670753479,1.0535634756088257,-0.4289111495018005,-0.11198525875806808,0.3778338730335236,0.0218904260545969,0.16828401386737823,-1.050353765487671,0.18945668637752527,0.33560407161712646,-0.08533772826194763,-0.018367750570178032,-0.17873327434062955,-0.19214288890361783
-0.13642264902591705,-0.2715895473957062,0.6741099953651428,0.9375313520431519,0.01334768533706665,-0.05885609984397888,-0.3426262438297272,-0.6093764305114746,0.46995955705642706,0.1323387622833252,0.5313950777053833,0.2949517071247101,-0.19681434333324432,0.28961312770843506,-0.3901351988315582,-0.07815541326999664,0.7742737531661987,-0.7724411487579346,0.2505359947681427,0.03522626310586929,0.1223095655441284,0.5054743885993958,-1.603471279144287,0.9907480478286744,-0.5064699649810791,-0.0218210369348526,0.3049787282943725,0.019745320081710812,0.20041146874427795,-1.123190999031067,0.188580185174942,0.2971200942993164,-0.10706990212202072,-0.05077168345451354,-0.19054263830184937,-0.1815302073955536
-0.12653920054435727,-0.2806342840194702,0.6783190369606018,0.9454891681671143,0.013903380371630192,-0.051292221993207925,-0.32128795981407166,-0.6025958061218262,0.33946454524993896,0.056726012378931046,0.37671139836311346,0.34489551186561584,-0.2525763213634491,0.3370449244976044,-0.36581605672836304,-0.1030784472823143,0.7227298617362976,-0.7388044595718383,0.2498987466096878,0.04495372250676155,0.1056644544005394,0.5103296637535095,-1.7243049144744873,0.9216619729995728,-0.6114780306816101,0.06967917084693909,0.2713555097579956,-0.0010101679945364594,0.24432255327701569,-1.1345100402832031,0.17321878671646118,0.2661328911781311,-0.17047497630119324,-0.09402994066476819,-0.2093845903873444,-0.18847435712814328
-0.1127127856016159,-0.2903521955013275,0.6803600192070007,0.948656380176544,0.00793605949729681,-0.044844895601272576,-0.31301283836364746,-0.6266030073165894,0.25746598839759827,-0.007504849694669247,0.35407018661499023,0.36465173959732056,-0.27028390765190125,0.3738560378551483,-0.3365503847599029,-0.10705354809761047,0.6834070086479187,-0.6911542415618896,0.24645636975765228,0.06886371970176697,0.08978940546512604,0.51683509349823,-1.8007857799530027,0.8745900988578796,-0.7118788957595825,0.1421952247619629,0.23220859467983243,-0.03375572711229324,0.2780373990535736,-1.0972516536712646,0.14707167446613312,0.24779267609119413,-0.23072782158851624,-0.1325802505016327,-0.22562511265277865,-0.19575759768486023
-0.09819566458463667,-0.3002910017967224,0.6755020022392273,0.949829876422882,0.0011595655232667923,-0.04127596318721771,-0.3100292980670929,-0.6713231205940248,0.2386967986822128,-0.01256713829934597,0.45315149426460266,0.3420675992965698,-0.26063430309295654,0.4169918596744537,-0.3198000192642212,-0.11625094711780548,0.6568664312362671,-0.6650771498680115,0.2431320399045944,0.08758449554443358,0.0631239116191864,0.5213103890419006,-1.837511658668518,0.8535255789756776,-0.7691634297370911,0.2035045474767685,0.18117065727710724,-0.06695955246686935,0.25869840383529663,-1.0642198324203491,0.11167631298303604,0.22761929035186768,-0.24246917665004727,-0.12358054518699646,-0.2359219044446945,-0.19678272306919095
-0.08324579894542694,-0.3095417022705078,0.6645781397819519,0.9510477781295776,-0.010298693552613258,-0.04102320224046707,-0.30613574385643005,-0.7183399200439453,0.254117876291275,-0.04631797969341278,0.6114524602890015,0.24492649734020236,-0.2402559518814087,0.4679088890552521,-0.2974472045898437,-0.1359134167432785,0.6469922661781311,-0.6601256728172302,0.23541787266731265,0.09677506238222122,0.03585364669561386,0.5231235027313232,-1.8461402654647827,0.8354718685150145,-0.764272153377533,0.26526403427124023,0.1765555441379547,-0.07300229370594025,0.2502829134464264,-1.04553484916687,0.06681852042675017,0.1969965100288391,-0.22053718566894528,-0.08983039110898972,-0.22602699697017667,-0.19299106299877167
-0.06934439390897751,-0.31956589221954346,0.6589317321777344,0.9555725455284119,-0.005358900874853134,-0.04469940438866615,-0.2912977635860443,-0.7472254633903502,0.2308049499988556,-0.06765324622392654,0.7123178839683533,0.17504791915416715,-0.23633579909801483,0.5243166089057921,-0.28824207186698914,-0.1303591430187225,0.6166752576828003,-0.6523692011833191,0.2282753586769104,0.08198712021112442,-0.030662434175610542,0.5151024460792542,-1.763135313987732,0.7912452816963197,-0.6544727087020874,0.24724644422531128,0.25614145398139954,-0.06726229935884476,0.30574026703834534,-1.022075057029724,0.020152598619461056,0.1763419657945633,-0.20132820308208463,-0.04511639848351479,-0.19783081114292145,-0.20030723512172696
-0.0541512593626976,-0.3311447501182556,0.664979100227356,0.9588841199874878,-0.0003786715969908983,-0.04721995815634728,-0.27984169125556946,-0.7299926280975341,0.2096909135580063,-0.07362667471170425,0.7230429649353027,0.16119465231895447,-0.2427190989255905,0.5658453106880188,-0.2719054222106933,-0.10212311893701552,0.5642932057380676,-0.5847538709640503,0.22064048051834104,0.07831141352653502,-0.09011337906122208,0.4810908138751984,-1.581133246421814,0.7207035422325134,-0.5089953541755676,0.10536196082830428,0.35304751992225647,-0.07537734508514403,0.4026093184947968,-0.994306743144989,-0.009545230306684969,0.19891510903835297,-0.20974172651767728,-0.06247955560684204,-0.17466625571250916,-0.20116405189037323
-0.03889458626508713,-0.3402472138404846,0.6785916686058044,0.9580997824668883,-0.0123180765658617,-0.0399145744740963,-0.28337240219116205,-0.7050821185112,0.22924788296222687,-0.09662626683712003,0.707823634147644,0.15831045806407928,-0.25552064180374146,0.5494871735572815,-0.2337331473827362,-0.05043476074934006,0.5673791170120239,-0.46724072098732,0.21114481985569,0.1016787812113762,-0.08624419569969177,0.4218173921108246,-1.3138718605041504,0.6487641334533691,-0.4162452518939972,-0.09833338111639024,0.45116055011749273,-0.0924750417470932,0.46642455458641047,-0.9793192148208617,-0.0348338708281517,0.2570435404777527,-0.23448273539543152,-0.16263137757778168,-0.15464013814926147,-0.1841343194246292
-0.025598114356398582,-0.3464574515819549,0.6970371007919312,0.9542356133460999,-0.02214725874364376,-0.032144948840141296,-0.2964973449707031,-0.6559911966323853,0.2552470266819,-0.10848482698202132,0.6503624320030212,0.17321608960628507,-0.26694050431251526,0.4881397485733032,-0.22130693495273593,-0.014876768924295902,0.6483336687088013,-0.3606108725070953,0.19837482273578644,0.1424882560968399,-0.0511152409017086,0.3847944438457489,-0.9995623826980592,0.5781591534614562,-0.37636154890060414,-0.2950848042964936,0.5518959164619446,-0.1012057140469551,0.46960571408271784,-1.0105937719345093,-0.07425270229578018,0.30445435643196106,-0.2304534614086151,-0.2758288085460663,-0.13281337916851044,-0.1677606701850891
-0.014098348096013067,-0.3499897420406341,0.7155371308326721,0.9488680362701416,-0.014491695910692213,-0.02630247175693512,-0.31424131989479065,-0.5825890898704529,0.260292112827301,-0.07701100409030913,0.5393667221069336,0.22355256974697116,-0.27857270836830134,0.387431114912033,-0.2642219364643097,-0.008906510658562182,0.7728103399276732,-0.3208569288253784,0.18524473905563357,0.1795181781053543,-0.023424573242664337,0.3747193813323975,-0.6418811082839966,0.5041654706001282,-0.3487299382686615,-0.4532817304134369,0.6620345115661621,-0.08396198600530624,0.41800025105476374,-1.0869175195693968,-0.12044110894203186,0.3146294355392456,-0.18248213827610013,-0.3324822187423706,-0.10519534349441528,-0.1491233706474304
-0.006093498319387436,-0.3511374890804291,0.7297016978263856,0.9428465366363523,-0.0020189513452351093,-0.024234777316451073,-0.33233878016471863,-0.5285863280296326,0.2557578980922699,-0.04218728095293045,0.4491325616836548,0.29138079285621643,-0.28138935565948486,0.27992284297943115,-0.34359562397003174,-0.036318261176347726,0.8961790204048157,-0.35754844546318054,0.13436011970043182,0.2092872858047485,0.001344030722975731,0.3814911544322968,-0.3000712990760803,0.41848424077034,-0.32618284225463867,-0.5699237585067749,0.7450717687606812,-0.02410970069468021,0.3499436676502228,-1.1918390989303589,-0.15462176501750946,0.3013087213039398,-0.112705297768116,-0.33874303102493286,-0.08728013187646867,-0.14744266867637634
0.0003043524920940399,-0.355147272348404,0.7379347681999207,0.9377900362014769,-0.002644945401698351,-0.02646869607269764,-0.346182256937027,-0.5066354870796204,0.2715647220611572,-0.02283541113138199,0.44038385152816767,0.30883955955505366,-0.28839567303657526,0.2095066159963608,-0.3762001693248749,-0.05552144721150398,0.945294678211212,-0.3714676797389984,0.0863363966345787,0.2364376783370972,0.04497535526752472,0.38725104928016657,-0.04628868401050568,0.3321004807949066,-0.3119819462299347,-0.6469647884368896,0.7271311879158019,0.031034473329782482,0.28896260261535645,-1.295149326324463,-0.17462952435016632,0.27226319909095764,-0.03163531422615051,-0.29389756917953486,-0.0730823278427124,-0.1495755910873413
0.005695324391126633,-0.3617123067378998,0.7389341592788696,0.9359200000762941,-0.014250462874770164,-0.029835905879735943,-0.3506574034690857,-0.5175285935401917,0.30458784103393555,-0.019499842077493668,0.5043493509292603,0.2595959007740021,-0.28921523690223694,0.18493694067001343,-0.3473338484764099,-0.07006984204053879,0.9046608209609984,-0.32107508182525635,0.06939884275197983,0.25198933482170105,0.09679753333330153,0.38090342283248896,0.10937730222940444,0.2646503150463104,-0.30497395992279047,-0.6962448358535768,0.6432374715805054,0.05917242541909218,0.247392863035202,-1.3787145614624023,-0.1846439093351364,0.2562032341957092,0.05296787992119789,-0.20812569558620447,-0.042654465883970254,-0.1403794288635254
0.008680345490574835,-0.3689535856246948,0.732763111591339,0.9386731386184691,-0.027821693569421768,-0.038395121693611145,-0.3415326774120331,-0.5321016907691956,0.32672202587127686,-0.029622122645378113,0.5958035588264465,0.1774559915065765,-0.2823117971420288,0.23960417509078977,-0.3102096617221832,-0.10817722231149672,0.7966789603233337,-0.26159426569938654,0.09794057905673981,0.23894180357456207,0.13582058250904083,0.38001883029937744,0.12742525339126587,0.2365413159132004,-0.30917683243751526,-0.692535400390625,0.5571625828742981,0.06374659389257431,0.2230715900659561,-1.432316780090332,-0.19363282620906827,0.27476367354393005,0.10264348238706587,-0.13484200835227966,-0.019469033926725388,-0.14739200472831726
0.011153068393468857,-0.37591034173965454,0.720943033695221,0.9432453513145447,-0.034947048872709274,-0.05355342477560043,-0.32588189840316767,-0.5380839109420776,0.33931612968444824,-0.0150653263553977,0.6832800507545471,0.0842135101556778,-0.2668201327323913,0.3459155559539795,-0.297725111246109,-0.16005271673202515,0.69928377866745,-0.3099084198474884,0.14009061455726624,0.21484686434268951,0.15746085345745087,0.39686182141304016,0.0002115735551342368,0.24660485982894895,-0.2988708317279816,-0.7014546990394592,0.47148931026458735,0.06294488161802292,0.20785169303417203,-1.4598073959350584,-0.18843141198158264,0.30588367581367487,0.09267545491456984,-0.08683225512504578,-0.0032984258141368628,-0.17387354373931885
0.013412099331617355,-0.38083186745643616,0.7081262469291687,0.9456518292427064,-0.043059702962636955,-0.06266798824071884,-0.31616640090942383,-0.5496525764465332,0.3750026822090149,0.018969541415572166,0.7610845565795897,0.006017304491251707,-0.2295443564653397,0.4206859469413757,-0.27983602881431574,-0.1945345550775528,0.6381978392601013,-0.3857806026935577,0.1935243308544159,0.20063945651054385,0.18295209109783167,0.4254081547260285,-0.2542761266231537,0.2803191542625427,-0.26253414154052734,-0.7191054821014404,0.40604671835899353,0.05623407289385796,0.2350907325744629,-1.4638930559158323,-0.1641436368227005,0.3220885097980499,0.0026857058983296156,-0.0648127943277359,0.010156809352338314,-0.21026858687400815
0.016206856817007065,-0.3837646245956421,0.6996159553527832,0.9459690451622008,-0.04851061478257179,-0.06510139256715775,-0.3139284551143646,-0.5781885385513306,0.3891921937465668,0.011134942062199116,0.8307771682739258,-0.029086975380778313,-0.2043723165988922,0.44215175509452814,-0.2745334506034851,-0.21634982526302335,0.6312069892883301,-0.4421756267547608,0.2184678614139557,0.20293384790420527,0.1935512870550156,0.4486082196235657,-0.5836337804794312,0.33330780267715454,-0.2424445003271103,-0.6581105589866638,0.3574809730052948,0.046434521675109856,0.2887173891067505,-1.4519319534301756,-0.13019080460071564,0.3086955547332764,-0.09382914751768112,-0.06376393884420395,0.0007294553215615451,-0.25558406114578247
0.02003110572695732,-0.3855282962322235,0.695720374584198,0.9445444345474243,-0.04600246250629425,-0.06431366503238678,-0.31872135400772095,-0.5907747149467468,0.3825974762439728,-0.0001341513270745054,0.8703757524490355,-0.04730900377035141,-0.2078424096107483,0.4289117753505706,-0.29444459080696106,-0.22057661414146423,0.6659165024757385,-0.47878867387771606,0.22792875766754153,0.21481001377105713,0.168239027261734,0.4691737592220306,-0.9443288445472717,0.4176828265190125,-0.2642185688018799,-0.49460330605506897,0.31610456109046936,0.05166212096810341,0.3150868117809296,-1.4320005178451538,-0.09264776110649107,0.26766160130500793,-0.15560604631900787,-0.043271005153656006,-0.02224671840667725,-0.2981224656105041
0.025495246052742004,-0.3859531581401825,0.697364091873169,0.9409776926040648,-0.04489865526556969,-0.05879878252744675,-0.33028444647789,-0.5884062647819519,0.3891514539718628,0.004789500497281551,0.8820418119430542,-0.060893725603818886,-0.21865332126617432,0.3844313025474548,-0.31629472970962524,-0.20239491760730743,0.7317107915878295,-0.47262927889823914,0.22400130331516263,0.22069211304187772,0.13740678131580353,0.495554506778717,-1.2819751501083374,0.5257657766342163,-0.33454233407974243,-0.2863326370716095,0.2820698916912079,0.07707244157791138,0.31374138593673706,-1.3955683708190916,-0.052614841610193246,0.2185107469558716,-0.2058720588684082,0.001179247861728072,-0.05205768346786499,-0.29974862933158875
0.0326136015355587,-0.38555002212524414,0.703190267086029,0.9370835423469543,-0.0428590252995491,-0.052913893014192574,-0.34239983558654785,-0.5754414796829224,0.3962650895118713,0.021140657365322117,0.8720878958702086,-0.06295917183160782,-0.2276492267847061,0.31251102685928345,-0.3478849530220032,-0.17091277241706848,0.8382811546325684,-0.43644523620605463,0.20192013680934903,0.21572901308536527,0.11858425289392471,0.5168372988700867,-1.5084764957427979,0.6242699027061462,-0.420970231294632,-0.1276095062494278,0.28357237577438354,0.10793332755565643,0.2788360118865967,-1.3529306650161743,-0.02378207817673683,0.19840724766254425,-0.24232439696788788,0.03357977792620659,-0.07844471931457518,-0.25660786032676697
0.040308814495801926,-0.38543781638145447,0.709479033946991,0.9356818795204161,-0.038890212774276726,-0.05125194787979125,-0.3469296991825104,-0.5590593814849854,0.3880452513694763,0.029673155397176743,0.8598631620407104,-0.04443519189953804,-0.23821851611137393,0.23725315928459167,-0.39282563328742975,-0.14871232211589813,0.9703002572059632,-0.41587096452713007,0.14421890676021576,0.20171226561069489,0.11424069106578826,0.5217221379280089,-1.5948201417922971,0.6771144270896912,-0.4830582737922669,-0.08916906267404556,0.31174224615097046,0.1181620955467224,0.23538866639137268,-1.3093965053558347,-0.00994173064827919,0.19983059167861936,-0.2604651153087616,0.04081490635871887,-0.09845851361751555,-0.20373187959194183
0.04752153903245926,-0.38726747035980225,0.7159203290939331,0.9376660585403441,-0.035081733018159866,-0.05492685735225677,-0.34137168526649475,-0.5570501089096069,0.3646140098571777,0.016035692766308784,0.8601586818695068,0.005771392025053501,-0.24617740511894223,0.2000471651554108,-0.42379742860794073,-0.1219114512205124,1.0530593395233154,-0.41812223196029663,0.08454722166061401,0.18009653687477112,0.11620542407035828,0.5178420543670654,-1.5597453117370603,0.6877517104148865,-0.5011423826217651,-0.16433873772621155,0.36568513512611384,0.1124238446354866,0.18899802863597867,-1.2863106727600095,-0.01916130632162094,0.19828589260578156,-0.24928656220436096,0.026946403086185452,-0.10658425092697144,-0.1496005207300186
0.0533595122396946,-0.3919705748558045,0.7199879884719849,0.9420483112335203,-0.033536460250616074,-0.06197357177734375,-0.3279931843280792,-0.5643256306648254,0.33427843451499933,-0.016263652592897415,0.8755009174346925,0.0624576024711132,-0.25772824883461,0.20501117408275604,-0.4145398736000061,-0.07960519939661026,1.0718582868576048,-0.4075692892074585,0.06213194131851196,0.15359537303447723,0.12021537870168685,0.5071102380752563,-1.4238277673721311,0.6747084856033325,-0.4682324230670929,-0.3068724870681762,0.4134095013141632,0.09608735889196397,0.1476876586675644,-1.3027374744415283,-0.05369331315159798,0.1808898895978928,-0.19814120233058927,0.017740270122885704,-0.09795758128166199,-0.10754133760929108
0.057030729949474335,-0.3988602459430695,0.7195537686347961,0.9456849694252014,-0.03671399131417274,-0.069426991045475,-0.3154551386833191,-0.5777801871299744,0.3159239888191223,-0.055276498198509216,0.9069500565528867,0.09494245797395706,-0.26276248693466187,0.23781788349151609,-0.3632331192493439,-0.025260997936129567,1.0309500694274902,-0.35555514693260193,0.07851984351873398,0.1321101039648056,0.1265050321817398,0.4877888858318329,-1.2362720966339111,0.6574892997741699,-0.39231216907501215,-0.44473469257354736,0.43008217215538014,0.0789143070578575,0.11781655251979828,-1.3544930219650269,-0.10130847990512848,0.1706925481557846,-0.105879545211792,-0.0002519131812732667,-0.07696782052516937,-0.08730439096689224
0.058262187987566,-0.40680545568466187,0.7119442224502563,0.9464030861854552,-0.03830792754888535,-0.07775148749351501,-0.31114065647125244,-0.5666944980621338,0.3163553476333618,-0.07140173763036728,0.9265709519386292,0.04338737949728966,-0.2612032890319824,0.28581851720809937,-0.32542735338211054,0.017237814143300056,0.9555935859680176,-0.30633243918418884,0.11810266226530076,0.12259654700756072,0.12261008471250534,0.4640556871891022,-1.051190972328186,0.6386213898658752,-0.28863322734832764,-0.5401779413223267,0.42879354953765864,0.054130520671606064,0.09386979043483734,-1.4277677536010742,-0.14981037378311157,0.19609327614307404,0.0077089741826057425,-0.05128368735313416,-0.06114663928747177,-0.07473991811275482
0.05799102410674095,-0.4170711934566498,0.6960312128067017,0.9482049345970154,-0.030208570882678032,-0.0881928876042366,-0.30367234349250793,-0.5202375650405884,0.31359931826591486,-0.0433705784380436,0.9063215255737304,-0.08864520490169525,-0.26326218247413635,0.3641968369483948,-0.35812878608703613,-0.03366214409470558,0.8793962597846986,-0.3947218656539917,0.19564266502857208,0.11367643624544144,0.10013268142938613,0.44870364665985113,-0.9274507761001587,0.5969288349151611,-0.20985591411590576,-0.5912575721740723,0.41622170805931086,0.018264798447489735,0.08091000467538834,-1.5076613426208496,-0.19635483622550964,0.2369472086429596,0.08676367998123169,-0.1291648894548416,-0.05904650315642357,-0.05903281271457672
0.051575452089309685,-0.4240425527095794,0.6868009567260742,0.9502568244934082,-0.032233960926532745,-0.09414612501859665,-0.2951429486274719,-0.5366917252540588,0.31446138024330134,-0.06792391836643219,0.9311221837997437,-0.10427022725343704,-0.25669112801551813,0.42201337218284607,-0.3431057929992676,-0.07092995941638947,0.8174755573272705,-0.4453186392784119,0.2344920784235001,0.12996487319469452,0.10981663316488265,0.45059487223625183,-0.9711726307868956,0.5583533644676208,-0.19319441914558408,-0.5895559787750244,0.387873649597168,0.014980616979300976,0.06340017169713974,-1.552129864692688,-0.2084636241197586,0.2251148074865341,0.09771671146154404,-0.09204742312431335,-0.0507727488875389,-0.01355338469147682
0.041110698133707047,-0.429602175951004,0.6867097616195679,0.9553068280220032,-0.034513700753450394,-0.08611485362052917,-0.28068119287490845,-0.5935570597648621,0.3153042793273926,-0.08575324714183806,0.9423238039016724,-0.044524408876895905,-0.2368769198656082,0.42682880163192743,-0.31911298632621765,-0.11973211169242857,0.801263928413391,-0.4669036269187927,0.24279050529003143,0.13590143620967865,0.11556459218263626,0.4577653706073761,-1.0638587474822998,0.5392783880233765,-0.21546509861946103,-0.5489238500595093,0.3811013400554657,0.012757816351950169,0.05936255306005478,-1.5763765573501587,-0.20759057998657224,0.18366457521915436,0.0601087212562561,-0.034127071499824524,-0.059113003313541405,0.0135476253926754
0.030595965683460236,-0.43353533744812006,0.6909409165382385,0.9611012935638429,-0.0383404828608036,-0.07396738976240158,-0.26333087682724,-0.6549068093299866,0.3035533130168915,-0.07453837990760803,0.9444256424903869,-0.004387130495160817,-0.2230707556009293,0.41543567180633534,-0.28995612263679504,-0.17492765188217163,0.7933707237243651,-0.46219485998153687,0.24512045085430145,0.13937559723854065,0.11878880858421324,0.46889328956604,-1.183872103691101,0.5432571768760681,-0.2698271870613098,-0.4677161574363709,0.3873482942581177,0.019214173778891563,0.08970768749713898,-1.5747311115264893,-0.2035271525382996,0.14492858946323395,0.00550656346604228,0.016689106822013855,-0.08330181241035461,0.004774504341185093
0.024496089667081833,-0.43559017777442927,0.6956009864807129,0.9657115340232848,-0.034815248101949685,-0.061065591871738434,-0.2499203383922577,-0.6648907661437988,0.23687003552913663,-0.04365669935941696,0.8853284120559692,0.009436196647584438,-0.26897117495536804,0.37648934125900263,-0.2846481502056122,-0.2004711478948593,0.8214502334594727,-0.4544523656368256,0.24695712327957156,0.1353592574596405,0.09538477659225465,0.4816330075263977,-1.3394495248794556,0.5817852020263672,-0.35632652044296265,-0.3573833703994751,0.4163158535957336,0.029365574941039085,0.11163458973169325,-1.5535407066345215,-0.20453928411006927,0.11678198724985123,-0.03669866919517517,0.019129730761051175,-0.11930101364850997,-0.05033597722649574
0.022271960973739624,-0.4367948174476624,0.6945865154266356,0.9660774469375609,-0.03147713840007781,-0.05575951561331749,-0.2501887381076813,-0.6672996282577515,0.21779300272464752,0.028638072311878204,0.8970295786857605,-0.04350979626178741,-0.23448312282562253,0.3233480155467987,-0.28529444336891174,-0.15798000991344452,0.9044241905212401,-0.43912699818611145,0.24505801498889923,0.12997370958328247,0.0627884790301323,0.5079053640365601,-1.5226290225982666,0.6412811279296875,-0.4500567018985748,-0.2277788370847702,0.46731236577034,0.0317402146756649,0.09997477382421491,-1.4991995096206665,-0.2135091871023178,0.10447875410318375,-0.0741635113954544,-0.06379684060811996,-0.14034852385520935,-0.09276082366704941
0.019992517307400703,-0.43469664454460144,0.6875805854797363,0.9626489877700803,-0.03368730470538139,-0.053675644099712365,-0.26323193311691284,-0.6783292889595032,0.2319315969944,0.06108787655830383,0.9456433057785033,-0.1031552255153656,-0.1426718831062317,0.23045586049556727,-0.28517401218414307,-0.05922794342041016,1.0661951303482056,-0.4196573495864868,0.2416493147611618,0.12721729278564453,0.033220142126083374,0.5233350396156311,-1.7215042114257812,0.7109268307685852,-0.5645092129707336,-0.05721257999539375,0.5090098977088928,0.02607267163693905,0.08421795070171356,-1.3926514387130735,-0.21254703402519223,0.0685049444437027,-0.12487754225730896,-0.17870602011680603,-0.15652960538864136,-0.11321599781513214
0.01842985302209854,-0.43098056316375727,0.6797060966491699,0.9560773968696593,-0.04290191829204559,-0.06043436750769615,-0.2835896611213684,-0.6568468809127808,0.27112773060798645,0.06499011069536209,0.9724510312080384,-0.1559443175792694,-0.12479010969400404,0.1326577514410019,-0.2618826627731323,0.07781852781772612,1.2555136680603027,-0.4276808798313141,0.24147047102451324,0.13032241165637967,0.016598984599113464,0.529092013835907,-1.879239559173584,0.7820465564727782,-0.7104666829109192,0.12686561048030853,0.5034196972846985,0.004630072042346001,0.09535880386829376,-1.2400765419006348,-0.18116840720176697,0.008503966033458708,-0.2130656987428665,-0.257487952709198,-0.18142783641815183,-0.1189422607421875
0.01487552747130394,-0.4276462495326996,0.6789295673370361,0.9485043883323667,-0.06659894436597824,-0.06430162489414215,-0.3029345571994781,-0.6502661108970642,0.3398932218551636,0.0420781634747982,0.9932579398155212,-0.15910950303077695,-0.12727484107017517,0.0625758245587349,-0.20319925248622892,0.15654337406158447,1.3609312772750854,-0.4151211678981781,0.23585765063762665,0.13356909155845642,0.04951358959078789,0.5193676352500916,-1.8603508472442625,0.8400501608848571,-0.7496806979179382,0.12118221819400787,0.49948683381080633,-0.00043474571430124337,0.11953164637088776,-1.0944114923477173,-0.1140618547797203,-0.0337505079805851,-0.3500942587852478,-0.2227832227945328,-0.21094262599945068,-0.1291780024766922
0.008847646415233612,-0.42589595913887024,0.688775897026062,0.9466702938079834,-0.0758778676390648,-0.06400646269321442,-0.30653080344200134,-0.6279965043067932,0.36282822489738464,0.03848716989159584,0.9269859790802002,-0.09176091849803923,-0.13033688068389893,0.008835858665406704,-0.21213623881340024,0.148921400308609,1.3834677934646606,-0.3959516286849976,0.2235205173492432,0.12497216463088988,0.06332467496395111,0.5093147754669188,-1.641344666481018,0.86785489320755,-0.6408629417419434,-0.09122923761606216,0.5231269001960753,-0.00366559368558228,0.11720809340476988,-0.9780462384223938,-0.03258325904607773,-0.04279862716794013,-0.4488434791564941,-0.13409659266471863,-0.2270810306072235,-0.1504594385623932
-7.735565304756163e-06,-0.4271401762962341,0.7089663147926331,0.9489554166793824,-0.07600174099206924,-0.0578000582754612,-0.30061027407646174,-0.5968683362007141,0.34909173846244806,0.03317758068442345,0.7867299318313599,0.051940638571977615,-0.15198396146297455,-0.013277143239974976,-0.24224840104579923,0.09207616746425629,1.3253722190856931,-0.3695550262928009,0.19998461008071897,0.11317827552556992,0.06314356625080109,0.5011690258979796,-1.2724437713623047,0.8687114715576173,-0.4748232364654541,-0.3892395496368408,0.5693029761314392,-0.02348806522786617,0.10666164755821228,-0.9094184041023254,0.01761201210319996,-0.0013819417217746377,-0.4475585520267487,-0.07361764460802078,-0.19570745527744293,-0.15205466747283936
-0.009732285514473917,-0.4289674162864685,0.730466365814209,0.9516723155975341,-0.07463383674621582,-0.05198976770043373,-0.2933371067047119,-0.5628294348716736,0.3285878896713257,0.024411143735051155,0.6213616132736206,0.23341332376003265,-0.21447867155075076,0.011374062858521938,-0.2553015351295471,0.02938441932201385,1.2036617994308472,-0.34975749254226685,0.1765533536672592,0.10298241674900054,0.0628705695271492,0.49943584203720087,-0.8203405141830444,0.8405343890190125,-0.3330458700656891,-0.6416735649108887,0.5963106751441956,-0.049979362636804574,0.1132657527923584,-0.9128437042236328,0.017939027398824692,0.06121864914894104,-0.3616199493408203,-0.07715008407831192,-0.1288052499294281,-0.12349068373441696
-0.01998443901538849,-0.4310992360115051,0.7447574734687805,0.9544132351875304,-0.07402189075946806,-0.04887844622135162,-0.2850036323070526,-0.5191676616668701,0.32353684306144714,0.0570254884660244,0.4577655494213104,0.3870423138141632,-0.2783074975013733,0.06643029302358627,-0.23437322676181796,-0.009945876896381378,1.0293453931808472,-0.32314103841781616,0.20281997323036197,0.09029699116945265,0.06730499118566513,0.4974575042724609,-0.42604115605354315,0.7673030495643615,-0.21543215215206143,-0.7898524403572081,0.554078221321106,-0.054715033620595925,0.12329223752021788,-0.9828099608421325,-0.011484785936772823,0.10270027071237564,-0.25905641913414,-0.1091264933347702,-0.08953717350959779,-0.08025322854518889
-0.03368515148758888,-0.433244526386261,0.7469072937965393,0.9564366340637208,-0.07734499126672743,-0.04830683022737503,-0.2773321568965912,-0.540381133556366,0.3670662939548493,0.14811977744102478,0.4582050144672394,0.4101400971412658,-0.2711705267429352,0.135370135307312,-0.20415942370891568,-0.0607224814593792,0.8471995592117308,-0.2779548168182373,0.22784388065338132,0.09078367799520493,0.08896589279174803,0.4929410517215729,-0.15352042019367218,0.6837643384933472,-0.12812961637973783,-0.8620049953460692,0.4814488589763641,-0.042755160480737686,0.12907454371452332,-1.09171724319458,-0.06246333196759224,0.12643995881080627,-0.170258030295372,-0.13433286547660828,-0.06721752136945724,-0.05824630334973335
-0.04952547326683998,-0.4323805868625641,0.7368444204330444,0.9582271575927734,-0.07952191680669785,-0.05469560995697975,-0.269230991601944,-0.5717363953590393,0.4373462498188018,0.2723078727722168,0.5614520311355591,0.3123111724853516,-0.2085055559873581,0.22442443668842316,-0.18249638378620148,-0.12403440475463869,0.6957414746284485,-0.2856842279434204,0.24348525702953336,0.09714188426733017,0.11939814686775208,0.4868680536746978,0.018364915624260902,0.6069467663764954,-0.09964483231306077,-0.8974590897560119,0.4516817033290863,-0.0282488577067852,0.12523230910301208,-1.2147549390792847,-0.12439659237861632,0.1350664496421814,-0.09209305793046953,-0.12450280040502548,-0.04995928704738617,-0.04954594373703002
-0.06371284276247025,-0.4292701184749603,0.7170971035957336,0.963369607925415,-0.07110237330198288,-0.06733980029821396,-0.24965760111808777,-0.5493913292884827,0.4076383113861084,0.335705429315567,0.5544507503509521,0.2731889486312866,-0.2189757823944092,0.305681973695755,-0.2016998827457428,-0.2024422585964203,0.6075355410575867,-0.4363942444324493,0.25997820496559143,0.08814270794391632,0.12954898178577423,0.4837753176689148,0.09382630884647368,0.5561969876289368,-0.11646266281604765,-0.9050168395042419,0.4734990000724792,-0.02571827545762062,0.10626927018165588,-1.3230047225952148,-0.17611627280712128,0.10689321905374526,-0.04552144929766655,-0.11913613229990004,-0.043796967715024955,-0.0678228959441185
-0.07476693391799927,-0.42449301481246954,0.6950419545173645,0.9668216705322265,-0.06925278156995773,-0.08848149329423904,-0.22941447794437408,-0.5493904948234558,0.3515740931034088,0.2839982807636261,0.5682554841041565,0.2342307418584824,-0.23970676958560944,0.34845426678657526,-0.22451309859752652,-0.25987187027931213,0.6503454446792603,-0.5790722370147705,0.26226475834846497,0.08243080228567123,0.14414557814598083,0.49938616156578064,0.07176201790571213,0.5397257804870604,-0.1366409957408905,-0.8904632925987244,0.5174604654312134,-0.048585012555122375,0.09260150790214537,-1.3848702907562256,-0.20858587324619293,0.09156902879476547,-0.03898723423480988,-0.13452765345573425,-0.00904437992721796,-0.0763414278626442
-0.08570520579814912,-0.4177469611167908,0.6847913861274719,0.9691454768180848,-0.06578680127859116,-0.08604129403829575,-0.22141841053962708,-0.6065143942832947,0.3184514343738556,0.21967442333698273,0.5988495945930481,0.20056326687335968,-0.23732633888721463,0.30795371532440186,-0.2503774762153625,-0.286495566368103,0.7226311564445494,-0.648726761341095,0.26184046268463135,0.08620192110538481,0.14873524010181427,0.49177989363670344,-0.027579881250858303,0.542028546333313,-0.1489555984735489,-0.8652622699737549,0.5120599865913391,-0.08078142255544662,0.10118769109249114,-1.4058434963226318,-0.23363882303237915,0.08280596882104874,-0.06868961453437805,-0.14571629464626312,-0.005227308254688977,-0.06064889207482337
-0.0902109146118164,-0.4139831960201264,0.6849049925804137,0.9683479666709902,-0.06374537199735641,-0.08383872359991074,-0.2262957394123077,-0.62034672498703,0.3994576036930084,0.24124419689178464,0.7102046012878418,0.06830757856369019,-0.1647280305624008,0.2808749973773956,-0.26990994811058044,-0.2864666283130646,0.7481042146682739,-0.6477938294410706,0.26254194974899286,0.09747209399938583,0.1538129448890686,0.47309961915016174,-0.17637255787849426,0.5375903248786926,-0.1727323979139328,-0.8058189153671264,0.46860906481742853,-0.10405953973531724,0.10652000457048416,-1.4177736043930051,-0.25970819592475886,0.10455698519945145,-0.07901695370674133,-0.15133695304393768,-0.016544563695788383,-0.03905262798070908
-0.08985771238803862,-0.41122347116470337,0.6926245093345642,0.9681492447853088,-0.06046900153160095,-0.07793503999710083,-0.23012316226959229,-0.6100661158561707,0.48474845290184015,0.24142390489578247,0.8269286751747131,-0.03259556367993355,-0.10740856081247328,0.2790048122406006,-0.27997857332229614,-0.28656914830207825,0.7064999341964722,-0.5960267782211304,0.26758715510368347,0.10523534566164015,0.15430359542369843,0.4339756965637207,-0.3597424030303955,0.5363743305206299,-0.22802785038948056,-0.6976382732391356,0.41267454624176025,-0.1007273867726326,0.09294292330741881,-1.3949396610260008,-0.29076144099235535,0.1259574443101883,-0.06893884390592575,-0.1569945365190506,-0.015293017961084843,-0.0017753986176103351
-0.0839560478925705,-0.40647149085998535,0.7068564295768738,0.967913806438446,-0.05644065514206886,-0.06993064284324646,-0.234663650393486,-0.5764581561088562,0.5130351781845093,0.1817992329597473,0.8976727724075316,-0.07547023147344589,-0.11959006637334824,0.2823014259338379,-0.2876269519329071,-0.2737768292427063,0.6396299600601196,-0.5000150799751282,0.27571165561676025,0.10822290182113647,0.14401833713054657,0.3873172402381897,-0.5004161596298218,0.5536296367645264,-0.28457456827163696,-0.5877181887626648,0.38998496532440186,-0.07691715657711029,0.06996724754571915,-1.3209422826766968,-0.30320414900779724,0.11990910023450851,-0.058069352060556405,-0.135370135307312,-0.008769460953772068,0.02544290572404861
-0.07309355586767197,-0.39914426207542414,0.7225620746612548,0.9664106369018554,-0.05019296333193778,-0.061160895973443985,-0.2445211410522461,-0.5161138772964478,0.5245161056518555,0.13748836517333984,0.9486328959465027,-0.1077333688735962,-0.15445630252361295,0.27288129925727844,-0.30734676122665405,-0.2420506179332733,0.5860739946365356,-0.3738517165184021,0.27864953875541687,0.1068667024374008,0.12816870212554932,0.34205314517021174,-0.5657485723495483,0.5794683694839478,-0.304378867149353,-0.530211329460144,0.373615026473999,-0.0726042166352272,0.06576314568519592,-1.211204409599304,-0.2971250116825104,0.10191293060779572,-0.05361821874976158,-0.1150454357266426,-0.0111995842307806,0.03397572785615921
