-0.0016926219686865807,-0.0349302664399147,0.6941138505935669,0.9978951215744017,0.031906094402074814,-0.056437287479639046,-0.0014529539039358497,-0.9440929293632508,0.004002411849796772,0.028147488832473755,1.5876319408416748,-0.09662644565105438,-0.004934905562549829,0.2335825860500336,-0.2295592576265335,-0.19126206636428836,1.0786733627319336,-0.41012296080589294,0.2636265158653259,0.1777214556932449,0.23527270555496213,0.518879771232605,-0.3941476941108704,0.4400131702423096,-0.2541302442550659,-0.481326699256897,-0.17797578871250153,-0.1881394535303116,0.36729559302330017,-1.3024003505706787,-0.29699066281318665,0.3738526701927185,-0.41366282105445856,-0.17414164543151855,-0.11893905699253082,-0.09448416531085968
0.0026200192514806986,-0.03280474618077278,0.7032132148742676,0.9976998567581176,0.03702099621295929,-0.045551940798759454,-0.033904969692230225,-0.9382979869842528,-0.11984806507825851,-0.03263275697827339,1.2685787677764893,0.07370080798864365,-0.1207033023238182,0.19162282347679135,-0.24544000625610352,-0.15617085993289948,1.1005699634552,-0.38832172751426697,0.250191330909729,0.23572409152984616,0.251190185546875,0.5224429368972777,-0.14141637086868286,0.4827437400817871,-0.2324780374765396,-0.6964048147201538,-0.12626421451568604,-0.20109178125858304,0.33019858598709106,-1.3642175197601318,-0.33691880106925964,0.2879233658313751,-0.4586387276649475,-0.1044626161456108,-0.11538994312286376,-0.053979359567165375
0.012776840478181837,-0.03190240263938904,0.7036378979682921,0.9955932497978209,0.03885612636804581,-0.03864751383662224,-0.07609687745571136,-0.882856845855713,-0.1930476427078247,-0.151193305850029,0.9273771643638611,0.2776654660701752,-0.2163122445344925,0.16406363248825073,-0.2245231866836548,-0.07568178325891495,1.1001302003860471,-0.4015581607818604,0.252518892288208,0.2985861897468567,0.26113504171371454,0.5305900573730469,0.07664264738559723,0.4793038070201874,-0.2295980602502823,-0.7917001843452453,-0.03745605424046517,-0.20031481981277463,0.29486173391342163,-1.3905935287475584,-0.3630681335926056,0.21692444384098047,-0.4614896774291992,-0.09116044640541075,-0.07978762686252595,-0.03779692202806473
0.027968276292085648,-0.031086761504411697,0.6921091675758362,0.9913932085037231,0.04098921269178391,-0.03833699598908424,-0.11827810108661652,-0.8006675839424133,-0.20029048621654513,-0.24482876062393188,0.7168101668357849,0.382554829120636,-0.24833476543426516,0.1581672728061676,-0.2529764175415039,-0.04306930676102638,1.1383609771728516,-0.43441709876060486,0.24050049483776087,0.3377312421798706,0.25581103563308716,0.5351320505142212,0.24138343334198,0.44614970684051514,-0.2072557359933853,-0.7833319902420045,0.1007537692785263,-0.18263545632362363,0.2963567674160004,-1.3602356910705566,-0.3487095236778259,0.16679634153842926,-0.4432787299156189,-0.1507435142993927,-0.03306044265627861,-0.0471147820353508
0.04556211456656456,-0.030068833380937576,0.6733506917953491,0.9859226942062378,0.03890959545969963,-0.04555042088031769,-0.1561012715101242,-0.6989331245422363,-0.13565507531166077,-0.22231242060661316,0.6574040055274963,0.15021483600139615,-0.26626673340797424,0.17804646492004395,-0.29936456680297846,-0.03981528058648109,1.2025525569915771,-0.4872588217258453,0.20718666911125183,0.3523707985877991,0.24789975583553317,0.5366415977478027,0.3491058647632599,0.37330862879753113,-0.15306849777698517,-0.7112892270088196,0.2586107552051544,-0.13785716891288757,0.31573650240898127,-1.3242216110229492,-0.3011931777000427,0.14749254286289215,-0.4367189407348633,-0.19723355770111084,0.013667373917996883,-0.03876138478517532
0.05866649001836777,-0.028514571487903595,0.6561084389686584,0.9799227714538574,0.042145825922489166,-0.04940987378358841,-0.18850393593311307,-0.7605563402175902,-0.11296465247869492,-0.15664517879486084,0.8505882024765015,-0.008279404602944851,-0.232637882232666,0.17360688745975494,-0.35556837916374207,-0.04253990575671196,1.2663670778274536,-0.554643452167511,0.18422716856002808,0.3493309020996094,0.22127003967761996,0.533876359462738,0.34248825907707214,0.2674723267555237,-0.06947275996208191,-0.5908166766166687,0.3827294111251831,-0.10323097556829453,0.3495524823665619,-1.2787892818450928,-0.22146742045879364,0.16087231040000916,-0.4284437894821167,-0.24897822737693784,0.06708814948797226,-0.024322340264916417
0.06910193711519241,-0.027494389563798904,0.641142964363098,0.9748727083206176,0.057643994688987725,-0.053958963602781296,-0.2082999050617218,-0.8030152320861816,-0.10080057382583618,-0.08035901188850403,0.9723055958747864,-0.09107725322246552,-0.21937395632267,0.19364994764328,-0.450188010931015,-0.09144950658082962,1.2810897827148435,-0.6329816579818726,0.1771848350763321,0.3153424263000488,0.16210556030273435,0.5333513021469116,0.19502653181552887,0.15577365458011627,0.016014840453863144,-0.42052516341209406,0.4438793063163757,-0.07601799815893173,0.4050546884536743,-1.2345423698425293,-0.13673901557922363,0.18470346927642825,-0.4114408791065216,-0.26576077938079834,0.1140247657895088,-0.054599735885858536
0.07667124271392822,-0.028413204476237297,0.6365432143211365,0.9716085791587827,0.05754560232162476,-0.04736456647515297,-0.22454823553562164,-0.8279964327812195,-0.05805696919560432,-0.039876729249954224,1.0132949352264404,-0.14046013355255127,-0.20313215255737305,0.23137006163597104,-0.48821359872817993,-0.17314046621322632,1.2096055746078491,-0.6866246461868286,0.18799903988838196,0.27161407470703125,0.1329729855060577,0.5270097851753235,-0.06842844933271408,0.08859716355800627,0.07318323850631715,-0.22260090708732605,0.4437611103057861,-0.07495675235986708,0.4362541437149048,-1.1622483730316162,-0.07693943381309509,0.22555808722972867,-0.39688917994499207,-0.2777211666107178,0.15674535930156708,-0.0976571887731552
0.08003582060337065,-0.02924421802163124,0.6430613994598389,0.9683766365051267,0.04786507412791252,-0.03760293126106262,-0.24195392429828644,-0.8274926543235779,0.005754609126597642,-0.014369221404194832,1.0068135261535645,-0.15395906567573547,-0.17656470835208893,0.22863338887691495,-0.46909299492836,-0.1857752948999405,1.1444281339645384,-0.6704029440879822,0.21726787090301516,0.22335103154182437,0.12511210143566132,0.525898277759552,-0.3947173655033112,0.08426491171121597,0.08073680847883224,-0.0439826026558876,0.4165618419647217,-0.09926736354827882,0.4223399758338928,-1.0834056138992307,-0.04802200943231583,0.297988623380661,-0.40287148952484125,-0.2967633605003357,0.17812035977840424,-0.0916997492313385
0.0794975757598877,-0.02957729622721672,0.6570236682891846,0.9627358317375184,0.027942068874835968,-0.025180887430906292,-0.267814964056015,-0.8275229930877684,0.0929965525865555,-0.009588950313627722,0.9943374395370483,-0.12256811559200285,-0.15720506012439728,0.16244995594024658,-0.42008411884307856,-0.13429681956768036,1.1648544073104858,-0.6091465950012207,0.2177630513906479,0.18317557871341705,0.14108441770076752,0.5321175456047058,-0.7055805325508118,0.16642914712429047,0.03464902937412261,0.01812334731221199,0.3696132004261017,-0.10077429562807085,0.3935013711452484,-1.0315662622451782,-0.043063323944807046,0.35819748044013977,-0.43417856097221375,-0.2904139757156372,0.15100179612636566,-0.05460158735513687
0.07630228996276854,-0.0310688316822052,0.6716620326042175,0.95550400018692,0.009324794635176657,-0.01819718070328236,-0.2942686676979065,-0.8291472792625427,0.17472699284553528,-0.025042466819286343,0.995897352695465,-0.05032758787274361,-0.16175551712512967,0.11690279841423035,-0.372139036655426,-0.09606780856847763,1.1788822412490845,-0.5597150325775145,0.221072182059288,0.167791411280632,0.15349017083644867,0.5366312861442566,-0.9926124215126035,0.33445799350738525,-0.057147111743688576,-0.043007317930459976,0.2706865072250366,-0.04143402352929115,0.32913711667060846,-0.9859687685966493,-0.05221855267882347,0.3394983410835266,-0.4759133160114288,-0.20924648642539975,0.10421735048294067,-0.03957929089665413
0.07309429347515106,-0.03474135696887969,0.6843527555465697,0.9473013281822205,0.0005929037579335272,-0.01501212641596794,-0.31999135017395014,-0.8451204895973204,0.23150472342967987,-0.04907938465476036,1.026763677597046,0.048028163611888885,-0.1704314798116684,0.12233361601829527,-0.36701545119285583,-0.11618856340646744,1.1303416490554807,-0.546988010406494,0.22761228680610657,0.17452719807624817,0.13849888741970062,0.5362161993980408,-1.276057481765747,0.545824944972992,-0.16255733370780945,-0.13005919754505155,0.1206766963005066,0.001909468788653612,0.21854019165039065,-0.9404270052909853,-0.055477987974882126,0.2858920395374298,-0.49360844492912287,-0.0856897234916687,0.070942223072052,-0.06560074537992477
0.07196926325559616,-0.039430618286132806,0.6934521198272705,0.9363577365875245,0.0006659963401034473,-0.014605420641601084,-0.350742906332016,-0.8559330105781555,0.25933152437210083,-0.08487313985824585,1.0611302852630615,0.12456344813108444,-0.18518389761447904,0.17471726238727567,-0.40760606527328486,-0.1946229636669159,1.002599000930786,-0.5357846617698668,0.2223356664180756,0.20819662511348724,0.11493834853172302,0.5357484221458435,-1.478286862373352,0.7492702603340149,-0.2083057016134262,-0.24543678760528564,-0.022692840546369553,-0.011430103331804276,0.13092011213302612,-0.9079894423484801,-0.036859992891550064,0.25820809602737427,-0.472419798374176,0.0019585217814892526,0.05341184511780738,-0.12268637865781784
0.07249195873737334,-0.044238708913326256,0.6945210099220276,0.92409348487854,0.005531540606170893,-0.013537606224417686,-0.3818865716457367,-0.8553430438041686,0.2726945877075196,-0.12478895485401152,1.0875735282897947,0.1394386887550354,-0.2027367651462555,0.25834876298904413,-0.43962863087654114,-0.28597623109817505,0.7880948781967163,-0.5303131341934204,0.24227607250213623,0.2542565166950226,0.10678374022245408,0.5313422679901123,-1.512601613998413,0.89911288022995,-0.16133849322795868,-0.3499889075756073,-0.1297503113746643,-0.03512302413582802,0.09309662133455276,-0.9062920212745665,0.007153554353863001,0.2707317769527436,-0.40879073739051813,0.013721398077905178,0.043251749128103256,-0.2156944274902344
0.07296405732631683,-0.046721477061510086,0.6898614168167113,0.9152658581733704,0.00311368377879262,-0.01232511643320322,-0.4026497900485992,-0.865081787109375,0.27593308687210083,-0.17033635079860687,1.136152744293213,0.09910300374031066,-0.22169589996337888,0.31957203149795527,-0.4190075695514679,-0.31249088048934937,0.6069588661193848,-0.5531634092330933,0.2570599019527436,0.29333990812301636,0.1305340677499771,0.5205590128898621,-1.4230319261550903,0.9422426223754883,-0.10771971940994261,-0.36775991320610046,-0.15238475799560547,-0.04707697778940201,0.08902651071548462,-0.9572782516479491,0.06049361079931259,0.2836838364601135,-0.31777778267860407,-0.040550712496042245,0.0493585430085659,-0.2940734922885895
0.07119827717542648,-0.04697789251804352,0.687899649143219,0.9158049821853635,0.004904734902083874,-0.009803570806980131,-0.4014737904071808,-0.9000524878501891,0.2397507280111313,-0.1970097124576569,1.1556118726730347,0.0927318036556244,-0.2154078632593155,0.3267036974430084,-0.4027718603610992,-0.3001788854598999,0.5710839033126831,-0.5815044045448303,0.2502976357936859,0.3017910420894623,0.1559627056121826,0.5217967629432678,-1.341658353805542,0.8925455808639526,-0.09556590765714643,-0.3308458626270294,-0.06354273110628128,-0.0509515143930912,0.10463465005159378,-1.01813805103302,0.09589668363332748,0.2793234586715698,-0.25460126996040344,-0.10450053960084917,0.05130234733223915,-0.30841830372810364
0.06922490894794464,-0.04734160006046295,0.6923622488975525,0.9256876111030578,0.017330683767795563,-0.005219936836510897,-0.37785556912422175,-0.8795807361602782,0.15742631256580353,-0.1721857190132141,1.0294950008392332,0.1100434809923172,-0.25820109248161316,0.31064704060554504,-0.40773370862007136,-0.2995929419994354,0.5987117886543274,-0.5697323083877563,0.25100579857826233,0.26979345083236694,0.14434833824634552,0.5288633704185486,-1.3036826848983765,0.7942345738410949,-0.12409780174493788,-0.3060415387153625,0.08083797246217726,-0.057134810835123055,0.10688897967338562,-1.0696830749511719,0.107407346367836,0.26462677121162415,-0.2510722279548645,-0.14976422488689423,0.04293735325336456,-0.25751855969429016
0.06994056701660156,-0.047429904341697686,0.6995310187339783,0.9347798228263856,0.02765340358018875,0.0018095953855663536,-0.35414505004882807,-0.8252525925636292,0.11697948724031448,-0.1006430760025978,0.8382084369659424,0.15371784567832947,-0.2720337510108948,0.2340735495090485,-0.43591722846031195,-0.27528125047683716,0.7601457238197327,-0.5400074720382689,0.24389195442199707,0.2191888839006424,0.11655368655920029,0.5291321873664856,-1.2705557346343994,0.6809042692184448,-0.14978681504726407,-0.3121607005596161,0.17704787850379944,-0.06494845449924469,0.09363165497779846,-1.1177353858947752,0.09573312848806381,0.2711196541786194,-0.27917176485061646,-0.20473989844322205,0.03301680460572243,-0.2094624489545822
0.07294217497110368,-0.04695436730980873,0.7037236094474792,0.9368351697921754,0.014472057111561298,0.015942074358463287,-0.3491078019142151,-0.8247433304786682,0.1349455714225769,-0.08558623492717744,0.7907166481018065,0.12869977951049805,-0.22561652958393097,0.10621707886457445,-0.4168680906295776,-0.20988944172859192,0.963911533355713,-0.4672632813453674,0.22397424280643463,0.18664591014385223,0.11931001394987106,0.5262751579284668,-1.2074174880981443,0.5741130709648132,-0.135260671377182,-0.35378214716911316,0.25579142570495605,-0.0781097412109375,0.08301878720521927,-1.1874407529830933,0.06300772726535797,0.27510395646095276,-0.3005189895629883,-0.2863731682300568,0.05389553308486938,-0.1735578030347824
0.07835789024829865,-0.04730679839849472,0.7033662796020508,0.9298774600028992,-0.0213601253926754,0.02833273075520992,-0.36615425348281855,-0.7947584986686705,0.21233344078063965,-0.13905638456344604,0.7939915060997009,0.007068591192364693,-0.24612784385681152,-0.009669434279203417,-0.3354403078556061,-0.12107028067111968,1.1207096576690672,-0.3314867317676544,0.21218404173851013,0.17322303354740143,0.15218764543533325,0.5201727151870728,-1.099409580230713,0.49120011925697327,-0.11458361148834229,-0.40729096531867987,0.33577126264572144,-0.09705305844545363,0.09200205653905869,-1.2848353385925293,0.02587855234742165,0.2368650585412979,-0.31928429007530207,-0.40680593252182007,0.06858158111572266,-0.1422593593597412
0.08432406932115555,-0.04827394708991051,0.6979369521141052,0.9223485589027405,-0.03690927103161812,0.023295611143112183,-0.38388547301292414,-0.799741506576538,0.25369736552238464,-0.1520882099866867,0.8865327835083008,-0.06130431964993477,-0.24547095596790316,-0.07940684258937836,-0.31612712144851685,-0.051245328038930886,1.2299258708953855,-0.2446296662092209,0.21836069226264956,0.17642822861671448,0.1485307365655899,0.5116233825683594,-1.0233422517776487,0.43228903412818903,-0.12407386302947998,-0.4632879495620728,0.415936291217804,-0.11603182554244997,0.07344061136245726,-1.3694784641265867,-0.0006631358992308377,0.1851778328418732,-0.2861544191837311,-0.4679312705993652,0.07242579758167267,-0.1206088811159134
0.08941859006881715,-0.05024954304099082,0.6917503476142883,0.920630156993866,-0.02912186458706856,0.009870974346995352,-0.389223039150238,-0.7929949760437012,0.24228844046592712,-0.126920148730278,0.9457586407661438,-0.10309533029794692,-0.23778919875621796,-0.08715491741895676,-0.41041216254234314,-0.06617533415555954,1.288967490196228,-0.26794561743736267,0.20246644318103793,0.18496392667293549,0.11917699873447418,0.5102877616882324,-0.9917407035827636,0.37820154428482056,-0.15122725069522855,-0.5191728472709656,0.5003002882003784,-0.1500720977783203,0.02666728943586349,-1.4213790893554688,-0.016203884035348892,0.159499391913414,-0.22214405238628387,-0.47556722164154047,0.06049751117825508,-0.13377802073955536
0.09423433244228364,-0.05599056929349899,0.6899863481521606,0.9216801524162291,-0.02422410063445568,0.0021747511345893145,-0.38718748092651367,-0.7829611897468567,0.2335563451051712,-0.11664721369743349,0.968656837940216,-0.10851618647575378,-0.23607903718948364,-0.03395342081785202,-0.48986193537712097,-0.14069817960262299,1.276230812072754,-0.28496187925338745,0.1679491102695465,0.21167819201946256,0.11641672998666765,0.5122365355491638,-0.9997110366821288,0.3346121311187744,-0.15439406037330627,-0.5657572150230408,0.5202592611312865,-0.1614932268857956,-0.04317332059144974,-1.424683928489685,-0.02070447988808155,0.1511460244655609,-0.1696942299604416,-0.39154690504074097,0.04679055139422417,-0.11731412261724472
0.09457053244113922,-0.06166965886950493,0.6901214122772217,0.9271039366722107,-0.018122209236025807,-0.0027714888565242286,-0.3743557631969452,-0.8044886589050293,0.18834297358989716,-0.14365683495998383,0.9972167611122131,-0.054379578679800034,-0.24287270009517667,0.054470796138048165,-0.5492716431617737,-0.24494890868663788,1.245256781578064,-0.29512423276901245,0.13334739208221436,0.23125305771827695,0.11548040062189102,0.5188109874725342,-1.0358376502990723,0.3070366680622101,-0.1463892161846161,-0.5502052307128905,0.4990555942058563,-0.16343587636947632,-0.0808652713894844,-1.40915310382843,-0.016751810908317562,0.14876480400562286,-0.14253687858581543,-0.2631148397922516,0.022928386926651,-0.1068597063422203
0.09260302782058717,-0.06809984892606735,0.6883894205093384,0.9362879991531373,-0.013572367839515207,-0.008218624629080294,-0.3508746922016144,-0.8441554307937622,0.11197805404663085,-0.19688281416893005,1.0302623510360716,0.019266311079263687,-0.2681749761104584,0.14977094531059265,-0.5531381368637085,-0.32236319780349726,1.2097086906433103,-0.3086253404617309,0.13139325380325317,0.23837007582187647,0.11635469645261765,0.5258440971374512,-1.1012780666351318,0.29506927728652954,-0.15128061175346375,-0.4811285436153412,0.4678723812103272,-0.1472165882587433,-0.08789464831352234,-1.379188895225525,-0.021490776911377903,0.13493797183036804,-0.1354249268770218,-0.14542511105537415,0.001968868309631944,-0.09969294816255568
0.08890294283628462,-0.07377985119819641,0.6809261441230774,0.9451282620429992,-0.007775807753205299,-0.017027005553245544,-0.32616275548934937,-0.8575850129127502,0.07494756579399107,-0.18921819329261777,1.0326855182647705,0.0180674996227026,-0.27101099491119385,0.22324465215206143,-0.5292479395866394,-0.34561455249786377,1.1875641345977783,-0.3601025640964508,0.14816893637180328,0.23755128681659696,0.11180242151021956,0.5329434275627136,-1.1962107419967651,0.29725807905197144,-0.16133125126361847,-0.38194972276687617,0.4462153315544128,-0.1327088326215744,-0.056635510176420205,-1.3507565259933472,-0.032754432410001755,0.10655697435140608,-0.16360513865947723,-0.07175847142934799,-0.02442430891096592,-0.11105922609567642
0.08530162274837494,-0.07815588265657425,0.6655372381210327,0.9500576257705688,-0.0026631413493305445,-0.026568463072180748,-0.3109302818775177,-0.8365341424942015,0.11079154908657073,-0.11436180770397186,1.0168744325637815,-0.06448160856962204,-0.25363242626190186,0.28800809383392334,-0.5142163038253784,-0.3516952395439148,1.1799519062042236,-0.4588980674743652,0.14686788618564603,0.23520836234092712,0.101596400141716,0.53468257188797,-1.3061778545379639,0.3185529410839081,-0.1812872290611267,-0.27872395515441895,0.4272325932979584,-0.12236449122428894,-0.014278583228588104,-1.327454924583435,-0.037042848765850074,0.07665838301181793,-0.2278502732515335,-0.034020483493804925,-0.06208125129342079,-0.1381619423627853
0.08101833611726762,-0.08127012848854065,0.6437550783157349,0.951516568660736,-0.0009661645162850617,-0.031252991408109665,-0.3060041964054108,-0.851488709449768,0.1302376091480255,-0.09285682439804077,1.0705742835998535,-0.1543455570936203,-0.22919131815433505,0.3256317973136902,-0.48821878433227534,-0.3475012183189392,1.163996696472168,-0.5547957420349121,0.1899326890707016,0.23375195264816284,0.09050875157117844,0.5317495465278625,-1.3977535963058472,0.3573491871356964,-0.20484872162342072,-0.21638932824134824,0.41006502509117126,-0.12081030011177062,0.03679516538977623,-1.3166738748550415,-0.033268146216869354,0.05838936939835549,-0.2828975021839142,-0.05073677748441696,-0.08392461389303206,-0.15843048691749573
0.07720639556646347,-0.08327263593673706,0.6229403614997864,0.9490221142768861,-0.007120801601558924,-0.033478401601314545,-0.31334567070007324,-0.9016141295433043,0.1647990643978119,-0.10289807617664336,1.1720998287200928,-0.2085998207330704,-0.20784834027290344,0.3460474908351898,-0.4797791838645935,-0.35835573077201843,1.1653163433074951,-0.6362389326095581,0.2110606133937836,0.24613662064075467,0.0921579971909523,0.527834951877594,-1.4271295070648191,0.3958476185798645,-0.20944875478744504,-0.2059141397476196,0.37376132607460016,-0.12483067065477373,0.09909413009881972,-1.3222384452819824,-0.03763892501592636,0.060393691062927246,-0.29731661081314087,-0.10182231664657591,-0.07746821641921997,-0.17063744366168976
0.07438345253467558,-0.08485552668571472,0.6091302037239075,0.9451467394828796,-0.010406402871012688,-0.034175049513578415,-0.32468658685684204,-0.9337878227233887,0.19565194845199585,-0.10836247354745863,1.23346209526062,-0.2389771193265915,-0.21119067072868347,0.3399607837200165,-0.4868618249893189,-0.34600692987442017,1.1824312210083008,-0.679237961769104,0.22611622512340543,0.2565286159515381,0.09233740717172623,0.5254154205322266,-1.3484085798263548,0.41622835397720337,-0.1776745766401291,-0.24966490268707275,0.32090219855308527,-0.1391310840845108,0.17150819301605225,-1.329101324081421,-0.06046353280544281,0.08005422353744505,-0.2775534391403198,-0.14708617329597473,-0.046664997935295105,-0.1689777821302414
0.07072335481643677,-0.08647426962852478,0.6064882874488832,0.9437327384948729,-0.009123857133090496,-0.03346888720989227,-0.3288845419883728,-0.9406263828277587,0.21099038422107697,-0.10180368274450302,1.231695771217346,-0.2448217421770096,-0.22867895662784576,0.32720932364463806,-0.48878970742225647,-0.33218786120414734,1.2002280950546265,-0.6996320486068726,0.22899945080280304,0.24238488078117368,0.08707999438047409,0.5276839137077332,-1.1698386669158936,0.3968976140022278,-0.15426300466060638,-0.2986501455307007,0.329639345407486,-0.16419079899787903,0.2449234277009964,-1.3254716396331787,-0.08796616643667221,0.1005301848053932,-0.2554172277450561,-0.17989309132099152,-0.007247395813465118,-0.14974422752857208
0.06627558916807175,-0.08880392462015152,0.6131674647331238,0.9450801014900208,-0.008436501957476139,-0.03470135107636452,-0.32488179206848145,-0.9226330518722534,0.21528051793575287,-0.08985098451375961,1.1842970848083496,-0.21781520545482635,-0.2497391700744629,0.3276655673980713,-0.4735031723976135,-0.32675960659980774,1.1972543001174927,-0.6863925457000732,0.22287556529045105,0.2180922031402588,0.08216094970703125,0.532684326171875,-1.0389292240142822,0.3535439670085907,-0.1773387640714645,-0.2684578001499176,0.3962471187114716,-0.1742148399353027,0.2639560103416443,-1.3001700639724731,-0.10294914245605467,0.11601406335830688,-0.2552579641342163,-0.1887255311012268,0.02269588783383369,-0.12787283957004547
0.060864929109811776,-0.0910430997610092,0.6237366795539856,0.9469990730285645,-0.004367324057966472,-0.03491837903857231,-0.3193030059337616,-0.8925271630287169,0.21171404421329496,-0.07759123295545578,1.1157547235488892,-0.17143768072128296,-0.25690677762031555,0.3126862943172455,-0.46212863922119135,-0.31179317831993103,1.1951504945755005,-0.6451034545898438,0.22003969550132751,0.20008888840675357,0.06864649802446365,0.5333632230758666,-1.0329768657684326,0.3360924422740936,-0.18602515757083887,-0.22267018258571625,0.404695063829422,-0.1679684817790985,0.24836429953575132,-1.2864652872085571,-0.1110866367816925,0.1381164789199829,-0.2657544612884521,-0.1868637502193451,0.02377871423959732,-0.11402411013841628
0.05641012266278266,-0.09340161085128784,0.634810745716095,0.9470832347869872,-0.00458008935675025,-0.03653809428215026,-0.3188687860965729,-0.8502712249755859,0.22278840839862823,-0.06832211464643478,1.0461933612823486,-0.12742948532104492,-0.26353034377098083,0.29583075642585754,-0.4418867826461792,-0.27934905886650085,1.1833651065826416,-0.5818468928337097,0.21886420249938965,0.19826199114322665,0.06634779274463654,0.5315739512443542,-1.0981358289718628,0.3434145450592041,-0.17360086739063263,-0.188296303153038,0.34754109382629395,-0.1553676873445511,0.218010738492012,-1.29742431640625,-0.12764269113540647,0.16743966937065125,-0.2542969882488251,-0.17661073803901672,0.01803511381149292,-0.10677439719438551
0.054019495844841,-0.09605748951435088,0.6446910500526428,0.9454693794250488,-0.006887213326990604,-0.04027190804481506,-0.3231382966041565,-0.8023017644882202,0.2456661611795425,-0.058010950684547424,0.9895491003990173,-0.09374342113733293,-0.27194511890411377,0.2877986431121826,-0.4167803227901458,-0.23117147386074063,1.1617720127105713,-0.519402027130127,0.2218838930130005,0.2061784118413925,0.07438148558139801,0.5277431607246399,-1.1571578979492188,0.36235445737838745,-0.16677729785442352,-0.1658625453710556,0.27955105900764465,-0.14580339193344116,0.19440348446369168,-1.321757674217224,-0.1576469987630844,0.20350839197635648,-0.21488611400127408,-0.1564212590456009,0.01076850201934576,-0.11572199314832687
0.05341020226478577,-0.09949966520071027,0.6533331871032715,0.9442098140716552,-0.010086450725793839,-0.04570058733224869,-0.3260025084018707,-0.760925829410553,0.2684551477432251,-0.04490145668387413,0.9553011655807496,-0.06589039415121078,-0.28082475066185,0.29903918504714966,-0.3948450684547424,-0.18998868763446808,1.1357494592666624,-0.45680192112922663,0.2210799306631088,0.21868160367012024,0.09113820642232896,0.5223828554153441,-1.1555714607238767,0.3767936527729034,-0.15863581001758575,-0.18594168126583097,0.24790325760841367,-0.14084352552890775,0.1711369901895523,-1.3407366275787351,-0.19482578337192533,0.2399118542671204,-0.16608139872550964,-0.12448517978191376,0.0025216331705451007,-0.13618804514408112
0.05325135588645935,-0.1042480021715164,0.6609941720962524,0.9458199739456176,-0.011186233721673489,-0.053445979952812195,-0.32006698846817017,-0.7341130971908569,0.27646973729133606,-0.028347816318273544,0.9417619109153748,-0.017344094812870026,-0.2833137512207031,0.33687579631805414,-0.3833207786083221,-0.17145398259162903,1.1080358028411863,-0.4026867151260376,0.2127349078655243,0.22777211666107175,0.10792049765586852,0.5144447088241577,-1.0812734365463257,0.3797352313995361,-0.14469777047634125,-0.2593531310558319,0.23900994658470157,-0.14940045773983,0.15256626904010773,-1.3443771600723267,-0.23216079175472257,0.26239100098609924,-0.13512322306632996,-0.09081675857305527,-0.011566073633730412,-0.1491902321577072
0.05245432257652283,-0.11105486005544662,0.667179524898529,0.951485812664032,-0.01125512458384037,-0.061228305101394646,-0.30132895708084106,-0.7418268322944641,0.2766114175319672,-0.0004849352990277112,0.9562019109725952,0.07110364735126495,-0.2806936502456665,0.39479544758796686,-0.3679964542388916,-0.17803028225898743,1.0717394351959229,-0.34783810377120966,0.196159228682518,0.22903078794479367,0.12298281490802764,0.5036674737930298,-0.9644044041633605,0.37623730301856995,-0.1216304302215576,-0.3663842976093292,0.22823148965835569,-0.16501164436340332,0.1331043243408203,-1.334526777267456,-0.2679404616355896,0.27214163541793823,-0.12458471953868865,-0.05985112860798836,-0.023974331095814705,-0.15681742131710052
0.050331786274909966,-0.11890990287065505,0.6674160957336426,0.9606061577796936,-0.01129031553864479,-0.06343974173069,-0.2703399658203125,-0.7951295375823975,0.3089681565761566,0.07310079783201218,1.0056519508361816,0.17534457147121427,-0.26993870735168457,0.448344886302948,-0.31150543689727783,-0.18340300023555756,1.0295953750610352,-0.2934390902519226,0.19092625379562375,0.2221579551696777,0.1390128582715988,0.4914557337760925,-0.870686650276184,0.37651082873344416,-0.08990000933408737,-0.4654956459999085,0.2079077363014221,-0.1875926703214645,0.12921030819416046,-1.34302020072937,-0.3093283772468567,0.27420493960380554,-0.13728637993335724,-0.030157422646880146,-0.03453928604722023,-0.1603083610534668
0.04559748247265816,-0.12562808394432068,0.657667338848114,0.9712287187576293,-0.00018604996148496864,-0.05896146968007088,-0.23073434829711917,-0.8620842099189758,0.24989888072013852,0.10537734627723692,0.9838125705718994,0.2253015786409378,-0.2655767500400543,0.486445277929306,-0.25539630651474,-0.1943436414003372,0.9899877309799193,-0.32016661763191223,0.20417246222496033,0.209263488650322,0.1366433948278427,0.4837548434734344,-0.8399921655654907,0.3888212740421295,-0.058289755135774605,-0.5389167666435242,0.1832008808851242,-0.20971663296222687,0.139158234000206,-1.3798046112060547,-0.36252897977828974,0.2785469591617584,-0.17351986467838287,-0.02428443729877472,-0.039603665471076965,-0.15930761396884918
0.03982747346162796,-0.1307584047317505,0.6400119066238403,0.9805458188056944,0.01800660416483879,-0.05026913806796074,-0.18888792395591733,-0.8935086131095886,0.04269276559352874,-0.007320946082472801,0.7923132181167601,0.2753137052059173,-0.28334042429924006,0.5129217505455017,-0.2309479862451553,-0.24012447893619537,0.9556621313095092,-0.4307125508785248,0.20499074459075928,0.19557203352451324,0.12443627417087554,0.4876633584499359,-0.8674821257591246,0.4087088108062744,-0.04302379488945007,-0.581308901309967,0.16654711961746216,-0.217316135764122,0.13669289648532867,-1.4512566328048706,-0.4218238592147827,0.29302147030830383,-0.20563170313835144,-0.028715332970023155,-0.05872781202197074,-0.1519852876663208
0.037483565509319305,-0.13550890982151031,0.6166199445724487,0.9854480624198912,0.02586994133889675,-0.04425188153982162,-0.16206377744674683,-0.8547666668891906,-0.11720187216997147,-0.199333131313324,0.5675445795059204,0.29437828063964844,-0.2891351878643036,0.567872166633606,-0.2131628096103668,-0.308479905128479,0.8976100087165833,-0.5707705020904541,0.19327934086322784,0.2101576179265976,0.13754189014434814,0.5142418742179872,-0.9222143292427064,0.42563608288764954,-0.040322545915842056,-0.5951440334320068,0.1682273745536804,-0.2040246874094009,0.12445869296789168,-1.524696946144104,-0.48656791448593134,0.2997865378856659,-0.22328555583953855,-0.026413466781377792,-0.1027950495481491,-0.16088752448558807
0.03827180340886116,-0.14004898071289062,0.5914146900177002,0.9881404042243955,0.027576826512813568,-0.032515231519937515,-0.1475154012441635,-0.894257664680481,-0.1348060667514801,-0.2195725291967392,0.5912106037139893,0.28261733055114746,-0.2816759049892425,0.6358075737953186,-0.1801757663488388,-0.37235271930694575,0.7765648961067199,-0.6951217651367188,0.20430971682071683,0.23283974826335904,0.15973025560379028,0.5238826274871825,-1.0103167295455933,0.4498128294944763,-0.060369204729795456,-0.5972734689712524,0.18892295658588407,-0.19034889340400693,0.1198546215891838,-1.5734131336212158,-0.557216227054596,0.27908509969711304,-0.21968525648117063,0.0013493831502273679,-0.12811912596225739,-0.20015995204448697
0.04384249076247215,-0.14409257471561432,0.5763647556304932,0.9887778759002684,0.02445427142083645,-0.025292208418250084,-0.14519144594669342,-1.0251073837280271,-0.15972279012203217,-0.23012205958366397,0.8137159943580627,0.2191338688135147,-0.26990458369255066,0.6903258562088013,-0.15291929244995117,-0.4106042683124542,0.6814050674438477,-0.7617047429084778,0.2094324082136154,0.27270132303237915,0.17447686195373535,0.5233039259910583,-1.1217638254165647,0.48879593610763544,-0.1041124165058136,-0.5646404027938843,0.19866904616355896,-0.1674729585647583,0.09149447083473203,-1.5376832485198975,-0.5984470844268799,0.24495267868041992,-0.23498278856277463,0.016140280291438103,-0.1177128180861473,-0.21957789361476895
0.05625611543655396,-0.15028737485408783,0.5717447996139526,0.9884962439537048,0.029808590188622475,-0.02139594405889511,-0.14672696590423584,-1.0574481487274168,-0.17463721334934235,-0.22618345916271207,0.9095668792724608,0.17146137356758115,-0.27680185437202454,0.7162110209465027,-0.1488576382398605,-0.41569545865058893,0.643987238407135,-0.7532020211219788,0.21099798381328583,0.30597659945487976,0.16651509702205655,0.528556764125824,-1.2292380332946775,0.5159138441085817,-0.15446150302886963,-0.5310210585594177,0.20155291259288788,-0.16016165912151337,0.04768268018960953,-1.3922566175460815,-0.586703896522522,0.1651943325996399,-0.2873709499835968,0.053036466240882874,-0.11889860779047012,-0.21727582812309265
0.0733688250184059,-0.1578806638717651,0.5773142576217651,0.9877544045448304,0.03803856298327445,-0.013413379900157452,-0.1507129669189453,-1.0578649044036863,-0.18148091435432437,-0.22573503851890564,0.9513207674026488,0.12774506211280823,-0.2767144441604614,0.7053653597831726,-0.15855836868286133,-0.4020034372806549,0.6544226408004761,-0.6902869343757628,0.20161710679531095,0.3199733793735504,0.14694808423519135,0.5352258682250977,-1.2995486259460447,0.520722508430481,-0.21175859868526456,-0.5159499049186707,0.22852911055088043,-0.16133451461791992,0.015622432343661783,-1.1915817260742188,-0.5036597847938538,0.08409389108419417,-0.36356344819068903,0.08707352727651597,-0.12064055353403091,-0.1960081309080124
0.09176285564899443,-0.16518817842006683,0.5899920463562012,0.9868462681770324,0.042844507843256,-0.003659731475636363,-0.15583749115467072,-1.0402253866195679,-0.17358854413032532,-0.2240601480007172,0.9581802487373352,0.09056158363819121,-0.2733646035194397,0.6589261889457704,-0.17384323477745056,-0.3639619648456573,0.7129671573638916,-0.6114196181297302,0.1789759248495102,0.31122156977653503,0.1287888139486313,0.5398302674293518,-1.3394381999969482,0.498526006937027,-0.26008427143096924,-0.49088117480278015,0.25937986373901367,-0.16232705116271973,0.00823578704148531,-1.0290172100067139,-0.3920125365257263,0.049217626452445984,-0.44525569677352905,0.09691610932350159,-0.11253126710653304,-0.16912531852722168
0.10866016149520874,-0.1703859269618988,0.6068105101585388,0.9852672219276429,0.044621668756008155,0.004936062730848789,-0.1650245189666748,-1.0125107765197752,-0.15219086408615112,-0.21391484141349792,0.9443251490592957,0.06343899667263031,-0.26730737090110773,0.5861133933067322,-0.19075055420398712,-0.29840949177742004,0.8010951280593872,-0.5272549390792847,0.16378001868724823,0.28367465734481806,0.10545482486486434,0.5398963689804077,-1.3904575109481812,0.46104159951210016,-0.2950153350830078,-0.4266122579574585,0.26705554127693176,-0.1644885241985321,0.013453936204314232,-0.9456799626350403,-0.27971941232681274,0.05964721739292145,-0.5116012692451477,0.07440511137247084,-0.09643562138080597,-0.12880438566207883
0.12246033549308775,-0.17508786916732788,0.6235789656639099,0.9822196960449218,0.040025245398283005,0.010933859273791311,-0.18309244513511655,-0.9861228466033936,-0.10736561566591261,-0.1962179988622665,0.9375557899475097,0.03814348578453064,-0.26351368427276606,0.5019265413284302,-0.20060493052005768,-0.220668226480484,0.8933681845664978,-0.4412883818149567,0.16050022840499875,0.2569907605648041,0.0884731188416481,0.53791743516922,-1.4726321697235107,0.42241352796554565,-0.3107278347015381,-0.338902086019516,0.2272461503744125,-0.15580515563488007,0.023155709728598595,-0.911989152431488,-0.18809030950069427,0.07745905220508574,-0.5344815850257874,0.03355736657977104,-0.06553357094526291,-0.07216430455446243
0.13328170776367188,-0.17817188799381256,0.6390745043754578,0.9765659570693968,0.028099559247493744,0.019752880558371544,-0.21245966851711276,-0.9916384220123293,-0.03397342190146446,-0.18662965297698972,0.953325629234314,0.04160851612687111,-0.24943315982818604,0.41180393099784846,-0.21203559637069705,-0.15867076814174652,0.9697780013084413,-0.3756899833679199,0.16360588371753693,0.24304868280887604,0.08057357370853424,0.5346878170967102,-1.588900804519653,0.3976342678070068,-0.3181899189949036,-0.25265330076217646,0.16053560376167297,-0.15403808653354645,0.05609063059091568,-0.9126438498497008,-0.12364103645086288,0.08207850903272627,-0.5166906118392944,-0.0017140487907454371,-0.03501519560813904,-0.023543786257505417
0.1423047035932541,-0.18020260334014887,0.652198076248169,0.9685478210449218,0.011372549459338188,0.03110777400434017,-0.24661326408386233,-1.0085301399230957,0.03856406733393669,-0.20759621262550357,0.9406493306159971,0.06790483742952347,-0.252685010433197,0.32515794038772583,-0.22695751488208768,-0.12483350187540054,1.026707649230957,-0.3292118310928345,0.1631423383951187,0.23428636789321897,0.07302130013704301,0.5317770838737488,-1.6911070346832275,0.38942316174507136,-0.3272587060928345,-0.19073529541492465,0.10221320390701293,-0.15657460689544675,0.0974881276488304,-0.92277854681015,-0.07398018985986708,0.08546427637338638,-0.48444542288780207,-0.018392816185951233,-0.012894350104033945,0.011089145205914974
0.1525343805551529,-0.18260428309440607,0.6595921516418457,0.9580693244934082,-0.0063578630797564975,0.04106336832046509,-0.2835075259208679,-1.00339937210083,0.12175923585891724,-0.22108522057533264,0.8775245547294616,0.09322824329137802,-0.2714728116989136,0.2611076235771179,-0.25762274861335754,-0.1289786547422409,1.0629255771636963,-0.28702685236930847,0.15013952553272247,0.22846746444702148,0.061941515654325485,0.5310039520263672,-1.7547411918640137,0.3980242311954498,-0.34399384260177607,-0.1517256796360016,0.08100125193595886,-0.15814316272735596,0.1350215375423431,-0.9385102391242981,-0.029154282063245773,0.09580110758543015,-0.4460185170173645,-0.003567651147022844,-0.00785095151513815,0.01755416765809059
0.1647408902645111,-0.1843261420726776,0.6578142642974854,0.9462412595748899,-0.02022317051887512,0.04623464122414589,-0.31950101256370544,-1.0024316310882568,0.2023329734802246,-0.2061834782361984,0.8836819529533385,0.08366712927818297,-0.2688896358013153,0.23106276988983157,-0.32092249393463135,-0.15781730413436887,1.0953626632690427,-0.2484624981880188,0.13584451377391815,0.22606299817562103,0.047739367932081216,0.5276641845703125,-1.7810167074203491,0.4267575740814209,-0.3727765381336212,-0.11377495527267456,0.10311124473810196,-0.16461321711540222,0.15849070250988007,-0.9696020483970642,0.004468648694455624,0.10733790695667265,-0.3930666446685791,0.00686589302495122,-0.01874738000333309,0.0017873841570690274
0.1769503802061081,-0.1855943351984024,0.6484875679016113,0.9328290224075315,-0.034873805940151215,0.04299294948577881,-0.3560413122177124,-1.030320167541504,0.28552183508872986,-0.19507288932800287,1.0239386558532715,-0.010160393081605434,-0.25870430469512934,0.21108022332191467,-0.3734199404716492,-0.14671747386455536,1.1406329870224,-0.20698614418506625,0.1562568098306656,0.23464456200599673,0.04547688364982605,0.5261221528053284,-1.7516521215438843,0.4642992913722992,-0.3906250298023224,-0.08504360169172288,0.1283460110425949,-0.16624201834201813,0.16820156574249268,-1.000956654548645,0.020333390682935715,0.1218455582857132,-0.3185524344444275,-0.004329856019467115,-0.01814555190503597,-0.017567433416843414
0.1879960894584656,-0.18708817660808563,0.6362717151641846,0.9188168644905089,-0.04345734789967537,0.03014548495411873,-0.3911242485046386,-1.0315022468566895,0.3556493818759918,-0.18340133130550385,1.159335732460022,-0.09489533305168153,-0.2512403130531311,0.2065542638301849,-0.4241711497306824,-0.10439427942037582,1.1897840499877927,-0.20505474507808685,0.19120125472545624,0.25330090522766113,0.037716515362262726,0.5251713395118712,-1.6480114459991455,0.5029991269111633,-0.38809087872505194,-0.09074407815933229,0.14421796798706055,-0.16810409724712372,0.1647001951932907,-1.0607787370681763,0.011740576475858688,0.135822594165802,-0.23444314301013944,-0.024798454716801643,-0.027210306376218796,-0.04257146269083023
0.19511446356773376,-0.190085843205452,0.625425398349762,0.9064918160438536,-0.05763074010610581,0.021232165396213528,-0.417732447385788,-1.036423683166504,0.41996130347251887,-0.19149693846702573,1.2625494003295898,-0.15992668271064758,-0.25441959500312805,0.2232292741537094,-0.46305808424949646,-0.10862484574317932,1.214368462562561,-0.20235955715179443,0.19408571720123288,0.26708999276161194,0.052761968225240714,0.5183926224708557,-1.498224139213562,0.5332499146461487,-0.35474082827568054,-0.1540682464838028,0.1816240847110748,-0.1632383018732071,0.13890042901039124,-1.1574639081954956,-0.03094189241528511,0.146968811750412,-0.1749676764011383,-0.044524051249027245,-0.044618718326091766,-0.09007271379232407
0.19758069515228271,-0.19462808966636655,0.6166174411773682,0.9017003178596495,-0.05991851910948753,0.012077804654836655,-0.4280191659927368,-1.0359704494476318,0.44055771827697754,-0.19473785161972043,1.3199045658111572,-0.19995848834514615,-0.2516577243804932,0.26173147559165955,-0.5117420554161072,-0.16373169422149658,1.2119727134704588,-0.21283814311027527,0.19105772674083707,0.27281180024147034,0.06467719376087189,0.5085360407829285,-1.3625149726867676,0.5265716910362244,-0.29607751965522766,-0.24930612742900848,0.2152207046747208,-0.14799176156520844,0.08736485987901686,-1.2720094919204712,-0.10219869762659071,0.15975230932235715,-0.1668363660573959,-0.06351331621408463,-0.06326421350240707,-0.1225234717130661
0.1962689757347107,-0.2002447843551636,0.6097515821456909,0.9047592282295229,-0.05172069743275642,0.0032578057143837214,-0.4227589070796967,-1.032796025276184,0.42105761170387274,-0.18704836070537567,1.3376963138580322,-0.224362313747406,-0.25210055708885193,0.33533844351768494,-0.5700073838233948,-0.2851135730743408,1.1672117710113523,-0.22604434192180636,0.18064013123512268,0.2818900048732757,0.07523558288812637,0.4956577122211456,-1.248834252357483,0.48593869805336,-0.24033640325069427,-0.3611460328102112,0.24833133816719052,-0.1353863030672073,0.024917051196098328,-1.3573435544967651,-0.18059165775775907,0.18150432407855988,-0.1929265409708023,-0.07043220102787018,-0.09229788929224014,-0.14161013066768646
0.19117644429206848,-0.20649275183677676,0.6055260300636292,0.9130674004554749,-0.03354706987738609,-0.005588108208030462,-0.40638807415962214,-1.0235384702682495,0.36927589774131775,-0.16536858677864075,1.32443368434906,-0.23046712577342987,-0.252225399017334,0.4284516274929047,-0.6219993233680725,-0.4247545599937439,1.1181209087371826,-0.2657226622104645,0.1802891492843628,0.294856071472168,0.07927337288856505,0.4893736243247986,-1.1506413221359253,0.42795944213867193,-0.191573366522789,-0.47117540240287775,0.31847307085990906,-0.12747901678085327,-0.028716258704662323,-1.3976156711578367,-0.24830617010593412,0.214335098862648,-0.2252876162528992,-0.06743100285530089,-0.11506830155849455,-0.1488387435674667
0.18329858779907224,-0.2106710374355316,0.6047436594963074,0.9200258255004883,-0.014068514108657835,-0.015085467137396336,-0.3913144767284393,-1.0106210708618164,0.31506386399269104,-0.1509646028280258,1.2979876995086668,-0.19926993548870087,-0.2500236928462982,0.46336990594863886,-0.6474819183349608,-0.4499663412570953,1.118504285812378,-0.30852848291397095,0.2063285708427429,0.3124306797981262,0.09143751859664917,0.4948209822177887,-1.0661892890930176,0.35855841636657715,-0.14699524641036987,-0.563194990158081,0.4367973804473877,-0.12049020826816557,-0.0687972903251648,-1.412532329559326,-0.3046652674674988,0.2550593614578247,-0.23325812816619876,-0.08436166495084761,-0.1311578005552292,-0.12864328920841217
0.17372360825538635,-0.21277986466884613,0.6077123284339905,0.9236506819725037,-0.0018953914986923337,-0.0271712988615036,-0.3822663426399231,-0.996739387512207,0.2786034941673279,-0.1459924876689911,1.2726985216140747,-0.13115942478179932,-0.25043460726737976,0.44617608189582814,-0.6642871499061584,-0.38679555058479304,1.178202748298645,-0.3345875144004822,0.20865273475646967,0.3387101888656616,0.1193949058651924,0.5065019726753235,-1.0127304792404175,0.2904850244522095,-0.1161515787243843,-0.6089465022087097,0.5349640250205994,-0.11581454426050186,-0.07830718904733658,-1.419553518295288,-0.3455249071121216,0.2793782949447632,-0.20348121225833887,-0.0732729285955429,-0.1513765454292297,-0.10850653797388075
0.1614343523979187,-0.21339288353919983,0.6140890121459961,0.9254432916641235,0.005179719068109989,-0.03978165984153748,-0.37675631046295166,-0.9818029403686525,0.25060778856277466,-0.14734186232089996,1.2340407371520996,-0.03652352467179298,-0.24892063438892365,0.3991110324859619,-0.6688209772109985,-0.29914215207099915,1.2619175910949707,-0.3308449983596802,0.20166629552841184,0.358932226896286,0.14673055708408356,0.5150957703590393,-0.9894490838050841,0.23971229791641235,-0.1023944467306137,-0.6012243032455444,0.5728904604911804,-0.10095220059156416,-0.061973199248313904,-1.4080891609191895,-0.3608388602733612,0.27945476770401,-0.1501111537218094,-0.03247801959514618,-0.16682972013950348,-0.08820317685604094
0.1471252739429474,-0.21319042146205905,0.6211439371109009,0.9265039563179016,0.007342110853642225,-0.05250363051891327,-0.37253177165985113,-0.9610379338264464,0.21457464993000033,-0.1698744148015976,1.1866825819015503,0.023909883573651317,-0.24083478748798368,0.35732084512710566,-0.6654464602470398,-0.2382735162973404,1.3314493894577026,-0.3218293488025665,0.19252051413059235,0.3694758713245392,0.16797660291194916,0.5190881490707396,-1.0037217140197752,0.21917158365249637,-0.10028714686632156,-0.5471805930137633,0.5528619885444641,-0.08123023062944412,-0.02261059358716011,-1.3970273733139038,-0.344165176153183,0.26952874660491943,-0.08844375610351561,0.012251341715455055,-0.17333783209323883,-0.08482938259840012
0.13135553896427155,-0.21314622461795807,0.6258148550987244,0.924544870853424,-0.0038869099225848913,-0.06307770311832428,-0.3757964372634888,-0.9304435849189758,0.18678362667560575,-0.22316512465476987,1.1136666536331177,0.05112319067120552,-0.2436785697937012,0.339712917804718,-0.6592065095901489,-0.22889579832553864,1.3525261878967283,-0.30510151386260986,0.15717895328998563,0.3791044354438782,0.19834446907043457,0.5182872414588928,-1.0340315103530884,0.23336859047412872,-0.10700374841690063,-0.48036882281303406,0.5107824206352234,-0.06970959901809692,0.013082999736070631,-1.3626470565795898,-0.3022414445877075,0.2571840584278106,-0.03856438398361206,0.03641774505376816,-0.1721840053796768,-0.0956231877207756
0.11680518835783003,-0.2132044583559036,0.6236377954483032,0.9205318093299864,0.0005282424972392619,-0.0801165923476219,-0.3823640048503876,-0.8069687485694885,0.17426219582557678,-0.2188682109117508,0.9200379848480223,0.03825321421027184,-0.2670222222805023,0.3620759248733521,-0.6812843680381775,-0.21941590309143064,1.3094451427459717,-0.3432537615299225,0.15820014476776123,0.3753700256347656,0.18743085861206052,0.5168125033378601,-1.054010033607483,0.27590653300285334,-0.11638496816158295,-0.4264371693134308,0.4545159637928009,-0.08033999800682068,0.053036469966173165,-1.3344103097915647,-0.24369414150714877,0.2527925968170166,-0.0010326235787943003,0.0387045294046402,-0.18566195666790009,-0.13962826132774353
0.10039958357810974,-0.21170924603939056,0.614507257938385,0.913589060306549,0.0033464117441326375,-0.09179355204105376,-0.3961284756660461,-0.7282695770263671,0.21406184136867523,-0.191888764500618,0.80337792634964,0.03390609100461006,-0.2613134086132049,0.3907738626003265,-0.6923068761825562,-0.22405092418193817,1.2529959678649902,-0.43666264414787287,0.20689162611961365,0.378174364566803,0.18540948629379272,0.49744552373886103,-1.0731633901596067,0.33881932497024536,-0.11525031179189682,-0.38331180810928334,0.40310746431350714,-0.09005925059318542,0.12006331235170364,-1.330864667892456,-0.1893910765647888,0.26740774512290955,0.036082662642002106,0.031910378485918045,-0.19358856976032257,-0.19462884962558744
0.0816919058561325,-0.2071317285299301,0.6050997972488403,0.905638575553894,0.002982326550409198,-0.0966830924153328,-0.4128707647323608,-0.7346433401107789,0.26130950450897217,-0.18359409272670743,0.7934943437576294,0.0745682194828987,-0.24254813790321353,0.37475809454917913,-0.7169346809387207,-0.2390127927064896,1.2746014595031738,-0.5344508290290833,0.22740377485752103,0.3871957659721375,0.1982594132423401,0.4805734157562256,-1.0765278339385986,0.4039832353591919,-0.10427151620388032,-0.3676795363426208,0.36292564868927,-0.10017492622137068,0.1867324113845825,-1.3378728628158567,-0.1546916216611862,0.28791922330856323,0.06494128704071045,0.02227361500263214,-0.18864002823829648,-0.23744684457778928
0.062103934586048126,-0.201035350561142,0.5996303558349608,0.8987205624580382,0.009382455609738825,-0.09846645593643187,-0.4272209703922272,-0.7467477917671204,0.2869516611099243,-0.18755899369716644,0.7608060240745544,0.1496325135231018,-0.23108409345149997,0.32049742341041565,-0.7617673277854918,-0.23943975567817688,1.3462631702423096,-0.618882954120636,0.23334577679634091,0.3921499252319336,0.20025281608104703,0.48667576909065247,-1.0515282154083252,0.45548817515373224,-0.08372988551855086,-0.377551943063736,0.32962813973426813,-0.12315022945404051,0.24045614898204803,-1.3318986892700195,-0.13013286888599396,0.29865455627441406,0.0584799125790596,0.0076112234964966765,-0.18279957771301267,-0.26499980688095087
0.044073741883039474,-0.19748240709304807,0.6039800643920897,0.8980510830879211,0.019533244892954823,-0.10279648005962372,-0.42726519703865046,-0.7141490578651428,0.2545199692249298,-0.20844002068042755,0.671197772026062,0.24988730251789093,-0.2365940362215042,0.2784545421600342,-0.7896485328674316,-0.23564003407955167,1.394132137298584,-0.6380757093429564,0.23312461376190183,0.37564703822135925,0.18481913208961487,0.50373774766922,-0.9639439582824707,0.4706914126873016,-0.04959672316908836,-0.42366495728492737,0.30819734930992126,-0.1467200219631195,0.2637857496738434,-1.2927231788635252,-0.09942162036895753,0.30814582109451294,0.014150946401059628,-0.011958615854382513,-0.19953206181526184,-0.26566237211227417
0.028457149863243103,-0.19745229184627527,0.6128933429718018,0.9054242968559264,0.01871640235185623,-0.11178892850875854,-0.4090963006019592,-0.7050798535346985,0.18927808105945587,-0.23801645636558527,0.6657036542892456,0.3128422200679779,-0.2446880340576172,0.32190966606140137,-0.7657905220985411,-0.2740118205547333,1.3866106271743774,-0.6474323868751526,0.22609759867191315,0.3465295135974884,0.1798926740884781,0.5183494091033936,-0.8446844220161438,0.4625313878059387,-0.03447793424129486,-0.4829246699810028,0.33438512682914734,-0.16583336889743805,0.2668961584568024,-1.2504198551177979,-0.07279487699270248,0.3251705765724182,-0.0369817353785038,-0.043492555618286126,-0.20618903636932373,-0.253622442483902
0.01603725552558899,-0.19913414120674133,0.6219185590744019,0.9168853163719176,0.007737548556178808,-0.11673277616500854,-0.38162133097648626,-0.6888006329536438,0.17242158949375153,-0.18667818605899808,0.6756452918052673,0.30407416820526123,-0.2575043737888336,0.4030291140079498,-0.6955239176750183,-0.3431457579135895,1.3176448345184326,-0.6267156004905701,0.23283629119396207,0.3124748468399048,0.20377755165100095,0.5219569802284241,-0.7215121388435363,0.44751864671707153,-0.008727616630494593,-0.5493050813674927,0.35092049837112427,-0.17109400033950803,0.24859803915023804,-1.2201827764511108,-0.062377266585826874,0.33478060364723206,-0.08684762567281723,-0.07494137436151505,-0.20650437474250796,-0.2515299618244171
0.007377196103334426,-0.20120267570018768,0.6306037902832031,0.9264708757400512,-0.00807414762675762,-0.11547613888978958,-0.3581225872039795,-0.7085364460945128,0.25250002741813654,-0.04962505027651786,0.7786948680877684,0.23033323884010315,-0.23527438938617704,0.4777035713195801,-0.6130177974700928,-0.4140743017196655,1.2309021949768066,-0.6036868691444397,0.2438013851642609,0.2922378182411194,0.2472209483385086,0.5185784697532654,-0.6183990836143494,0.4451322257518768,0.032765086740255356,-0.6133183836936951,0.3271850645542145,-0.15141727030277252,0.232542097568512,-1.219979166984558,-0.0597703792154789,0.3331259489059448,-0.1189342513680458,-0.10720996558666228,-0.19607809185981753,-0.25813040137290955
0.0023469813168048854,-0.20229847729206085,0.639154314994812,0.933828592300415,-0.02268277294933796,-0.10797442495822906,-0.34028106927871704,-0.7700121998786926,0.37812912464141846,0.07499350607395171,0.9866203665733336,0.12312915921211243,-0.1236044242978096,0.5201786756515503,-0.5330912470817566,-0.4660982489585877,1.150831699371338,-0.5678994655609131,0.24671807885169983,0.29019457101821894,0.2966553866863251,0.5115126967430115,-0.5514174699783325,0.44095635414123535,0.0703154131770134,-0.6684340834617615,0.27127209305763245,-0.1213274672627449,0.22611141204833984,-1.2323997020721436,-0.057665351778268814,0.3176930546760559,-0.13229532539844513,-0.12101268768310545,-0.168289914727211,-0.2522817552089691
-0.00028041750192642206,-0.2021862864494324,0.6468725204467772,0.9388269782066344,-0.02450112253427505,-0.09934155642986296,-0.3288386464118957,-0.8187143206596375,0.39648884534835815,0.09786022454500198,1.1319628953933716,0.09192957729101181,-0.11657637357711792,0.5351927876472473,-0.4840715229511261,-0.4961285293102264,1.0790052413940427,-0.5606814622879028,0.2398177683353424,0.29828914999961853,0.3123804032802582,0.5115251541137695,-0.5252311825752257,0.4316282570362091,0.07795030623674391,-0.7141449451446533,0.2347869724035263,-0.11683973670005798,0.23359717428684235,-1.2362494468688965,-0.047656651586294174,0.292888343334198,-0.134580060839653,-0.11050858348608016,-0.14325834810733795,-0.2376384288072586
-0.001008298248052597,-0.2014199495315552,0.6522480845451354,0.9401973485946656,-0.012931974604725836,-0.09128910303115843,-0.32791465520858765,-0.8317190408706666,0.3064754903316498,0.05492015555500984,1.1780428886413574,0.10866762697696684,-0.2052521854639053,0.5352166891098022,-0.4796145856380463,-0.5234852433204651,1.007930040359497,-0.6003825068473816,0.2234919965267181,0.3108842968940735,0.28407251834869385,0.5142717957496643,-0.5407969951629639,0.4217313826084137,0.06368505954742432,-0.7421779632568358,0.2373212426900864,-0.12982088327407837,0.24480289220809937,-1.2252473831176756,-0.009152399376034737,0.27125740051269526,-0.1360355168581009,-0.09472151845693587,-0.12602271139621735,-0.2246558666229248
-1.0766088962554932e-05,-0.200202539563179,0.6533658504486084,0.9364113807678223,-0.0050265309400856495,-0.08146446943283081,-0.34128004312515253,-0.8048037886619568,0.22972537577152247,-0.002081818878650665,1.1401624679565427,0.0813908576965332,-0.2562696039676666,0.5251635313034058,-0.4862681329250336,-0.5537510514259337,0.9269192218780515,-0.6431702971458435,0.21845151484012604,0.3251228630542755,0.24749211966991425,0.510194718837738,-0.5745711922645569,0.4119985997676849,0.05214330926537514,-0.7479951977729796,0.2652776539325714,-0.14660124480724335,0.25309643149375916,-1.1912415027618408,0.0453340969979763,0.2624223530292511,-0.157332181930542,-0.1038973033428192,-0.1088004782795906,-0.2179314345121384
0.0036895573139190674,-0.19923028349876404,0.6497629284858704,0.9269523024559022,-0.0038415838498622175,-0.06987510621547699,-0.36859479546546936,-0.7444011569023132,0.247492790222168,-0.007473782636225223,1.0671629905700684,-0.0786619186401367,-0.259256511926651,0.4936164617538452,-0.5055819749832153,-0.5586985349655151,0.8908321857452391,-0.6868795156478882,0.22194871306419367,0.3434194326400757,0.21947218477725983,0.4985377490520477,-0.6064913868904114,0.40628665685653687,0.04289388284087181,-0.7419975399971008,0.28921636939048767,-0.16896258294582367,0.2698299288749695,-1.166311740875244,0.09141074866056442,0.27380886673927307,-0.19581805169582367,-0.13588832318782806,-0.09755133837461472,-0.21461348235607147
0.006420515477657318,-0.19767691195011136,0.6438108086586,0.9155437946319581,-0.0023783517535775896,-0.05915827304124832,-0.3978369235992432,-0.7336193919181823,0.309931755065918,0.0276159830391407,1.075051188468933,-0.18405818939208984,-0.1999357342720032,0.4224350452423096,-0.5548499226570128,-0.50989830493927,0.9535090923309326,-0.7052461504936217,0.23569412529468536,0.3562350869178772,0.193795382976532,0.4934075474739074,-0.6409967541694641,0.41105663776397705,0.0392773374915123,-0.7340385913848878,0.3102928400039673,-0.2001080513000488,0.3071039319038391,-1.1892613172531128,0.10686009377241135,0.29735684394836426,-0.23074226081371307,-0.1859466582536697,-0.09561496227979661,-0.22375866770744324
0.008106745779514313,-0.19775383174419403,0.6419875025749208,0.9113152027130128,-0.002594219986349344,-0.06068983301520348,-0.4072034060955048,-0.7406291365623474,0.3248591423034668,0.02679390273988247,1.108270525932312,-0.1978965401649475,-0.18635113537311557,0.36359450221061707,-0.5963132381439209,-0.433477520942688,1.067826509475708,-0.6701378226280212,0.23063074052333832,0.34356677532196045,0.16873016953468323,0.5109145641326904,-0.7035136222839355,0.4197766482830048,0.0039011575281620026,-0.7182468175888062,0.34424108266830444,-0.21985921263694763,0.30805838108062744,-1.2256141901016235,0.08418610692024232,0.30913600325584406,-0.260490745306015,-0.20419721305370328,-0.0915960818529129,-0.22753848135471344
0.007952146232128142,-0.20109747350215912,0.6438413262367249,0.9133211374282837,-0.007959523238241673,-0.0662883073091507,-0.4017300605773926,-0.7572183012962341,0.32165470719337463,-2.963785664178431e-05,1.1459457874298096,-0.1583777368068695,-0.1781477332115173,0.3408486545085907,-0.6079422831535339,-0.37658619880676264,1.1679866313934326,-0.5857013463973999,0.1937446743249893,0.32619330286979675,0.15287861227989197,0.5195352435112,-0.7807612419128419,0.43567955493927,-0.05003327503800392,-0.6861665844917296,0.3964444398880005,-0.2330147325992584,0.26037055253982544,-1.2689045667648315,0.03280765563249588,0.2800222933292389,-0.26664701104164124,-0.19931915402412412,-0.09847943484783171,-0.21643409132957456
0.0040725916624069205,-0.20710512995719907,0.6441274285316467,0.9202650785446168,-0.010850127786397932,-0.07478954643011093,-0.3839283883571625,-0.7875150442123413,0.2974647581577301,-0.03514431044459343,1.1846479177474976,-0.0880156010389328,-0.18543697893619537,0.38647878170013433,-0.5804625153541565,-0.35609057545661926,1.1821272373199463,-0.5082089304924011,0.1583523154258728,0.31164658069610596,0.13362382352352142,0.5189734101295471,-0.8878469467163086,0.48146131634712214,-0.103688046336174,-0.6210936307907104,0.42471525073051447,-0.2316154837608337,0.1917566657066345,-1.3178240060806274,-0.03654489293694496,0.21293692290782928,-0.23797766864299771,-0.15677127242088315,-0.11489307135343552,-0.22271277010440824
-0.0016026422381401062,-0.215534508228302,0.6417639255523682,0.9313112497329714,-0.012983541935682297,-0.07622531056404114,-0.35592207312583923,-0.8263982534408569,0.2704430818557739,-0.06735795736312866,1.2100815773010252,-0.023097049444913864,-0.22922664880752563,0.4587598145008087,-0.48456376791000366,-0.35695621371269226,1.0852569341659544,-0.46047183871269226,0.1948207914829254,0.30423498153686523,0.12509024143218994,0.4893767237663269,-1.0072453022003172,0.5261111855506897,-0.14343824982643127,-0.5206430554389954,0.3790803849697113,-0.1909026950597763,0.13952939212322235,-1.3715208768844604,-0.10459355264902113,0.15100032091140747,-0.19272898137569427,-0.09403011202812195,-0.1215277835726738,-0.23762446641922
-0.008403345942497253,-0.2234360873699188,0.6337519884109497,0.9462428092956544,-0.009900227189064026,-0.06689392775297165,-0.3163096308708191,-0.9201604127883912,0.2238866984844208,-0.09668069332838057,1.251965284347534,0.03714706748723984,-0.2361016869544983,0.5335184931755066,-0.3978714942932129,-0.40747591853141774,0.9822399616241456,-0.4987850785255432,0.18957778811454767,0.29601117968559265,0.1177309900522232,0.467905193567276,-1.1338849067687988,0.5468326210975647,-0.17226988077163696,-0.41822868585586553,0.311835378408432,-0.1658860445022583,0.10152914375066756,-1.432839274406433,-0.16760246455669403,0.12552101910114288,-0.16432851552963257,-0.01667746715247631,-0.1493532955646515,-0.2563796639442444
-0.0154586024582386,-0.23151960968971247,0.6228625774383545,0.9594359993934632,-0.0064253355376422405,-0.05958147346973419,-0.27548378705978394,-0.9860790967941283,0.1416855901479721,-0.1317603439092636,1.2787280082702637,0.04524123296141624,-0.239885076880455,0.6104670763015747,-0.315860778093338,-0.47045674920082087,0.8516491055488585,-0.5559383034706116,0.19590091705322263,0.2872568666934967,0.1146189197897911,0.48014187812805176,-1.2526640892028809,0.5502382516860962,-0.18915773928165436,-0.3517255187034607,0.24245481193065643,-0.14252421259880063,0.016244443133473396,-1.4383161067962646,-0.2316932678222656,0.13067924976348877,-0.17953705787658691,0.01741158217191696,-0.16101756691932678,-0.2327367067337036
-0.017567452043294907,-0.2387230396270752,0.6095138788223267,0.9663665294647216,1.6278951079584658e-05,-0.05267374962568283,-0.25171634554862976,-0.9754896759986876,0.03492984175682068,-0.17249120771884918,1.2543369531631468,-0.0452379547059536,-0.27433145046234125,0.6412653923034668,-0.28598037362098694,-0.5177971124649048,0.8059290051460266,-0.6343961358070374,0.19598224759101868,0.300415962934494,0.11603389680385588,0.5041134357452393,-1.3526899814605713,0.5718339085578918,-0.19744227826595304,-0.3116267323493957,0.22351591289043424,-0.14400608837604523,-0.03425677493214607,-1.422470450401306,-0.28813016414642334,0.12210971862077712,-0.206880122423172,0.016096247360110283,-0.17190425097942352,-0.21754840016365048
-0.013161811977624891,-0.24632762372493744,0.600103497505188,0.9675326347351073,0.006923721171915531,-0.041790910065174096,-0.24917104840278623,-0.9527522325515747,0.032356034964323044,-0.1491357684135437,1.2468981742858887,-0.17277373373508453,-0.25831466913223267,0.6318317651748657,-0.2965314984321594,-0.5262575149536133,0.8166404962539674,-0.6848917603492737,0.1927935630083084,0.3279636800289154,0.1144907996058464,0.5158424377441406,-1.3920093774795532,0.617047131061554,-0.21790386736392972,-0.323462188243866,0.2580433189868927,-0.16238296031951904,-0.029808172956109047,-1.4410183429718015,-0.3312899172306061,0.11766018718481064,-0.1967861205339432,0.01257319003343582,-0.17147670686244965,-0.21983045339584353
-0.004221644252538681,-0.2548888623714447,0.6023864150047302,0.9637506008148192,0.006113911513239144,-0.0365278273820877,-0.2642216086387634,-0.9566871523857117,0.0649818629026413,-0.1335487961769104,1.3018716573715208,-0.18961444497108457,-0.23316374421119687,0.6040074825286865,-0.32172533869743347,-0.47896155714988714,0.8849315047264099,-0.6554878950119019,0.18309397995471957,0.3672652244567871,0.1225345954298973,0.5204840302467345,-1.3624703884124756,0.6483220458030701,-0.2252431958913803,-0.3696900606155396,0.34014281630516047,-0.16378334164619443,-0.008682928979396818,-1.4424047470092771,-0.33770906925201416,0.10136304795742034,-0.17256104946136475,0.013416871428489683,-0.1521984189748764,-0.2105973809957504
0.008633896708488464,-0.2628950774669647,0.6130541563034058,0.95883047580719,0.011304911226034164,-0.03239165246486664,-0.2818990647792816,-1.0128792524337769,0.13502842187881467,-0.08244454115629196,1.3839262723922727,-0.0665542483329773,-0.13952240347862244,0.5435010194778441,-0.37515348196029663,-0.4066957831382752,1.0142107009887695,-0.5479317903518677,0.17964495718479156,0.3897116184234619,0.1074114367365837,0.5193157196044922,-1.2799129486083984,0.6440725922584534,-0.20662559568881989,-0.43573835492134094,0.4034247398376465,-0.15147511661052704,0.011826214380562304,-1.4443236589431763,-0.2979225516319275,0.07784005999565123,-0.1569860279560089,-0.010563695803284643,-0.14017322659492493,-0.19559526443481445
0.025489442050457,-0.26962313055992126,0.6234105825424193,0.9533536434173585,0.012296456843614578,-0.028930146247148517,-0.30021420121192927,-1.1075749397277832,0.2568204998970032,-0.022076714783906937,1.4554747343063354,0.07158129662275313,0.006996741518378258,0.45674479007720953,-0.41667574644088745,-0.31096041202545166,1.1376110315322876,-0.4137367606163025,0.17435914278030396,0.40255674719810486,0.09296423941850662,0.5145909786224365,-1.187615990638733,0.5967870354652405,-0.19094178080558777,-0.4767081737518311,0.39017340540885925,-0.14078295230865479,0.032354000955820084,-1.4684150218963623,-0.2473434656858444,0.0778503566980362,-0.14651323854923248,-0.025053376331925392,-0.10845009982585906,-0.1816959083080292
0.04091690480709076,-0.2776437699794769,0.6253114342689513,0.9477935433387756,-0.008056405931711197,-0.028121050447225567,-0.31754016876220703,-1.111351490020752,0.24630701541900635,-0.11063067615032196,1.3730669021606443,0.06034542992711067,-0.12923923134803772,0.4006742835044861,-0.3822362422943115,-0.20295429229736328,1.178655743598938,-0.31714534759521484,0.16828756034374237,0.4024869203567505,0.11409401893615723,0.5138656497001648,-1.1428247690200803,0.5262753367424011,-0.22340157628059387,-0.4769373834133148,0.3751027286052704,-0.1282330751419067,0.03554360568523407,-1.4633558988571167,-0.18198931217193604,0.0871577262878418,-0.19267559051513672,-0.053413312882184975,-0.07985102385282515,-0.16312973201274872
0.05446454510092735,-0.28571885824203486,0.6173336505889893,0.944016456604004,-0.01573212631046772,-0.029770500957965847,-0.32817542552948,-1.042497634887695,0.18949662148952484,-0.2110673934221268,1.2048659324645996,0.04270736873149872,-0.25069501996040344,0.4045667350292206,-0.3700149357318878,-0.14420658349990845,1.169599175453186,-0.33454373478889465,0.15957197546958923,0.37518078088760376,0.10728472471237183,0.522265374660492,-1.1381424665451048,0.4556424915790558,-0.2743302583694458,-0.43085154891014094,0.3729390203952789,-0.144949808716774,0.03875471279025078,-1.4091880321502683,-0.10288035124540328,0.09769880026578905,-0.28724277019500727,-0.10361438244581223,-0.07746815681457518,-0.1327807605266571
0.06688012182712555,-0.2920401394367218,0.6020333170890808,0.9403071403503418,-0.022883782163262367,-0.03398331254720688,-0.3378519117832184,-0.9776135683059692,0.20484113693237305,-0.2497896105051041,1.16357684135437,-0.06901594251394272,-0.2792428433895111,0.4370379745960236,-0.38224601745605463,-0.12146439403295516,1.15238618850708,-0.3787589967250824,0.18007928133010864,0.355098694562912,0.10506433993577956,0.5234536528587341,-1.1303398609161377,0.4085867404937744,-0.2806209921836853,-0.4132952690124512,0.367652952671051,-0.15107011795043945,0.061400223523378365,-1.3420442342758179,-0.03604168817400932,0.10219120979309082,-0.3507700264453888,-0.12807482481002808,-0.08988909423351286,-0.1366054117679596
0.07602284848690033,-0.2976240813732147,0.5933429598808289,0.9379290342330932,-0.02388283796608448,-0.04044673591852188,-0.34363171458244324,-0.9852917194366456,0.2039417028427124,-0.26157283782958984,1.254543662071228,-0.12260834127664566,-0.2640974819660187,0.4521668255329132,-0.4007831811904907,-0.094630666077137,1.1636922359466553,-0.414968878030777,0.22020566463470456,0.34629642963409424,0.09887444972991943,0.5238015055656433,-1.093770146369934,0.3825247585773468,-0.2334488183259964,-0.4611014425754547,0.3360879123210907,-0.15434691309928894,0.060950499027967446,-1.2768539190292358,-7.907202962087467e-05,0.12496533989906312,-0.37880769371986395,-0.15595774352550507,-0.08105342090129852,-0.1475578248500824
0.08340836316347122,-0.3021630644798279,0.5977523326873779,0.9326155185699463,-0.027832133695483208,-0.03450511023402214,-0.35813838243484497,-1.0002247095108032,0.23100474476814273,-0.27046656608581543,1.2812273502349851,-0.1072620004415512,-0.26422762870788574,0.39854151010513306,-0.434732973575592,-0.07277105003595352,1.213151216506958,-0.4136217832565308,0.2188410013914108,0.34048235416412354,0.10619672387838364,0.5222474336624146,-1.0351743698120115,0.3636610507965088,-0.1808454394340515,-0.5129873156547545,0.37192666530609125,-0.17008504271507263,0.0473719984292984,-1.223191499710083,0.01641768589615822,0.1669412851333618,-0.3838177919387817,-0.15153989195823667,-0.08409327268600464,-0.15315189957618713
0.0896342396736145,-0.30645349621772766,0.6079574823379517,0.9262471795082092,-0.01910169795155525,-0.03147898241877556,-0.37511390447616577,-0.9994613528251649,0.24072018265724185,-0.2582486867904663,1.2748727798461914,-0.055461470037698746,-0.2606168389320373,0.2957001030445099,-0.49833026528358454,-0.01842334493994713,1.2798771858215332,-0.41369000077247614,0.2134248912334442,0.3381619155406952,0.09539250284433363,0.5252791047096252,-1.0114439725875854,0.3531291484832764,-0.1558118462562561,-0.5127916336059569,0.43764570355415344,-0.1641252040863037,0.02664723992347717,-1.1909477710723877,0.031192844733595848,0.20367294549942017,-0.3557673692703247,-0.13209104537963867,-0.08885654807090758,-0.14904311299324036
0.09310200810432434,-0.31051167845726013,0.6155887842178345,0.9223426580429075,-0.017837870866060257,-0.03014208935201168,-0.3847821950912476,-1.0053759813308716,0.2315054535865784,-0.27372172474861145,1.267679214477539,-0.011869676411151884,-0.27221691608428955,0.20576772093772888,-0.5508508682250977,0.0190682765096426,1.316817283630371,-0.44228836894035334,0.20948189496994016,0.336333841085434,0.10009686648845673,0.5278341174125671,-1.0503797531127927,0.3620121777057648,-0.15672431886196136,-0.4552960693836212,0.47404095530509943,-0.134744331240654,0.018652763217687607,-1.1801083087921143,0.05767801031470298,0.21720266342163083,-0.3064138889312744,-0.09539825469255447,-0.08158160746097565,-0.165154829621315
0.09407683461904524,-0.3153809905052185,0.6163207292556763,0.9204546213150024,-0.025715477764606476,-0.030775323510169983,-0.3887864351272583,-1.0351243019104004,0.24639078974723813,-0.29046410322189326,1.2891905307769775,0.004948633722960949,-0.2731870114803314,0.15064510703086853,-0.5789861679077148,0.035530589520931244,1.31996488571167,-0.4811634421348572,0.20762352645397184,0.33266666531562805,0.12080052495002747,0.5283060073852539,-1.1437815427780151,0.3953828513622284,-0.1664313971996307,-0.37771388888359064,0.4637025892734528,-0.09402740001678465,0.014799221418797968,-1.1777540445327759,0.08408545702695847,0.21318495273590088,-0.2660451531410217,-0.07530296593904494,-0.07004985958337784,-0.17863252758979797
0.09203455597162247,-0.3209024369716644,0.6062874794006348,0.9183501005172728,-0.04132670909166336,-0.03310630843043327,-0.39221057295799255,-1.0717772245407104,0.2961685359477997,-0.2949244081974029,1.3326579332351685,-0.013984693214297295,-0.25309354066848755,0.13207875192165375,-0.5868465900421144,0.025361040607094765,1.3014757633209229,-0.5202594995498657,0.20571322739124295,0.32557865977287287,0.14916375279426575,0.5280774831771851,-1.2635600566864011,0.45053306221961975,-0.18353672325611117,-0.3022877871990204,0.44561642408370966,-0.06620214134454727,0.00027872869395650923,-1.2027984857559204,0.09698992967605591,0.2077723890542984,-0.23986488580703733,-0.09357976913452147,-0.0494067557156086,-0.19357022643089292
0.09216462075710297,-0.3275402784347534,0.5882720947265625,0.9158735871315001,-0.06118859350681305,-0.0365426316857338,-0.3950901627540588,-1.053391456604004,0.3514787554740906,-0.3080509901046753,1.3446590900421143,-0.09876083582639694,-0.26700520515441895,0.15525417029857635,-0.5530558228492737,0.030789820477366447,1.2730743885040283,-0.531284511089325,0.21924065053462985,0.3111240267753601,0.18198733031749725,0.5218695402145386,-1.3579465150833128,0.5105597972869873,-0.20801058411598203,-0.2506590783596039,0.4313963055610657,-0.05348008126020432,-0.027169810608029366,-1.2436028718948364,0.09540454298257828,0.19731323421001437,-0.22158658504486084,-0.11580850929021835,-0.05203668400645256,-0.20714741945266724
0.09125354886054993,-0.3342287242412567,0.5689562559127808,0.9173925518989563,-0.052733954042196274,-0.050131656229496,-0.39127591252326965,-1.0136313438415527,0.34679451584815973,-0.29963913559913635,1.3695698976516724,-0.2154954224824905,-0.25872582197189326,0.16978760063648224,-0.5794497132301331,0.06325071305036545,1.3105225563049316,-0.5787537097930908,0.24187681078910828,0.29365289211273193,0.1585635244846344,0.5247359275817871,-1.3889206647872925,0.5356460809707642,-0.2330622673034668,-0.23594380915164948,0.4615266621112824,-0.07303966581821442,-0.03958779200911522,-1.2882492542266843,0.089529849588871,0.1911429911851883,-0.21267631649971008,-0.19066469371318817,-0.06981029361486435,-0.21985085308551788
0.08437291532754898,-0.33918991684913635,0.5660534501075745,0.9225618243217468,-0.04447240009903908,-0.05289886891841888,-0.37960991263389593,-1.0169107913970947,0.3271212577819824,-0.2932148575782776,1.3505146503448486,-0.1912765204906464,-0.2542129456996918,0.1816926598548889,-0.5903080701828003,0.042589183896780014,1.3357152938842771,-0.6029854416847229,0.2355489879846573,0.2702831029891968,0.14039750397205353,0.5224198698997498,-1.3367984294891355,0.5398803353309631,-0.22386486828327176,-0.2539670467376709,0.5252781510353088,-0.07449088245630264,-0.08948245644569397,-1.313523292541504,0.07161692529916763,0.17859299480915067,-0.2244083285331726,-0.20226010680198667,-0.0599953681230545,-0.21622513234615323
0.07540757209062576,-0.3462958037853241,0.5746078491210938,0.9281367659568786,-0.040363505482673645,-0.05958786606788635,-0.36521527171134954,-1.002021074295044,0.31431645154953,-0.2749370038509369,1.2986388206481931,-0.11849699914455412,-0.25024113059043884,0.20460656285285947,-0.5858490467071533,0.024441102519631382,1.3646631240844727,-0.5728961825370789,0.22069033980369568,0.25303691625595087,0.13455308973789215,0.5273824334144592,-1.2883250713348389,0.5232834219932556,-0.2033964842557907,-0.23003336787223813,0.5534050464630127,-0.07142214477062225,-0.12779781222343445,-1.291511058807373,0.05545832216739655,0.1693531721830368,-0.23342315852642057,-0.17612800002098083,-0.05711371824145317,-0.21074149012565607
0.06494270265102385,-0.3540184199810028,0.5822875499725342,0.9338459968566895,-0.03731719404459,-0.07220417261123657,-0.3483183681964874,-0.9819359183311462,0.2912079691886902,-0.26374149322509766,1.2540106773376465,-0.027827097102999687,-0.25971660017967224,0.2384374439716339,-0.5563862323760985,0.032084718346595764,1.392082929611206,-0.5471037030220032,0.21069173514842987,0.24061197042465207,0.1311688721179962,0.5338875651359558,-1.2742468118667603,0.5061761140823364,-0.19006460905075076,-0.18092544376850128,0.502744197845459,-0.057185698300600045,-0.11733976006507872,-1.248858094215393,0.054116301238536835,0.17108760774135587,-0.22478534281253812,-0.13415926694869995,-0.052478164434432976,-0.2289648652076721
0.05430485680699349,-0.36161538958549494,0.5836632251739502,0.9376920461654664,-0.03457649424672127,-0.083214670419693,-0.33557915687561035,-0.984038472175598,0.2819041609764099,-0.25934648513793945,1.2421733140945435,0.03398432582616806,-0.26776617765426636,0.2762764394283294,-0.5177900791168213,0.04302461072802544,1.398015022277832,-0.5507398247718811,0.22292567789554596,0.23277245461940765,0.12847258150577545,0.5349525213241577,-1.2989588975906372,0.5138945579528809,-0.16947114467620847,-0.14595377445220947,0.3907364904880524,-0.0442792922258377,-0.06499699503183365,-1.207937717437744,0.060129087418317795,0.17380008101463315,-0.20856933295726776,-0.10961955040693284,-0.03331846743822098,-0.2602479159832001
0.04353143647313117,-0.3668207228183746,0.576460063457489,0.9375315904617308,-0.03518866002559662,-0.08953472226858139,-0.33433482050895685,-1.0112249851226807,0.3206517994403839,-0.2505468726158142,1.2700945138931274,0.012509615160524843,-0.25788289308547974,0.31271785497665405,-0.5297729372978209,0.005122372414916754,1.3973026275634763,-0.610329270362854,0.2154774367809296,0.23028387129306796,0.13142479956150055,0.5351275205612184,-1.3326296806335447,0.5504909753799438,-0.138221874833107,-0.15558607876300812,0.3108397126197815,-0.06563745439052582,-0.000301564228720963,-1.1866822242736816,0.06234775483608246,0.18573592603206637,-0.19406789541244504,-0.11819823086261748,-0.019757200032472607,-0.29873526096343994
0.03468308225274085,-0.3691608607769013,0.5672742128372192,0.9350479841232301,-0.03208174556493759,-0.09540090709924698,-0.3399333357810974,-0.991874098777771,0.3459235727787018,-0.24322734773159027,1.2540209293365479,-0.030418483540415764,-0.25390204787254333,0.34594130516052246,-0.5592576861381531,-0.023187227547168728,1.374229311943054,-0.6887218952178955,0.22065216302871704,0.23112432658672327,0.12886874377727509,0.5260447263717651,-1.3493251800537107,0.6014472246170044,-0.08705759793519972,-0.22951124608516693,0.27010419964790344,-0.09737067669630049,0.08201783895492554,-1.1729224920272827,0.05768363922834396,0.19676358997821808,-0.19278790056705475,-0.1364578008651733,-0.018677724525332447,-0.32980334758758545
0.02842637524008751,-0.3690679669380188,0.5591800808906555,0.9309982657432557,-0.03240957856178284,-0.09987559169530867,-0.3495950102806092,-0.9518033862113952,0.3657365739345551,-0.2458794862031937,1.2139196395874023,-0.05611635744571686,-0.24781702458858487,0.350102573633194,-0.5653147101402283,-0.021108515560626984,1.3611866235733032,-0.7411251664161682,0.22591076791286469,0.2320202738046646,0.1334230601787567,0.508651614189148,-1.3376004695892332,0.66130530834198,-0.016046423465013504,-0.3461179733276367,0.23084254562854767,-0.14575524628162384,0.22424471378326416,-1.163231372833252,0.049804199486970895,0.2163270860910416,-0.20965974032878876,-0.14613939821720123,-0.024595003575086597,-0.3583116829395294
0.022667815908789635,-0.3689504861831665,0.5549073219299316,0.92597359418869,-0.04162249714136124,-0.10004695504903792,-0.3617057800292969,-0.9351818561553955,0.4012439250946045,-0.2631644606590271,1.175591230392456,-0.054900173097848885,-0.23505812883377075,0.3391876220703125,-0.5449580550193787,-0.007022361271083354,1.3596668243408203,-0.7613986730575562,0.23438596725463867,0.2293008267879486,0.15305328369140625,0.49351203441619873,-1.2623645067214964,0.7036947011947632,0.04686793312430382,-0.44072946906089777,0.19265468418598172,-0.18891699612140653,0.37537866830825806,-1.1327030658721924,0.051385179162025445,0.2626453936100006,-0.24910317361354828,-0.190061628818512,-0.019406305626034737,-0.383809506893158
0.016692310571670532,-0.367946058511734,0.5559622645378113,0.9228306412696838,-0.04857782274484634,-0.09727348387241364,-0.3695425689220429,-0.9310861825942992,0.4261808395385742,-0.28099861741065973,1.13723623752594,-0.03557774797081947,-0.21967318654060364,0.3219376504421234,-0.5264296531677246,0.0003693079634103924,1.35453724861145,-0.7619733214378357,0.23721317946910855,0.2092856466770172,0.16460835933685303,0.4937593638896942,-1.1180028915405271,0.7009816765785217,0.05721355974674225,-0.4543827474117279,0.18490207195281985,-0.23304606974124908,0.4429089725017548,-1.0891985893249512,0.0716305822134018,0.3380179703235626,-0.31257009506225586,-0.2706623077392578,-0.02378648705780506,-0.404469758272171
0.011000540107488632,-0.36736032366752625,0.5664828419685364,0.9220206141471863,-0.05529892072081566,-0.0931791216135025,-0.3716685473918914,-0.9169893860816957,0.4493040144443512,-0.2859487533569336,1.0745009183883667,0.0015722636599093676,-0.18884348869323728,0.3120776414871216,-0.49021390080451965,0.007416608743369579,1.3251017332077026,-0.7516339421272279,0.2397024929523468,0.18770520389080048,0.16905665397644043,0.5078714489936829,-0.9995918273925779,0.6643978357315063,-0.014823212288320065,-0.2693938910961151,0.10473772138357162,-0.23588326573371887,0.4188009202480316,-1.0437126159667969,0.09619702398777008,0.4336839616298676,-0.3682427704334259,-0.3555578291416168,-0.04144145548343658,-0.3905225098133087
0.0052379854023456565,-0.3665816485881805,0.5826420783996582,0.9271689653396606,-0.06786268204450607,-0.08334773033857346,-0.35889509320259094,-0.9180591106414795,0.4650141894817352,-0.28627103567123413,1.015765905380249,0.012430541217327116,-0.1459166407585144,0.3280828893184662,-0.4223112761974335,-0.022650703787803646,1.2610093355178833,-0.7146478891372681,0.24223442375659943,0.1615839451551437,0.18935394287109372,0.5229939222335817,-0.9777546525001524,0.6215765476226808,-0.12979169189929962,0.0976484566926956,-0.12184473872184752,-0.17244830727577207,0.3051944375038147,-1.0344024896621704,0.11178980022668839,0.4904303848743439,-0.39756831526756287,-0.3881712853908538,-0.026880092918872837,-0.3658815324306488
-0.0008611418306827545,-0.36546728014945984,0.6015533208847046,0.9378007650375366,-0.07453797757625581,-0.07188005745410919,-0.3313714861869812,-0.935288965702057,0.4416963160037994,-0.2780891954898834,1.00920569896698,-0.003370235441252589,-0.11744505167007446,0.3631884753704071,-0.35946384072303766,-0.08044950664043425,1.162497878074646,-0.6599410772323608,0.24206091463565824,0.1244520917534828,0.20541757345199585,0.5338778495788574,-0.9169862270355223,0.587745189666748,-0.21080531179904935,0.37104567885398865,-0.17315131425857544,-0.14291462302207947,0.23545846343040464,-1.034583568572998,0.11055975407361984,0.48311516642570496,-0.41999533772468567,-0.35070765018463135,-0.014688700437545776,-0.3583192527294159
-0.00569266453385353,-0.3647781908512115,0.6178157329559326,0.9488332867622375,-0.06062731891870499,-0.07053975760936737,-0.3017677068710327,-0.890099823474884,0.3522895574569702,-0.24053288996219635,1.0400886535644531,-0.0012817983515560627,-0.19702613353729248,0.4388089776039124,-0.3437761068344116,-0.1250605285167694,1.0300475358963013,-0.6321234703063965,0.2381000369787216,0.1026572734117508,0.1870447546243668,0.5351405739784241,-0.6936710476875305,0.5677835941314697,-0.15676988661289215,0.2321516126394272,-0.04469740763306618,-0.11800424009561537,0.22388398647308347,-1.05615234375,0.09755760431289674,0.4557408690452576,-0.4661835432052612,-0.2635536193847656,-0.02022470533847809,-0.34528985619544983
-0.007939610630273819,-0.36300659179687506,0.6302637457847595,0.9547066688537597,-0.04158124700188637,-0.06817333400249481,-0.28663322329521174,-0.8586333990097046,0.2915085554122925,-0.1752125173807144,1.1099870204925537,-0.009068499319255352,-0.22834724187850952,0.4792631268501282,-0.3476964235305786,-0.12503762543201447,0.9322753548622131,-0.6145730018615723,0.24042706191539764,0.12709572911262512,0.17243269085884094,0.51479971408844,-0.3839948773384094,0.5717686414718628,0.030281824991106987,-0.202776238322258,0.09523514658212659,-0.13572394847869873,0.16849680244922635,-1.1243091821670532,0.06994647532701492,0.45643487572669983,-0.48836138844490046,-0.20214489102363584,-0.025213267654180527,-0.2942749559879303
-0.0065104179084300995,-0.36138176918029785,0.6390258073806763,0.9581403136253358,-0.025244718417525288,-0.06037069857120514,-0.27872082591056824,-0.8261392116546631,0.26957622170448303,-0.0989280566573143,1.1100895404815672,-0.04202182590961456,-0.25630438327789307,0.4763532280921936,-0.3589545488357544,-0.11905636638402937,0.908600091934204,-0.5942129492759705,0.21905873715877527,0.1775867789983749,0.16462913155555725,0.4725837111473083,-0.07031910866498947,0.565546989440918,0.25565606355667114,-0.5923024415969849,0.10721614956855773,-0.19228385388851163,0.09719981253147124,-1.2342759370803833,0.010799312964081764,0.4841864705085754,-0.46470296382904047,-0.140060693025589,-0.020071867853403088,-0.24387297034263608
-0.004395134747028351,-0.361123651266098,0.6459463834762573,0.9641831517219543,-0.012447771616280077,-0.05326041206717491,-0.25953659415245056,-0.8214175105094909,0.23200981318950653,-0.059862352907657616,1.0736324787139893,-0.020100345835089684,-0.28342512249946594,0.48372024297714233,-0.3644923269748688,-0.15276455879211423,0.93354195356369,-0.5485194921493529,0.16196461021900177,0.23324711620807648,0.1501370221376419,0.43563160300254816,0.15954062342643735,0.5247364640235901,0.41529521346092224,-0.8117707371711731,0.07596568763256073,-0.2437976151704788,0.10251882672309875,-1.312185764312744,-0.07089666277170181,0.5028904080390929,-0.44449040293693537,-0.09804185479879379,-0.009782661683857441,-0.20881959795951843
-0.0032318197190761566,-0.36323699355125433,0.6510267853736876,0.9729413390159608,-0.00032121557160280645,-0.04459615796804428,-0.2267074882984161,-0.8692365288734435,0.189475879073143,-0.03219548985362053,1.06913161277771,0.05670565739274025,-0.29403299093246454,0.5262230038642883,-0.33078294992446894,-0.210483118891716,0.9182391166687012,-0.45026102662086487,0.1264261156320572,0.2755835950374603,0.13231977820396423,0.4175367653369904,0.2292952984571457,0.44112902879714966,0.4316490888595581,-0.9161028861999512,0.07798611372709274,-0.28103542327880854,0.13703054189682007,-1.3197733163833618,-0.1488218456506729,0.477131724357605,-0.43802687525749207,-0.07316373288631438,-0.014121017418801785,-0.192467138171196
-0.002981126308441162,-0.36461961269378657,0.6476551294326782,0.9794057607650756,0.005885584745556116,-0.03110889717936516,-0.19940403103828433,-0.965483784675598,0.2201237082481384,0.01998291350901127,1.1122454404830933,0.10269347578287125,-0.28516659140586853,0.5761959552764893,-0.25365200638771057,-0.252639502286911,0.8254563212394713,-0.33383312821388245,0.1492667943239212,0.3009587228298187,0.13129377365112305,0.4184979498386383,0.15103694796562195,0.35741946101188654,0.36343178153038014,-0.9389272928237917,0.10183561593294144,-0.2987605929374695,0.17662496864795685,-1.3165332078933716,-0.20601043105125427,0.4391393065452576,-0.4120766818523407,-0.05170981585979462,-0.01043872907757759,-0.18612590432167053
-0.004213739186525345,-0.3646008968353272,0.6346936225891113,0.9834458231925964,0.02340884320437908,-0.019011547788977623,-0.17867547273635864,-1.0149065256118774,0.1940163224935532,0.05763636156916618,1.039602279663086,0.14468069374561307,-0.27909785509109497,0.6271111369132996,-0.23010502755641937,-0.2992506921291352,0.7207062244415283,-0.35543057322502136,0.1784110814332962,0.3071900308132172,0.1089463084936142,0.4343400597572327,-0.029863178730010983,0.29658693075180054,0.2770404815673828,-0.9004952907562256,0.13899345695972443,-0.28482216596603394,0.19971081614494324,-1.3425450325012207,-0.23203581571578977,0.40238887071609497,-0.37326416373252874,-0.039364691823720925,-0.012946682050824164,-0.18651433289051053
-0.004949327558279037,-0.36257633566856384,0.6155967116355896,0.9865862727165222,0.042825989425182336,-0.010277350433170795,-0.15718741714954376,-1.0262110233306885,0.08519788086414337,0.023263040930032727,0.85577130317688,0.2559566795825958,-0.2858649790287018,0.6741418838500977,-0.23098427057266235,-0.3672192692756653,0.6303701400756836,-0.46951702237129206,0.2059336155653,0.29639866948127747,0.08327738940715788,0.4569635093212128,-0.27773937582969666,0.2641960978507996,0.1893828809261322,-0.8138726353645325,0.183423325419426,-0.2611036002635956,0.2004288882017136,-1.3896836042404175,-0.2451407015323639,0.37440013885498047,-0.3324710726737976,-0.03998936712741852,-0.03231852874159813,-0.1898891776800156
-0.0014118067920207975,-0.3601279854774475,0.5955501794815063,0.9887256026268003,0.05538341030478477,-0.007636809255927802,-0.13891007006168363,-1.013479709625244,-0.0271841324865818,-0.06259343028068542,0.7057201266288757,0.3652206063270569,-0.29298377037048334,0.7112889885902405,-0.24102421104907987,-0.4351749122142792,0.59903883934021,-0.5659671425819397,0.2237391620874405,0.28641945123672485,0.06638990342617035,0.4866478443145752,-0.5449991822242737,0.25736674666404724,0.11369773745536804,-0.7279502153396606,0.23477743566036224,-0.2311642915010452,0.17831656336784363,-1.4295759201049805,-0.25759729743003845,0.33923518657684326,-0.3060681223869324,-0.07090681791305542,-0.06919319927692413,-0.19776014983654025
0.008597727864980698,-0.36116677522659296,0.5801317691802979,0.990218698978424,0.06655089557170868,-0.006484553683549166,-0.1224575936794281,-0.9779183268547058,-0.0904976725578308,-0.09215474128723145,0.6431044340133666,0.29697835445404047,-0.2922458350658417,0.7497230172157286,-0.24338857829570767,-0.4850768744945526,0.6142135858535768,-0.6200101375579834,0.2333907186985016,0.2794509530067444,0.04005138576030731,0.5138469338417053,-0.7737954854965211,0.2630772590637207,0.057617932558059685,-0.667402446269989,0.2669242322444916,-0.23575142025947568,0.18744337558746335,-1.42404043674469,-0.2808067202568054,0.29202553629875183,-0.33571386337280273,-0.15255600214004517,-0.10910509526729584,-0.2118339091539383
0.02212606370449066,-0.36417999863624567,0.5729905366897583,0.9909275174140929,0.06433448940515518,-0.002524915616959333,-0.1179717406630516,-1.0520931482315063,-0.11002224683761597,-0.11502876132726668,0.7884746789932251,0.23895157873630524,-0.28450578451156616,0.7849228978157043,-0.22409512102603912,-0.5018105506896973,0.5802648067474365,-0.5989596843719481,0.22258807718753812,0.29115581512451166,0.030159160494804382,0.5127809047698976,-0.901710331439972,0.2750797271728516,0.015323233790695667,-0.6498642563819885,0.2880715727806092,-0.23103132843971247,0.19521515071392057,-1.3616752624511719,-0.2796493172645569,0.2572660744190216,-0.4001030921936035,-0.2087722420692444,-0.1171187311410904,-0.20673158764839167
0.03874224051833153,-0.3678989708423615,0.5749953389167786,0.9906792640686035,0.06320634484291077,-0.0009271032176911832,-0.1206592470407486,-1.0733898878097534,-0.11080402135849,-0.11856251955032349,0.8804061412811278,0.1852642446756363,-0.28724029660224915,0.8115027546882628,-0.211576908826828,-0.49897372722625727,0.5361623764038086,-0.5365814566612244,0.21121111512184143,0.3125024735927582,0.019283862784504887,0.5050535798072815,-0.9519484043121338,0.2732809782028198,-0.018997421488165852,-0.6502159833908081,0.2937731146812439,-0.2271717339754105,0.19818417727947235,-1.2563496828079224,-0.2605842351913452,0.22831718623638156,-0.47549027204513544,-0.22649794816970825,-0.12313778698444366,-0.18983308970928192
0.05782950296998024,-0.3713594079017639,0.5815812349319458,0.9899128675460817,0.062287308275699615,-0.0020637533161789175,-0.12723416090011597,-1.0615389347076416,-0.10529933124780654,-0.12028955668210985,0.9423229694366456,0.12592801451683044,-0.2884916663169861,0.8140286803245544,-0.22294342517852783,-0.48237776756286627,0.5455644726753235,-0.4643963873386383,0.1897750347852707,0.32669469714164734,0.011717168614268301,0.5000256896018982,-0.9329763054847715,0.2589479088783264,-0.04630430787801743,-0.6597514748573303,0.30617356300354004,-0.22112098336219788,0.19968535006046292,-1.1390084028244019,-0.22505813837051392,0.21715848147869113,-0.528867781162262,-0.2434915602207184,-0.12442748993635176,-0.1746155172586441
0.07785792648792265,-0.37425634264945984,0.5921063423156737,0.9883177280426024,0.06107471138238906,-0.005312216002494097,-0.13953405618667603,-1.0284810066223145,-0.09025671333074568,-0.11733289808034895,0.9855117797851561,0.06243797391653061,-0.28681302070617676,0.7797672748565674,-0.25685229897499084,-0.4324062466621399,0.6279153823852539,-0.391303300857544,0.16347157955169675,0.33396103978157043,0.0025805502664297815,0.501123309135437,-0.8748388886451721,0.23829156160354611,-0.07314322143793106,-0.6528043150901793,0.33618521690368647,-0.21603967249393463,0.20324949920177457,-1.062372803688049,-0.1912706792354584,0.22077997028827667,-0.5339084267616272,-0.25825801491737366,-0.11638356000185011,-0.16786444187164307
0.09710218012332915,-0.3764638900756836,0.6050470471382141,0.9856748580932616,0.055045802146196365,-0.007895666174590588,-0.15922540426254272,-0.9864938259124755,-0.05683679878711701,-0.11241143941879272,1.0169250965118408,-0.0027218079194426537,-0.28346633911132807,0.7125060558319092,-0.29293516278266907,-0.3560415506362915,0.7515390515327453,-0.3167635202407837,0.14545272290706635,0.3348277807235718,-0.0034500921610742807,0.5047768354415894,-0.8102836012840272,0.21313689649105072,-0.09738786518573761,-0.6199190020561217,0.3801462352275848,-0.21037529408931727,0.2069759964942932,-1.0419960021972656,-0.17309722304344177,0.22691200673580167,-0.4974579513072968,-0.2616594731807709,-0.10313928872346878,-0.16606305539608
0.11355724185705184,-0.3779956996440888,0.6183200478553772,0.9819079041481018,0.04302320629358292,-0.006873543374240398,-0.1842786371707916,-0.9511862993240355,-0.002787965815514326,-0.10613410174846648,1.0366036891937256,-0.05940165370702744,-0.2791034281253814,0.6174504160881041,-0.31160131096839905,-0.2750775218009949,0.895556628704071,-0.26140958070755005,0.15747372806072235,0.3229893147945404,-0.006209497805684805,0.5110031962394713,-0.7646250128746032,0.18684421479701996,-0.1099330186843872,-0.5666254758834839,0.417107880115509,-0.20520181953907007,0.20998759567737577,-1.089624285697937,-0.17335732281208038,0.22512529790401456,-0.4319136142730713,-0.2542236447334289,-0.08953631669282913,-0.16864463686943054
0.1254851222038269,-0.3784543573856354,0.6288226246833801,0.9772977232933043,0.030905889347195625,-0.002959955483675003,-0.20958347618579865,-0.93502140045166,0.05556630715727806,-0.0982551351189613,1.0529762506484983,-0.09908453375101088,-0.27418431639671326,0.5140881538391113,-0.3260995149612427,-0.2182046324014664,1.055964946746826,-0.26539796590805054,0.18404848873615265,0.29522913694381714,-0.0136946402490139,0.5219592452049255,-0.7489054799079894,0.16783149540424347,-0.10554004460573196,-0.5156751275062561,0.4301944077014923,-0.20355470478534696,0.22440524399280548,-1.1947048902511597,-0.1875316798686981,0.21398854255676267,-0.35506391525268555,-0.24346566200256348,-0.08427350223064423,-0.18197272717952728
0.13458475470542908,-0.3776416182518005,0.6352338790893555,0.9716296792030334,0.021390879526734352,0.0013005724176764488,-0.23553457856178284,-0.9339554905891417,0.11443180590867996,-0.08190714567899704,1.078131318092346,-0.13114161789417267,-0.273139089345932,0.4117041826248169,-0.3665127754211426,-0.193491593003273,1.232499361038208,-0.3248167634010315,0.1909056007862091,0.2601378560066223,-0.023021250963211056,0.5304802656173706,-0.7681646943092345,0.1584070324897766,-0.0956125259399414,-0.4809742867946625,0.4254400432109833,-0.2021023780107498,0.2478710263967514,-1.3348360061645508,-0.20415459573268888,0.2033826857805252,-0.2760220468044281,-0.22700482606887817,-0.08504516631364822,-0.20985092222690585
0.14324969053268433,-0.3753491044044495,0.6385511159896851,0.9639930129051208,0.018612282350659367,0.001768421265296638,-0.26526954770088196,-0.9230856895446776,0.17411179840564728,-0.04209953173995017,1.1097462177276611,-0.16711008548736572,-0.2735196352005005,0.31218335032463074,-0.46573767066001887,-0.18971945345401764,1.4047300815582275,-0.4151370227336884,0.17917762696743011,0.23832038044929504,-0.03206475079059601,0.5282424688339232,-0.8321991562843322,0.16241143643856049,-0.09350753575563431,-0.45351690053939814,0.39378491044044495,-0.19903507828712463,0.25809425115585327,-1.461472988128662,-0.2138458490371704,0.20379433035850525,-0.22012367844581604,-0.2177901715040207,-0.08417890965938568,-0.24570402503013608
0.1508614420890808,-0.37388265132904047,0.6413121223449707,0.9555211067199709,0.018529644235968586,-0.0033517524134367704,-0.29432094097137446,-0.895740509033203,0.223942831158638,0.0016567603452131152,1.1408312320709229,-0.200658455491066,-0.2646135687828064,0.22957767546176913,-0.5787186622619629,-0.19186729192733765,1.5041168928146362,-0.4989663064479828,0.15630115568637848,0.2285577207803726,-0.03290752321481705,0.524077296257019,-0.9222112894058228,0.18328286707401276,-0.10679482668638228,-0.42724752426147455,0.36125755310058594,-0.19868388772010803,0.24317829310894007,-1.504499077796936,-0.20361030101776123,0.21164295077323916,-0.23601667582988736,-0.2145178914070129,-0.08993341028690338,-0.2733027637004852
0.15516763925552368,-0.3749803900718689,0.6455590724945068,0.947955846786499,0.009607848711311815,-0.009530507959425448,-0.31811416149139404,-0.8633607029914856,0.2739907205104828,0.01229492574930191,1.1618130207061768,-0.21988216042518613,-0.25539007782936096,0.17325438559055328,-0.6005398035049438,-0.19736890494823453,1.4808713197708128,-0.5269398093223572,0.16149580478668213,0.22453154623508453,-0.010501589626073836,0.5219588279724121,-0.9995703101158142,0.21057358384132385,-0.12988348305225372,-0.4124633073806762,0.34627029299736023,-0.19418247044086456,0.21554073691368103,-1.4650259017944336,-0.1754581332206726,0.22457869350910184,-0.2884904146194458,-0.2091103941202164,-0.09484943002462387,-0.2771107256412506
0.15572932362556455,-0.3779005706310272,0.6502245664596558,0.9423373937606813,0.00017849863797891885,-0.0150372926145792,-0.334326297044754,-0.8368781805038451,0.314720094203949,0.008079364895820618,1.1668078899383545,-0.22247691452503204,-0.24890096485614777,0.14566439390182495,-0.5766227841377257,-0.21627578139305115,1.3823518753051756,-0.5307700037956238,0.1856035143136978,0.22025242447853088,0.015007192268967628,0.5213475823402405,-1.0508142709732056,0.23424570262432096,-0.1485436111688614,-0.4041209816932678,0.3463080823421478,-0.18629238009452817,0.19583530724048612,-1.4214297533035278,-0.14724354445934296,0.23448911309242249,-0.3086194694042206,-0.20470368862152097,-0.0859852209687233,-0.271173357963562
0.15355992317199707,-0.3818963170051575,0.6544175148010254,0.9380818009376525,-0.0072002182714641086,-0.019412245601415638,-0.3457944691181183,-0.8157455325126648,0.3491136431694031,0.001513382070697844,1.1553800106048584,-0.21187125146389008,-0.24458850920200348,0.1468251496553421,-0.5387930870056152,-0.24426686763763428,1.2326245307922363,-0.5268793702125549,0.22453792393207553,0.21655963361263275,0.04035598784685135,0.5200363993644713,-1.0925939083099363,0.2522839307785034,-0.1599680334329605,-0.3955359160900116,0.3519262373447418,-0.17675089836120603,0.1866125911474228,-1.3979753255844116,-0.12741176784038544,0.2393185645341873,-0.2887004613876343,-0.20314614474773407,-0.06236563622951508,-0.2699354290962219
0.14814579486846924,-0.3856155574321746,0.6585717797279358,0.9355744123458862,-0.0070145963691174975,-0.025948420166969296,-0.3521050214767456,-0.7894613742828369,0.36771416664123535,0.009590305387973784,1.125651240348816,-0.18925590813159943,-0.24026747047901156,0.15005388855934143,-0.518805205821991,-0.24225857853889465,1.1195716857910156,-0.5291935205459595,0.2597236037254333,0.210512638092041,0.05883335322141647,0.519497275352478,-1.1237008571624756,0.26519376039505005,-0.1687137931585312,-0.3802599906921386,0.3637802004814148,-0.1669384092092514,0.18136760592460632,-1.395517349243164,-0.1158667579293251,0.24553900957107544,-0.239880234003067,-0.2045269310474396,-0.03904735296964645,-0.27795931696891785
0.14001436531543732,-0.3890871703624725,0.6630761623382568,0.9352158308029175,-0.002944104140624404,-0.03529644012451172,-0.3523021638393402,-0.7563323974609374,0.36722368001937866,0.02292877994477749,1.084040641784668,-0.15980885922908783,-0.23330591619014737,0.12360986322164536,-0.5298207998275757,-0.2078910320997238,1.14754319190979,-0.5432844758033752,0.25787460803985596,0.2038777470588684,0.07430225610733032,0.5203147530555725,-1.133447289466858,0.26862555742263794,-0.1775875836610794,-0.3669106066226959,0.37582892179489136,-0.1578933298587799,0.1801302582025528,-1.3960291147232056,-0.10553197562694548,0.2502019703388214,-0.1996006816625595,-0.2119656205177307,-0.03640938550233841,-0.2889541983604431
0.13010768592357635,-0.3930903971195221,0.6693102717399597,0.93598473072052,-0.006037036422640085,-0.04397659376263618,-0.34923091530799866,-0.7224915623664856,0.3714759945869446,0.018903527408838272,1.0321264266967771,-0.11781731992959976,-0.23307114839553836,0.09447979927062988,-0.5209111571311951,-0.1674644351005554,1.2149791717529297,-0.5156379938125609,0.2484945505857468,0.2004960924386978,0.106014646589756,0.5200977325439453,-1.1165200471878052,0.2628336250782013,-0.1889306008815765,-0.36216273903846735,0.38480398058891296,-0.1493021547794342,0.17548112571239471,-1.379634141921997,-0.09586688131093977,0.25196322798728943,-0.17542351782321927,-0.21883788704872129,-0.03437650948762894,-0.29252070188522333
0.11914245784282684,-0.39834907650947565,0.676054835319519,0.9378634095191956,-0.017425023019313812,-0.05214025080204009,-0.3426222503185272,-0.6921917200088501,0.3879744410514832,-0.0041117221117019645,0.9789791703224182,-0.06660997122526169,-0.2421892136335373,0.0814008116722107,-0.49145951867103577,-0.14387686550617218,1.2860031127929688,-0.4506061673164368,0.23033562302589417,0.20144882798194885,0.1537483036518097,0.5197216868400574,-1.0870118141174316,0.24511927366256717,-0.19992230832576752,-0.37046080827713007,0.39197716116905207,-0.14002126455307007,0.15818649530410767,-1.3445804119110107,-0.0881764218211174,0.2430420219898224,-0.16416601836681363,-0.21136492490768433,-0.023502601310610768,-0.29646074771881104
0.10693024098873138,-0.4057258665561676,0.6808072924613953,0.9414176344871522,-0.024563742801547047,-0.06286837160587311,-0.3304195702075958,-0.6759845614433289,0.39258432388305664,-0.029165398329496384,0.9347166419029235,-0.0035143999848514795,-0.25025451183319086,0.10762123018503188,-0.4897840023040771,-0.1600474119186401,1.3332602977752683,-0.4067161977291107,0.1959587186574936,0.2085997462272644,0.18722170591354367,0.5143431425094604,-1.0529881715774536,0.23121477663517,-0.2146569937467575,-0.396755188703537,0.4019010365009308,-0.12927299737930295,0.13292525708675385,-1.292322039604187,-0.0784359499812126,0.21670743823051447,-0.17563709616661072,-0.20679038763046265,-0.012837994843721388,-0.3111321032047272
0.0941825583577156,-0.41411551833152765,0.6782383322715759,0.9465961456298829,-0.014655031263828276,-0.07864250987768173,-0.31234005093574524,-0.6544836163520813,0.35728675127029413,-0.03332970291376114,0.8996643424034119,0.03163114935159683,-0.26060241460800165,0.18667960166931152,-0.5300503969192505,-0.19797812402248385,1.3131296634674072,-0.42608591914176946,0.17414264380931854,0.2151721864938736,0.1809391379356384,0.5047648549079895,-1.0200642347335815,0.2272048890590668,-0.21736691892147064,-0.44472414255142206,0.41733738780021673,-0.12317784875631332,0.10471966862678528,-1.2239233255386353,-0.05419188365340233,0.17651353776454923,-0.20903660356998444,-0.18609055876731873,-0.004717515781521797,-0.34148678183555603
0.07930462807416916,-0.4225464463233948,0.6696416735649109,0.9515292644500732,-0.0005296071758493781,-0.09174227714538574,-0.2935557961463928,-0.640114963054657,0.3219780921936035,-0.03473443165421486,0.8692876100540161,0.041666429489851,-0.2629316449165344,0.2859656810760498,-0.5394958257675171,-0.24780917167663571,1.2173887491226196,-0.5011795163154602,0.21486879885196683,0.22431865334510803,0.16592788696289062,0.4866595566272736,-0.9828616380691528,0.23556618392467496,-0.19746106863021848,-0.5078858137130737,0.4207656979560852,-0.11817233264446259,0.08833171427249907,-1.1470829248428345,-0.009899972938001156,0.14425772428512573,-0.2700606882572174,-0.1630294919013977,0.01633457839488983,-0.3698345422744751
0.06399804353713989,-0.4303424060344696,0.6593308448791504,0.9546008706092833,0.005459032952785492,-0.10183733701705933,-0.27988654375076294,-0.636646032333374,0.30952727794647217,-0.04574207216501236,0.84672611951828,0.04666215926408768,-0.2620684206485748,0.3676019608974457,-0.5309990048408508,-0.317476749420166,1.142728328704834,-0.607538104057312,0.2421046197414398,0.2375512421131134,0.1703370213508606,0.47497326135635376,-0.9353139996528624,0.2588038444519043,-0.15302488207817075,-0.5739474296569824,0.411521852016449,-0.11793567985296248,0.09020040184259415,-1.0685099363327026,0.05062200501561165,0.14268958568572998,-0.3418493568897248,-0.16554035246372223,0.039132077246904366,-0.39560407400131226
0.04867086559534073,-0.4367155134677887,0.6517419219017029,0.9552783966064451,0.00855445396155119,-0.11094547063112258,-0.2739728689193725,-0.6267017126083374,0.30568763613700867,-0.05478575825691223,0.8136913776397705,0.06837253272533417,-0.25700134038925165,0.38670456409454346,-0.5293663740158081,-0.3425239622592926,1.1590203046798706,-0.6829485297203064,0.24334482848644257,0.2507458031177521,0.18628133833408356,0.47975328564643854,-0.8888207077980042,0.28860124945640564,-0.0929419994354248,-0.6193386316299438,0.3775463700294495,-0.1235200986266136,0.11736602336168288,-0.9895164370536803,0.11465185135602952,0.17995500564575195,-0.4036701023578644,-0.1997452825307846,0.054021380841732025,-0.4078281819820404
0.03390166908502579,-0.44202890992164606,0.6480573415756226,0.9549883604049682,0.015034753829240797,-0.11591086536645888,-0.2726459503173828,-0.6082311868667603,0.30084705352783203,-0.05134479701519013,0.7555685043334962,0.11138845980167388,-0.2467421591281891,0.35579073429107666,-0.5417277812957764,-0.3339287340641022,1.2292242050170898,-0.7100043296813965,0.23375916481018064,0.2546085715293884,0.19552090764045715,0.48963889479637146,-0.8399217128753662,0.30949291586875916,-0.03767301514744759,-0.6350516080856323,0.33538517355918884,-0.13234654068946838,0.15288566052913663,-0.9106680154800416,0.16682080924510956,0.23850430548191073,-0.4325860738754272,-0.23488636314868927,0.05461098626255989,-0.4149491786956787
0.018748775124549866,-0.44883400201797485,0.64775550365448,0.9558736681938172,0.021842516958713528,-0.1175668016076088,-0.268340140581131,-0.5927565693855286,0.29658597707748413,-0.04419750720262528,0.6862745881080627,0.1640295833349228,-0.23555363714694977,0.33070915937423706,-0.5418817400932312,-0.3309580981731415,1.2774335145950315,-0.7322415113449096,0.22751033306121823,0.2449467033147812,0.1907978504896164,0.5000960230827332,-0.7881022691726685,0.31764021515846247,-0.019319659098982808,-0.6186813116073608,0.3251582384109497,-0.140992671251297,0.1894589066505432,-0.8447973132133485,0.2023161351680756,0.2885473668575287,-0.41669446229934687,-0.2422890663146973,0.04869014024734497,-0.4135806560516357
0.003672711551189423,-0.4570567607879639,0.6493253707885742,0.9578483700752257,0.02207101136445999,-0.11708440631628036,-0.2614012062549591,-0.5835092067718506,0.3090844452381134,-0.03593490645289421,0.6246330142021179,0.1970056444406509,-0.21083757281303403,0.32812938094139094,-0.5091824531555176,-0.34161174297332764,1.2763808965682983,-0.7591067552566528,0.2223835289478302,0.22807566821575165,0.18693535029888156,0.5128618478775024,-0.7476297616958617,0.3163098394870758,-0.03224710375070572,-0.5735405087471008,0.33221435546875,-0.15121926367282867,0.2328468561172485,-0.8003927469253539,0.2188188582658768,0.3187047243118286,-0.37163445353508,-0.21103960275650024,0.05005894228816032,-0.39502665400505066
-0.010917941108345984,-0.46503099799156183,0.651805579662323,0.9599630236625672,0.02423744648694992,-0.11653200536966324,-0.2535819709300995,-0.5662386417388916,0.31082817912101746,-0.01741720922291279,0.5708858370780945,0.23373027145862577,-0.20019659399986267,0.3326249420642853,-0.4792968034744263,-0.3615193665027618,1.2415322065353391,-0.7663685083389281,0.22729763388633728,0.21298961341381076,0.17716996371746063,0.5177406668663025,-0.7240366339683533,0.3069351017475128,-0.055533949285745614,-0.5121150016784668,0.35211846232414246,-0.15076927840709686,0.2730344235897064,-0.7700480222702025,0.21825583279132843,0.3333873748779297,-0.31966409087181086,-0.17013005912303925,0.04738261923193932,-0.3800629675388336
-0.023606466129422188,-0.47159501910209656,0.6543736457824707,0.9621191024780272,0.028444398194551468,-0.11581408977508544,-0.245162770152092,-0.5507015585899353,0.29857498407363886,0.00225152843631804,0.5480564832687378,0.2549411058425904,-0.20717480778694153,0.33629193902015686,-0.46239733695983887,-0.3876132667064666,1.211266040802002,-0.7667199969291686,0.2329968512058258,0.20325085520744324,0.1663939505815506,0.514778733253479,-0.7089353799819945,0.29416397213935846,-0.07103221863508224,-0.4642731547355652,0.36922186613082886,-0.14622943103313446,0.2952752709388733,-0.7582224607467651,0.2023651748895645,0.3309113681316376,-0.26962172985076904,-0.13192415237426755,0.04341135174036025,-0.3729296624660492
-0.03451089933514595,-0.47701638936996454,0.6572487354278564,0.9638999104499818,0.030949702486395836,-0.11527621001005171,-0.23801368474960327,-0.5516120195388794,0.2840963006019592,0.013958853669464588,0.5708481073379517,0.2541122436523437,-0.21887996792793277,0.330491155385971,-0.4465960562229157,-0.4057558476924896,1.2052425146102903,-0.7644043564796447,0.23032675683498385,0.19890351593494413,0.161441370844841,0.5120590925216675,-0.6887993216514587,0.279706746339798,-0.07759080827236174,-0.43798413872718805,0.37929823994636536,-0.15112796425819397,0.309977650642395,-0.7611616253852845,0.17590010166168213,0.33191412687301636,-0.21664856374263763,-0.10339809209108353,0.03302925452589989,-0.3595017194747925
