0.057402852922677994,-0.01052318513393402,0.721947968006134,0.9987529516220093,0.03934286534786224,0.02760304883122444,0.01351842563599348,-0.8381664752960205,0.230082243680954,-0.011161169968545437,1.043182134628296,0.059210103005170815,-0.26824033260345453,-0.19921186566352844,-0.5451709628105164,0.00113413343206048,1.1559643745422363,-0.45039805769920344,0.2587013840675354,0.046568576246500015,-0.012604430317878723,0.4808145761489868,-1.4066855907440183,0.33527842164039606,-0.48141273856163025,-0.3860918283462525,0.3634149432182312,-0.06363712251186371,0.37334087491035456,-1.3140276670455933,-0.17403893172740936,0.3614515662193298,-0.28065788745880127,-0.26562279462814326,0.08018977195024489,-0.33175855875015253
0.045154426246881485,-0.024005532264709473,0.7178010940551758,0.996656060218811,0.05027246475219727,0.034533705562353134,0.05437672138214111,-0.9246034026145936,0.1542580872774124,0.0059653413482010365,1.1400943994522095,0.10600806027650832,-0.2632868885993957,-0.1674993932247162,-0.602932870388031,-0.028673667460680008,1.1466500759124756,-0.46003815531730646,0.2412315458059311,0.00485799415037036,0.0015145327197387815,0.47539576888084406,-1.2995518445968628,0.338166207075119,-0.4686898589134216,-0.4407093226909637,0.4948490560054779,-0.06510592997074127,0.3571193814277649,-1.485257863998413,-0.3309769630432129,0.4364296793937683,-0.11582694202661514,-0.35007312893867487,0.14326348900794983,-0.3060495853424072
0.03498486056923866,-0.03995612263679504,0.7086591720581055,0.9939863681793213,0.05811530351638794,0.03488396108150482,0.08600477874279022,-0.9553142189979552,0.06399772316217422,0.0100273247808218,1.1702309846878052,0.17746123671531677,-0.2677306532859802,-0.10795389115810394,-0.5887849926948547,-0.02247167564928532,1.0838826894760132,-0.45594674348831177,0.24345211684703824,0.0034806844778358936,0.04086478799581528,0.47543638944625854,-1.1432650089263916,0.35562244057655334,-0.38945516943931574,-0.5577768087387085,0.6046665906906128,-0.06343109160661697,0.3420429527759552,-1.6341919898986816,-0.5562057495117188,0.5391849875450134,0.028500493615865707,-0.4592351913452149,0.19879500567913053,-0.2675260007381439
0.028022155165672306,-0.05444934964179993,0.6955148577690125,0.9944730997085571,0.05371136590838432,0.036919087171554565,0.08231249451637267,-0.9344016313552856,0.060897331684827805,0.01134114246815443,1.1140284538269043,0.17938779294490814,-0.2458165138959885,-0.0837552472949028,-0.5347238779067993,-0.006483841687440872,1.0014636516571045,-0.4499286413192749,0.25151607394218445,0.055630315095186234,0.1066976934671402,0.4847011268138885,-0.9331871271133424,0.4036824107170105,-0.2231079339981079,-0.714137077331543,0.6872007846832275,-0.05235950648784637,0.3011174201965332,-1.7935117483139038,-0.7913618683815001,0.6638706922531128,0.1769486367702484,-0.5922510027885437,0.24114440381526947,-0.21617992222309113
0.020126661285758015,-0.06724189966917038,0.6766895055770874,0.9963049292564392,0.05607148632407189,0.04462185874581337,0.047342300415039056,-0.8782721757888795,0.1403200477361679,0.05900370329618453,1.0406911373138428,-0.016505155712366104,-0.2198074460029602,-0.1231786012649536,-0.5646143555641174,-0.02584356442093849,0.9785034060478209,-0.5722091794013977,0.256935179233551,0.13391683995723724,0.1401679515838623,0.5043056011199951,-0.6890163421630859,0.4734789729118347,-0.0017427498241886497,-0.8334250450134277,0.7054191827774048,-0.0475948378443718,0.3273833394050598,-2.0081796646118164,-0.9543891549110413,0.809345543384552,0.31483224034309387,-0.718845784664154,0.27257207036018366,-0.17363271117210388
0.010314255952835085,-0.0796368420124054,0.6613274812698364,0.997033417224884,0.053196903318166726,0.05418312922120094,0.012595992535352705,-0.9134071469306944,0.2261354774236679,0.07535906136035918,1.0762295722961424,-0.07000813633203505,-0.2145309001207352,-0.1942700445652008,-0.5737600326538086,-0.03819230943918228,0.9882073402404784,-0.6728897690773009,0.2594314515590668,0.20190942287445068,0.14942981302738187,0.5128222107887268,-0.5030550956726073,0.5627390146255493,0.23511897027492523,-0.820089042186737,0.5941938161849976,-0.02820858731865883,0.388182908296585,-2.1720900535583496,-1.0229986906051636,0.9108248949050904,0.464353084564209,-0.7469134926795958,0.31986725330352783,-0.15924477577209473
0.0010663047432899475,-0.09156893193721773,0.6496131420135498,0.9972031116485597,0.05637205392122269,0.048982307314872735,-0.0029869982972741127,-0.9593381881713868,0.2467980533838272,0.05022983998060226,1.15133798122406,-0.06196201965212821,-0.22670465707778928,-0.2284397184848785,-0.5796915888786316,-0.04383281990885735,1.0417430400848389,-0.7371508479118347,0.25711047649383545,0.23526781797409055,0.13125404715538025,0.5186300277709961,-0.4844852387905121,0.6364595890045166,0.3006865978240967,-0.6816396713256836,0.4706741869449616,-0.00324034271761775,0.42314401268959045,-2.205039978027344,-1.014618158340454,0.9401177763938906,0.5622584819793701,-0.723776936531067,0.3876921534538269,-0.16227295994758603
-0.007729630917310714,-0.10233226418495178,0.646550178527832,0.9970828890800477,0.06518876552581787,0.03958637267351151,0.0030073144007474184,-0.962165594100952,0.20608004927635193,0.007202619686722755,1.143240451812744,-0.015416371636092663,-0.24733945727348328,-0.23591901361942288,-0.5984436869621277,-0.04643631353974342,1.0992546081542969,-0.7791798710823059,0.258907288312912,0.2107761800289154,0.09058711677789688,0.5239551067352295,-0.6213595867156982,0.6462787389755249,0.14743691682815552,-0.5623297691345215,0.45268404483795166,-0.005361719988286495,0.4266493916511536,-2.0500316619873047,-0.9570680856704714,0.8495834469795227,0.5224210619926453,-0.7025752663612366,0.4083093702793121,-0.19074252247810364
-0.015748444944620132,-0.1094355434179306,0.6520764231681824,0.9969275593757628,0.0702766478061676,0.03217368200421333,0.01270908396691084,-0.94220370054245,0.1582341492176056,-0.057040046900510795,1.0947449207305908,0.04969312250614166,-0.25741401314735407,-0.22723896801471713,-0.6014499664306641,-0.05647191032767296,1.10538911819458,-0.7688109874725341,0.26266884803771967,0.17181809246540067,0.05113271623849869,0.518415093421936,-0.8291232585906982,0.6118284463882446,-0.03327414020895958,-0.5134502053260803,0.4456363320350647,-0.03853432089090347,0.3869406282901764,-1.8397203683853147,-0.8439867496490479,0.6780670881271361,0.35773441195487976,-0.6864809393882751,0.4165927767753601,-0.20630489289760587
-0.025030164048075676,-0.11172494292259216,0.6669405102729796,0.9971808195114136,0.06705101579427719,0.03277144581079483,0.007781271822750568,-0.9045953750610352,0.16456754505634308,-0.1051049306988716,1.018024444580078,0.11475667357444765,-0.2538941204547882,-0.2355380207300186,-0.5829775333404541,-0.054451603442430496,1.063133716583252,-0.7083235383033752,0.2660028338432312,0.1410195380449295,0.0327020026743412,0.5099112391471863,-1.0198452472686768,0.548656165599823,-0.12477613240480422,-0.45097482204437256,0.3889791071414948,-0.06535624712705612,0.34091946482658386,-1.6138933897018433,-0.6854060292243958,0.4813842475414276,0.12384380400180817,-0.7202220559120177,0.4181023240089417,-0.22952213883399963
-0.03446999192237854,-0.10912267863750456,0.6882247924804688,0.9975475072860717,0.055551841855049126,0.03990761563181877,-0.014842393808066843,-0.8676631450653075,0.1882286220788956,-0.17276659607887268,0.937986433506012,0.1410034745931625,-0.24102461338043207,-0.28822213411331177,-0.5462114810943604,-0.029026085510849953,1.0319747924804688,-0.6058614850044249,0.2595735490322113,0.1282462328672409,0.03616940602660179,0.5112950205802916,-1.1743046045303345,0.4935042262077332,-0.17504377663135529,-0.34349364042282104,0.30291348695755005,-0.0827876776456833,0.3081727623939514,-1.403681755065918,-0.478800892829895,0.3067407011985779,-0.12071239948272704,-0.7465230226516724,0.38499054312705994,-0.28952035307884216
-0.04119763895869255,-0.103590689599514,0.7090734243392944,0.9965454936027527,0.03759733960032463,0.04656301811337471,-0.05757993087172508,-0.8145273327827453,0.20942926406860352,-0.2564583122730255,0.8740499615669249,0.11817654222249983,-0.24693228304386136,-0.3314513564109802,-0.474261611700058,0.03218284249305725,0.9666080474853517,-0.4938191175460816,0.2519745230674744,0.1409471035003662,0.054105985909700394,0.5150753259658812,-1.2897124290466309,0.4775584042072296,-0.23010790348052976,-0.19360217452049253,0.2044661045074463,-0.09007601439952849,0.299072265625,-1.2522023916244507,-0.25414526462554926,0.1979447901248932,-0.2944743633270264,-0.7302730083465576,0.34182244539260864,-0.3398036062717438
-0.043911755084991455,-0.09779030084609984,0.7192230224609375,0.9928812980651855,0.02586277760565281,0.04771215096116065,-0.10602571815252304,-0.7639333009719848,0.2668631672859192,-0.25134921073913574,0.8701651692390442,0.07064390927553177,-0.25622984766960144,-0.3003358542919159,-0.424115002155304,0.08657911419868469,0.8782075047492981,-0.4323693811893463,0.26615992188453674,0.15630553662776947,0.05408087745308876,0.5134497880935669,-1.3856682777404783,0.5147677063941956,-0.29198676347732544,-0.023655964061617848,0.08795174211263657,-0.10807640105485916,0.2892785668373108,-1.1406939029693604,-0.060047637671232224,0.13237467408180237,-0.393744707107544,-0.629055917263031,0.3106716573238373,-0.37525492906570435
-0.04418591782450676,-0.09140819311141968,0.7153471112251282,0.9883579015731812,0.027111180126667023,0.0419825091958046,-0.14370520412921903,-0.7472378015518188,0.3263022899627685,-0.1771327704191208,0.9476680755615233,0.028404792770743367,-0.2470879703760147,-0.24347232282161713,-0.4701045751571655,0.06505358964204788,0.9038514494895936,-0.4360583424568176,0.24978762865066528,0.1490049660205841,0.018845118582248688,0.5120214819908142,-1.497893452644348,0.5879734158515929,-0.35241651535034174,0.1529483050107956,-0.038306407630443566,-0.12492598593235016,0.24280808866024017,-1.0592880249023435,0.10621116310358047,0.09809659421443939,-0.4717231690883637,-0.48409822583198553,0.27911892533302307,-0.41407689452171326
-0.04562077671289444,-0.08661778271198271,0.7031825780868529,0.9830249547958374,0.028287120163440704,0.03995935246348381,-0.17681896686553955,-0.7475790977478027,0.397682249546051,-0.10122165828943253,1.0286633968353271,0.002679057652130723,-0.22598849236965177,-0.18088072538375852,-0.47028237581253046,0.0720425397157669,0.9085336923599244,-0.46343883872032166,0.2535276114940644,0.12435805797576904,-0.02439981698989868,0.5012320280075073,-1.6485705375671387,0.6487390995025635,-0.4096418917179108,0.36037278175354,-0.12551012635231018,-0.13381658494472504,0.1967562884092331,-0.97669380903244,0.21985796093940732,0.13089270889759064,-0.5647265315055847,-0.35552558302879333,0.2693898975849152,-0.39241391420364374
-0.04935498535633087,-0.08441045135259628,0.6900779604911804,0.9780693650245665,0.02406603097915649,0.03681373968720436,-0.20358246564865112,-0.6889334321022034,0.4755094051361084,-0.024696342647075653,1.021925926208496,-0.12772829830646515,-0.24159973859786987,-0.13815005123615265,-0.4791985750198364,0.042659394443035126,0.9049057364463806,-0.5397362709045409,0.2505289912223816,0.0779271349310875,-0.06784077733755112,0.49832710623741144,-1.8118766546249387,0.6810700297355652,-0.5001418590545654,0.5907567739486694,-0.17139405012130737,-0.12197526544332504,0.18090376257896423,-0.908358156681061,0.28271085023880005,0.2391318082809448,-0.627672016620636,-0.2949252128601074,0.26494655013084406,-0.3239070475101471
-0.056823179125785835,-0.0857919305562973,0.6859063506126404,0.97665137052536,0.02881982736289501,0.026418861001729965,-0.21124301850795743,-0.6250597834587097,0.5075186491012573,0.04154805466532707,0.9614573717117308,-0.15307234227657318,-0.25330638885498047,-0.16614830493927,-0.484328418970108,0.09427416324615479,0.9752854704856871,-0.5808489322662354,0.23166166245937347,0.024292293936014172,-0.1185048297047615,0.5178546905517578,-1.9087047576904297,0.6685078144073486,-0.595653235912323,0.720649242401123,-0.11575627326965332,-0.10510196536779404,0.18428850173950195,-0.8663595914840697,0.31138962507247925,0.3630366921424866,-0.6141977906227112,-0.31579640507698054,0.23183809220790863,-0.24323824048042297
-0.07149350643157959,-0.09332627058029175,0.6960752010345458,0.9790872931480408,0.03405062109231949,0.027803173288702965,-0.19863425195217127,-0.6818676590919496,0.4910027384757996,0.0018862448632717128,0.9563891887664795,0.0061834356747567645,-0.2348672300577164,-0.19305002689361567,-0.46440738439559937,0.1114366427063942,1.0105676651000977,-0.5166960954666138,0.23707254230976105,0.0070140124298632145,-0.1309882253408432,0.5190121531486511,-1.910028100013733,0.6432624459266664,-0.6554594039916992,0.628834068775177,0.0014280499890446663,-0.09862099587917328,0.17183266580104828,-0.8421511650085449,0.3182321488857269,0.47861278057098394,-0.6005203723907471,-0.38083091378211975,0.1952020525932312,-0.1911126524209976
-0.0904819443821907,-0.10362157225608824,0.7066749930381775,0.9840231537818909,0.03470629081130028,0.032844770699739456,-0.17150855064392087,-0.8345460295677185,0.4335551857948303,-0.10174920409917831,1.034563660621643,0.19321951270103452,-0.17647522687911987,-0.22555720806121823,-0.4573818445205688,0.08392633497714995,1.0651252269744873,-0.4367021322250366,0.24396346509456637,0.01521451398730278,-0.0976087376475334,0.5108382701873779,-1.7988040447235107,0.6098811626434326,-0.6523616313934326,0.3765493333339691,0.21875447034835813,-0.11407995969057085,0.15057051181793213,-0.886096954345703,0.28614804148674006,0.52475506067276,-0.5442697405815125,-0.4295821189880371,0.1566334068775177,-0.19534599781036377
-0.10819761455059052,-0.11783872544765472,0.7117725610733032,0.9899187088012696,0.04846704751253128,0.03633388876914977,-0.12803053855895996,-0.939585506916046,0.3795833289623261,-0.07364165782928465,1.0928047895431519,0.18742592632770536,-0.16892385482788083,-0.1907672733068466,-0.5570748448371887,-0.0037498860619962215,1.1059292554855347,-0.4336562752723694,0.22428402304649356,0.02347075007855892,-0.07617755979299545,0.5107492208480834,-1.5354031324386597,0.574284017086029,-0.5416333079338074,0.03618362173438072,0.3949325680732727,-0.0852791890501976,0.0986691042780876,-1.091402530670166,0.15147477388381958,0.4105624854564666,-0.40091347694396967,-0.4287329018115997,0.13324643671512604,-0.22094950079917908
-0.12506499886512756,-0.13675205409526825,0.7071671485900879,0.9955648183822634,0.0523991622030735,0.03665338084101677,-0.06900405883789064,-0.9868763089179992,0.3375362753868103,0.027933482080698013,1.0888396501541135,0.16188922524452207,-0.2088914513587952,-0.0861646831035614,-0.5885885953903198,-0.039701949805021286,1.1182153224945068,-0.4235201478004456,0.17517517507076263,0.002004832262173295,-0.05936999991536141,0.5182965993881226,-1.1378802061080933,0.5500937104225159,-0.41994568705558777,-0.27550968527793884,0.5195408463478088,-0.0404144898056984,0.05791255831718445,-1.3669406175613403,-0.12990783154964447,0.3276493847370148,-0.18639336526393888,-0.4224686920642853,0.14092585444450378,-0.17781123518943787
-0.1374356895685196,-0.1565677970647812,0.6917798519134521,0.9984721541404723,0.03950290009379386,0.036257918924093246,-0.013348578475415707,-1.0248489379882812,0.31254956126213074,0.09849315136671066,1.0752980709075928,0.19476085901260373,-0.2380523830652237,0.06180347129702568,-0.4743315279483795,-0.009614482522010803,0.9970569610595704,-0.3777744472026825,0.20082907378673556,-0.027623090893030167,-0.03028073161840439,0.5171599984169006,-0.6966742873191833,0.5156732201576233,-0.22531671822071075,-0.41940677165985113,0.5770816206932068,0.014329238794744015,0.048132240772247314,-1.7045801877975464,-0.48007944226264954,0.45095914602279663,0.12247870117425919,-0.45058989524841303,0.17833346128463745,-0.0441935732960701
-0.1446462124586105,-0.17586761713027954,0.6634384393692017,0.9983595609664917,0.03126534819602966,0.04154970124363899,0.023963371291756626,-1.0435471534729004,0.30526047945022583,0.17218811810016632,1.0660916566848755,0.20210883021354675,-0.2335771471261978,0.2139401137828827,-0.36614748835563654,0.012221906334161758,0.7632200121879578,-0.4982702434062958,0.25327411293983454,-0.0021304842084646225,0.012860964052379131,0.5125592947006226,-0.3678784966468811,0.42441892623901367,-0.01558440551161766,-0.48407590389251703,0.5631316304206848,0.025883132591843605,0.10455979406833649,-2.149755477905273,-0.8384248614311217,0.9173350930213928,0.5553579330444336,-0.4377983808517456,0.18718746304512024,0.1348286271095276
-0.1487882137298584,-0.18731486797332764,0.6428689956665039,0.9990224242210387,0.019970323890447617,0.030998531728982925,0.02438195422291756,-1.0220863819122314,0.2761717140674591,0.10106435418128969,1.0652525424957275,0.08099189400672913,-0.23243325948715207,0.28531503677368164,-0.31893590092659,0.011958810500800608,0.6564978957176208,-0.6412756443023682,0.260322630405426,0.08849253505468369,0.0837266743183136,0.5094792246818542,-0.1709609031677246,0.34362706542015076,0.1186043545603752,-0.7466682791709901,0.48370498418807983,-0.01129848137497902,0.17773322761058807,-2.3286416530609126,-0.957050621509552,1.1561579704284668,0.6588954925537108,-0.43618613481521606,0.19194191694259644,0.16504184901714325
-0.14936882257461548,-0.1962967813014984,0.6382074952125549,0.9992217421531677,0.010664906352758408,0.027995608747005463,0.025657717138528824,-0.9823917150497437,0.26571384072303766,0.04302756115794182,1.0024232864379883,0.01684063859283924,-0.2393747121095657,0.2912482023239136,-0.29114729166030884,-0.02865087240934372,0.656297504901886,-0.6970846652984619,0.2547497749328613,0.1401374787092209,0.12579955160617828,0.5112568140029907,-0.11591339856386185,0.2709629535675049,0.15323366224765775,-0.9638733267784119,0.452902615070343,-0.028183212503790852,0.2705746591091156,-2.266671895980835,-1.0255231857299805,1.1418672800064087,0.5819095373153688,-0.4663976430892944,0.20218515396118164,0.1379825621843338
-0.150712788105011,-0.20778030157089236,0.6521803736686707,0.998385012149811,0.013695787638425829,0.03367108479142189,0.04365907236933708,-0.9713673591613768,0.22477178275585172,0.008017295971512793,0.9222784042358398,0.11297392845153809,-0.22297805547714236,0.2729010283946991,-0.2807590067386627,-0.07385792583227156,0.7034580111503601,-0.6605757474899292,0.2497248351573944,0.15393519401550293,0.10014322400093079,0.5103421211242676,-0.24577416479587555,0.21745528280735013,0.04555097594857216,-1.0215599536895752,0.4788537621498108,-0.03553645312786102,0.29146429896354675,-1.9525467157363887,-1.0507946014404297,0.8686217069625854,0.3890660703182221,-0.5278477668762207,0.19883564114570615,0.06578671932220459
-0.15368391573429108,-0.21867431700229645,0.674543559551239,0.9976453185081482,0.011714258231222628,0.0398595854640007,0.05456873029470444,-0.96398788690567,0.19575904309749603,-0.042441602796316154,0.8446266055107117,0.25669726729393005,-0.22120921313762665,0.2153755575418472,-0.255636602640152,-0.07244333624839783,0.7984841465950013,-0.5415711402893065,0.2460249960422516,0.16781815886497495,0.07393988221883772,0.5122142434120177,-0.4846160113811493,0.18043631315231323,-0.1062050238251686,-0.9062930345535278,0.5099745988845825,-0.026357151567935944,0.25828307867050165,-1.5917363166809082,-0.930504322052002,0.5048038959503174,0.16897167265415192,-0.593359649181366,0.1583064496517181,-0.012125742621719835
-0.15839964151382446,-0.2275148332118988,0.6924084424972534,0.9983734488487245,0.0019209978636354208,0.03953105211257935,0.04103722423315048,-0.9519432187080384,0.19365572929382324,-0.11389273405075072,0.8108994364738464,0.32557654380798334,-0.2555537521839142,0.1639365255832672,-0.2290663719177246,-0.04390934482216835,0.8763600587844848,-0.43046021461486816,0.24274100363254547,0.2080871015787125,0.07675077021121977,0.5192556381225586,-0.7197115421295166,0.15983204543590543,-0.184422105550766,-0.7153937816619873,0.48500597476959223,-0.02379675768315792,0.22298291325569153,-1.3341830968856812,-0.7184075117111206,0.2735330462455749,-0.05411672219634056,-0.5941209197044373,0.1112581267952919,-0.11008424311876296
-0.1641750335693359,-0.23471523821353912,0.7010107040405273,0.9988928437232972,0.00581899145618081,0.04076804220676422,0.0227420087903738,-0.926953077316284,0.18076403439044952,-0.1278972178697586,0.7906135916709901,0.30351534485816956,-0.2723250687122345,0.13637362420558927,-0.26747599244117737,-0.026988402009010315,0.8878751397132874,-0.4606807231903076,0.2349088937044144,0.2434043437242508,0.05915824323892593,0.5255635380744934,-0.8879359364509583,0.16640937328338623,-0.21194711327552795,-0.5851588249206543,0.428424596786499,-0.030901459977030758,0.22427760064601895,-1.209702491760254,-0.48587596416473383,0.1790245771408081,-0.24251325428485873,-0.5557301640510559,0.0632123053073883,-0.22139176726341248
-0.16767610609531403,-0.24024486541748047,0.6983752846717833,0.9991703629493712,0.001254441449418664,0.04067738726735115,0.0015352050540968776,-0.9383119940757751,0.251458078622818,-0.07462363690137862,0.8774547576904298,0.2279361188411713,-0.24270167946815488,0.1794777512550354,-0.27049201726913447,-0.00833655521273613,0.7024920582771301,-0.4650046825408936,0.2478359490633011,0.2609733641147613,0.0569274052977562,0.5238524675369263,-0.9864521026611328,0.1897180825471878,-0.2116079181432724,-0.5346512794494629,0.3970139622688293,-0.053311962634325034,0.23610511422157288,-1.1703815460205078,-0.3301532566547394,0.15823587775230408,-0.3531442582607269,-0.5152614116668701,0.048738230019807816,-0.2952754497528076
-0.16911748051643372,-0.2422727048397064,0.6861321330070496,0.9992627501487733,0.008988439105451107,0.031867142766714096,-0.01943102292716503,-0.9101772904396056,0.278435081243515,-0.039652273058891296,0.9283007979393004,0.13581769168376923,-0.2297209054231644,0.21955138444900513,-0.3238040804862976,-0.026917459443211555,0.6112549304962158,-0.5444136857986449,0.25428542494773865,0.25615453720092773,0.033465489745140076,0.5184671878814697,-1.0306369066238403,0.22095462679862976,-0.17681075632572174,-0.489768773317337,0.3723273575305938,-0.08431936800479889,0.2810416519641876,-1.1868935823440552,-0.21645027399063113,0.15694986283779144,-0.4052395224571228,-0.46446269750595087,0.05529368668794632,-0.3652993142604828
-0.16798695921897888,-0.24147659540176392,0.673185169696808,0.9989030361175536,0.0025859689339995384,0.014526438899338244,-0.04444144666194916,-0.8671178221702575,0.3295592665672302,-0.045871958136558526,0.9654510617256163,0.02228175662457943,-0.2517071068286896,0.2272587865591049,-0.33603495359420776,-0.017797119915485382,0.6464008688926697,-0.6362768411636353,0.25138700008392334,0.2405327260494232,0.04369854927062988,0.5159310698509216,-1.0213763713836668,0.23472917079925537,-0.12048084288835524,-0.43929776549339294,0.3242223858833313,-0.1091475635766983,0.3963083624839783,-1.2233881950378416,-0.11418691277503969,0.20789179205894473,-0.40106040239334106,-0.4406612813472748,0.07667490839958192,-0.3977068960666656
-0.16792058944702148,-0.2391849309206009,0.6715992093086243,0.9978109002113342,-0.012793542817234991,0.01628115214407444,-0.06280674785375595,-0.8952611684799193,0.3827684819698334,-0.06322985142469406,1.011170983314514,0.009291262365877628,-0.24905189871788025,0.18001814186573029,-0.3145751655101776,0.0004601261462084949,0.7118775844573976,-0.6341862678527832,0.2516571283340454,0.2109752744436264,0.0628981739282608,0.5099258422851562,-1.0201302766799927,0.22002607583999637,-0.06991568207740784,-0.3972606062889099,0.2670862078666687,-0.15549880266189575,0.5091323852539064,-1.2404836416244507,-0.046755798161029816,0.24750167131423953,-0.3978792130947113,-0.43383923172950734,0.1131029799580574,-0.4135544002056122
-0.17049354314804077,-0.23815590143203733,0.6774405241012573,0.9970621466636655,-0.01772208884358406,0.013200912624597548,-0.07334045320749283,-0.9267592430114746,0.4071798622608185,-0.06984379887580872,1.056064486503601,0.0671294555068016,-0.23418582975864408,0.13471171259880063,-0.3162902593612671,0.014362869784235954,0.7993558645248413,-0.57672518491745,0.2520070672035217,0.17549170553684235,0.07655724138021469,0.5125724077224731,-1.094364047050476,0.20233330130577087,-0.06996582448482513,-0.31357428431510925,0.22061960399150848,-0.19910599291324613,0.5635759234428406,-1.2273435592651367,0.010167631320655344,0.2217491120100021,-0.4024791419506073,-0.40584850311279297,0.13189999759197235,-0.4162710607051849
-0.17435941100120544,-0.23642137646675107,0.6853045225143433,0.9961134195327759,-0.012135567143559456,0.015258596278727055,-0.08589547127485275,-0.9652710556983949,0.40713208913803106,-0.08442925661802292,1.0963900089263916,0.1310943216085434,-0.21946437656879425,0.08139412105083466,-0.35286030173301697,0.01938939467072487,0.8671504259109497,-0.5163074135780334,0.2556949853897095,0.13831740617752075,0.06560659408569336,0.5090847015380859,-1.3581711053848267,0.2551642954349518,-0.10579624027013779,-0.07889222353696822,0.19286569952964783,-0.19254280626773837,0.5468398928642273,-1.200240969657898,0.08766765147447586,0.18687292933464048,-0.41151362657547,-0.3414335250854492,0.12207460403442381,-0.3856600522994995
-0.17674946784973145,-0.23264943063259125,0.6890326142311096,0.993853211402893,-0.0049068224616348735,0.01870196871459484,-0.10900410264730452,-0.9972153306007384,0.39453247189521784,-0.14317737519741058,1.1422759294509888,0.09704242646694183,-0.20207542181015012,0.01908078044652939,-0.4049004018306732,0.029527431353926655,0.9210805296897888,-0.4973733425140381,0.2606263756752014,0.09824515134096144,0.03159324824810028,0.5128106474876404,-1.7587779760360716,0.3848526179790497,-0.2410443425178528,0.30440157651901245,0.12388455122709274,-0.1629180014133453,0.46738025546073914,-1.1637855768203735,0.17562060058116913,0.17385736107826233,-0.4150353074073792,-0.26744008064270014,0.12909317016601562,-0.33225366473197937
-0.1765657663345337,-0.22731015086174008,0.6857956647872925,0.9886978268623352,0.0007944224053062497,0.02051701955497265,-0.14850923418998718,-0.9753429293632508,0.3581306040287018,-0.25561943650245667,1.1226476430892944,0.0502193458378315,-0.19014631211757657,-0.05796331912279129,-0.43778225779533386,0.06838535517454147,0.9490252137184144,-0.5172494053840637,0.2599753141403198,0.05577268823981285,-0.011317421682178974,0.5226280093193054,-2.1103053092956543,0.552543580532074,-0.5349192023277283,0.7339925169944763,0.010021056048572063,-0.1722697913646698,0.31382620334625244,-1.076671481132507,0.249343603849411,0.20441049337387085,-0.4381618797779083,-0.1750858575105667,0.12904319167137146,-0.29946959018707275
-0.17343354225158691,-0.2232549637556076,0.673903226852417,0.9810859560966493,-0.0008961096173152326,0.009911893866956234,-0.193316712975502,-0.8412237763404846,0.3521963655948639,-0.33460491895675654,0.9969202280044557,0.006685931701213121,-0.24282294511795044,-0.08585553616285325,-0.4589989185333252,0.09974619001150131,0.9415112733840942,-0.5612054467201233,0.253977507352829,0.014658767729997633,-0.04461466521024704,0.527760922908783,-2.316245079040528,0.6827782988548279,-0.8855518698692322,1.132824420928955,-0.12840664386749268,-0.20247125625610352,0.1568625271320343,-1.0144885778427124,0.32562491297721863,0.23581154644489288,-0.44387313723564154,-0.10228857398033142,0.11732388287782668,-0.3359423577785492
-0.16801124811172485,-0.21981117129325864,0.6568396091461182,0.9741019606590272,-0.0051216166466474524,-0.0038485266268253326,-0.22601856291294095,-0.7233477830886842,0.4097534120082855,-0.30334946513175964,0.9389302134513856,-0.1561295986175537,-0.24903585016727448,-0.07407686114311218,-0.46214187145233154,0.14619842171669006,0.9171030521392822,-0.6120019555091858,0.2539972960948944,-0.022755876183509823,-0.0722845047712326,0.5190266966819763,-2.381464719772339,0.7473928928375245,-1.1037683486938477,1.3977620601654053,-0.2530790865421295,-0.17916852235794067,0.022338109090924263,-1.0270651578903198,0.3987455368041992,0.2536373436450958,-0.38971111178398127,-0.09070289134979248,0.08375464379787445,-0.4360341429710388
-0.1676577925682068,-0.2200036644935608,0.6472573280334473,0.9711269736289978,-0.001620932249352336,-0.020890159532427788,-0.23764126002788544,-0.6754966974258423,0.43600776791572565,-0.26226067543029785,0.9454512000083923,-0.194626659154892,-0.24221916496753687,-0.07693461328744888,-0.4710872173309326,0.18945194780826569,0.9697836041450499,-0.6551729440689087,0.24441632628440857,-0.04170836880803108,-0.09857653826475143,0.5214351415634155,-2.3043379783630367,0.7336283326148986,-1.1114511489868164,1.4311364889144895,-0.27078363299369806,-0.1617610603570938,-0.0017839911160990596,-1.0594329833984375,0.4474470317363739,0.3049248158931732,-0.328183650970459,-0.18597370386123657,0.05225466191768646,-0.5337611436843872
-0.17330777645111084,-0.22508087754249567,0.6548624038696289,0.9724262952804563,-0.003962733317166567,-0.02324979566037655,-0.23201477527618408,-0.6862676739692688,0.43935874104499817,-0.2759421765804291,0.9349107146263121,-0.10009554028511047,-0.2439668774604797,-0.07153566181659697,-0.45304501056671137,0.1805962771177292,0.9771402478218079,-0.6247817277908325,0.24159353971481323,-0.033728547394275665,-0.08221340924501419,0.5262308120727539,-2.2115123271942134,0.7031916975975037,-1.0245275497436523,1.227346658706665,-0.17635312676429749,-0.1735108494758606,0.046322353184223175,-1.01265811920166,0.4419256746768952,0.4004042744636536,-0.34680536389350886,-0.2901498079299927,0.03696534782648087,-0.5669821500778198
-0.1839737445116043,-0.23377892374992368,0.673218846321106,0.978969395160675,0.003622308373451233,-0.024585332721471783,-0.20248812437057492,-0.7392845749855042,0.3989580571651458,-0.28375425934791565,0.9351232647895813,0.0840761289000511,-0.22751891613006592,-0.05143160745501518,-0.4650785326957703,0.11909575015306471,0.9653702378273009,-0.5546559691429137,0.25367945432662964,-0.029777703806757927,-0.07696110755205153,0.5213302373886108,-2.078437566757202,0.6803137063980104,-0.9094436168670654,0.902863085269928,-0.0400870144367218,-0.17525924742221832,0.08128549903631209,-0.9856752157211304,0.4061874151229858,0.49558943510055536,-0.3674857020378113,-0.4038637578487396,0.06475138664245605,-0.4912359118461609
-0.19667838513851163,-0.24272321164608,0.6904987096786499,0.9865695834159853,0.004303935915231705,-0.019212597981095317,-0.1621505618095398,-0.8676299452781677,0.3975367546081543,-0.22955957055091855,1.0252044200897217,0.22800397872924805,-0.18469269573688507,-0.05378248915076256,-0.48052236437797546,0.03132547810673714,1.0046861171722412,-0.457312285900116,0.2578604519367218,-0.026832563802599903,-0.03790926933288574,0.5152405500411987,-1.8921691179275513,0.6777192354202272,-0.812009334564209,0.5737466812133789,0.10377195477485655,-0.1509745717048645,0.06719458103179932,-1.024870753288269,0.32949215173721313,0.5348049998283385,-0.3083736300468445,-0.46214547753334045,0.07614969462156294,-0.4022945463657379
-0.20922784507274628,-0.2519260048866272,0.7016225457191467,0.9922873973846436,0.014734813943505287,-0.01521327719092369,-0.12213607877492905,-0.9544380307197571,0.4241177439689636,-0.05871666967868805,1.1517139673233032,0.20882828533649445,-0.18720223009586331,-0.0367596112191677,-0.5057049989700316,0.01576407626271248,1.0427407026290891,-0.41275152564048767,0.25350484251976013,-0.01186204608529806,-0.006445301230996847,0.511297345161438,-1.6140404939651487,0.6774264574050903,-0.6741565465927124,0.25210556387901306,0.269824892282486,-0.1075584664940834,0.03216741979122162,-1.1553422212600708,0.1832237541675568,0.4644962549209594,-0.1690719574689865,-0.41943827271461487,0.10758054256439208,-0.3077060580253601
-0.22091734409332275,-0.2629958093166352,0.7048490047454834,0.9965555667877197,0.03576871007680893,-0.012553410604596138,-0.07375629246234892,-0.9886261224746704,0.2956961989402771,0.04938342049717903,1.1796942949295044,0.2116612195968628,-0.25933873653411865,0.016936633735895157,-0.5143359899520874,0.04331720992922783,1.0482714176177979,-0.38797783851623535,0.2567386031150818,-0.009010433219373226,0.002617484889924526,0.5019689202308655,-1.271407127380371,0.6846103668212891,-0.49205246567726135,-0.07569558173418045,0.4647671282291412,-0.05685970932245255,0.003114017890766263,-1.3417514562606812,-0.07331001758575438,0.3936642110347748,0.02674827165901661,-0.32013267278671265,0.17128096520900726,-0.1509224623441696
-0.23062996566295624,-0.27295130491256714,0.6972336173057556,0.9985156059265136,0.046399250626564026,-0.01273292861878872,-0.02552583999931812,-0.9938477277755736,0.16611164808273315,0.10470220446586607,1.0864951610565183,0.2415045201778412,-0.276636004447937,0.0962713286280632,-0.5145464539527893,0.03339908644556999,1.0559580326080322,-0.4077508747577667,0.2299628108739853,-0.010607142001390455,0.02449311874806881,0.5098541378974915,-0.8785563707351683,0.6724154353141785,-0.2623768150806427,-0.41184559464454645,0.6040976643562317,-0.027641346678137776,0.0044146799482405194,-1.5656187534332275,-0.38935428857803345,0.4406963288784027,0.31282949447631836,-0.2784460783004761,0.2190779149532318,0.0327199250459671
-0.23625393211841583,-0.2832058370113373,0.6794936656951904,0.9990535974502563,0.041348278522491455,-0.012619231827557085,0.004789376631379128,-0.9620457887649536,0.15153943002223969,0.1516564041376114,0.9139036536216736,0.3119029998779297,-0.2222542464733124,0.19383950531482697,-0.4537052512168884,0.04239331558346748,0.970089077949524,-0.459307998418808,0.23819822072982788,0.014280451461672781,0.07498892396688461,0.5194758176803589,-0.4906473457813263,0.5985197424888611,-0.024353500455617905,-0.6989924311637878,0.6024940013885498,-0.03586646541953087,0.07871033996343613,-1.8367106914520264,-0.67214035987854,0.6814405918121338,0.698439359664917,-0.3031396269798279,0.2203377336263657,0.23123691976070404
-0.2361876666545868,-0.29221180081367487,0.6510654091835022,0.9995365738868712,0.01823384314775467,-0.017396539449691772,0.017072495073080063,-0.8722062706947327,0.19441935420036316,0.16071532666683197,0.6880402565002441,0.33500921726226807,-0.1733616590499878,0.3262007534503937,-0.3754036426544189,0.00735338544473052,0.780775487422943,-0.5921832919120789,0.2526153028011322,0.07103466987609863,0.16097040474414823,0.5258018970489502,-0.19278737902641296,0.4919493794441223,0.14549781382083893,-0.891961932182312,0.48913353681564326,-0.09273843467235565,0.20392359793186188,-2.090841770172119,-0.8549299836158752,1.003976821899414,0.9868870377540588,-0.33668389916419983,0.19915522634983063,0.3115867078304291
-0.23667143285274503,-0.29638975858688354,0.632880926132202,0.9994437098503112,0.0010446648811921475,-0.02421590685844421,0.022907162085175518,-0.8305752873420715,0.2189165949821472,0.14851391315460205,0.60401451587677,0.2903254628181457,-0.14531955122947693,0.41583979129791254,-0.32850444316864014,-0.04169730469584465,0.6401320695877075,-0.6795464754104614,0.26013910770416254,0.12482738494873045,0.22211000323295596,0.5236915349960327,-0.08062795549631119,0.39687037467956543,0.20080502331256864,-1.019925832748413,0.3828552067279816,-0.13586412370204923,0.3153187036514282,-2.1942098140716553,-0.9399676322937012,1.1421600580215454,0.9862350225448608,-0.3781783580780029,0.20975546538829803,0.29689356684684753
-0.24093416333198547,-0.29875534772872925,0.6347518563270569,0.9985482692718506,-0.014226834289729595,-0.03183083236217499,0.04105769470334053,-0.8847745060920715,0.21729300916194916,0.119123138487339,0.6462209224700928,0.3629627227783203,-0.11618904769420624,0.4676227271556854,-0.28221118450164795,-0.09832984954118729,0.5748993158340454,-0.6663623452186584,0.25425261259078974,0.1331443339586258,0.2606270909309387,0.5221837162971497,-0.17146556079387665,0.30985501408576965,0.06808777898550034,-1.0455760955810547,0.3846762478351593,-0.14229246973991394,0.41018113493919367,-2.002869129180908,-1.0121850967407227,1.0244410037994385,0.7448476552963258,-0.4886709153652191,0.22875578701496124,0.24486804008483887
-0.2443455159664154,-0.29978862404823303,0.6529278755187988,0.9970903992652893,-0.009607321582734585,-0.033060524612665176,0.06800992786884308,-0.8292518258094788,0.1571409702301025,0.09804383665323256,0.5096433758735657,0.5001083016395569,-0.21388480067253113,0.5047997832298279,-0.2600950598716736,-0.12209098786115646,0.531120777130127,-0.5795009732246399,0.25998604297637934,0.11314933001995087,0.2501174509525299,0.5184279680252075,-0.38513612747192383,0.23327784240245816,-0.16733959317207336,-0.9449284076690672,0.48658308386802673,-0.13298340141773224,0.49365398287773127,-1.6531803607940672,-1.035813331604004,0.7205873727798462,0.3808762431144714,-0.6312763690948486,0.21284660696983335,0.1712477207183838
-0.24859850108623505,-0.294363409280777,0.6757723093032837,0.996903359889984,0.002389240311458707,-0.029358156025409695,0.0729120224714279,-0.8031135201454161,0.08211516588926315,0.0302133783698082,0.4754800200462341,0.5445407032966614,-0.26899629831314087,0.4587450921535492,-0.2910159230232239,-0.06912913173437119,0.593227744102478,-0.44461342692375183,0.25784891843795776,0.1122610569000244,0.24494726955890653,0.5150274038314819,-0.6026968359947205,0.1836198717355728,-0.319175124168396,-0.7719777822494506,0.5570436716079712,-0.11990368366241456,0.5430324673652649,-1.2976716756820679,-0.8837373852729796,0.39447084069252014,-0.018096772953867912,-0.696111798286438,0.165682315826416,0.06486159563064575
-0.2530294060707092,-0.28595414757728577,0.6981541514396667,0.9985631704330444,0.005215034354478121,-0.02350986748933792,0.04787266254425049,-0.790432333946228,0.10393168032169342,-0.005014630034565926,0.6121813654899597,0.4414424896240234,-0.2811412513256073,0.37670448422431946,-0.3103267252445221,0.04898622632026672,0.6552876234054564,-0.3129727244377136,0.2629870176315308,0.15834446251392365,0.2648341357707977,0.5145798325538635,-0.7761058807373047,0.18473275005817413,-0.3780564963817597,-0.6453826427459717,0.5493127703666687,-0.08999224007129669,0.524601936340332,-1.0879172086715698,-0.6161284446716309,0.23718234896659848,-0.3703295588493347,-0.6514555215835571,0.10415302962064744,-0.10376062989234924
-0.25752687454223633,-0.2764206826686859,0.7131234407424927,0.9996344447135923,-0.017077267169952393,-0.020947659388184547,0.0007709461497142912,-0.8347157835960387,0.28191915154457087,-0.01735510677099228,0.9211943149566649,0.24219940602779388,-0.2504410445690155,0.29580217599868774,-0.2685389816761017,0.17292159795761108,0.7227652668952941,-0.18679684400558472,0.2557719945907593,0.22901430726051328,0.3297370970249176,0.5128562450408936,-0.9039361476898192,0.22980765998363492,-0.3776295781135559,-0.5616180896759033,0.4725862443447113,-0.06757944077253342,0.47907435894012446,-1.015166997909546,-0.32074639201164246,0.28439322113990784,-0.5312619805336,-0.6150510311126709,0.051986340433359146,-0.20899522304534912
-0.25821244716644287,-0.2658703923225403,0.7152184844017029,0.9994204640388488,-0.009792146272957327,-0.015987001359462738,-0.028412487357854843,-0.8314852118492126,0.3801620900630951,-0.030566655099391937,1.0904688835144043,0.13325698673725128,-0.1828538477420807,0.2135733515024185,-0.3186559081077576,0.21503582596778867,0.8377159237861633,-0.16363072395324707,0.23509146273136136,0.2511334717273712,0.31018996238708496,0.517306387424469,-1.0117284059524536,0.29098549485206604,-0.351064532995224,-0.5054880976676941,0.3966162502765656,-0.07232464104890822,0.4427704215049744,-0.98809152841568,-0.06456036120653152,0.3514871299266815,-0.5076302289962769,-0.6012594699859619,0.010284324176609516,-0.2873287796974182
-0.25335487723350525,-0.2542649805545807,0.7065554857254028,0.9990531802177427,0.00489514134824276,-0.012614890001714228,-0.041347522288560874,-0.7679535150527954,0.35419803857803345,-0.0824369564652443,1.0781328678131104,0.05785226076841354,-0.22189196944236755,0.18840566277503967,-0.3928917646408081,0.21513070166110992,0.8886903524398804,-0.20364347100257876,0.20542071759700772,0.23107014596462247,0.24265907704830167,0.5133671164512633,-1.1005791425704956,0.33761343359947205,-0.30864644050598145,-0.4751171171665192,0.36132371425628657,-0.09620761871337889,0.4086080491542816,-0.9649395346641539,0.11648454517126083,0.38184139132499695,-0.4692791700363159,-0.5684351325035095,-0.005441167391836643,-0.36608141660690313
-0.24662695825099945,-0.243937149643898,0.6928753256797792,0.9986070394515992,0.008707575500011442,-0.008681886829435825,-0.0513109266757965,-0.6692198514938353,0.35067102313041687,-0.06004457920789719,0.9812390208244324,-0.14366230368614197,-0.27547851204872126,0.20750238001346588,-0.4234236776828766,0.20972423255443573,0.863041579723358,-0.24471247196197507,0.19467906653881076,0.1958518475294113,0.17998908460140228,0.48551759123802185,-1.16460120677948,0.3532427251338959,-0.2584281265735626,-0.439172089099884,0.3330136835575104,-0.11364331841468812,0.3738000392913818,-0.9333245754241944,0.21243292093276975,0.4082977473735809,-0.4904519319534302,-0.5052229166030884,-0.011975497007369997,-0.4241833388805389
-0.24324433505535123,-0.23899367451667783,0.6810057759284973,0.9990473985671997,0.023399313911795616,-0.0045982166193425655,-0.03654663637280464,-0.6805298328399657,0.3041066527366638,-0.04444189742207527,0.9905588030815123,-0.21115858852863312,-0.26409298181533813,0.23762233555316925,-0.48409634828567505,0.14393997192382812,0.8590250015258789,-0.33448120951652527,0.19272081553936005,0.1391635239124298,0.09141434729099272,0.45807233452796936,-1.2483357191085815,0.3429187834262848,-0.24380032718181607,-0.3686234056949616,0.33457762002944946,-0.11696749925613403,0.36239105463027954,-0.9115864634513856,0.24519449472427368,0.4595484137535095,-0.5474851727485657,-0.4858505427837372,-0.022830445319414135,-0.4559211730957031
-0.2413415014743805,-0.23677028715610504,0.6768763065338135,0.9994469285011293,0.03054073452949524,-0.003859688062220812,-0.012574397958815096,-0.7059651017189026,0.2543715536594391,-0.061096739023923874,1.0083650350570679,-0.20535503327846527,-0.2640122473239898,0.299345999956131,-0.510656476020813,0.06073213368654251,0.8237563967704773,-0.39065158367156977,0.1730007380247116,0.0806262269616127,0.01990971341729164,0.44638264179229736,-1.3062001466751099,0.3005734980106354,-0.2577765882015228,-0.28221356868743896,0.3607422113418579,-0.12302929162979125,0.36171022057533264,-0.8870251774787904,0.2431116998195648,0.5299894213676453,-0.5957650542259216,-0.4385310709476471,-0.03775680437684059,-0.4483557343482971
-0.24198932945728305,-0.23768866062164304,0.6812050342559814,0.9996415972709656,0.026370683684945103,0.0003771437332034111,-0.004598154686391354,-0.7241703867912291,0.2528184950351715,-0.07554561644792557,1.0030951499938965,-0.1649949997663498,-0.2662128508090973,0.33464232087135315,-0.4785949885845184,0.043249234557151794,0.7622488737106323,-0.3964042663574218,0.16790135204792023,0.054295480251312256,-0.013859192840754984,0.42680168151855463,-1.3464184999465942,0.24938233196735385,-0.2924809157848358,-0.18695093691349027,0.3830171227455139,-0.13356813788414,0.34749612212181086,-0.8652557134628295,0.2214633524417877,0.5864407420158385,-0.6002260446548462,-0.38766694068908686,-0.048254840075969696,-0.41452109813690186
-0.24369618296623227,-0.24041789770126343,0.6871780157089232,0.9996240139007568,0.02359672822058201,0.007622545585036277,-0.011699692346155643,-0.7264458537101746,0.26861947774887085,-0.07272616773843765,0.9801773428916931,-0.127111479640007,-0.2709149122238159,0.34751707315444946,-0.44747361540794367,0.0637807846069336,0.68038409948349,-0.3777360618114472,0.18232037127017972,0.06083574146032333,-0.03615003079175949,0.3961024582386017,-1.3647584915161133,0.2149183601140976,-0.33489832282066345,-0.11127473413944244,0.3968324065208435,-0.13788026571273804,0.3152550458908081,-0.8637816309928894,0.2055562287569046,0.6016429662704468,-0.5337149500846863,-0.3447091579437256,-0.04054620489478111,-0.38681298494338984
-0.24540318548679352,-0.24239166080951688,0.6923955678939819,0.9992681741714476,0.02130424603819847,0.014911574311554432,-0.028051612898707386,-0.7247146964073181,0.297799289226532,-0.06277472525835037,0.9574764370918274,-0.09430207312107086,-0.2724226415157318,0.3432287871837616,-0.446857213973999,0.06356068700551987,0.6112988591194153,-0.3691915273666382,0.19711035490036008,0.08213736861944199,-0.048030983656644814,0.3680192828178406,-1.3285865783691406,0.2148572951555252,-0.3543158173561096,-0.1112147867679596,0.40330591797828674,-0.14661762118339539,0.28244504332542414,-0.904413640499115,0.19523163139820096,0.5505949258804321,-0.4274417161941528,-0.2617757320404053,-0.013192261569201946,-0.3805110454559326
-0.2469264417886734,-0.24337252974510193,0.6967846751213074,0.9985561966896056,0.01921912096440792,0.016604017466306686,-0.04733315110206604,-0.7121257781982422,0.3302229940891266,-0.053130682557821274,0.9417238235473632,-0.06531905382871628,-0.2725121080875397,0.3223431706428528,-0.46448609232902527,0.04649490863084793,0.5897065401077272,-0.3819971978664398,0.1871908903121948,0.10711270570755003,-0.04761376976966858,0.35272544622421265,-1.2240127325057983,0.249961331486702,-0.3272969126701355,-0.20062898099422452,0.3936893343925476,-0.15645471215248108,0.2555724084377289,-0.9591679573059082,0.16424715518951416,0.4587442874908447,-0.36107781529426575,-0.16491496562957764,0.011125359684228895,-0.40823453664779663
-0.24817389249801636,-0.24654844403266904,0.6978287100791931,0.9979320764541626,0.016442224383354187,0.015455711632966995,-0.0601854883134365,-0.7106226086616516,0.34603288769721985,-0.07397046685218811,0.9336401224136353,-0.04117831215262413,-0.27347889542579645,0.3038109540939331,-0.4631971120834351,0.035839129239320755,0.5908049941062927,-0.38890972733497614,0.17637476325035095,0.12105324119329453,-0.03887500986456871,0.34915387630462646,-1.075852394104004,0.3069572150707245,-0.24973133206367487,-0.3389231562614441,0.37760886549949646,-0.1643933653831482,0.24249672889709473,-0.9805954098701475,0.10665952414274216,0.3797918856143952,-0.3626386821269989,-0.13355876505374908,0.022885544225573536,-0.4794536828994751
-0.2514577507972717,-0.2508288621902466,0.6945457458496094,0.9980562329292296,0.019066566601395607,0.011995432898402214,-0.058105841279029846,-0.7205238938331604,0.30246224999427795,-0.15277746319770813,0.9008012413978576,-0.024238416925072667,-0.2724851965904236,0.29779013991355896,-0.45898377895355214,0.03291010111570358,0.6203083992004395,-0.43662369251251215,0.17907674610614777,0.1186562329530716,-0.032648466527462006,0.35809099674224854,-0.938688278198242,0.3641900420188904,-0.15189971029758453,-0.4693727195262909,0.37143892049789434,-0.1787654012441635,0.23530913889408112,-0.9942653179168701,0.04080183804035186,0.3383997678756714,-0.3819252848625183,-0.1838730424642563,0.031492333859205246,-0.5354161858558655
-0.25447851419448847,-0.2561338245868683,0.6876053214073181,0.9985373616218567,0.016511473804712296,0.004353791009634733,-0.05129843205213546,-0.7073859572410583,0.28667280077934265,-0.19807644188404083,0.837904393672943,-0.032714441418647766,-0.2697223126888275,0.3056439459323883,-0.4425395429134369,0.03275499865412712,0.6428110003471376,-0.47081503272056574,0.19525101780891416,0.1201079711318016,-0.0015120200114324689,0.3729940056800842,-0.8305729031562805,0.41542911529541016,-0.061978761106729514,-0.5710850358009337,0.37462523579597473,-0.17367321252822876,0.21575000882148743,-1.0125102996826172,-0.024981969967484478,0.32713913917541504,-0.37516292929649353,-0.30831506848335266,0.03156712278723717,-0.5586150884628296
-0.2566155791282654,-0.26245254278182983,0.678918719291687,0.9988168478012085,0.009077952243387699,-0.0064158025197684765,-0.047342944890260696,-0.6747809052467345,0.32536348700523376,-0.18490467965602875,0.7860422134399414,-0.06085003912448883,-0.27362704277038574,0.3373257517814636,-0.41817364096641535,0.01965077966451645,0.6385071277618408,-0.4822263717651367,0.237500324845314,0.12645250558853147,0.04628318920731544,0.3876579403877258,-0.7199168801307678,0.46068781614303594,0.002972163027152419,-0.6456729173660278,0.4001714289188385,-0.1597345471382141,0.194657564163208,-1.0455601215362549,-0.0874910056591034,0.3185173869132996,-0.3434700071811676,-0.4572698175907135,0.027743969112634655,-0.5731641054153441
-0.25778907537460327,-0.26931878924369806,0.6731684803962708,0.9988333582878112,0.008161868900060652,-0.014841395430266855,-0.04522252082824707,-0.6813850998878479,0.33863168954849243,-0.17915821075439453,0.8067046403884887,-0.06661427021026611,-0.27220240235328674,0.36284077167510986,-0.41133803129196167,0.008982217870652676,0.6332062482833862,-0.5159754157066345,0.2544611990451813,0.13574495911598203,0.07269207388162613,0.39615353941917414,-0.6224058270454407,0.48194879293441767,0.028879849240183834,-0.6976930499076843,0.4233417212963104,-0.14075423777103424,0.1608529835939407,-1.0704890489578247,-0.11867808550596236,0.29327547550201416,-0.3090926706790924,-0.5270252823829651,0.038304973393678665,-0.5881646275520325
-0.25795167684555054,-0.27466443181037903,0.6730570793151855,0.9986733198165891,0.0013881598133593796,-0.017417462542653084,-0.048438969999551766,-0.7180955410003662,0.38503962755203247,-0.1553635597229004,0.853079855442047,-0.031667035073041916,-0.2682146728038788,0.3824995458126068,-0.3889521658420562,0.002797665307298302,0.5964651703834534,-0.5224683284759521,0.2623647451400757,0.14325889945030212,0.10731632262468338,0.3940542638301849,-0.5272073745727539,0.4674828946590424,0.03411305695772171,-0.7609677910804749,0.42130464315414423,-0.12238770723342896,0.13903146982192993,-1.0831166505813599,-0.13063742220401764,0.25453564524650574,-0.2889106571674347,-0.5290696620941162,0.0606289841234684,-0.5918018817901611
-0.25625020265579224,-0.27861595153808594,0.679208517074585,0.9984540939331055,-0.003871540538966656,-0.014280153438448904,-0.053576771169900894,-0.7568395733833314,0.4316755831241608,-0.11730928719043732,0.8982121348381041,0.026589155197143555,-0.2635709047317505,0.3855507969856262,-0.37246373295784,0.002594029065221548,0.5613211393356323,-0.4828887283802032,0.26425668597221375,0.1480567306280136,0.1385483741760254,0.3841210305690765,-0.46135783195495605,0.43076077103614807,0.020203882828354836,-0.8305925726890565,0.40087324380874634,-0.10215984284877776,0.11429359763860703,-1.068243622779846,-0.12907487154006958,0.22879126667976377,-0.3072775602340698,-0.5024572014808655,0.07686462253332138,-0.5682185888290405
-0.25217875838279724,-0.28032043576240534,0.6890358328819275,0.9983302354812622,-0.009009034372866152,-0.009920516982674599,-0.05618942156434059,-0.7999586462974547,0.47028917074203486,-0.0833308920264244,0.9491751790046691,0.1086459904909134,-0.25680115818977356,0.369059294462204,-0.35810336470603943,0.0101914806291461,0.5700212121009827,-0.4136362969875336,0.26083922386169434,0.1495630145072937,0.17027418315410614,0.3738889992237091,-0.4639371335506439,0.40806502103805536,-0.008897606283426285,-0.8683030605316162,0.36285728216171265,-0.07963404059410094,0.09497316181659697,-1.0303002595901487,-0.11779315769672392,0.22236293554306033,-0.3682165741920471,-0.45116147398948664,0.07601783424615861,-0.5307691693305969
-0.24611735343933103,-0.2800062596797943,0.6961712837219238,0.9982739090919495,-0.015351238660514355,-0.008449740707874298,-0.05605527758598328,-0.8563467860221863,0.4944543242454529,-0.08320634812116624,1.0163779258728027,0.16249287128448486,-0.2460411041975021,0.34293466806411743,-0.34362155199050903,0.023866720497608185,0.627282977104187,-0.3471256494522095,0.25222906470298767,0.1503845602273941,0.20031315088272092,0.36871352791786194,-0.5509003400802612,0.4159592390060425,-0.04086001217365265,-0.8502499461174011,0.3152620792388916,-0.04530030861496925,0.08297210186719894,-0.9729773402214049,-0.08999667316675186,0.21253350377082825,-0.456184595823288,-0.3823167979717255,0.06635022908449173,-0.510589599609375
-0.2397440075874329,-0.27834510803222656,0.6955980062484741,0.9982346296310426,-0.021477375179529194,-0.014563795179128647,-0.05342452973127365,-0.9006879329681395,0.4701131284236908,-0.1271391361951828,1.0729846954345703,0.14100567996501923,-0.25284361839294434,0.34303182363510126,-0.3229308128356933,0.04931370168924332,0.6862086057662964,-0.3242502212524414,0.24917952716350555,0.14316245913505554,0.21706500649452207,0.3773240745067597,-0.7195001840591431,0.44746103882789606,-0.08804706484079361,-0.7595100998878478,0.29670894145965576,-0.011090131476521492,0.07941766083240509,-0.9015447497367859,-0.03136343136429787,0.2111874967813492,-0.5397585034370422,-0.332935094833374,0.056916654109954834,-0.5166674256324768
-0.23441551625728607,-0.27542659640312195,0.6877750754356384,0.9982582926750184,-0.023050669580698013,-0.025009123608469963,-0.048204537481069565,-0.9126648902893065,0.3950625061988831,-0.1664019674062729,1.0760416984558103,0.11278683692216872,-0.26246652007102966,0.35498541593551636,-0.3131921589374542,0.06606992334127426,0.7558401823043822,-0.35767233371734614,0.24853143095970157,0.12135276198387146,0.2040931135416031,0.39431190490722656,-0.9390965104103088,0.483165979385376,-0.17269068956375122,-0.6114473938941956,0.30437976121902466,-0.004687641281634569,0.07673934102058409,-0.8371936678886412,0.0594710186123848,0.24638593196868896,-0.5924449563026428,-0.3306741714477539,0.03967897966504097,-0.5152029991149902
-0.22737917304039,-0.27083688974380493,0.6744850873947144,0.9984137415885923,-0.017298996448516846,-0.031829457730054855,-0.04310038685798645,-0.8630884289741517,0.3315083980560303,-0.14104719460010529,0.9931164383888244,0.06950077414512634,-0.259888619184494,0.35654062032699585,-0.34288015961647034,0.05630696937441826,0.8409414291381837,-0.42822581529617304,0.2384382635354996,0.08843366801738739,0.15813693404197693,0.4082525372505188,-1.17416250705719,0.5127754807472229,-0.2770865261554718,-0.44464063644409174,0.29666158556938166,-0.03752639517188072,0.08715612441301347,-0.795937418937683,0.16607891023159027,0.3316206932067871,-0.6103354096412659,-0.36664059758186335,0.00299503980204463,-0.5035867094993591
-0.21675601601600647,-0.2654484808444977,0.6585197448730469,0.9983739256858823,-0.015846891328692436,-0.030914511531591412,-0.045195817947387695,-0.79140704870224,0.3235959708690644,-0.0984693244099617,0.9211373329162595,-0.03845927119255066,-0.268390953540802,0.35654792189598083,-0.36838433146476746,0.05171993002295494,0.8781006336212158,-0.4701488614082336,0.21690502762794492,0.06252835690975189,0.12478664517402648,0.41991177201271057,-1.356886386871338,0.5307350158691406,-0.3654718101024628,-0.3308543562889099,0.2740188837051392,-0.07338114827871321,0.1020831912755966,-0.7771808505058287,0.2513998746871948,0.42560327053070074,-0.6220710277557373,-0.4247097074985504,-0.03578654304146767,-0.4810934066772461
-0.21030086278915405,-0.26101037859916687,0.6443005800247192,0.9985792636871338,-0.008990450762212275,-0.028280375525355336,-0.04425951838493347,-0.8905810713768004,0.2920843064785004,-0.1388736218214035,1.0852348804473877,-0.03760470822453498,-0.24513714015483856,0.3627096712589264,-0.4004274606704712,0.04236908629536629,0.8861611485481262,-0.5038649439811707,0.23997122049331665,0.05135301128029823,0.09147471189498899,0.45538002252578735,-1.4679001569747925,0.5204541087150574,-0.40647009015083313,-0.25231698155403137,0.27158284187316895,-0.09836055338382721,0.13736668229103088,-0.7757327556610107,0.2921817004680633,0.4809046685695648,-0.6481406688690186,-0.4864423871040344,-0.01440869178622961,-0.43707409501075745
-0.2055521011352539,-0.25789597630500793,0.640317440032959,0.9991008639335632,0.009014854207634924,-0.02531338669359684,-0.03279351070523262,-0.951060116291046,0.23592112958431244,-0.1402333527803421,1.1660484075546265,0.016106130555272102,-0.2389172315597534,0.38451132178306574,-0.4468483626842498,0.01618378236889839,0.882994771003723,-0.5232545137405396,0.2454766929149628,0.026861272752285004,0.04470083490014076,0.4870352745056152,-1.5388116836547852,0.4705800116062164,-0.41468688845634466,-0.1926535815000534,0.317452996969223,-0.10625862330198288,0.1634466052055359,-0.8008276224136353,0.2955120503902436,0.5025491714477539,-0.6334699392318726,-0.45172446966171265,-0.02460805512964725,-0.4134686589241028
-0.1994142383337021,-0.25632670521736145,0.637481153011322,0.9992173910140992,0.02532571740448475,-0.02549879625439644,-0.01652468554675579,-0.9647772312164306,0.17543837428092957,-0.1333111077547073,1.1938974857330322,0.04161227494478226,-0.25766879320144653,0.4090520441532135,-0.4766465723514557,-0.0013016322627663612,0.8977313041687012,-0.5147677063941956,0.24056543409824369,0.008986280299723148,0.009659821167588234,0.49679601192474365,-1.5175274610519407,0.4071027338504791,-0.3964522182941437,-0.20313115417957303,0.36714342236518854,-0.10918692499399184,0.17650926113128662,-0.859699010848999,0.28491050004959106,0.4696606695652008,-0.556773841381073,-0.3939113914966583,-0.034457944333553314,-0.43391761183738714
-0.19351647794246676,-0.25548896193504333,0.6338617205619812,0.9990515708923341,0.03432418033480644,-0.026787634938955307,-0.000470510043669492,-0.9629401564598083,0.13106200098991394,-0.1352817267179489,1.2011616230010986,0.029618380591273308,-0.2733467221260071,0.4260804951190949,-0.480711042881012,-0.006275559309870005,0.9265010356903075,-0.5048965215682983,0.23745907843112943,0.005401676520705223,-0.005311135668307543,0.49485316872596735,-1.420024037361145,0.3420429527759552,-0.3787915110588074,-0.2669890224933624,0.3988183438777924,-0.11384826153516768,0.1834428906440735,-0.9103296399116515,0.26037028431892395,0.4375958442687988,-0.4630835950374603,-0.3542849123477936,-0.03038362227380276,-0.4455186128616333
-0.18864256143569944,-0.2551687955856323,0.6284860968589783,0.9988575577735901,0.036435820162296295,-0.02762816287577152,0.013880441896617413,-0.9697813391685485,0.1035756915807724,-0.14270322024822235,1.2190947532653809,0.009318646974861618,-0.2813809812068939,0.4315274953842163,-0.46680298447608953,-0.005379883106797934,0.9661993384361267,-0.5094035863876343,0.23532018065452573,0.01567467302083969,-0.0025356614496558905,0.492715060710907,-1.27554190158844,0.2969897389411926,-0.3493788540363312,-0.34961751103401184,0.4008108377456665,-0.1240418553352356,0.1906130015850067,-0.9409211277961731,0.22450844943523407,0.4125241339206696,-0.38844567537307734,-0.33604764938354487,-0.009148882701992989,-0.45102390646934504
-0.1856395900249481,-0.25467807054519653,0.6201393008232117,0.9985209703445433,0.03806908428668976,-0.028903573751449585,0.02590738236904144,-1.002793550491333,0.0776410847902298,-0.15002955496311188,1.2715603113174438,0.010919615626335144,-0.2838515341281891,0.42723098397254944,-0.4534560739994049,0.004422429483383894,1.016458749771118,-0.5281516909599304,0.23828062415122983,0.03036281280219555,0.00470701651647687,0.5000372529029846,-1.1213756799697876,0.27559930086135864,-0.30020421743392944,-0.4178600609302521,0.37954065203666687,-0.13214176893234253,0.20384924113750455,-0.956172466278076,0.18132226169109344,0.39497727155685425,-0.3599522113800049,-0.3448040783405304,0.022646613419055935,-0.45051649212837214
-0.18353126943111417,-0.2525304853916168,0.6076685190200806,0.9981910586357117,0.039060775190591805,-0.030647519975900647,0.033905766904354095,-1.054954171180725,0.057086050510406494,-0.15250685811042783,1.3536248207092283,0.024568457156419757,-0.2829909026622772,0.4199014902114868,-0.4516389071941376,0.014136676676571367,1.077680230140686,-0.5495431423187256,0.23724664747715,0.05225979164242744,0.023814523592591286,0.5085153579711914,-1.0074365139007568,0.2602146565914154,-0.23525069653987885,-0.4559310972690582,0.34547320008277893,-0.12772300839424133,0.22876350581645963,-0.9467746615409853,0.14643876254558563,0.3808468580245972,-0.3685062527656555,-0.36794281005859375,0.06103832647204399,-0.45143294334411616
-0.18222737312316892,-0.24866279959678647,0.5914323925971985,0.9981327652931212,0.03945708647370338,-0.030651144683361053,0.035137251019477844,-1.1165895462036133,0.05422068759799004,-0.1521848887205124,1.448861002922058,0.01394748780876398,-0.2746809422969818,0.40609639883041376,-0.4663885533809662,0.0238572396337986,1.1507104635238647,-0.579622745513916,0.24006183445453644,0.08049561828374863,0.05559615418314934,0.5177674889564513,-0.9774703383445741,0.2435496002435684,-0.1920990347862244,-0.4527309238910675,0.3288618326187134,-0.11917822062969208,0.25327810645103455,-0.9166873693466185,0.12483219802379608,0.37895679473876953,-0.3951297998428345,-0.3913592398166656,0.08282166719436644,-0.4471385180950165
-0.18065504729747767,-0.243466779589653,0.5737531781196593,0.9984742999076844,0.03739497438073158,-0.027963498607277874,0.0294746458530426,-1.1667969226837158,0.06560590118169785,-0.15509474277496335,1.529165506362915,-0.0459890179336071,-0.2702299952507019,0.3742730617523193,-0.4886862933635712,0.042383074760437005,1.2383632659912107,-0.6075661778450012,0.23676370084285736,0.11116299778223036,0.09226561337709427,0.5231348872184753,-1.00352942943573,0.23136532306671145,-0.18661783635616305,-0.43023538589477534,0.3579152822494507,-0.1157327815890312,0.2705686390399933,-0.8913718461990355,0.11510062962770462,0.38570088148117065,-0.4101680517196655,-0.4092927277088165,0.0829007849097252,-0.4412500262260437
-0.1785161644220352,-0.2385804653167725,0.5559331178665161,0.9989336133003235,0.032679114490747445,-0.025053473189473152,0.02088155038654804,-1.1955893039703367,0.08863958716392517,-0.15857598185539243,1.587648868560791,-0.1575178503990173,-0.2718859314918518,0.33824998140335083,-0.508910059928894,0.06250486522912979,1.3141080141067505,-0.6345301866531372,0.23220050334930417,0.13460378348827362,0.11549966782331467,0.5280128121376038,-1.0473411083221436,0.23800292611122129,-0.23079419136047363,-0.39663103222846974,0.4437811076641082,-0.12873485684394836,0.2772435843944549,-0.9190475940704343,0.09930408746004105,0.37619706988334656,-0.3797003626823425,-0.4392212629318237,0.07144062221050262,-0.43497350811958313
-0.1772906333208084,-0.2345182299613953,0.5420560836791992,0.9993568658828736,0.024498900398612022,-0.020985780283808708,0.015661729499697685,-1.2179110050201416,0.10553208738565444,-0.17056353390216827,1.6220942735671997,-0.24184477329254153,-0.2687707841396332,0.32250359654426575,-0.5066419839859009,0.06701216101646423,1.3391214609146118,-0.653522253036499,0.23717805743217468,0.14624181389808655,0.12390866875648499,0.5246843099594116,-1.1343715190887451,0.2655767798423767,-0.31490641832351685,-0.33812493085861206,0.5620341300964355,-0.13987725973129272,0.27826577425003046,-1.0349284410476685,0.057620320469141006,0.3255395293235779,-0.27496662735939026,-0.49762365221977234,0.0731906145811081,-0.4334872663021088
-0.1766846925020218,-0.23176679015159607,0.5325130224227905,0.9994859695434569,0.015165675431489944,-0.02175392769277096,0.018016096204519272,-1.2496678829193115,0.09480496495962144,-0.19057588279247284,1.6628379821777344,-0.266094833612442,-0.266193151473999,0.33906152844429016,-0.4959591627120972,0.043637413531541824,1.3266746997833252,-0.6621378064155579,0.2406052201986313,0.14610908925533295,0.1286499947309494,0.5196589231491089,-1.2688977718353271,0.30363523960113525,-0.39355194568634033,-0.2583536803722381,0.6314408183097839,-0.14434149861335754,0.26072317361831665,-1.204991102218628,-0.019145013764500615,0.28090590238571167,-0.10220420360565184,-0.5479288101196289,0.08785145729780197,-0.4245938062667847
-0.1758337914943695,-0.22983717918396,0.52855122089386,0.9992437362670897,0.011276963166892529,-0.02492246963083744,0.02763567306101322,-1.2660101652145384,0.07030503451824188,-0.19848135113716123,1.6865278482437132,-0.26638534665107727,-0.26314166188240046,0.366750568151474,-0.490908682346344,0.01633567549288273,1.3138356208801267,-0.6694055199623108,0.2393895387649536,0.14266178011894226,0.13339164853096008,0.5210316777229309,-1.390121817588806,0.3324423432350158,-0.4318310618400574,-0.22149206697940824,0.6264852285385132,-0.15431179106235504,0.25109562277793884,-1.3279616832733154,-0.13800212740898132,0.28603026270866394,0.02057414874434471,-0.5925912261009216,0.08549749106168747,-0.4071655571460724
-0.17517107725143433,-0.22842894494533536,0.5325166583061217,0.9988686442375184,0.009362366981804371,-0.02662750519812107,0.038272205740213394,-1.2578465938568115,0.051707394421100616,-0.20037911832332608,1.6807310581207275,-0.2546400725841522,-0.26190930604934687,0.39223447442054743,-0.4771448373794556,-0.0047445278614759445,1.2864482402801511,-0.6597273945808411,0.23854172229766843,0.14584164321422577,0.14745718240737915,0.5233939290046692,-1.451111078262329,0.35788851976394653,-0.42000550031661993,-0.2500483691692352,0.5833075046539307,-0.16157017648220062,0.24761889874935153,-1.3431226015090942,-0.2763071060180664,0.2737063765525818,0.008414171636104582,-0.6462304592132568,0.07055515795946121,-0.39269357919692993
-0.17512336373329163,-0.22787541151046753,0.543321967124939,0.9985361695289613,0.006857763044536114,-0.025542641058564183,0.04718050733208656,-1.2363789081573486,0.03772400319576264,-0.20407144725322723,1.647822380065918,-0.2311302274465561,-0.2603077292442322,0.40893346071243286,-0.461096465587616,-0.027915144339203835,1.2375624179840088,-0.639508068561554,0.24001577496528623,0.15523627400398254,0.16946099698543549,0.5270001888275145,-1.456321597099304,0.3984203040599823,-0.3731003701686859,-0.31804424524307245,0.5317741632461548,-0.15832018852233887,0.23396876454353327,-1.2829989194869995,-0.3954364359378815,0.20637013018131256,-0.10464732348918913,-0.6899187564849854,0.04343470558524132,-0.3770820200443268
-0.17600670456886292,-0.22742357850074768,0.5596364736557007,0.9984673261642456,0.0018758265068754556,-0.0211394764482975,0.05111311748623848,-1.2098358869552612,0.029350068420171738,-0.2119848728179932,1.5909416675567627,-0.19290749728679657,-0.2608837187290192,0.4146404266357422,-0.4396548271179199,-0.04560069367289543,1.1641242504119873,-0.6126106381416321,0.24509222805500033,0.17014384269714355,0.19437794387340543,0.5293001532554625,-1.428045630455017,0.4565546810626984,-0.316954106092453,-0.39203122258186335,0.4909184575080872,-0.14875845611095428,0.21289576590061188,-1.1945884227752683,-0.45314854383468633,0.11514730006456377,-0.2672778367996216,-0.6942220330238342,0.01832517981529236,-0.34974151849746704
-0.1770654320716858,-0.2264453321695328,0.581514835357666,0.9986100196838379,-0.004565220326185226,-0.015148849226534367,0.05027617886662483,-1.1753664016723633,0.02910473383963108,-0.2206779718399048,1.5124824047088623,-0.1351168155670166,-0.2649194896221161,0.4195026755332946,-0.4097787439823151,-0.05210254341363906,1.0642601251602173,-0.5730059146881104,0.24991217255592343,0.1842292696237564,0.2118331640958786,0.5283839702606201,-1.3942875862121582,0.5186575651168823,-0.2788227498531341,-0.45433616638183594,0.47147610783576965,-0.1424635946750641,0.18229195475578308,-1.1117066144943235,-0.4353151321411133,0.053463242948055274,-0.42903906106948847,-0.6683688759803772,0.003809127258136869,-0.3096266686916352
-0.1777220517396927,-0.22523187100887296,0.6063225865364075,0.9988797903060912,-0.0074970549903810016,-0.00828899908810854,0.045980170369148254,-1.1310402154922483,0.032338593155145645,-0.22455729544162753,1.4222791194915771,-0.06163441017270088,-0.2711239159107208,0.42825508117675776,-0.382438600063324,-0.0433235540986061,0.9473432898521424,-0.522098183631897,0.2497277706861496,0.19077596068382263,0.20931738615036008,0.5221615433692932,-1.3640002012252808,0.5706641674041748,-0.2671501934528351,-0.5087915062904358,0.4644596576690674,-0.13739490509033203,0.13410030305385587,-1.0567328929901123,-0.3512480854988098,0.04445338994264603,-0.5467473268508911,-0.6074798107147217,0.0003022865566890687,-0.266115665435791
-0.17792451381683347,-0.2244281768798828,0.6321972012519836,0.9992368817329407,-0.005625767167657614,-0.0014978913823142648,0.03862344473600388,-1.0849391222000122,0.03406832367181777,-0.23673494160175323,1.3231892585754395,0.027882527559995648,-0.27713420987129206,0.4361518323421478,-0.3626915514469146,-0.01706339046359062,0.8375266790390015,-0.4689670503139496,0.2490292191505432,0.193451851606369,0.1882236301898956,0.5109532475471497,-1.3409206867218015,0.6036810874938965,-0.27494177222251887,-0.5558472275733948,0.4521570801734924,-0.12853920459747314,0.08806339651346207,-1.0171337127685547,-0.23531351983547208,0.08017664402723312,-0.6004974842071533,-0.5228858590126038,-0.002893434138968587,-0.23446024954319
-0.17795066535472867,-0.223906934261322,0.656918466091156,0.9996344447135923,-0.0063033662736415854,0.0017690596869215367,0.026232387870550156,-1.0232863426208496,0.0345161110162735,-0.2799895703792572,1.2355469465255735,0.07204912602901459,-0.2851039171218872,0.4306106865406036,-0.3507260382175445,0.014268777333199976,0.7693133354187012,-0.41475850343704224,0.2372216284275055,0.1989297568798065,0.17005151510238647,0.4952938556671143,-1.3102202415466309,0.6093337535858153,-0.28560200333595276,-0.6025857329368591,0.39806023240089417,-0.12164581567049026,0.07297001034021378,-0.9884930849075315,-0.1149461269378662,0.1345491111278534,-0.6148326992988585,-0.4130899906158447,-0.008218815550208092,-0.23894131183624268
-0.1783124804496765,-0.22338709235191345,0.6770691275596619,0.9997438788414,-0.022102089598774907,-0.0027687083929777145,0.003993603866547345,-0.9702028036117551,0.07816284894943237,-0.3569003939628601,1.2220693826675415,0.03722069412469864,-0.2827958464622497,0.42084565758705134,-0.31545308232307434,0.04396044090390205,0.7338353395462035,-0.37201827764511114,0.2123451381921768,0.21289607882499692,0.18028730154037476,0.480164647102356,-1.2696630954742432,0.583657443523407,-0.28914475440979004,-0.6453216075897217,0.3321136832237244,-0.10274524986743928,0.08228878676891328,-0.951530396938324,-0.01258276030421257,0.201289102435112,-0.6090269088745117,-0.33226361870765686,-0.010338489897549152,-0.25603535771369934
-0.17750389873981476,-0.2230304777622223,0.6869177222251892,0.999088943004608,-0.03543568775057793,-0.009802605956792831,-0.021670427173376083,-0.9158638119697571,0.15561135113239288,-0.40005299448966974,1.242577314376831,0.012912040576338768,-0.26420947909355164,0.41243723034858704,-0.28530606627464294,0.06369951367378235,0.717751145362854,-0.3652432858943939,0.20448748767375943,0.221698135137558,0.17526204884052277,0.47101691365242,-1.241717219352722,0.5381762385368347,-0.294839471578598,-0.6733869314193726,0.27862852811813354,-0.09062635898590089,0.08373253047466278,-0.9165987968444824,0.05913917347788811,0.2771097421646118,-0.5985128879547119,-0.2964751422405243,-0.027130663394927975,-0.2763625979423523
-0.17415273189544675,-0.2218647599220276,0.6850574612617493,0.9980914592742922,-0.03992647305130959,-0.01836029253900051,-0.04338345676660538,-0.8299887180328369,0.23509077727794647,-0.3813861608505249,1.218812346458435,-0.034075718373060226,-0.2688429653644562,0.43080222606658936,-0.2807222306728363,0.05086176469922066,0.6684776544570923,-0.3792348802089691,0.20780615508556363,0.21293671429157257,0.1426025629043579,0.4562640488147736,-1.2485431432724,0.4939107596874237,-0.3214067220687866,-0.6573023200035095,0.25429457426071167,-0.08131842315196992,0.0653793141245842,-0.9114297032356262,0.09465740621089937,0.3319233357906341,-0.5778524875640869,-0.2888930141925812,-0.050016649067401886,-0.29041120409965515
-0.17167852818965912,-0.219832643866539,0.6751131415367126,0.997854232788086,-0.03487710282206535,-0.02200692892074585,-0.05085398256778717,-0.7809767127037048,0.2885670661926269,-0.3194162845611572,1.2039715051651,-0.14513106644153595,-0.2684066891670227,0.47604629397392273,-0.298595666885376,0.00996494572609663,0.5815158486366272,-0.38307264447212214,0.23690046370029447,0.18761184811592105,0.08981466293334961,0.4284177720546722,-1.339698314666748,0.4613437354564666,-0.3697355091571808,-0.5642873048782349,0.24558687210083008,-0.0585058443248272,0.03983644023537636,-0.9812778234481812,0.08300298452377318,0.3262232840061188,-0.49247455596923834,-0.2896612882614136,-0.05990690365433693,-0.2901606261730194
-0.17314226925373075,-0.21642449498176572,0.6663904190063477,0.9989790320396424,-0.012693275697529316,-0.02176021970808506,-0.03749983757734299,-0.7864208221435546,0.24073870480060575,-0.28425025939941406,1.2100224494934082,-0.17354066669940948,-0.26624283194541926,0.49895715713500977,-0.34467700123786926,-0.028815085068345066,0.5700176954269409,-0.4246167242527008,0.25201815366744995,0.14373064041137695,0.01231086440384388,0.42502668499946594,-1.4188477993011475,0.43783798813819885,-0.40566757321357727,-0.4549873769283295,0.25208285450935364,-0.058360911905765527,0.04051177203655242,-1.1131380796432495,0.01508216094225645,0.30478623509407043,-0.35550251603126526,-0.33099165558815,-0.05388057976961136,-0.2906244397163391
-0.18053242564201355,-0.21574364602565765,0.6708124876022339,0.999540627002716,0.004595307167619467,-0.01810137927532196,-0.023868508636951447,-0.8016926050186157,0.1878013610839844,-0.27136561274528503,1.1776657104492188,-0.098468117415905,-0.267971932888031,0.4702144265174866,-0.3780141770839691,-0.055937010794878006,0.6245982050895691,-0.4323561489582062,0.2528916597366333,0.11411357671022417,-0.030890515074133873,0.43765971064567566,-1.415055751800537,0.42259028553962713,-0.3925292491912842,-0.4270411431789398,0.27524060010910034,-0.05814827233552933,0.04417731612920761,-1.237210750579834,-0.0763678327202797,0.29797056317329407,-0.23842035233974457,-0.335124671459198,-0.03102132119238377,-0.3012771010398865
-0.1917598098516464,-0.21773132681846616,0.6814538240432739,0.9996642470359801,0.004542010836303233,-0.01622849889099598,-0.01968108862638473,-0.8262354135513306,0.16750817000865936,-0.29391324520111084,1.150704026222229,0.004518731031566857,-0.269448459148407,0.42581558227539057,-0.3730672001838684,-0.04739633947610855,0.6817448735237122,-0.38801062107086176,0.24310389161109924,0.11523346602916716,-0.02148325368762016,0.4655615985393524,-1.3561292886734009,0.4083067178726196,-0.353796660900116,-0.4527671635150909,0.3047621548175812,-0.0771833062171936,0.05519725009799004,-1.2861328125,-0.14505979418754575,0.29481035470962524,-0.22545848786830905,-0.3134796917438507,-0.02282465621829033,-0.30992183089256287
-0.20412640273571012,-0.220511332154274,0.69295734167099,0.9996902942657471,0.0022747782059013844,-0.013531585223972796,-0.02076265588402748,-0.8581238985061644,0.1461920142173767,-0.33075034618377686,1.1331554651260376,0.07750599831342697,-0.26858094334602356,0.3695229887962341,-0.364616334438324,-0.021831773221492767,0.735438346862793,-0.33822596073150635,0.23518721759319303,0.12740007042884827,-0.004351570270955563,0.4900903403759002,-1.2604883909225464,0.39403036236763,-0.31025588512420654,-0.4959933459758759,0.3260781764984131,-0.09785600751638412,0.06691240519285202,-1.2940059900283811,-0.1809205114841461,0.2800022661685944,-0.27462223172187805,-0.2904647886753082,-0.023550724610686306,-0.323415607213974
-0.21635861694812772,-0.2227994799613953,0.7011315822601318,0.9996671080589294,0.003698777873069048,-0.01206760574132204,-0.022500719875097275,-0.8659523725509644,0.11661729216575623,-0.35641932487487793,1.095375895500183,0.1071021780371666,-0.27597948908805847,0.3141447305679321,-0.37254258990287775,0.0002656273718457669,0.8015086650848388,-0.3284323513507843,0.21168470382690427,0.13657940924167633,0.0022114017046988006,0.5042446851730347,-1.1535282135009763,0.3706664144992828,-0.27047941088676447,-0.5448658466339111,0.32514187693595886,-0.10268906503915785,0.08277162164449692,-1.2818082571029663,-0.183837890625,0.24772740900516513,-0.3254661560058594,-0.257544219493866,-0.037043701857328415,-0.34994980692863464
-0.22640998661518097,-0.22478225827217105,0.7028211355209352,0.9995543360710144,0.015249907970428467,-0.01203254796564579,-0.02266469225287437,-0.8282126188278198,0.08872956782579422,-0.3305441737174988,0.9967511296272276,0.13139627873897552,-0.2826105058193207,0.2714206874370575,-0.3892259895801544,0.052866417914628976,0.855830192565918,-0.356231302022934,0.19363440573215485,0.13505263626575467,-0.01236283965408802,0.5072797536849976,-1.0797204971313477,0.3429083824157715,-0.2423654794692993,-0.5802884101867676,0.309761643409729,-0.1084216684103012,0.08964768052101134,-1.2663166522979736,-0.15952575206756592,0.20464906096458435,-0.34660112857818604,-0.21896278858184812,-0.06275896728038788,-0.39043495059013367
-0.23294569551944727,-0.22648677229881287,0.6946631073951721,0.9993204474449155,0.020725229755043983,-0.014953401871025562,-0.02656282298266888,-0.74632328748703,0.16595743596553802,-0.21380147337913516,0.8523004055023193,0.0920625701546669,-0.2784569263458252,0.2665181756019592,-0.3814985454082489,0.1094088777899742,0.861177623271942,-0.4123978912830353,0.1982277184724808,0.13704770803451538,-0.007846134714782238,0.4942743480205536,-1.0551215410232544,0.3228168487548828,-0.22166955471038816,-0.5860716104507446,0.26993981003761286,-0.09992343187332152,0.07679549604654312,-1.253730297088623,-0.1155666410923004,0.17070871591567993,-0.3432467579841614,-0.1833469718694687,-0.08782319724559784,-0.4260643422603607
-0.23635451495647433,-0.2280670553445816,0.67723548412323,0.9990779757499696,0.005050852429121733,-0.020133240148425106,-0.03757951036095619,-0.7224115133285521,0.3001921772956848,-0.12644311785697937,0.8549295067787169,-0.04083731025457382,-0.26239174604415894,0.3164897859096527,-0.35618531703948975,0.09408388286828993,0.803367555141449,-0.49418699741363525,0.22143489122390747,0.1502465009689331,0.04338356480002403,0.46838021278381353,-1.1065491437911987,0.3212283253669739,-0.20668263733386996,-0.5459527969360352,0.2445995062589645,-0.07508859038352966,0.06615583598613739,-1.210959553718567,-0.046850144863128655,0.17243236303329468,-0.36388322710990906,-0.17500856518745422,-0.09947682917118073,-0.43164077401161194
-0.24022313952445984,-0.2287575006484985,0.6627488136291504,0.9989439845085144,0.007516694255173206,-0.02710418403148651,-0.03632920980453491,-0.7752733230590819,0.3008782267570496,-0.1329137235879898,0.9513183236122131,-0.039744455367326736,-0.2577142715454101,0.3505075573921204,-0.3788597285747528,0.05994677916169167,0.782695233821869,-0.5694116950035095,0.23544102907180783,0.15842114388942719,0.052966348826885216,0.4531656503677368,-1.2592090368270874,0.33814144134521484,-0.2077869027853012,-0.4371182024478912,0.2101578265428543,-0.05681351199746132,0.050436899065971375,-1.1104577779769895,0.05941503867506981,0.20219686627388,-0.4440024793148041,-0.1614597737789154,-0.1096278205513954,-0.38904625177383423
-0.2432558834552765,-0.2289465963840485,0.6567403674125671,0.9990075826644896,0.0065841786563396445,-0.035856932401657104,-0.02558776177465916,-0.8492265939712524,0.27927425503730774,-0.16992244124412537,1.058826923370361,0.03646665439009666,-0.257563978433609,0.3873206675052642,-0.37869963049888605,0.02508639171719551,0.7839822769165038,-0.6083666086196899,0.23175103962421417,0.14301101863384247,0.06931773573160172,0.4667162299156189,-1.4158129692077637,0.3519926369190216,-0.23306104540824887,-0.32269710302352905,0.19263786077499387,-0.0692877247929573,0.060065537691116326,-0.9565799832344056,0.16624093055725095,0.32928231358528137,-0.5462941527366638,-0.1904104053974152,-0.13976766169071195,-0.29769930243492126
-0.245681494474411,-0.2299755960702896,0.6585337519645691,0.9991371035575866,0.012726488523185251,-0.03739948198199272,-0.012821110896766184,-0.9132477641105651,0.242644876241684,-0.18715474009513852,1.123253345489502,0.13904033601284027,-0.25616881251335144,0.3956840336322784,-0.3875307440757752,0.0026074477937072515,0.8024198412895202,-0.6003920435905457,0.21994538605213165,0.12133830785751341,0.07258056104183197,0.4842641055583954,-1.5203956365585327,0.3546206057071686,-0.27049753069877625,-0.25018149614334106,0.2239686548709869,-0.102884903550148,0.09225927293300627,-0.7924879789352418,0.2348085045814514,0.5138195157051086,-0.6097273826599121,-0.27596136927604675,-0.1983172446489334,-0.20017744600772855
-0.24784177541732788,-0.22950877249240875,0.6626605987548828,0.9992535710334778,0.02443668805062771,-0.02987645752727985,-0.0016106980619952083,-0.9535064697265624,0.2073596864938736,-0.17139731347560883,1.1341873407363892,0.2143929153680801,-0.24574740231037137,0.37476602196693426,-0.4121022820472717,-0.003968405071645975,0.826792001724243,-0.5766345262527466,0.20543815195560453,0.0978594571352005,0.05130864679813385,0.48973336815834045,-1.5619574785232544,0.3671956956386566,-0.2831743061542511,-0.2454359531402588,0.23525932431221008,-0.12785737216472623,0.11140146851539612,-0.7639615535736085,0.2521030604839325,0.5451985001564026,-0.6306753754615784,-0.31116142868995667,-0.22457194328308103,-0.1974594593048096
-0.2468864619731903,-0.2288059294223785,0.6653249263763428,0.9994606375694275,0.023538094013929367,-0.022722011432051655,0.002843200229108333,-0.9414474368095397,0.2043164819478989,-0.157243475317955,1.1125547885894775,0.2157592624425888,-0.2554836571216583,0.37894061207771296,-0.4149064421653748,-0.0229902658611536,0.7972242832183837,-0.5587882399559021,0.2079666256904602,0.07472416013479231,0.033172398805618286,0.4773096740245819,-1.5615262985229492,0.38586366176605214,-0.2896317839622497,-0.27330654859542847,0.21365657448768613,-0.1156172752380371,0.09460449963808061,-0.8594906926155089,0.2227547764778137,0.4316475987434387,-0.6232199668884277,-0.2957357466220856,-0.2196072489023209,-0.23924575746059415
-0.2406083047389984,-0.22325514256954196,0.6632325053215027,0.9995816946029664,0.00516680208966136,-0.02845677174627781,-4.5733926526736475e-05,-0.9204321503639219,0.24541822075843808,-0.16291768848896027,1.1600812673568723,0.11179351061582564,-0.26478421688079834,0.4212068617343903,-0.3894477784633637,-0.04817772284150124,0.7356376647949218,-0.5399048328399657,0.2283163070678711,0.05541841313242912,0.03264744579792023,0.46728044748306274,-1.5251339673995972,0.40027520060539246,-0.32108229398727417,-0.28080496191978455,0.23811478912830353,-0.09207668155431747,0.06547968089580536,-1.0060851573944092,0.1569514274597168,0.265911340713501,-0.5385568737983704,-0.36570829153060913,-0.15214788913726807,-0.30896434187889094
-0.23307889699935916,-0.2182051986455917,0.6688098907470703,0.9995546340942384,-0.004616031423211098,-0.02939142659306526,0.0023242500610649586,-0.9667666554450989,0.24607208371162412,-0.18467554450035092,1.2428963184356687,0.13860802352428436,-0.2617125511169433,0.432594358921051,-0.37746977806091303,-0.057715587317943566,0.7304132580757141,-0.48792809247970576,0.2384924590587616,0.027155430987477303,0.007922438904643057,0.4538309276103973,-1.5368320941925049,0.4204438626766205,-0.38171532750129694,-0.23437245190143585,0.29416266083717346,-0.08172619342803955,0.012128258123993872,-1.1385084390640259,0.04328759014606476,0.16380111873149872,-0.4181006848812103,-0.526029109954834,-0.0685880109667778,-0.3149330019950866
-0.22615112364292145,-0.2139475643634796,0.679435968399048,0.9994872212409971,-0.018889425322413445,-0.025833006948232647,-0.0010993205942213535,-1.0317013263702393,0.2727191746234894,-0.21179056167602536,1.3265116214752195,0.17656387388706207,-0.250041127204895,0.3993828296661377,-0.36121881008148193,-0.0639432743191719,0.7830048203468322,-0.3644372820854187,0.23102505505084991,0.01711680181324482,0.003979278728365897,0.4414336085319519,-1.5873643159866333,0.4839591979980469,-0.4315661191940308,-0.18898433446884155,0.3297953009605408,-0.06939297914505005,-0.05031854286789894,-1.2157127857208252,-0.11261391639709473,0.09117739647626877,-0.34548965096473694,-0.6297517418861389,-0.006322888657450676,-0.2699189782142639
-0.22047077119350436,-0.20925420522689817,0.6914727687835692,0.9991711974143982,-0.031814541667699814,-0.02378104627132416,-0.008898226544260977,-1.0623185634613037,0.27896443009376526,-0.24569769203662872,1.366146683692932,0.17776800692081451,-0.2510946989059448,0.34779044985771174,-0.357595294713974,-0.06821119040250778,0.8519200086593629,-0.24669942259788516,0.19405715167522433,0.01604512147605419,0.013549575582146645,0.4392173588275909,-1.58292019367218,0.58637535572052,-0.4392029941082001,-0.22651629149913788,0.3589194715023041,-0.0648031234741211,-0.10806765407323836,-1.231396436691284,-0.28852531313896174,-0.002052079187706113,-0.30476614832878113,-0.6241817474365233,0.04030420258641242,-0.22388979792594907
-0.21539774537086487,-0.20403394103050232,0.69926917552948,0.9988284707069397,-0.038593869656324394,-0.022613203153014183,-0.018463440239429477,-1.0528790950775146,0.27311268448829645,-0.264202743768692,1.3678985834121704,0.16574230790138245,-0.25859811902046204,0.29033973813056946,-0.34027299284935,-0.0419413037598133,0.9106414318084717,-0.2079016864299774,0.1715121418237686,0.024437380954623222,0.02997749298810959,0.4369998574256897,-1.5031300783157349,0.7044745683670044,-0.3662896454334259,-0.34189730882644653,0.377719521522522,-0.05566268414258957,-0.1493595838546753,-1.220776081085205,-0.4546290338039398,-0.11343219131231308,-0.25495579838752747,-0.5320317149162292,0.08306073397397995,-0.19091862440109247
-0.21003951132297516,-0.19807694852352145,0.7007896304130553,0.9984309673309326,-0.04348320513963699,-0.021125841885805127,-0.028258297592401505,-1.0124177932739256,0.28090479969978327,-0.2588077783584595,1.3357207775115967,0.16578732430934906,-0.24967987835407257,0.24469313025474548,-0.29039210081100464,0.0086324792355299,0.9387965202331544,-0.2249368280172348,0.1946905851364136,0.031265657395124435,0.05259743332862855,0.4350461065769196,-1.3534562587738037,0.8086203932762147,-0.19853334128856656,-0.49593526124954224,0.38098159432411194,-0.04344847425818443,-0.17536640167236328,-1.2215785980224607,-0.573142945766449,-0.201070100069046,-0.168062686920166,-0.3742224276065826,0.11815590411424635,-0.1714453548192978
-0.20315848290920255,-0.19155272841453552,0.6949415802955627,0.9978830814361571,-0.04743292927742004,-0.021932343021035194,-0.03870933875441551,-0.9180411100387571,0.3038618266582489,-0.22715565562248227,1.2638187408447263,0.1097499057650566,-0.24631890654563904,0.23115481436252597,-0.23254719376564023,0.06858348846435547,0.9379615783691406,-0.24865598976612088,0.2252391874790192,0.026456603780388832,0.07113154977560043,0.4359886348247528,-1.182226538658142,0.8437338471412658,0.0004071818839292973,-0.6397839188575745,0.362279623746872,-0.04942507669329643,-0.2015293538570404,-1.2362991571426392,-0.5897997617721558,-0.24213491380214688,-0.10828243196010588,-0.18340750038623807,0.120764821767807,-0.17031094431877136
-0.19425080716609955,-0.18533845245838165,0.6802348494529724,0.997071862220764,-0.04633419215679169,-0.028583740815520287,-0.0537014901638031,-0.7963111400604248,0.3520881831645965,-0.16153860092163083,1.2198690176010132,-0.145065039396286,-0.25228819251060486,0.2693033814430237,-0.21526896953582764,0.11317990720272064,0.9077154994010925,-0.2935052514076233,0.23986752331256864,0.011513826437294483,0.06672541052103043,0.43490323424339294,-1.1175744533538818,0.7979194521903991,0.07270696014165878,-0.6691948175430298,0.33916544914245605,-0.04972352460026741,-0.2232672274112701,-1.17447292804718,-0.46706452965736395,-0.2453390955924988,-0.22174112498760223,-0.012601308524608612,0.10006319731473921,-0.16433632373809814
-0.18812024593353271,-0.18056012690067288,0.6615315675735474,0.9965462088584901,-0.03526925668120384,-0.039592355489730835,-0.06390766054391861,-0.7592874765396118,0.3578278124332428,-0.12287598848342896,1.2621965408325195,-0.27028992772102356,-0.25106245279312134,0.32483407855033875,-0.2747941017150879,0.09313318878412247,0.8855731487274171,-0.43227586150169367,0.25135380029678345,0.002365928841754794,0.03191569820046425,0.4388678967952728,-1.1855111122131348,0.7140249013900757,-0.03388742357492447,-0.5437313318252563,0.3436222076416016,-0.05446229875087737,-0.19491487741470337,-0.9731518030166626,-0.23287874460220337,-0.17798960208892822,-0.5294252634048462,0.016903694719076157,0.04357307404279709,-0.1253463178873062
-0.1848271191120148,-0.17717725038528442,0.6496444344520569,0.9964714050292968,-0.027203815057873722,-0.049431338906288154,-0.06213950365781784,-0.7711229920387267,0.3375394642353058,-0.11498910188674925,1.33090341091156,-0.2823877036571502,-0.2520532011985779,0.3778195977210999,-0.3193420171737671,0.060557257384061806,0.8613846898078918,-0.5164821147918701,0.2479626834392548,0.0019714203663170338,0.005419781897217035,0.4599109888076782,-1.253895282745361,0.5976497530937195,-0.16721844673156738,-0.3576018214225769,0.3242938816547394,-0.06423571705818176,-0.11901400983333588,-0.7317280769348145,-0.03331015631556511,0.0030414410866796966,-0.864456295967102,-0.04627681151032448,-0.025299130007624623,-0.0641499012708664
-0.18650366365909576,-0.17549340426921844,0.6525447964668274,0.9969772696495056,-0.020968206226825718,-0.042702004313468926,-0.06142588332295418,-0.7954081296920776,0.33040109276771545,-0.10079876333475112,1.3335218429565427,-0.23724593222141263,-0.24211508035659793,0.3661044538021088,-0.3396812677383423,0.06246621161699295,0.8514803051948547,-0.5180752873420715,0.24186360836029047,0.004280284978449345,0.006214108318090439,0.48429095745086664,-1.287636160850525,0.49261748790740967,-0.19775502383708957,-0.24493347108364105,0.2953248918056488,-0.08357322961091995,-0.048685114830732346,-0.596588671207428,0.05555642768740653,0.24193258583545685,-1.028848648071289,-0.1669217050075531,-0.08889244496822357,0.006669959053397179
-0.19201201200485227,-0.1747516393661499,0.6602090001106262,0.9972527623176575,-0.016132500022649765,-0.032508641481399536,-0.0645749494433403,-0.8033062815666199,0.32711219787597656,-0.08649308234453201,1.2977142333984375,-0.19252361357212064,-0.24066664278507233,0.3371650278568268,-0.3444020450115204,0.09418533742427826,0.8280893564224243,-0.48321464657783514,0.242987796664238,0.025313833728432652,0.026410231366753575,0.49913114309310913,-1.2284467220306396,0.41586193442344666,-0.1703370362520218,-0.31553518772125244,0.2682081162929535,-0.10168965905904769,-0.023455621674656868,-0.6261786818504332,0.07306957244873047,0.32004576921463007,-1.0181972980499268,-0.27704188227653503,-0.09129802137613297,0.043942198157310486
-0.19946715235710144,-0.1747297644615173,0.6718925833702089,0.9974725842475891,-0.016352184116840363,-0.019049275666475296,-0.0664689838886261,-0.8097921609878541,0.32815152406692505,-0.07865897566080093,1.2342267036437988,-0.13860984146595,-0.24527388811111447,0.3076094090938568,-0.31762364506721497,0.15022137761116028,0.7763853669166565,-0.4293085932731629,0.24745666980743408,0.05431701987981796,0.06599368900060654,0.5039694309234619,-1.105010986328125,0.351550966501236,-0.14310921728610992,-0.47863140702247614,0.2626765370368957,-0.11380036175251008,-0.011018339544534683,-0.7555632591247559,0.05468079447746277,0.28912580013275146,-0.90839546918869,-0.32455819845199585,-0.044487107545137405,0.06327876448631287
-0.20611457526683807,-0.1752110570669174,0.6852269172668457,0.9982436895370483,-0.00898366142064333,-0.005396035965532064,-0.058306917548179626,-0.8194974660873413,0.29781457781791687,-0.07355980575084686,1.1567107439041135,-0.053586285561323166,-0.2556670308113098,0.2934633195400238,-0.2977170944213867,0.20317499339580533,0.7227518558502197,-0.3844314813613892,0.25432395935058594,0.0767505019903183,0.09814038872718812,0.4988452196121216,-0.9668295979499818,0.29482460021972656,-0.13520312309265137,-0.6110503077507019,0.2976464331150055,-0.11454717069864272,-0.0029163798317313194,-0.9221042990684509,0.032324865460395806,0.27105626463890076,-0.7435342073440551,-0.3539058566093445,0.01914355903863907,0.02301056683063507
-0.21119318902492523,-0.17716318368911743,0.695803701877594,0.9992654323577882,0.012669763527810572,0.000994462170638144,-0.03615318238735199,-0.8264333605766296,0.20959430932998657,-0.07597345858812332,1.0917030572891235,0.055939733982086175,-0.2694470286369324,0.29488554596900934,-0.3204317092895508,0.20401977002620697,0.7149077653884888,-0.36530268192291254,0.25085094571113586,0.09933746606111526,0.11554201692342758,0.4913431406021118,-0.8783937096595763,0.2612163722515106,-0.13846078515052795,-0.6763948202133179,0.34973806142807007,-0.10400056093931198,-0.004200774244964123,-1.0742832422256468,-0.0017152981599792838,0.27163976430892944,-0.5638948082923889,-0.35299232602119446,0.04982326179742813,-0.07951705157756805
-0.21467748284339905,-0.18007108569145203,0.6986815929412842,0.9990524053573608,0.043152663856744766,-0.0032117103692144156,-0.004658593330532312,-0.838890254497528,0.07673650234937668,-0.10474916547536849,1.0675197839736938,0.16866987943649292,-0.27751246094703674,0.3262675404548645,-0.36745312809944153,0.1582748144865036,0.7243517637252807,-0.37532827258110046,0.2462226748466492,0.13003771007061005,0.12457154691219328,0.4828501641750336,-0.8584522008895874,0.2706982493400574,-0.14143621921539307,-0.7001705169677734,0.38797074556350714,-0.07269755750894545,-0.0139327859506011,-1.1606044769287107,-0.07031714916229248,0.27024412155151367,-0.4155288636684418,-0.3295983374118805,0.054475151002407074,-0.18734323978424072
-0.21628138422966003,-0.1814128905534744,0.6933565735816956,0.9969895482063292,0.0714850127696991,-0.015633167698979374,0.02563822269439697,-0.8341451287269592,-0.04208957403898239,-0.13684651255607605,1.0706911087036133,0.20926427841186523,-0.27439114451408386,0.3882728517055512,-0.4159655570983887,0.09450677782297134,0.7186391353607178,-0.42158031463623047,0.24519783258438113,0.1649191677570343,0.13379719853401184,0.468950629234314,-0.8778043985366821,0.3177729845046997,-0.1276272088289261,-0.6913384199142456,0.41760191321372986,-0.03270864486694336,-0.012845860794186592,-1.1864329576492307,-0.16239972412586212,0.2473007440567017,-0.32203781604766846,-0.318439245223999,0.041301287710666656,-0.296242356300354
-0.2156749814748764,-0.1826362758874893,0.6819313764572144,0.9948204159736632,0.0794585719704628,-0.03573821112513542,0.052359431982040405,-0.826295018196106,-0.07471387833356857,-0.1636279821395874,1.1181560754776,0.1877839416265488,-0.2308290004730225,0.47671839594841,-0.4334154427051544,-0.0003888009232468903,0.7120628356933594,-0.4863388240337372,0.24741925299167636,0.19007466733455655,0.16135330498218536,0.4671447575092316,-0.9325785636901855,0.3633577227592468,-0.12312331795692444,-0.6572427749633789,0.46207427978515625,-0.005478921812027693,0.018741821870207783,-1.1694258451461792,-0.22494016587734225,0.2099405974149704,-0.28080859780311584,-0.33309081196784973,0.014067641459405422,-0.3801814317703247
-0.2126308232545853,-0.1830353736877441,0.6683944463729857,0.9924204349517822,0.07712920010089874,-0.05912435054779053,0.07521329820156097,-0.7588119506835938,-0.1136176511645317,-0.21753822267055511,1.111985445022583,0.12275384366512299,-0.25482597947120667,0.5626991391181946,-0.4170754551887512,-0.05529134348034859,0.7256406545639038,-0.5295750498771667,0.24561376869678497,0.19661487638950348,0.1850484162569046,0.47121483087539673,-0.9976251721382141,0.36637330055236816,-0.14243361353874207,-0.6229027509689331,0.4795736968517304,-0.0023035730700939894,0.05462409928441048,-1.1620006561279297,-0.23041760921478271,0.16579988598823547,-0.2739015817642212,-0.33770790696144104,-0.021626194939017292,-0.4302032589912415
-0.20842863619327545,-0.18341034650802607,0.6527667641639708,0.9904412627220154,0.06445637345314026,-0.08197867125272752,0.0902830883860588,-0.700294554233551,-0.10262323915958405,-0.24375979602336884,1.1331490278244019,-0.04559475183486938,-0.2646835148334503,0.6272485256195068,-0.3750443756580353,-0.07631062716245651,0.7575602531433105,-0.5614312887191772,0.23670426011085513,0.19130726158618927,0.2057245820760727,0.4759345054626465,-1.050467610359192,0.323285847902298,-0.18496194481849673,-0.5828149914741516,0.4902789294719696,0.0008471746114082633,0.10245455801486968,-1.1893619298934937,-0.182247132062912,0.1497058272361755,-0.2695522010326385,-0.38384595513343805,-0.035579368472099304,-0.4577144980430603
-0.20826438069343567,-0.18361008167266843,0.6401107907295227,0.988941013813019,0.06437506526708603,-0.09193515777587889,0.09695095568895343,-0.7120925188064575,-0.10361131280660628,-0.23953409492969513,1.1876275539398191,-0.10107050091028212,-0.2547399699687958,0.6413756012916565,-0.3718067407608032,-0.07570214569568634,0.8142745494842529,-0.6051549315452576,0.24103593826293945,0.17369355261325836,0.18023796379566193,0.487975150346756,-1.09816837310791,0.25606587529182434,-0.23360955715179443,-0.539840817451477,0.5103626251220703,-0.008109187707304953,0.16154292225837708,-1.2532004117965698,-0.11878938227891922,0.16337908804416656,-0.2562303841114044,-0.4556412398815155,-0.02693629078567028,-0.4626107513904572
-0.21221357583999637,-0.18426233530044556,0.6320403814315796,0.9890571236610413,0.06745674461126328,-0.09210403263568878,0.09344739466905594,-0.735380232334137,-0.09881455451250076,-0.22909547388553617,1.2179356813430786,-0.11117009073495863,-0.2605485022068024,0.6103833317756653,-0.3897909224033356,-0.05884600058197975,0.8910192847251891,-0.6437621116638184,0.24212269484996796,0.1491597145795822,0.14037460088729858,0.5058320760726929,-1.136006474494934,0.19196180999279025,-0.27638256549835205,-0.4953339993953705,0.5612581372261047,-0.019857158884406086,0.22352868318557736,-1.3052773475646973,-0.07434783130884169,0.18502104282379153,-0.26052987575531006,-0.509755551815033,-0.02557460963726044,-0.45926293730735773
-0.21914964914321897,-0.18478712439537048,0.6313309669494629,0.9909248352050781,0.06375576555728912,-0.0884406641125679,0.07862171530723572,-0.7481921911239624,-0.06028155237436295,-0.2128158807754517,1.2163997888565063,-0.11206415295600893,-0.264138400554657,0.5571167469024657,-0.4010169208049774,-0.028646536171436306,0.950588583946228,-0.6540083289146423,0.24549545347690585,0.1322547346353531,0.1203283667564392,0.5189565420150757,-1.1721121072769165,0.15712083876132965,-0.3053193688392639,-0.45971113443374634,0.6332918405532837,-0.02230824902653694,0.2652822434902191,-1.3283544778823853,-0.06582815200090408,0.19672472774982447,-0.272908478975296,-0.5372694134712219,-0.033262304961681366,-0.45788243412971497
-0.22836208343505857,-0.18499299883842468,0.6368440985679625,0.9934556484222413,0.04783865809440613,-0.08699357509613037,0.056475628167390816,-0.7410550117492675,0.009161002933979034,-0.2022732645273209,1.1920523643493652,-0.1052049696445465,-0.2664293944835663,0.502960741519928,-0.3891120553016663,0.004207279998809099,0.9727416038513184,-0.6224702000617981,0.25136277079582214,0.13041424751281738,0.14152280986309052,0.519302487373352,-1.1995117664337158,0.16596470773220062,-0.30682989954948425,-0.48059624433517456,0.7142988443374634,0.005289437249302864,0.24526502192020416,-1.3145135641098022,-0.09803512692451476,0.1931517571210861,-0.27405595779418945,-0.528448224067688,-0.03022480756044388,-0.4588789641857147
-0.23865173757076263,-0.1844560652971268,0.6493149995803833,0.9952154159545897,0.031079785898327827,-0.08491869270801544,0.03700190410017967,-0.7147930860519409,0.0721803605556488,-0.19840386509895325,1.1263786554336548,-0.07911445200443268,-0.266599178314209,0.4492712020874024,-0.3655699193477631,0.03742312639951706,0.9806777834892274,-0.5707921385765076,0.25230544805526733,0.1324981153011322,0.17259566485881803,0.5164454579353333,-1.205155849456787,0.2257108688354492,-0.2723396420478821,-0.5390498042106628,0.7851052880287169,0.039004497230052955,0.1669093817472458,-1.246632933616638,-0.1536928117275238,0.18490779399871823,-0.30432045459747314,-0.4629015922546386,-0.02451592124998569,-0.4340262711048126
-0.2489353567361832,-0.18337745964527127,0.6648070812225342,0.9964457750320433,0.019863929599523544,-0.07821392267942429,0.02416166663169861,-0.6964693069458008,0.10772325843572617,-0.20423266291618347,1.0437428951263428,-0.014590020291507244,-0.26717075705528254,0.3862273693084717,-0.33717402815818787,0.08714748173952103,0.993642807006836,-0.4960784614086151,0.25060704350471497,0.13697363436222076,0.1957542449235916,0.5152226686477661,-1.2008495330810547,0.3072707951068878,-0.22126750648021695,-0.5924562215805054,0.8002296686172485,0.07470367103815079,0.07823643833398819,-1.1366766691207884,-0.19879762828350067,0.16522979736328125,-0.3837917745113373,-0.33028110861778254,-0.019926395267248157,-0.3854042589664459
-0.25819969177246094,-0.1820301562547684,0.6793619394302368,0.9972480535507202,0.017470011487603188,-0.06916580349206924,0.020177366212010384,-0.7090901732444763,0.09252028167247772,-0.23342297971248624,1.0013636350631712,0.06817048043012619,-0.2663901150226593,0.3259616792201996,-0.3036688566207886,0.1698089689016342,1.0165164470672607,-0.4275166988372802,0.2534555196762085,0.13905972242355347,0.20403347909450528,0.5179031491279602,-1.206017017364502,0.37255519628524786,-0.19025784730911252,-0.6281217932701111,0.7701272964477539,0.1091201975941658,0.012252076528966427,-1.0120989084243774,-0.2010962963104248,0.1402250379323959,-0.48463901877403254,-0.18393547832965848,-0.02466617524623871,-0.3354569673538208
-0.2672915756702423,-0.1802576184272766,0.6856248378753662,0.997104287147522,0.022603671997785568,-0.06768664717674255,0.026281172409653664,-0.7332359552383424,0.010437041521072388,-0.29327794909477234,1.0460847616195679,0.06994070112705231,-0.26934683322906494,0.3109315633773804,-0.26656392216682434,0.2715295255184173,1.0479500293731687,-0.4127838909626007,0.25167381763458246,0.1340084820985794,0.20386104285717008,0.5242935419082642,-1.2379029989242551,0.39062002301216125,-0.19774301350116727,-0.6391494870185852,0.723550796508789,0.1257658451795578,-0.014743128791451454,-0.9114529490470886,-0.14391472935676575,0.1535934954881668,-0.5509897470474243,-0.0975244790315628,-0.029783252626657482,-0.29400333762168884
-0.2755586504936218,-0.17901000380516052,0.6818335056304932,0.9961100816726685,0.03645990788936615,-0.07056029886007309,0.03816556930541992,-0.742319345474243,-0.095522940158844,-0.33883920311927795,1.1159372329711914,0.03073964826762676,-0.2674977779388428,0.33689719438552856,-0.2760143280029297,0.3184120059013366,1.0698672533035278,-0.44535893201828,0.23796765506267548,0.12445749342441557,0.17881017923355103,0.5294421315193176,-1.2688586711883545,0.34549713134765625,-0.23478303849697116,-0.6429330706596376,0.6811965703964232,0.1068255379796028,-0.0002781982475426048,-0.8824360370635985,-0.039636954665184014,0.22464415431022644,-0.5504896640777588,-0.1325060278177261,-0.02686259523034096,-0.2699132263660431
-0.28171586990356445,-0.1792696118354797,0.669994592666626,0.9956522583961488,0.0403558723628521,-0.07325378805398941,0.04101095721125603,-0.7116721272468567,-0.11023990809917449,-0.3454837501049042,1.1139922142028809,-0.08228214830160142,-0.26726776361465454,0.3717340230941773,-0.3087218105792999,0.2953789234161377,1.039091110229492,-0.5240885019302368,0.1949972957372665,0.12171981483697893,0.16210678219795227,0.5341475009918213,-1.2669335603713987,0.2507076561450958,-0.27671274542808527,-0.6302319169044496,0.6302335262298584,0.06639806181192398,0.0750362351536751,-0.9218865633010864,0.07840514183044434,0.295259952545166,-0.49070569872856146,-0.21214503049850464,-0.008174446411430836,-0.27174702286720276
-0.28640276193618774,-0.1805982440710068,0.6552027463912964,0.9963468313217165,0.033779580146074295,-0.06981860846281052,0.035740237683057785,-0.6734816431999208,-0.03981788083910942,-0.3136172890663147,1.0408613681793213,-0.20976778864860532,-0.27698403596878046,0.4129111170768738,-0.3454892635345459,0.21320345997810364,0.9229453206062317,-0.5982611179351808,0.18444769084453583,0.12680697441101074,0.1570344120264053,0.5332255959510803,-1.2539186477661133,0.1286485344171524,-0.31674686074256897,-0.570292055606842,0.552177369594574,0.028025344014167786,0.17608876526355743,-1.0038421154022217,0.1735379248857498,0.32885298132896423,-0.40922176837921137,-0.28262606263160706,0.010359380394220352,-0.28377389907836914
-0.29428797960281367,-0.18129143118858335,0.6458191871643065,0.9969256520271299,0.04160135239362717,-0.05730683729052544,0.03353395313024521,-0.7206457853317261,-0.04816926643252373,-0.30307096242904663,1.054427146911621,-0.20776377618312836,-0.2731536328792572,0.408623605966568,-0.3861316442489624,0.17663168907165527,0.8615145087242126,-0.6822431087493896,0.21378555893898007,0.12188058346509932,0.11329273879528044,0.5251203179359436,-1.2474305629730225,0.02664827741682529,-0.3543521761894226,-0.48524913191795355,0.4929096698760986,-0.013802630826830864,0.31905597448349,-1.075286030769348,0.21710039675235748,0.34290269017219543,-0.33541974425315857,-0.33647310733795166,0.03185926377773285,-0.3157163858413696
-0.3007561564445496,-0.1853860467672348,0.6478008031845093,0.996424913406372,0.04558444023132324,-0.06420423835515976,0.030615871772170063,-0.6964040994644165,-0.04402378574013711,-0.30101487040519714,1.0215404033660889,-0.18815551698207852,-0.27494257688522333,0.40085205435752874,-0.38387691974639887,0.1945847719907761,0.8926987051963806,-0.6898882389068604,0.22314733266830444,0.10643635690212248,0.08494887501001358,0.5290989279747009,-1.214200735092163,-0.05846786126494408,-0.414075642824173,-0.37599530816078186,0.44628933072090154,-0.06411059945821762,0.45288813114166254,-1.0943830013275146,0.21888203918933868,0.3537391722202301,-0.2729377746582031,-0.35292670130729675,0.019076157361269,-0.3142714500427246
-0.3088744580745697,-0.19049423933029172,0.6573471426963806,0.9960384368896483,0.04299430176615715,-0.07560797780752182,0.01850211434066296,-0.6399781703948976,-0.011407750658690928,-0.295513778924942,0.953965961933136,-0.15389509499073029,-0.2755996584892273,0.36490333080291754,-0.35616087913513184,0.24774186313152316,0.9820883870124816,-0.6351044178009033,0.21323144435882568,0.09833219647407533,0.07541545480489731,0.5237453579902649,-1.1445332765579224,-0.09522906690835951,-0.4913803935050964,-0.27696582674980164,0.4163583815097809,-0.12325881421566008,0.563911199569702,-1.079907774925232,0.19934438169002527,0.36581453680992126,-0.2370041459798813,-0.4175776839256287,0.005884654354304075,-0.2769351005554199
-0.31888237595558167,-0.197012722492218,0.6746770143508911,0.9948280453681946,0.0483064278960228,-0.08930961042642593,-0.002736855996772647,-0.5410717129707336,0.025892443954944607,-0.26784309744834894,0.8229913711547852,-0.0856756493449211,-0.27272558212280273,0.31700080633163447,-0.34032756090164185,0.31305158138275146,1.0641967058181763,-0.5501618981361389,0.196871280670166,0.09047600626945496,0.06017739325761795,0.49722796678543085,-1.0167584419250488,-0.06140928715467453,-0.5242998003959656,-0.2545471787452698,0.3935841023921967,-0.18301013112068176,0.6104242205619812,-1.0112454891204832,0.16003474593162537,0.3802710473537445,-0.2718903422355652,-0.505301296710968,-0.02449706941843033,-0.19954709708690643
-0.330089807510376,-0.2064200192689896,0.6948922872543335,0.9938697814941406,0.05481181293725968,-0.09206588566303252,-0.027247799560427666,-0.4461425542831421,0.06109998375177384,-0.24521300196647644,0.6375687718391417,0.026186900213360783,-0.27729228138923645,0.25441569089889526,-0.32436972856521606,0.36582711338996887,1.0933862924575803,-0.48469224572181696,0.20167076587677,0.07941000908613205,0.05725279822945594,0.44374442100524897,-0.793530523777008,0.053040485829114914,-0.4577055275440216,-0.3901398181915283,0.325253427028656,-0.2443569302558899,0.6135485172271729,-0.8719748258590697,0.07265488058328627,0.36200001835823054,-0.3885483145713806,-0.5249974131584167,-0.07387395203113557,-0.13351111114025116
-0.3421795666217804,-0.2175014168024063,0.7119662761688232,0.9937387108802797,0.053137898445129395,-0.08782579004764557,-0.044117700308561325,-0.3749895691871643,0.09436919540166855,-0.26695895195007324,0.439678817987442,0.17244333028793335,-0.2946389317512512,0.1974245011806488,-0.31546729803085327,0.3450373113155365,1.078017234802246,-0.4818513691425323,0.20732857286930084,0.06327817589044571,0.0658593699336052,0.4026879072189331,-0.5272926688194275,0.19433797895908356,-0.29031825065612793,-0.553203284740448,0.2523736357688904,-0.30531570315361023,0.6226364374160768,-0.7010951042175293,-0.04846809431910514,0.2799248695373535,-0.5144519805908203,-0.4191437363624573,-0.12418903410434722,-0.09980261325836179
