0.057924658060073846,-0.00734577653929591,0.7759637832641602,0.9999013543128968,0.006643465254455805,-0.012311191298067568,-0.0012763310223817823,0.08289805054664612,0.06638118624687195,0.23071688413619995,0.14655165374279022,-0.21634763479232788,-0.07260551303625107,0.1492314487695694,-0.08532280474901198,-0.4009040296077728,0.1505245417356491,-0.2544432580471039,0.08220913261175156,-0.08505887538194656,0.010090085677802563,0.10985760390758514,0.04789354279637337,0.24871781468391416,-0.4639427661895752,0.979381799697876,0.269219309091568,-0.019630536437034607,-0.06716084480285645,0.13987623155117035,-0.19372242689132688,0.2582104802131653,0.9321544170379639,-0.24444986879825592,0.00609120074659586,0.0826416015625
0.05801352113485336,-0.007882816717028618,0.7759383916854857,0.9999020099639891,0.006614033132791519,-0.012177764438092709,-0.0019826618954539295,0.08258960396051408,0.06681787222623825,0.23177289962768555,0.1462537497282028,-0.21819917857646945,-0.07351057231426239,0.14848828315734863,-0.08574626594781876,-0.3994673192501068,0.15182620286941528,-0.2546946406364441,0.08341769129037857,-0.0843304693698883,0.010451355949044228,0.1086602583527565,0.04877747595310211,0.24848459661006927,-0.46495166420936573,0.9815021753311155,0.2719443738460541,-0.019243571907281876,-0.07113903760910034,0.1403254121541977,-0.19395665824413297,0.25655296444892883,0.931520104408264,-0.24447050690650937,0.007160473149269819,0.08311103284358978
0.05837717652320862,-0.008398354053497314,0.7757816910743713,0.9999018311500547,0.006604908034205437,-0.012106573209166527,-0.0024609751999378204,0.08192211389541627,0.06686295568943024,0.23244173824787137,0.1470848172903061,-0.2189907431602478,-0.0735877975821495,0.14779384434223175,-0.0862066000699997,-0.3981650471687317,0.15359584987163544,-0.25558143854141235,0.0837993174791336,-0.08450455963611601,0.010948671028017996,0.10826632380485535,0.0491650216281414,0.24769018590450287,-0.46541011333465576,0.9850572347640992,0.2759370803833008,-0.019292809069156647,-0.07338423281908035,0.1396128088235855,-0.19432078301906583,0.25435352325439453,0.930249273777008,-0.24197275936603543,0.007647419814020395,0.08284211158752441
0.05864010751247407,-0.008755535818636417,0.7756081819534301,0.9999003410339357,0.00657648267224431,-0.0121223209425807,-0.003014649730175733,0.08164627104997635,0.0668782889842987,0.23282349109649655,0.14791615307331085,-0.219584584236145,-0.07330457866191864,0.14739656448364255,-0.086536705493927,-0.3969483375549317,0.15546587109565735,-0.25677046179771423,0.08379866182804108,-0.08468785136938095,0.011370718479156494,0.10812146216630936,0.0494181290268898,0.24666127562522888,-0.4651091396808624,0.9889256358146669,0.27901726961135864,-0.018432768061757088,-0.07368170469999313,0.1385795623064041,-0.19447603821754453,0.253167062997818,0.9288083314895629,-0.2393935024738312,0.007647121790796518,0.08220946043729782
0.058833211660385125,-0.008957548066973686,0.7754557728767395,0.9998978972434995,0.006556491367518902,-0.01217031292617321,-0.0036185996141284704,0.08189892768859862,0.06687206774950027,0.23320236802101132,0.1477983593940735,-0.219985231757164,-0.07319286465644835,0.1471804827451706,-0.08659016340970993,-0.39519169926643366,0.1568901240825653,-0.25791022181510925,0.0835797041654587,-0.08487676829099654,0.011688404716551304,0.10802556574344636,0.04926162585616112,0.24570927023887637,-0.46455442905426025,0.9924870729446413,0.27979549765586853,-0.0173778235912323,-0.0725376084446907,0.13741993904113767,-0.19458675384521484,0.25222694873809814,0.9272791147232056,-0.23734711110591888,0.007426328025758266,0.08150338381528854
0.05897162482142448,-0.009129110723733902,0.7753657102584839,0.9998961091041566,0.006570514291524887,-0.012102367356419563,-0.00425018509849906,0.08209262043237686,0.06665930896997452,0.2333945333957672,0.14711439609527588,-0.21994811296463007,-0.07292570918798447,0.1469588279724121,-0.08642099797725677,-0.39321520924568176,0.15757761895656583,-0.25858959555625916,0.08321273326873779,-0.08526521176099777,0.011943785473704338,0.1078268438577652,0.048775579780340195,0.24489548802375796,-0.4635620713233948,0.9956133365631104,0.2791718542575836,-0.016526468098163605,-0.07130823284387589,0.1363447904586792,-0.19469070434570312,0.25198081135749817,0.9255887866020202,-0.23510113358497617,0.0069560185074806205,0.08060964941978455
0.05906631797552109,-0.009272774681448936,0.775357186794281,0.9998939633369444,0.006623056251555681,-0.01197908166795969,-0.004968435503542423,0.08220741152763367,0.06633954495191574,0.23392514884471893,0.14631493389606476,-0.2196711152791977,-0.07256082445383072,0.14670519530773163,-0.08614101260900497,-0.3911188840866089,0.15747687220573425,-0.25877407193183893,0.08288820832967758,-0.08554034680128098,0.012092087417840956,0.1079242080450058,0.0481526106595993,0.2446152865886688,-0.4624228775501251,0.9977754354476928,0.27854377031326294,-0.01643526740372181,-0.07036902755498886,0.13513022661209106,-0.1948806196451187,0.25258201360702515,0.9241217970848083,-0.2339420020580292,0.006474163383245468,0.07941239327192305
0.05918956920504569,-0.009594125673174858,0.7753770351409912,0.9998940229415891,0.006645468063652515,-0.011666620150208471,-0.005622213706374168,0.08184453099966049,0.066131092607975,0.23461350798606873,0.14565712213516235,-0.2192872017621994,-0.07251201570034027,0.1463763564825058,-0.08553235232830046,-0.38878533244133,0.15617667138576508,-0.25811895728111267,0.0826815217733383,-0.08582488447427748,0.012317946180701256,0.10796859860420228,0.04736129939556122,0.2447867691516876,-0.46157833933830256,0.9991076588630675,0.27803048491477966,-0.016773568466305733,-0.0697464793920517,0.134205624461174,-0.1953384429216385,0.25388079881668085,0.9230996966362,-0.233986496925354,0.00581262307241559,0.07872184365987778
0.05870885401964188,-0.00939622428268194,0.7753992676734924,0.9998959302902221,0.006628779694437981,-0.011259548366069792,-0.0061122048646211615,0.08125552535057069,0.06608359515666962,0.23527871072292328,0.14536252617835999,-0.2191143482923508,-0.07241758704185484,0.1461496353149414,-0.08487867563962936,-0.38669878244400013,0.15439185500144958,-0.2572186291217804,0.08257555961608887,-0.08601636439561844,0.012603139504790306,0.1080031171441078,0.04651068150997162,0.24528826773166656,-0.4615374207496643,0.9996952414512633,0.2775167822837829,-0.0173419788479805,-0.06951531767845154,0.13330616056919095,-0.19583511352539065,0.25556680560112,0.922525405883789,-0.23478046059608457,0.005259525962173939,0.07867097109556198
0.05857163667678833,-0.009635365568101406,0.7754209041595459,0.999898374080658,0.0065807560458779335,-0.010858929716050625,-0.006473739165812731,0.08083095401525497,0.06607839465141296,0.23575296998023984,0.14493954181671143,-0.2188245505094528,-0.07241873443126678,0.1460161954164505,-0.08439447730779648,-0.38526386022567755,0.1526802033185959,-0.25637689232826233,0.08225084096193314,-0.08608392626047134,0.012955311685800552,0.10817540436983109,0.045468974858522415,0.24604272842407224,-0.4622684121131897,0.9997613430023192,0.2768115103244781,-0.017810257151722908,-0.06966336071491241,0.1324251294136047,-0.1963820457458496,0.2573763132095337,0.9224752783775328,-0.2344349175691605,0.004769109655171633,0.07866429537534714
0.05842119082808495,-0.009687468409538269,0.7754258513450623,0.999900996685028,0.006535669788718224,-0.01050644926726818,-0.006701713427901268,0.08048387616872787,0.06604507565498352,0.23591573536396024,0.1446031630039215,-0.21874594688415527,-0.07227076590061188,0.145847886800766,-0.08413184434175491,-0.38451153039932245,0.1514493227005005,-0.25577765703201294,0.08173504471778868,-0.08600926399230957,0.013276610523462296,0.10856367647647856,0.04420625418424606,0.24718736112117767,-0.46383202075958246,0.9992745518684387,0.27671489119529724,-0.018312489613890648,-0.06993646919727325,0.13177025318145752,-0.19714011251926425,0.2589950561523437,0.9226247668266296,-0.23250314593315125,0.004389207344502211,0.07862331718206404
0.058342527598142624,-0.00968061853200197,0.775420069694519,0.9999045729637146,0.006510601378977299,-0.010148199275135992,-0.006746263243258,0.08019088953733443,0.06600221246480942,0.23593319952487943,0.14445593953132627,-0.2188589572906494,-0.0721125453710556,0.14582277834415436,-0.08395518362522125,-0.384568065404892,0.1505242884159088,-0.2556329369544983,0.08105740696191788,-0.08585947006940842,0.013434257358312607,0.10905206948518752,0.042494066059589386,0.2488103061914444,-0.4659045040607452,0.9984052181243896,0.27739965915679926,-0.018841318786144257,-0.07006058096885681,0.1309909075498581,-0.19798429310321808,0.2606530785560608,0.9231852293014526,-0.23015369474887848,0.0041393167339265355,0.07876507192850113
0.05832727998495102,-0.009585794061422348,0.7754201889038086,0.9999079108238221,0.006495819892734289,-0.0098311398178339,-0.006726372987031937,0.08021785318851472,0.06590694934129715,0.23591098189353943,0.14415231347084043,-0.21880637109279633,-0.07191191613674164,0.14600470662117004,-0.08358256518840788,-0.3846190869808197,0.1496857851743698,-0.2557448744773865,0.080239899456501,-0.08563456684350966,0.013412627391517162,0.1094611808657646,0.04077579826116562,0.2505256831645965,-0.46750631928443914,0.9974218606948851,0.2781626582145691,-0.019055727869272232,-0.06978345662355423,0.1302916407585144,-0.1987018585205078,0.26243698596954346,0.924283266067505,-0.22848612070083615,0.004851854871958494,0.07884291559457779
0.058348651975393295,-0.009473452344536781,0.7754399776458739,0.9999119639396669,0.006468736100941896,-0.009461160749197006,-0.006688140332698822,0.08009774982929228,0.06595448404550552,0.23611922562122345,0.14371593296527863,-0.218626081943512,-0.07172568887472153,0.14606590569019315,-0.083139568567276,-0.3847255408763885,0.14872294664382935,-0.2557915151119232,0.07960080355405806,-0.08533363789319992,0.013361438177525995,0.10968030989170074,0.0392947681248188,0.25208476185798645,-0.4684637784957886,0.9964683651924131,0.2794868350028992,-0.01866809092462063,-0.06878814846277237,0.12945616245269775,-0.19937127828598025,0.264007568359375,0.9257261753082275,-0.22734840214252472,0.005928277969360352,0.0793178007006645
0.05838380381464958,-0.009423241019248962,0.7754851579666138,0.9999162554740904,0.006442603189498185,-0.009031067602336407,-0.0066705537028610715,0.07969287782907486,0.06603774428367615,0.23639623820781708,0.14337053894996643,-0.2186632603406906,-0.07148946821689606,0.1456368118524551,-0.08285029232501982,-0.3847971558570862,0.14818061888217926,-0.2561396658420563,0.07912418246269226,-0.08486326038837434,0.01321752555668354,0.10981973260641098,0.03836805373430252,0.2533459663391113,-0.4689805507659912,0.9953734278678894,0.28087401390075684,-0.01815323531627655,-0.06750935316085815,0.12833240628242493,-0.1998724043369293,0.2654170095920563,0.9277506470680237,-0.2264423221349716,0.00672499043866992,0.0797267034649849
0.05852747708559036,-0.00934993103146553,0.7755451202392578,0.9999197125434877,0.006435604300349951,-0.008623838424682617,-0.006689069792628288,0.0790807157754898,0.06596216559410095,0.23636861145496368,0.14341360330581665,-0.21916991472244263,-0.07129013538360596,0.1450279951095581,-0.08277709037065507,-0.3849913477897644,0.1480879187583923,-0.25685393810272217,0.07878354191780089,-0.08438216894865037,0.012954396195709704,0.11014078557491302,0.037474341690540314,0.2542513608932495,-0.469279021024704,0.9944721460342408,0.2823600471019745,-0.017704250290989876,-0.06662790477275848,0.12685246765613556,-0.20028889179229736,0.2669694721698761,0.9301313161849976,-0.2254870682954788,0.007088657468557358,0.08007342368364334
0.05872329324483872,-0.009283745661377905,0.7755941152572631,0.9999217987060547,0.006405992899090052,-0.008251537568867207,-0.006879983935505152,0.07847338914871216,0.0658707246184349,0.2365172654390335,0.14362759888172147,-0.22003686428070068,-0.07123897969722748,0.14403493702411652,-0.08280260115861891,-0.38480281829833984,0.1486065536737442,-0.25779423117637634,0.07847636938095091,-0.08393793553113937,0.012559314258396624,0.11051107197999954,0.036466829478740685,0.25472891330718994,-0.4695626199245453,0.9937740564346312,0.28370919823646545,-0.017292756587266922,-0.0667179748415947,0.12520205974578855,-0.20060569047927856,0.2686767578125,0.9326698184013367,-0.22428995370864868,0.007152840029448271,0.08027666807174681
0.059034980833530426,-0.009319646283984184,0.7756285071372986,0.9999226331710817,0.006296680774539709,-0.00789712555706501,-0.007263645995408296,0.07765644788742065,0.0661572739481926,0.23717206716537476,0.14488102495670319,-0.22150880098342893,-0.07136847823858261,0.14281855523586273,-0.08277425915002823,-0.38440459966659546,0.14955487847328186,-0.25892922282218933,0.07823747396469116,-0.08342642337083817,0.012112056836485863,0.11080843210220336,0.03532657399773598,0.25509899854660034,-0.4697371125221253,0.9932531118392944,0.28528380393981934,-0.01716165989637375,-0.06755238026380539,0.12357860058546066,-0.20082436501979828,0.2707381844520569,0.9345961213111875,-0.22417840361595157,0.006927151698619127,0.08052536845207214
0.059423748403787606,-0.009448464959859848,0.7756068706512451,0.9999210834503172,0.006119742523878813,-0.007583908271044493,-0.007933270186185837,0.07693274319171906,0.06689149886369705,0.2387304902076721,0.14698649942874908,-0.223686084151268,-0.07138383388519287,0.1413540095090866,-0.08289388567209244,-0.3839736878871918,0.151480495929718,-0.2608336806297302,0.07823848724365233,-0.0830189138650894,0.011559178121387959,0.11092278361320496,0.034326046705245965,0.2553422451019287,-0.4704133570194244,0.9930604696273805,0.28763508796691895,-0.016002411022782322,-0.06896696239709854,0.1218770295381546,-0.2010620683431625,0.27252522110939026,0.9355687499046323,-0.22443875670433044,0.006555996835231781,0.08076768368482588
0.059994958341121674,-0.009549189358949661,0.7755288481712341,0.9999176859855651,0.00583532126620412,-0.007320588454604147,-0.008776076138019562,0.07644944638013838,0.06811062246561049,0.24067063629627228,0.14966148138046265,-0.22695247828960416,-0.07180248200893402,0.14009898900985715,-0.08277440071105957,-0.38327446579933167,0.1542162001132965,-0.2634568810462952,0.07804553210735321,-0.08288407325744629,0.011033820919692516,0.11087609082460403,0.03398009389638901,0.25553205609321594,-0.4707885086536408,0.9926111698150634,0.29152631759643555,-0.01384744979441166,-0.07113870233297348,0.11974243074655531,-0.20127126574516296,0.27324414253234863,0.9351282715797424,-0.22541116178035736,0.006385767366737127,0.08038946241140364
0.06065412610769272,-0.009733755141496658,0.7753664255142213,0.9999110102653505,0.0056132725439965725,-0.007166472263634205,-0.009750633500516415,0.07645148783922195,0.06934390962123871,0.24286970496177676,0.1526869833469391,-0.23114083707332608,-0.07236737757921219,0.13894550502300262,-0.08263061195611954,-0.3815093338489533,0.15796205401420593,-0.2671724259853363,0.07817116379737854,-0.0831407755613327,0.010070498101413248,0.11068394035100936,0.03377318009734154,0.2556515038013458,-0.470381498336792,0.9901936054229736,0.29836940765380854,-0.010185315273702145,-0.07351467013359068,0.11713988333940505,-0.20121128857135767,0.27249842882156367,0.9327009320259094,-0.22590823471546173,0.006596712861210108,0.07898415625095366
0.06142314523458481,-0.010007556527853012,0.7751168012619017,0.9998998045921325,0.005607007071375847,-0.007123326417058705,-0.01087433472275734,0.07819604128599168,0.06987588852643967,0.24554263055324557,0.15335378050804138,-0.23539769649505612,-0.07355561852455139,0.13843680918216705,-0.08266394585371017,-0.37870791554450983,0.16178901493549347,-0.2717682421207428,0.0785786509513855,-0.08396357297897337,0.008370528928935526,0.11014048010110856,0.034501977264881134,0.2559286057949066,-0.4678249061107635,0.982208251953125,0.3082430958747864,-0.005563308484852314,-0.07531758397817612,0.11507372558116911,-0.2007299512624741,0.2715909779071808,0.9269444942474365,-0.22580929100513455,0.0065787117928266525,0.07699891924858093
0.06336402148008347,-0.011307496577501295,0.7747928500175475,0.9998854994773864,0.005802457686513662,-0.007190934382379055,-0.011983546428382397,0.08187098056077957,0.06950090080499649,0.2480519413948059,0.1515788584947586,-0.2393370419740677,-0.07485590875148773,0.13943079113960266,-0.08258457481861113,-0.3755968809127808,0.16414988040924072,-0.2763437330722809,0.07898333668708801,-0.08478643745183943,0.006141407880932093,0.10911213606595992,0.03650713711977005,0.25645866990089417,-0.46241757273674006,0.9643471837043761,0.3202346265316009,-0.001528340857475996,-0.07534317672252655,0.11510291695594788,-0.20028230547904968,0.27333498001098633,0.9163712859153748,-0.224157378077507,0.005011989269405603,0.07554937154054642
0.06526710093021393,-0.01177855022251606,0.7743869423866272,0.9998752474784851,0.006007073912769556,-0.007394762244075536,-0.012598687782883644,0.086170993745327,0.06941737234592438,0.25006669759750366,0.15051573514938354,-0.24424877762794492,-0.07666503638029097,0.14231631159782407,-0.08234487473964691,-0.3743576407432556,0.16531237959861755,-0.2818240523338318,0.07858442515134811,-0.0860741287469864,0.003644617041572928,0.10759948939085005,0.03958413004875183,0.25788721442222595,-0.4552813768386841,0.9336910843849182,0.3316381573677063,0.00014857813948765397,-0.07290267199277878,0.117597296833992,-0.20094309747219083,0.280485600233078,0.9009268879890442,-0.22407861053943637,0.0007399547030217946,0.07740966975688934
0.06816283613443375,-0.012591339647769928,0.7738180160522462,0.9998759031295776,0.005940861999988556,-0.00795559026300907,-0.012229589745402336,0.08897983282804489,0.07096720486879349,0.24996687471866608,0.1552039533853531,-0.25279277563095087,-0.07931319624185562,0.14718316495418549,-0.08182836323976515,-0.37649327516555786,0.16627460718154907,-0.289163202047348,0.07678325474262236,-0.08784736692905426,0.0014231525128707288,0.10637348890304564,0.04069500416517258,0.2609097957611084,-0.44988390803337097,0.8944838643074036,0.33831584453582764,-0.0033378389198333025,-0.06807927042245865,0.1213965192437172,-0.2033807337284088,0.29267820715904236,0.8845369815826416,-0.2282260209321976,-0.00664134556427598,0.08509980887174606
0.0718063935637474,-0.013660121709108353,0.7728947401046754,0.9998826980590819,0.005556541960686444,-0.009413329884409904,-0.010727842338383196,0.08740844577550888,0.07529262453317642,0.24753080308437347,0.17434237897396088,-0.2690083980560303,-0.08253940939903259,0.1541692614555359,-0.08138716965913773,-0.3815901875495911,0.170192152261734,-0.3004555106163025,0.07461873441934586,-0.08960179239511491,-0.0004960442893207073,0.10683631151914597,0.03512896969914436,0.2654201984405517,-0.45026695728302,0.8559648394584655,0.3387742042541504,-0.009787255898118019,-0.06208563596010208,0.12350835651159286,-0.20752780139446256,0.3073473572731018,0.8753144145011901,-0.23842905461788175,-0.012690801173448563,0.0958615094423294
0.07598465681076051,-0.014948496595025063,0.7713032960891724,0.9998971223831176,0.0043870797380805016,-0.011608675122261047,-0.007196528837084769,0.07626345008611679,0.0840054079890251,0.23902229964733124,0.218387633562088,-0.2981382608413696,-0.08547497540712355,0.16424560546875,-0.07879395782947539,-0.39001965522766113,0.17482182383537292,-0.31470707058906555,0.07375723868608473,-0.09194575995206831,-0.0013932825531810522,0.10988833755254744,0.01865416392683983,0.2706933915615082,-0.45846673846244806,0.8262915611267091,0.3374074697494507,-0.013737901113927364,-0.056580878794193275,0.12122851610183716,-0.21329522132873532,0.32340544462203974,0.8775948286056519,-0.2541637122631073,-0.013242170214653015,0.10569927096366882
0.08029989898204803,-0.016389846801757812,0.7687457799911499,0.99991637468338,0.0004443937505129725,-0.012923737987875938,-7.674450898775831e-05,0.047843944281339645,0.10125645995140076,0.2195666581392288,0.29355183243751526,-0.34036660194396967,-0.08779528737068176,0.17862679064273834,-0.06740418821573257,-0.40615144371986395,0.17036303877830505,-0.32561978697776794,0.07602744549512862,-0.09597039967775343,0.0032367922831326723,0.11451411992311476,-0.014074581675231457,0.2766892910003662,-0.47542676329612726,0.8075690269470215,0.33791518211364746,-0.01283121109008789,-0.05412255972623825,0.11310979723930357,-0.22122573852539065,0.3412806987762451,0.8873991370201111,-0.27226206660270685,-0.012491830624639988,0.11387628316879272
0.084396131336689,-0.017828887328505516,0.7652420401573181,0.9998133778572081,-0.008682040497660639,-0.012890190817415714,0.011473048478364944,0.002519721630960703,0.12917843461036682,0.18416742980480197,0.3927654922008514,-0.39255619049072266,-0.0919538363814354,0.19919857382774356,-0.04010995477437973,-0.4341720342636108,0.14885364472866058,-0.3281271457672119,0.07972712814807892,-0.10181118547916412,0.019263383001089096,0.12209049612283707,-0.06652487069368361,0.281557559967041,-0.5012863874435425,0.795186698436737,0.3454471826553345,-0.0078031294979155055,-0.059183329343795776,0.10184889286756516,-0.23492099344730377,0.3606986105442047,0.8965750336647034,-0.2839309573173523,-0.01792740263044834,0.11843462288379668
0.08813486993312836,-0.019004302099347115,0.7614203095436096,0.9994147419929504,-0.017805466428399086,-0.012083935551345348,0.026592014357447624,-0.03924058377742767,0.1509416550397873,0.14067935943603516,0.4734469056129456,-0.4368955790996552,-0.10069179534912108,0.21313162147998807,-0.015730926766991615,-0.46818199753761286,0.14436712861061096,-0.33836525678634644,0.08363549411296844,-0.10995681583881378,0.03691978380084038,0.13376791775226593,-0.1362578272819519,0.28098487854003906,-0.5393746495246887,0.7865853309631348,0.3648727536201477,0.0006470725638791919,-0.072282537817955,0.09130868315696716,-0.25776296854019165,0.37842154502868647,0.9029520750045776,-0.28343647718429565,-0.028020940721035004,0.11781597882509232
0.09169707447290419,-0.019951067864894863,0.7582709193229675,0.9988176226615904,-0.01941392570734024,-0.009215745143592356,0.043605901300907135,-0.06222312152385712,0.14903193712234497,0.1021302118897438,0.5038440227508545,-0.45954981446266174,-0.11396163702011108,0.20375157892704007,-0.02045448496937752,-0.5000557899475098,0.1909024715423584,-0.36952844262123113,0.087577223777771,-0.12035564333200453,0.04129424691200256,0.14394101500511167,-0.2144920378923416,0.27315154671669006,-0.593798041343689,0.7771316766738892,0.39929452538490295,0.010517125949263573,-0.0924193039536476,0.08688551187515257,-0.28719034790992737,0.38542976975440973,0.9091662764549256,-0.27210724353790283,-0.038327258080244064,0.11006823182106018
0.09578466415405272,-0.020808197557926175,0.7556850910186766,0.998213231563568,-0.009414027445018291,-0.0012597977183759212,0.05899215117096901,-0.0736415758728981,0.1201845109462738,0.08037137240171432,0.48899209499359125,-0.4577221274375916,-0.13083600997924805,0.148095965385437,-0.07389343529939651,-0.5231755375862122,0.3256292939186096,-0.4287843108177185,0.08823633193969727,-0.12970423698425293,0.024373477324843407,0.14611150324344635,-0.2956833243370056,0.264189749956131,-0.6567085385322571,0.7412408590316771,0.43770116567611694,0.01337529718875885,-0.11485417187213896,0.0899817943572998,-0.31537064909935,0.38112756609916687,0.9090992808341982,-0.24642881751060483,-0.04141664505004882,0.09848801046609879
0.09910008311271667,-0.02135951817035675,0.7544490098953246,0.997634708881378,0.01380218006670475,0.0160050168633461,0.06540923565626144,-0.07804028689861298,0.06350041180849075,0.08963169157505035,0.42389145493507385,-0.4239882826805114,-0.1461593210697174,0.029981356114149094,-0.1839319616556168,-0.5124601721763611,0.5551767349243164,-0.4841735363006592,0.08459004759788513,-0.1300954520702362,-0.01737883687019348,0.13572104275226593,-0.3731476962566376,0.2717396318912506,-0.7064723372459412,0.6524085402488708,0.442369282245636,-0.000492372433654964,-0.12374142557382584,0.1027548611164093,-0.3452582359313965,0.38323602080345154,0.879385232925415,-0.2151480466127396,-0.04710545018315315,0.09124311804771423
0.10312861204147337,-0.02191968262195587,0.7540463805198668,0.997425138950348,0.028064563870429993,0.033279694616794586,0.05699051171541213,-0.07024640589952469,0.0346062108874321,0.11240500956773757,0.35508155822753906,-0.3990562260150909,-0.1657864600419998,-0.12834271788597107,-0.2702739536762237,-0.4449813961982727,0.8214399218559265,-0.4668062329292297,0.07378171384334563,-0.12516392767429352,-0.03785751387476921,0.1326392292976379,-0.43727108836174006,0.2989518940448761,-0.7256206274032592,0.5168025493621825,0.42360866069793696,-0.02888057567179203,-0.11791948974132536,0.11558260768651962,-0.38689666986465454,0.3947432041168213,0.8293305039405823,-0.18532639741897583,-0.057243067771196365,0.08647885173559187
0.10977081954479216,-0.023115683346986767,0.7540551424026489,0.9977601766586304,0.030751558020710945,0.04576943442225456,0.037869539111852646,-0.05087675154209137,0.035385146737098694,0.1430288404226303,0.2995913326740265,-0.3846611976623535,-0.1823256462812424,-0.30690720677375793,-0.28634083271026606,-0.32830244302749634,1.0717066526412964,-0.37391820549964894,0.051151663064956665,-0.11674796044826508,-0.03326590359210968,0.13602539896965027,-0.4764289259910584,0.3424549698829651,-0.7223052978515626,0.37392887473106384,0.4105964004993439,-0.04797744378447533,-0.10557341575622559,0.1307559311389923,-0.434115082025528,0.41028526425361633,0.7793577313423156,-0.1628496944904327,-0.06526937335729599,0.08482009917497635
0.12138460576534273,-0.025885324925184246,0.7545902729034423,0.9980307221412658,0.024482162669301036,0.0550653450191021,0.0174094345420599,-0.021634578704833984,0.057284191250801086,0.16908445954322815,0.25267305970191956,-0.37700140476226807,-0.1931946724653244,-0.4500032961368561,-0.23147314786911008,-0.22682942450046537,1.2238811254501343,-0.3082339465618133,0.05803275853395463,-0.11417839676141738,-0.009859762154519556,0.14029039442539215,-0.47326686978340154,0.40364825725555414,-0.720755398273468,0.2504999935626984,0.4157479107379913,-0.05595210567116737,-0.08868630230426787,0.15102076530456543,-0.47305136919021606,0.416589230298996,0.7419089674949646,-0.14234834909439087,-0.06468231976032257,0.08374074846506119
0.1372196078300476,-0.02965839579701424,0.755816102027893,0.9978254437446593,0.013145755976438522,0.06444433331489563,-0.0043020304292440414,0.02139069326221943,0.08830346912145615,0.19925446808338165,0.1901165395975113,-0.36572235822677607,-0.20137351751327515,-0.5538767576217651,-0.17066341638565063,-0.18647104501724243,1.2746524810791016,-0.29982495307922363,0.0794098898768425,-0.11912525445222855,0.026021350175142288,0.1431427001953125,-0.4275811016559601,0.4782305657863617,-0.7183663249015808,0.14868378639221191,0.436225175857544,-0.054903000593185425,-0.08631030470132828,0.16701388359069824,-0.49647420644760126,0.4103741645812988,0.7216396927833557,-0.12547454237937927,-0.05671728402376175,0.08117273449897766
0.15560173988342285,-0.03411250561475754,0.7562779784202575,0.9967917799949646,0.0004037218168377876,0.0753619596362114,-0.026954095810651776,0.059959698468446725,0.11991194635629653,0.23506245017051697,0.13790525496006012,-0.35919663310050964,-0.20748624205589292,-0.639040470123291,-0.1400245726108551,-0.1979846954345703,1.2367607355117796,-0.30341944098472595,0.08847660571336746,-0.13065661489963531,0.06678909808397293,0.14433608949184415,-0.3520117700099945,0.5543522238731384,-0.7110491394996643,0.0691213607788086,0.46527373790740967,-0.04559481889009476,-0.10601783543825148,0.17578020691871643,-0.5060414671897888,0.39441657066345215,0.711689293384552,-0.1215868890285492,-0.04463055729866028,0.08459771424531937
0.17635641992092133,-0.03929334133863449,0.7536292672157286,0.9951450824737549,-0.008150278590619564,0.08552795648574829,-0.04800865799188614,0.08698774874210356,0.14308075606822968,0.27004054188728327,0.12153862416744232,-0.3739500343799591,-0.2150256037712097,-0.7100270986557007,-0.13088949024677277,-0.2217574566602707,1.120489716529846,-0.2885226607322693,0.10390957444906233,-0.1489330530166626,0.09951920807361601,0.14980018138885498,-0.2668372392654419,0.6241395473480225,-0.6970740556716919,0.00311757973395288,0.5047732591629028,-0.031985826790332794,-0.13752968609333038,0.18345502018928528,-0.5096046328544617,0.377397894859314,0.7029262781143188,-0.12639202177524567,-0.034958139061927795,0.09361913055181505
0.19779644906520844,-0.04525219649076462,0.7457649111747741,0.9937105178833008,-0.007246523164212702,0.09158113598823549,-0.06403037160634995,0.11890387535095213,0.1454911231994629,0.2987410128116608,0.11891470104455948,-0.4064562320709229,-0.2229081690311432,-0.760411262512207,-0.1466139256954193,-0.24531252682209012,0.9464073181152344,-0.2542138397693634,0.12255551666021348,-0.1781603246927261,0.11147929728031158,0.16321483254432678,-0.18586909770965576,0.6870540976524353,-0.6800914406776428,-0.05855464190244675,0.5518590807914734,-0.018207628279924393,-0.1707831770181656,0.19424700736999512,-0.5113410353660583,0.3606663346290588,0.6890906095504761,-0.1420841813087463,-0.03171342611312866,0.10572556406259535
0.2205934226512909,-0.052379783242940896,0.7337636351585389,0.9924772381782532,-0.00047328576329164207,0.09567000716924669,-0.07639335840940475,0.15550965070724487,0.13434360921382904,0.3168269097805023,0.12206017225980759,-0.4485993385314941,-0.22606977820396423,-0.796409785747528,-0.1812579035758972,-0.28233176469802856,0.7580743432044984,-0.2079109996557236,0.12424195557832717,-0.21106028556823728,0.1116371378302574,0.17857567965984344,-0.11638527363538742,0.7448816299438477,-0.6586946249008179,-0.12473540753126144,0.599786639213562,-0.001008297549560666,-0.20371250808238983,0.20831033587455747,-0.5068209171295166,0.3380708694458008,0.6706157922744751,-0.16458651423454285,-0.033129990100860596,0.11783217638731001
0.24627262353897092,-0.06074036657810211,0.7200086712837219,0.9907431602478028,0.00460381293669343,0.1022067591547966,-0.08922208100557326,0.19233618676662445,0.1266546845436096,0.3291904330253601,0.13475018739700317,-0.49483382701873774,-0.226837620139122,-0.8391101956367492,-0.20778630673885343,-0.3287559747695923,0.6278049945831299,-0.18475849926471713,0.0962231308221817,-0.2362830638885498,0.11949112266302107,0.18925416469573972,-0.05324435979127884,0.7946191430091859,-0.6265168786048889,-0.18631891906261444,0.6560718417167664,0.01998646929860115,-0.22646018862724304,0.21797138452529907,-0.49578908085823054,0.3072710931301117,0.6530137658119202,-0.17755676805973053,-0.0324864499270916,0.12266700714826584
0.27552998065948486,-0.0718219205737114,0.7067078948020935,0.9884664416313171,0.007871720939874649,0.1090644672513008,-0.10477147251367568,0.23706360161304477,0.12073596566915512,0.3479152023792267,0.13819850981235504,-0.521845281124115,-0.2318154275417328,-0.8707154393196107,-0.20431286096572876,-0.3590849041938782,0.5658266544342041,-0.18924710154533383,0.08053206652402876,-0.2535351514816284,0.13274498283863068,0.19213926792144773,0.017795102670788765,0.8259438872337341,-0.5847554802894592,-0.22826699912548065,0.7263819575309753,0.04419146850705146,-0.24020780622959137,0.2270196229219437,-0.47868162393569946,0.270927757024765,0.6394269466400145,-0.18097811937332156,-0.032968416810035706,0.12650489807128906
0.3095095753669739,-0.08620107173919676,0.6976560354232788,0.9853019118309022,0.004326404072344303,0.11550399661064148,-0.12577868998050687,0.29915374517440796,0.1245698630809784,0.36670175194740295,0.11943445354700089,-0.5076660513877869,-0.22914214432239527,-0.8687766790390015,-0.1689544916152954,-0.3898189067840576,0.5751670598983765,-0.17538577318191528,0.049839913845062256,-0.25393420457839966,0.15699069201946259,0.1753506362438202,0.1105864644050598,0.8299344182014465,-0.5315065979957581,-0.24777774512767792,0.7846055030822755,0.0694865882396698,-0.2532312273979187,0.24070481956005096,-0.45691645145416254,0.24382470548152924,0.639889121055603,-0.167273610830307,-0.035404205322265625,0.1313924491405487
0.3495208323001861,-0.10510226339101791,0.6938961744308472,0.9814900755882264,0.000925100641325116,0.12031703442335127,-0.14899733662605283,0.36657950282096863,0.12360952794551848,0.3860805928707122,0.11290162801742552,-0.4052606523036957,-0.21820612251758573,-0.8907883167266845,-0.1363081932067871,-0.3769067227840424,0.7025682330131531,-0.16452853381633759,-0.021621258929371837,-0.23768678307533264,0.17979946732521057,0.14201314747333527,0.19502702355384824,0.8085074424743651,-0.4755549132823944,-0.24613939225673676,0.800719976425171,0.06721088290214539,-0.24519875645637512,0.25327247381210327,-0.4298118650913239,0.22827453911304477,0.6584915518760681,-0.16051356494426727,-0.038696691393852234,0.1315183937549591
0.39191305637359614,-0.12762463092803955,0.696567952632904,0.9782257676124573,-0.005615431815385818,0.10947296023368835,-0.17623429000377655,0.38394939899444575,0.16225405037403107,0.3965729176998138,0.3078679144382477,-0.29817456007003784,-0.19361156225204468,-0.8537455201148986,-0.08330905437469481,-0.34523844718933105,0.8096687197685242,-0.2011876404285431,-0.0942845270037651,-0.2098931521177292,0.19289861619472504,0.1322328150272369,0.2493019253015518,0.7699996829032899,-0.4313353300094605,-0.20174866914749143,0.8196995258331299,0.06911572068929672,-0.229865163564682,0.2479545474052429,-0.4067889750003815,0.2258107215166092,0.7025163173675537,-0.16938523948192596,-0.04074784740805626,0.1329364776611328
0.4333973824977874,-0.1525225043296814,0.7042056918144226,0.975064218044281,-0.011250816285610197,0.08973848074674606,-0.2026578783988953,0.3279605209827423,0.23555916547775269,0.3954041302204132,0.6717097163200377,-0.19824619591236117,-0.11212373524904252,-0.7567446827888488,-0.03008118644356728,-0.3232797682285309,0.8449912667274475,-0.2757771611213684,-0.1265190541744232,-0.18315893411636353,0.19383293390274048,0.14618219435214996,0.2648967504501343,0.7134600281715393,-0.40680786967277527,-0.11397495120763779,0.8354428410530089,0.07852697372436523,-0.20570096373558044,0.2227504849433899,-0.38578918576240534,0.23383860290050504,0.7473591566085814,-0.20307977497577667,-0.035219501703977585,0.14401057362556455
0.47285693883895874,-0.17851276695728302,0.7137652635574341,0.9729238748550416,-0.015412227250635624,0.07280655205249785,-0.21881699562072757,0.2189378887414932,0.3308403193950653,0.3987036943435669,1.01992928981781,-0.19600531458854675,0.01580214500427246,-0.6381351351737976,0.010699381120502949,-0.3112330734729767,0.8207552433013917,-0.3331107199192047,-0.1376250684261322,-0.16182151436805725,0.18802335858345032,0.16397890448570251,0.2474120259284973,0.6587678790092468,-0.39666008949279785,-0.004428013693541288,0.823971152305603,0.0875503346323967,-0.18107929825782773,0.19723474979400635,-0.36975717544555664,0.2389702945947647,0.7611306905746461,-0.2318284660577774,-0.03358839452266693,0.15762127935886383
0.5120927691459656,-0.20465855300426483,0.7259511947631837,0.9715524315834044,-0.01778818666934967,0.061166103929281235,-0.22809690237045288,0.08348768949508667,0.38851264119148254,0.3779421746730805,1.2332892417907715,-0.28770264983177185,0.08844276517629622,-0.5140663981437683,0.04420283064246178,-0.29459109902381897,0.753227710723877,-0.3651261925697327,-0.1420552283525467,-0.1466604471206665,0.17537516355514526,0.1734463721513748,0.22098232805728912,0.6173577904701233,-0.38940942287445063,0.11441975086927413,0.7923268675804137,0.08079962432384491,-0.1586333066225052,0.1729266047477722,-0.35347059369087214,0.22298340499401087,0.7363272309303284,-0.24362631142139435,-0.03541959449648857,0.15404053032398224
0.549237847328186,-0.2295374274253845,0.7394076585769653,0.9702128767967224,-0.020512621849775314,0.053393859416246414,-0.23540468513965607,-0.081564724445343,0.42669427394866943,0.35276353359222407,1.3512946367263792,-0.3516029715538025,0.13279195129871368,-0.3778815865516663,0.08272361755371092,-0.27071982622146606,0.6381174921989441,-0.3688047528266906,-0.13606861233711243,-0.1322029083967209,0.16234806180000305,0.1809573918581009,0.19503089785575864,0.584810435771942,-0.3816117942333221,0.23744061589241028,0.7470881342887878,0.07310949265956879,-0.1387205570936203,0.14580634236335754,-0.3350283205509186,0.187092199921608,0.6932685375213623,-0.2264607846736908,-0.044169221073389046,0.1378229260444641
0.5837327837944031,-0.2523561120033264,0.7516608238220215,0.9685016870498656,-0.021838966757059097,0.04670247435569763,-0.24361102283000943,-0.24822622537612915,0.43675512075424194,0.3338485062122345,1.3566480875015259,-0.3723982870578766,0.1431741565465927,-0.23337671160697937,0.11619498580694199,-0.24053040146827695,0.49399480223655695,-0.35101062059402466,-0.12418629229068756,-0.11528169363737106,0.1439383327960968,0.1868964284658432,0.18000975251197815,0.559679388999939,-0.3745951056480408,0.3587414622306824,0.7028549909591675,0.07343573123216629,-0.12948904931545255,0.11268549412488936,-0.316526472568512,0.1434240490198135,0.6513104438781737,-0.1850760877132416,-0.056501355022192,0.12495343387126923
0.6180445551872252,-0.27434155344963074,0.7596700787544249,0.9657241702079774,-0.019819781184196472,0.04160379618406296,-0.25544682145118713,-0.37825784087181086,0.4348669052124024,0.35745725035667414,1.2542386054992676,-0.37079206109046936,0.1321892291307449,-0.09839994460344313,0.1338113248348236,-0.20537081360816956,0.35330104827880854,-0.3266323208808899,-0.10901295393705368,-0.09371735900640488,0.11904480308294296,0.184744656085968,0.18189574778079984,0.5402942895889281,-0.3623230159282684,0.46393835544586176,0.6723692417144775,0.08392681181430817,-0.1330152004957199,0.0702972263097763,-0.3053058087825775,0.10926724970340727,0.6196125149726868,-0.13751335442066193,-0.06631848961114883,0.12670770287513733
0.6533643007278441,-0.29553842544555664,0.7615726590156555,0.9612786173820496,-0.017457641661167145,0.03922436013817787,-0.2722133994102478,-0.4652884900569916,0.42884215712547297,0.4123076200485229,1.0765638351440427,-0.3462737202644348,0.10480876266956328,0.01741493120789528,0.1390637755393982,-0.17026390135288239,0.2416730523109436,-0.31074756383895874,-0.09025879204273225,-0.0636557787656784,0.09814905375242232,0.17434965074062347,0.20085154473781583,0.5235190391540527,-0.33642321825027466,0.5355861783027649,0.6548506617546082,0.09380644559860227,-0.13911482691764832,0.01801026612520218,-0.312271386384964,0.09672916680574416,0.5973783135414124,-0.1039408966898918,-0.06838701665401459,0.13868455588817596
0.6908503174781799,-0.31583037972450256,0.756704270839691,0.9545677900314333,-0.019692275673151016,0.03764376416802406,-0.2949500381946564,-0.525812029838562,0.4127659797668457,0.4551188349723816,0.8523908257484435,-0.2682439386844635,0.05655957013368607,0.1172891929745674,0.14010728895664215,-0.1331506073474884,0.1747763454914093,-0.317212849855423,-0.06700945645570755,-0.02352270111441612,0.09101639688014984,0.16043303906917572,0.23936328291893005,0.5082010626792908,-0.2983110547065735,0.5656388401985168,0.6357879638671875,0.0910516157746315,-0.13605834543704987,-0.04378055408596992,-0.3421507179737091,0.10808285325765608,0.5804193019866943,-0.09286705404520033,-0.05992590636014938,0.1543283760547638
0.7294156551361085,-0.3356788158416748,0.7454083561897277,0.9453297853469848,-0.02920550107955933,0.0338771715760231,-0.3230339884757996,-0.5507934093475342,0.3993426859378815,0.4880790710449218,0.5911405086517334,-0.14345869421958923,-0.011413566768169405,0.20995175838470456,0.1390262395143509,-0.09031174331903456,0.14766545593738556,-0.3428955376148224,-0.04001623764634132,0.027138926088809967,0.10120286792516708,0.1489863395690918,0.299463152885437,0.49457338452339167,-0.2532098591327667,0.5520501732826233,0.6135311722755432,0.07853101193904877,-0.1253083199262619,-0.11111758649349213,-0.3964278697967529,0.1398450881242752,0.5665910840034485,-0.09356505423784257,-0.04673616960644721,0.1682060658931732
0.7688871622085571,-0.35442888736724854,0.7305539846420288,0.9320361614227296,-0.04801802337169647,0.027552079409360886,-0.35811132192611694,-0.5240053534507751,0.407517284154892,0.5311635732650757,0.305910587310791,-0.04145050421357154,-0.10513968020677567,0.3052445650100708,0.14228525757789612,-0.03579656034708023,0.1338484287261963,-0.36553704738616943,-0.012295261956751347,0.0926421582698822,0.1353575885295868,0.1390352100133896,0.3668381571769714,0.4831214249134064,-0.19982001185417173,0.5086681842803955,0.5980335474014281,0.06412327289581299,-0.11125433444976807,-0.17666117846965787,-0.47463783621788014,0.1984766721725464,0.5622454285621643,-0.09036426991224289,-0.032083652913570404,0.17807260155677795
0.8122051954269409,-0.3740198910236359,0.7158968448638916,0.9179822206497192,-0.06236916407942772,0.019848855212330815,-0.3911837637424469,-0.5289111733436584,0.42622607946395874,0.5323625206947327,0.15798000991344452,-0.06497550755739212,-0.13073444366455078,0.402903139591217,0.11784844100475313,0.003705060807988048,0.13039365410804749,-0.38223204016685486,0.019806355237960812,0.15959440171718595,0.1662795841693878,0.1223381906747818,0.42805162072181696,0.46810719370841974,-0.1512189507484436,0.4534078538417816,0.6013237237930298,0.0545869879424572,-0.09746417403221129,-0.2302100658416748,-0.5669256448745728,0.2665422856807709,0.5648938417434692,-0.08837822824716568,-0.023618297651410103,0.18184375762939453
0.8584554195404052,-0.3966190814971924,0.7038612961769104,0.9100751280784608,-0.06896956264972687,0.008723782375454903,-0.4085710942745209,-0.5443065166473389,0.4214787185192108,0.5144976377487184,0.11996841430664062,-0.12613439559936523,-0.1340961307287216,0.5097310543060303,0.06881707906723022,0.0042372155003249645,0.12305068224668501,-0.3732409775257111,0.06685832142829895,0.2104005664587021,0.1833030879497528,0.10466876626014708,0.476887434720993,0.45424252748489374,-0.11337029933929443,0.4105350971221924,0.6317600607872009,0.047050151973962784,-0.08484737575054167,-0.2540937662124634,-0.6585591435432434,0.3201691508293152,0.5737168192863464,-0.09210140258073807,-0.021771946921944615,0.17456918954849243
0.9058964252471923,-0.4200613498687744,0.6964660882949829,0.9131335020065309,-0.05976836755871773,-0.004520271439105272,-0.40323004126548767,-0.5174315571784973,0.3388991951942444,0.48435822129249567,0.09921088069677354,-0.1061730310320854,-0.11703899502754211,0.5817402601242065,0.006483037024736404,-0.05199255049228668,0.194354385137558,-0.32326117157936096,0.14309954643249512,0.23533663153648376,0.1655629724264145,0.08384983986616135,0.5137326121330261,0.44301226735115046,-0.08119284361600877,0.37387397885322565,0.6769802570343018,0.04912299662828445,-0.07619472593069075,-0.23859697580337524,-0.741621196269989,0.33651942014694214,0.590947687625885,-0.1035446524620056,-0.028555285185575485,0.16600051522254944
0.9509344100952147,-0.4412626624107361,0.6956517100334167,0.9251994490623474,-0.019174480810761448,-0.018587034195661545,-0.37854054570198054,-0.520184338092804,0.18304231762886047,0.45916309952735906,0.1414167433977127,0.12380424886941908,0.012121155858039856,0.46495211124420166,-0.10157767683267592,-0.07872079312801361,0.5875200629234314,-0.24704964458942413,0.18245407938957212,0.2414072751998901,0.09065551310777664,0.07385007292032243,0.5091356635093689,0.43820479512214655,-0.05458764731884003,0.3438604474067688,0.7092664837837219,0.06514015048742294,-0.06436727941036224,-0.18037481606006625,-0.816923677921295,0.3270088732242584,0.6144824624061584,-0.1386847347021103,-0.03661605715751648,0.17148329317569733
0.9910014271736144,-0.45984986424446106,0.6949095726013184,0.932383120059967,-0.013891588896512983,-0.04960296303033829,-0.3577825129032135,-0.5453509092330933,0.15644358098506927,0.408603310585022,0.416035920381546,0.1431307941675186,0.1052766591310501,0.3755298852920532,-0.16342653334140775,-0.0732433944940567,0.9950115084648131,-0.08560243248939514,0.1608734279870987,0.2494342476129532,0.08506614714860915,0.10269131511449812,0.5031774044036865,0.43091872334480286,-0.0421808697283268,0.312793105840683,0.7381023764610289,0.08126596361398698,-0.051936302334070206,-0.1469249576330185,-0.8400586247444154,0.3097071647644043,0.6846252083778381,-0.14358004927635193,-0.03963723033666611,0.14900512993335724
1.0279257297515867,-0.47473376989364624,0.694527268409729,0.9345518946647645,-0.01531877275556326,-0.08149319887161255,-0.34603011608123774,-0.5211666822433472,0.14616017043590543,0.40045526623725886,0.6262016892433168,0.009987509809434414,0.14771288633346555,0.25820744037628174,-0.197302371263504,-0.006898345425724983,1.353877544403076,-0.04423585534095764,0.13227371871471405,0.2532908022403717,0.09812926501035689,0.14543201029300687,0.48471742868423456,0.41389158368110657,-0.07207737863063811,0.2759876549243927,0.7755851149559022,0.11718828231096268,-0.02358196303248405,-0.15424580872058868,-0.8227068781852721,0.30307626724243164,0.7949395179748534,-0.12583883106708527,-0.02425391972064972,0.10163814574480055
1.061458706855774,-0.48731189966201777,0.7023340463638306,0.9356501102447508,-0.009026149287819862,-0.1047479435801506,-0.3369055092334748,-0.4297342300415039,0.10085488855838776,0.4252762496471405,0.6474004983901978,-0.04659539088606834,0.17885057628154755,0.09763967990875244,-0.19323889911174771,0.09410931915044785,1.5622766017913818,-0.1763148009777069,0.12693603336811063,0.2300056368112564,0.10475920885801315,0.17538140714168549,0.45675668120384216,0.39930459856987,-0.12259227782487868,0.23472703993320465,0.8114094734191895,0.144959419965744,-0.02772265486419201,-0.169480100274086,-0.7979384064674377,0.30600577592849726,0.8684618473052977,-0.08701804280281066,-0.03316617012023926,0.05903139337897301
1.093645095825195,-0.5003737211227417,0.7124568819999695,0.9371917843818665,-0.03100500628352165,-0.12442342191934584,-0.3243902623653412,-0.34221139550209045,0.1042417362332344,0.39896231889724726,0.7011479139328003,-0.1357606202363968,0.18618124723434448,-0.05989748984575272,-0.25604674220085144,0.06032747030258179,1.5898476839065552,-0.23390778899192807,-0.03475404158234596,0.1863478720188141,0.15867388248443604,0.2011091113090515,0.42010173201560974,0.39075237512588495,-0.18605899810791013,0.2043250650167465,0.8143172860145568,0.1427565962076187,-0.04248965904116631,-0.15244348347187042,-0.7647174000740051,0.29678136110305786,0.8725782632827759,-0.04721909388899803,-0.022697025910019875,0.046841271221637726
1.1234261989593504,-0.5136939883232117,0.7204744219779968,0.9410588741302489,-0.04020392894744873,-0.14009369909763336,-0.30523034930229187,-0.24097907543182373,0.0705566555261612,0.38476812839508057,0.6822207570075989,-0.194226548075676,0.18917077779769895,-0.18664970993995664,-0.2853092849254608,0.03962884098291397,1.4212976694107056,-0.27554917335510254,-0.08587035536766051,0.12087948620319366,0.1841133087873459,0.2204337865114212,0.3903260231018066,0.3946989774703979,-0.2374694645404816,0.16114385426044464,0.7995516061782837,0.14221227169036865,-0.07645068317651747,-0.09954042732715607,-0.7351945638656616,0.281111627817154,0.8277519941329955,-0.024037351831793785,-0.018255565315485,0.06268172711133957
1.148273468017578,-0.5257148742675781,0.7282532453536987,0.945366084575653,-0.0373709499835968,-0.1470850110054016,-0.28853484988212585,-0.1655208319425583,0.020189778879284855,0.38696840405464167,0.6155070066452025,-0.1957737505435944,0.19766551256179807,-0.2587396502494812,-0.250018835067749,0.05366979166865349,1.0599751472473145,-0.25254228711128235,0.014564579352736471,0.05526353046298027,0.18162333965301516,0.22835069894790647,0.3623750507831573,0.43181851506233215,-0.2732684910297394,0.09222328662872313,0.7559848427772523,0.14330531656742096,-0.12279633432626724,-0.05844076350331306,-0.7051066160202025,0.27065569162368774,0.7840805053710938,-0.04498503357172012,0.0031369191128760576,0.10379377007484436
1.168609619140625,-0.5377388596534729,0.732304275035858,0.9488078951835632,-0.03547509387135506,-0.13628551363945007,-0.28272145986557007,-0.15890881419181824,0.015971697866916656,0.3915791809558869,0.6261667609214783,-0.22248198091983795,0.20233945548534396,-0.3437277972698212,-0.2193670868873596,0.06714094430208206,0.6375119686126709,-0.16285572946071625,0.029341354966163635,0.006117436569184065,0.1758243292570114,0.23190090060234067,0.35717493295669556,0.47944247722625727,-0.29271918535232544,0.013010727241635323,0.6995726227760315,0.1407793164253235,-0.14666330814361572,-0.04089763015508652,-0.6749576926231384,0.28659349679946894,0.7660550475120544,-0.06837482750415802,0.04283344000577927,0.16231627762317655
1.1848658323287964,-0.5481600761413574,0.728498101234436,0.9512166380882264,-0.026394106447696682,-0.12104249745607376,-0.2825581133365631,-0.17272046208381653,0.00385249825194478,0.3910328447818756,0.6626006364822388,-0.27565649151802063,0.2086935192346573,-0.4194773137569427,-0.17434771358966827,0.09007669985294342,0.2846932113170624,-0.05671025440096855,0.10338826477527618,-0.0352410189807415,0.15826216340065002,0.2461477816104889,0.3570384979248047,0.5353379249572754,-0.2874496579170227,-0.015779443085193634,0.6861723065376282,0.1443278193473816,-0.14414925873279572,-0.05327577143907546,-0.6567273139953613,0.35138341784477234,0.7782484292984008,-0.11324305087327956,0.05852475389838219,0.23015888035297397
1.1992799043655396,-0.5570348501205444,0.725811779499054,0.956347107887268,-0.0175902359187603,-0.12177826464176177,-0.2650675475597381,-0.1651734560728073,-0.026999741792678836,0.377767026424408,0.6884446740150452,-0.3190569579601288,0.20374795794487,-0.6957619786262512,-0.19491881132125852,0.061607565730810165,0.590900719165802,-0.07005687803030014,0.015016228891909122,-0.07765527814626692,0.1212381199002266,0.2850332260131836,0.31874439120292664,0.6220060586929321,-0.32874947786331177,-0.012605863623321056,0.6767179369926453,0.12725301086902618,-0.17153534293174744,-0.05008111149072647,-0.6194256544113159,0.40360584855079645,0.7617264986038208,-0.1239923909306526,0.05771900340914726,0.20492249727249143
1.214389681816101,-0.5653050541877747,0.7273476123809814,0.9641416668891906,-0.01857956685125828,-0.13666437566280365,-0.22673450410366056,-0.12467189878225327,-0.06656217575073242,0.3221583068370819,0.6896001696586609,-0.32595375180244446,0.20373351871967316,-0.8034768104553223,-0.24729374051094052,-0.007879802025854588,0.7141515612602234,-0.049436245113611214,0.010168411768972872,-0.13685840368270874,0.08647922426462173,0.3415502607822418,0.27521809935569763,0.7098976373672485,-0.37760183215141296,0.0036869100295007225,0.7334469556808471,0.11790107935667037,-0.2214402407407761,-0.010870249941945076,-0.5614156126976013,0.41845622658729553,0.7461397647857666,-0.1480225175619125,0.03980149328708649,0.1464458405971527
1.229639172554016,-0.5736005306243896,0.7329857945442199,0.9692842364311217,-0.04467887431383133,-0.13335075974464417,-0.20176586508750916,-0.10377921909093855,-0.019812684506177906,0.2678137123584748,0.7098193764686584,-0.3618056774139404,0.19039554893970487,-0.7722620368003845,-0.21285633742809293,-0.11567408591508864,0.5580283403396606,0.0754581019282341,0.024626681581139565,-0.1724233776330948,0.12603652477264404,0.3707223534584045,0.25664460659027094,0.7502948641777039,-0.37725996971130366,0.027571475133299828,0.7790958881378173,0.1340901404619217,-0.2286868244409561,0.04900635406374931,-0.5056756138801575,0.3716257512569427,0.7410606741905212,-0.15999136865139008,0.031796060502529144,0.09122783690690994
1.2465330362319946,-0.5828931331634521,0.739934504032135,0.9731848835945128,-0.050656817853450775,-0.12996168434619904,-0.18290722370147705,-0.06257832050323486,-0.01583893597126007,0.2326021194458008,0.6729312539100647,-0.3698789477348328,0.18111285567283633,-0.7027618288993835,-0.19381734728813169,-0.2114906758069992,0.3144058883190155,0.16512630879878995,0.07434674352407454,-0.18918924033641812,0.1303557455539703,0.37378278374671936,0.26386579871177673,0.7585130333900452,-0.33263081312179565,0.0343020036816597,0.7701435685157776,0.15957064926624298,-0.21667267382144928,0.11092782765626907,-0.4492718577384949,0.2957473993301392,0.7394884228706359,-0.14423981308937073,0.03521446883678436,0.05224330723285675
1.2628471851348877,-0.5918477177619934,0.7457201480865479,0.9773329496383667,-0.04624856635928153,-0.1257666051387787,-0.16390272974967957,-0.025047482922673225,-0.03274427726864815,0.20375894010066983,0.6288166046142578,-0.3684713542461395,0.17323608696460724,-0.6861872673034668,-0.19635678827762604,-0.279504269361496,0.22400088608264923,0.16206000745296478,0.07982969284057617,-0.200283482670784,0.11502633988857268,0.3643004894256592,0.275117427110672,0.762177586555481,-0.28407591581344604,0.00897503737360239,0.7219464182853698,0.1682967245578766,-0.2106275260448456,0.16307538747787476,-0.3944210112094879,0.24224194884300232,0.7394692301750182,-0.1173042356967926,0.04601791501045227,0.04008900374174119
1.2798051834106443,-0.6010661721229553,0.7496231794357299,0.9804846048355103,-0.03968472033739089,-0.1202639266848564,-0.15037143230438232,0.003062536474317312,-0.04850393161177635,0.1870754510164261,0.59349125623703,-0.3701619505882263,0.16610710322856903,-0.6868000030517578,-0.1838952749967575,-0.2943814992904663,0.22144408524036407,0.1263631135225296,0.07329294085502625,-0.2004951536655426,0.09611857682466507,0.3519676923751831,0.29257073998451233,0.7677077054977418,-0.24648185074329376,-0.03940270096063614,0.6686536073684692,0.1603182703256607,-0.20928643643856049,0.20100437104701996,-0.3513064980506897,0.23986053466796875,0.7428818941116333,-0.09399043023586272,0.053565818816423416,0.05621879175305367
1.297276735305786,-0.6107222437858582,0.751369833946228,0.982649028301239,-0.030062058940529823,-0.1147361546754837,-0.14259319007396698,0.026412049308419228,-0.06978941708803177,0.18332751095294952,0.5583377480506897,-0.3724772334098816,0.1601465344429016,-0.6540288329124451,-0.153214693069458,-0.2583872973918915,0.2169092446565628,0.10927046090364456,0.08568076044321059,-0.1917610466480255,0.07315176725387573,0.3336918652057648,0.30408939719200134,0.77410489320755,-0.23326136171817777,-0.08750828355550766,0.6465811133384705,0.15389743447303772,-0.22201043367385864,0.22968517243862152,-0.3267629146575928,0.28335902094841003,0.7462732195854187,-0.08162230998277664,0.053744394332170486,0.0817836821079254
1.3148565292358398,-0.6205004453659058,0.753491461277008,0.9843738079071045,-0.025465639308094975,-0.10728006064891817,-0.13729789853096008,0.04400531947612762,-0.0764741450548172,0.18036524951457977,0.5332742929458617,-0.3798936605453491,0.1535670310258865,-0.6109010577201843,-0.11624108999967576,-0.2130443304777145,0.2676540017127991,0.0989009216427803,0.05650253221392632,-0.17502428591251373,0.06110655516386032,0.31062197685241694,0.3121875524520874,0.7761495113372802,-0.23741984367370603,-0.1283876746892929,0.6380183100700377,0.14760933816432953,-0.2320624142885208,0.2525741755962372,-0.31241005659103394,0.35062605142593384,0.7545450329780578,-0.08139485865831374,0.05655511096119881,0.11708395928144454
1.3308284282684326,-0.6294905543327332,0.755248785018921,0.9856517910957336,-0.02195357345044613,-0.10139025747776031,-0.13314875960350037,0.06754673272371292,-0.08032131195068358,0.17713202536106107,0.5060429573059082,-0.3917710185050964,0.1454673856496811,-0.5519058704376221,-0.07598015666007996,-0.15496528148651123,0.3583891689777374,0.07721257209777832,0.012564252130687237,-0.15412612259387967,0.04955219104886055,0.28655147552490234,0.32056960463523865,0.7725138068199157,-0.25350239872932434,-0.1653749942779541,0.6543533205986023,0.14529570937156677,-0.2550612688064575,0.26633599400520325,-0.3110987246036529,0.44539433717727667,0.7712832689285278,-0.10631085187196732,0.06057172641158104,0.1591656357049942
1.3455533981323242,-0.6381664276123047,0.7564089298248291,0.9864979386329651,-0.01922915317118168,-0.09729576855897903,-0.13032877445220947,0.0944964364171028,-0.0819588154554367,0.17211613059043884,0.4778459370136261,-0.4056292176246643,0.13624000549316406,-0.4918237626552582,-0.040169093757867806,-0.10785035043954848,0.4871968030929565,0.06257271021604538,-0.04301019385457039,-0.13049446046352386,0.04010085016489029,0.26501050591468805,0.3275384902954101,0.7670046687126159,-0.2794649600982666,-0.1971481144428253,0.7014265060424805,0.14919546246528623,-0.2877800166606903,0.2662034630775452,-0.3256855309009552,0.5587557554244995,0.7928171157836914,-0.17710760235786435,0.07038146257400513,0.20354561507701877
1.360559105873108,-0.6474363207817078,0.7583829164505005,0.98733389377594,-0.01898316666483879,-0.09136774390935898,-0.12830954790115356,0.11439568549394608,-0.07637272775173187,0.16148290038108823,0.45467263460159296,-0.41709378361701965,0.12594957649707794,-0.4316506683826447,-0.013953238725662231,-0.10128263384103776,0.6103675365447998,0.0355011411011219,-0.11508718878030776,-0.10302186757326126,0.037784598767757416,0.24259352684021,0.3339173197746277,0.7693802714347838,-0.31720989942550654,-0.2345374822616577,0.7670204043388367,0.15512509644031525,-0.3219256103038788,0.25807005167007446,-0.35852721333503723,0.6872702240943909,0.8082237243652343,-0.31932306289672846,0.0875273197889328,0.2448833733797073
1.3753516674041748,-0.6576170325279236,0.7611967325210571,0.9886879324913026,-0.020470270887017247,-0.07898903638124467,-0.12584872543811798,0.12272275239229202,-0.0636724904179573,0.14476260542869568,0.4309788644313812,-0.4224206507205963,0.11247286200523376,-0.3709631860256195,-0.013488098978996277,-0.16091232001781464,0.7071391940116881,-0.03688190132379532,-0.21484142541885373,-0.0729290321469307,0.03888368234038353,0.21027012169361117,0.3424406349658966,0.7861004471778869,-0.3643786609172821,-0.28371015191078186,0.8338652849197388,0.15532444417476654,-0.35185736417770386,0.25170502066612244,-0.4078307747840881,0.8168999552726746,0.8075489401817322,-0.4978482723236084,0.10572277754545212,0.2693251967430115
1.3890652656555176,-0.6680746674537659,0.7633112072944641,0.9904529452323912,-0.018466630950570103,-0.062318332493305206,-0.12156616896390914,0.1281164437532425,-0.055490318685770035,0.13191114366054535,0.3957042992115021,-0.420149028301239,0.09494701772928238,-0.2819596529006958,-0.03372013568878174,-0.26788631081581116,0.7069697380065918,-0.1734394133090973,-0.2787107229232788,-0.04246185719966888,0.029155742377042767,0.16825950145721436,0.35485777258872986,0.8195134997367859,-0.4047898054122925,-0.3462158441543579,0.8771530985832214,0.1506938189268112,-0.3728655278682709,0.2606629431247711,-0.46019878983497614,0.9163173437118529,0.7871721982955933,-0.6404760479927063,0.12062834203243256,0.2676210105419159
1.4019916057586668,-0.6788383722305298,0.7638379335403441,0.9922974109649657,-0.012427659705281256,-0.0447017215192318,-0.11486148089170456,0.1360379010438919,-0.05530961602926254,0.12210837751626968,0.34670355916023254,-0.4141873717308045,0.07303253561258317,-0.19797596335411072,-0.03047974221408367,-0.3414143919944763,0.6129403114318848,-0.2737877666950226,-0.2737197279930115,-0.01334275398403406,0.008718973025679587,0.12566493451595306,0.3617553114891052,0.8621143698692322,-0.427484542131424,-0.42427995800971985,0.894943118095398,0.14358805119991302,-0.38975271582603455,0.29095974564552307,-0.5088997483253479,0.9818455576896669,0.7441997528076173,-0.7226124405860899,0.12847141921520233,0.25205832719802856
1.4135946035385132,-0.6893632411956787,0.763226807117462,0.9937233924865722,-0.004021662287414074,-0.0283963680267334,-0.1081262156367302,0.1450859159231186,-0.0603165440261364,0.1152973100543022,0.29247546195983887,-0.4042657911777496,0.05513472855091095,-0.16524627804756165,-0.02831171825528145,-0.3806608617305756,0.5431170463562012,-0.32950621843338007,-0.2582528591156006,0.017761921510100365,-0.01729380525648594,0.0975336506962776,0.35325416922569275,0.8980648517608641,-0.43535974621772766,-0.506524920463562,0.8964620232582092,0.13985197246074677,-0.40499359369277954,0.32756513357162476,-0.5464382767677307,1.0249372720718384,0.696485698223114,-0.7472659349441528,0.12392152100801468,0.24559144675731656
1.4253450632095337,-0.7003024220466614,0.7614934444427489,0.9945757389068605,0.0040258942171931275,-0.01575523056089878,-0.10273548960685729,0.1543056219816208,-0.06626151502132416,0.10715179145336153,0.2451530992984772,-0.39890706539154047,0.03831730782985687,-0.16510599851608276,-0.04647177085280418,-0.4196993708610535,0.5448270440101624,-0.35681015253067017,-0.21774859726428983,0.05033107846975327,-0.04230351746082306,0.08807643502950668,0.3248694241046905,0.9228624701499939,-0.4355509579181671,-0.5823902487754822,0.8903133273124695,0.14051911234855652,-0.42038899660110474,0.3538770377635956,-0.5680360794067383,1.0667791366577148,0.666549801826477,-0.7287976741790771,0.105905219912529,0.2527139484882355
1.4366564750671387,-0.7095527648925781,0.758200168609619,0.9948316216468813,0.011737849563360214,-0.010640723630785942,-0.10029465705156326,0.1723267287015915,-0.0722033753991127,0.10591134428977966,0.21755684912204745,-0.40629208087921137,0.024030281230807304,-0.22201152145862577,-0.09217202663421632,-0.4318392872810364,0.6891645789146423,-0.37269407510757446,-0.1880865842103958,0.08157769590616226,-0.0638670027256012,0.10114184021949768,0.28343141078948975,0.9353713989257811,-0.4365150332450866,-0.6415881514549255,0.908408284187317,0.14625082910060883,-0.4175108969211578,0.3549820482730865,-0.5771695375442505,1.1074334383010864,0.6560294032096863,-0.7057265043258666,0.08655616641044615,0.2691346406936645
1.4476993083953855,-0.7180606722831726,0.7549856901168822,0.9949489235877991,0.01999003812670708,-0.008866265416145325,-0.09797165542840956,0.19567447900772092,-0.07756029814481734,0.11341814696788788,0.18992088735103607,-0.4099341928958893,0.015858175233006477,-0.3040931820869446,-0.15504026412963867,-0.43152022361755366,0.889671504497528,-0.34678789973258967,-0.15776723623275757,0.10447297990322112,-0.08523915708065033,0.12440207600593566,0.2429325431585312,0.9389896988868712,-0.44808378815650934,-0.6727379560470581,0.9329270124435424,0.1515208929777145,-0.40233758091926575,0.3401713967323303,-0.5844252705574036,1.13081955909729,0.6517611145973206,-0.674157440662384,0.06589103490114212,0.2674986720085144
1.4615288972854614,-0.7283519506454467,0.7529706954956055,0.9950713515281677,0.01675882376730442,-0.007534914184361696,-0.09744436293840408,0.22644448280334473,-0.056301608681678765,0.11977744102478027,0.1655200719833374,-0.4153680205345154,3.94904918721295e-06,-0.3567115366458893,-0.17440608143806455,-0.4386608302593231,1.0204889774322508,-0.3325345814228058,-0.14222426712512967,0.11579762399196623,-0.08131258189678192,0.13517889380455017,0.21561525762081143,0.9368412494659424,-0.4704994261264801,-0.6729966998100281,0.9494602084159853,0.16011403501033783,-0.4105797111988068,0.33390048146247864,-0.5832123756408691,1.1212462186813354,0.6636812686920166,-0.6438584327697754,0.051943309605121606,0.24548222124576569
1.4781068563461304,-0.7400602102279662,0.7520428895950316,0.9951035976409912,0.006503716111183167,-0.004405070561915636,-0.09852485358715056,0.26130574941635126,-0.01790122501552105,0.1245669424533844,0.14500543475151062,-0.4200118482112885,-0.017603769898414612,-0.406766414642334,-0.14051175117492676,-0.4160751104354858,1.0773251056671143,-0.3579777479171753,-0.10745021700859068,0.10818460583686829,-0.0620240643620491,0.1291806399822235,0.20943231880664823,0.9176169037818909,-0.49393969774246216,-0.6482135653495789,0.9482903480529784,0.16809910535812375,-0.4136216342449188,0.33878841996192927,-0.5648021697998047,1.081022262573242,0.6947504878044128,-0.616533100605011,0.04496752843260765,0.21179424226284027
1.4958928823471067,-0.7526516914367675,0.75104421377182,0.9949621558189392,-0.00444918405264616,0.0012393498327583075,-0.10014469176530838,0.2884715795516968,0.021549798548221588,0.12957780063152313,0.13353775441646576,-0.426137089729309,-0.034047823399305344,-0.47124648094177246,-0.09530751407146451,-0.3728955090045929,1.088523507118225,-0.36005839705467224,-0.04928356409072876,0.08120238035917282,-0.0415344312787056,0.11448962241411208,0.2176678776741028,0.8808044791221618,-0.514463484287262,-0.5974666476249695,0.9290016293525696,0.17045335471630096,-0.400693416595459,0.3461837470531464,-0.5347257852554321,1.0234436988830566,0.7295814752578734,-0.5931111574172974,0.040131263434886925,0.18723243474960327
1.5148843526840208,-0.7660245895385742,0.7475309967994691,0.9945851564407348,-0.01603787951171398,0.006465299986302853,-0.10247612744569778,0.31513917446136475,0.06239459663629532,0.13500282168388367,0.13103216886520383,-0.4423816204071045,-0.05624901503324509,-0.5407416224479675,-0.05685212090611458,-0.32250639796257013,1.0653661489486694,-0.32744285464286804,0.014668594114482403,0.042091574519872665,-0.01609077863395214,0.10379911959171297,0.22157073020935056,0.8332131505012512,-0.5351409912109375,-0.5348697304725647,0.9045409560203552,0.1662272959947586,-0.37999427318573,0.35423266887664795,-0.4980749487876892,0.9473608732223511,0.7602304220199586,-0.5592329502105713,0.030295828357338905,0.16816389560699463
1.534834384918213,-0.7805132865905762,0.7398196458816528,0.9944000244140624,-0.023605030030012127,0.008579334244132044,-0.1026533544063568,0.34373271465301514,0.09547951817512512,0.13352756202220917,0.13714657723903656,-0.47437572479248047,-0.07658383995294571,-0.6117389798164368,-0.027492227032780647,-0.24925166368484497,1.0162160396575928,-0.28985241055488586,0.07325045764446257,-0.008248809725046156,0.005509612150490284,0.10412442684173584,0.20837076008319852,0.7811387777328491,-0.5583234429359436,-0.46915814280509943,0.8837465047836303,0.14873738586902618,-0.3569919466972351,0.35740846395492554,-0.45170068740844727,0.8558117747306823,0.7971211671829223,-0.5051901340484619,0.01333709806203842,0.1411837786436081
1.5553700923919676,-0.7956554889678955,0.7288536429405212,0.9946597218513488,-0.026391785591840744,0.007798199076205491,-0.0994722694158554,0.37338247895240784,0.12048713117837904,0.1251982748508453,0.1532655507326126,-0.5156316757202148,-0.09193620085716248,-0.6766005754470825,-0.012227416038513184,-0.14949236810207367,0.9421716928482056,-0.25243574380874634,0.11146677285432816,-0.0642646923661232,0.019260307773947716,0.11187711358070372,0.17274098098278043,0.7319448590278625,-0.5815618634223938,-0.40675613284111023,0.8701945543289183,0.12732082605361938,-0.34583359956741333,0.35591316223144526,-0.39694997668266296,0.7564691901206969,0.8367263674736024,-0.43720111250877375,-0.0016139685176312923,0.11216343939304352
1.5769411325454712,-0.8107993602752684,0.717434287071228,0.9950758218765258,-0.02540231682360172,0.006777784787118434,-0.09556620568037032,0.40893787145614624,0.13773506879806519,0.1194864511489868,0.1622779667377472,-0.5427610874176024,-0.10514304041862488,-0.7200402021408081,-0.012356351129710674,-0.04089656472206116,0.8306487202644349,-0.21679274737834928,0.13805252313613892,-0.11693601310253143,0.026691567152738568,0.11870234459638596,0.12299370765686037,0.6879683136940001,-0.6026573777198792,-0.3513067066669464,0.8653974533081055,0.11249475926160812,-0.3462851941585541,0.35511526465415955,-0.34455010294914246,0.6686611771583557,0.8638726472854614,-0.37879315018653864,-0.011750328354537489,0.10058409720659256
1.602006196975708,-0.8268355131149293,0.7088038325309753,0.9952007532119752,-0.023873044177889824,0.008209200575947762,-0.09454193711280823,0.44815710186958313,0.15033017098903656,0.12471821159124374,0.16022251546382904,-0.5461242198944092,-0.10827081650495528,-0.7344007492065429,-0.033065568655729294,0.032213110476732254,0.6994783878326416,-0.19029298424720764,0.14797654747962952,-0.16183497011661527,0.034920718520879745,0.11376155167818068,0.07743565738201141,0.6460350155830383,-0.614219069480896,-0.3017800450325012,0.8640587329864502,0.10721205174922945,-0.34850627183914185,0.35904029011726374,-0.3098784387111664,0.6025574207305908,0.8715372085571289,-0.33999913930892944,-0.014229428954422472,0.10556146502494812
1.631996989250183,-0.8451080918312072,0.7020400166511536,0.9947733879089357,-0.024915365502238277,0.010137606412172316,-0.09850092977285384,0.490588515996933,0.1650668233633041,0.13878369331359863,0.1682848185300827,-0.5296185612678528,-0.10902158170938492,-0.7291300296783446,-0.07245548814535141,0.036648668348789215,0.600349485874176,-0.16912280023097992,0.13738349080085754,-0.19688573479652405,0.0492660403251648,0.1012810841202736,0.041471011936664574,0.6084311604499817,-0.6153258681297302,-0.26027950644493103,0.8672257065773009,0.10721134394407272,-0.3434893488883972,0.3679835498332977,-0.2892700731754303,0.5482607483863832,0.866676390171051,-0.3241319954395294,-0.01779366470873356,0.11891140788793564
1.6643048524856567,-0.8659971952438353,0.6950688362121582,0.9932726621627808,-0.03239862248301506,0.011807222850620747,-0.11054570972919464,0.5224212408065796,0.1994367837905884,0.17311227321624756,0.24298591911792755,-0.5033894181251526,-0.10493215173482894,-0.7187609076499938,-0.09367455542087555,-0.015382580459117888,0.5982785820961,-0.1285453736782074,0.12909524142742157,-0.21884705126285553,0.0747600793838501,0.08807160705327988,0.022582244127988812,0.573503315448761,-0.6027455925941467,-0.21124310791492465,0.857411801815033,0.10758383572101592,-0.3241894841194153,0.3743082284927368,-0.27394190430641174,0.502309262752533,0.8624089360237122,-0.3343629240989685,-0.02120271511375904,0.12892112135887146
1.6962816715240479,-0.8882876634597777,0.6901927590370177,0.9904227256774902,-0.04729136452078819,0.012904823757708073,-0.12907296419143677,0.5065485835075377,0.264594703912735,0.22827778756618497,0.4428218603134155,-0.4591114819049835,-0.09287817031145097,-0.7233771681785582,-0.05144290626049042,-0.04828201979398728,0.6852190494537354,-0.02029330283403397,0.13961905241012573,-0.23091362416744232,0.11486889421939848,0.07552789151668547,0.010287662036716938,0.5432930588722229,-0.5667789578437805,-0.14365568757057187,0.8575263619422911,0.09454530477523805,-0.30505645275115967,0.36355224251747126,-0.2625100910663605,0.46139812469482416,0.8687410354614259,-0.34004011750221247,-0.020366627722978592,0.1368448436260223
1.7265576124191284,-0.9105811119079588,0.6862239241600037,0.9856511950492858,-0.06672493368387222,0.006055951118469238,-0.15492847561836243,0.469977468252182,0.3547153174877167,0.28930050134658813,0.7351101040840149,-0.38689437508583063,-0.046909086406230927,-0.7174706459045409,0.029347136616706848,-0.06535151600837708,0.8077526688575744,-0.0987197458744049,0.08478538691997528,-0.23123325407505035,0.1566089689731598,0.08814855664968489,0.010015837848186491,0.5115662813186646,-0.5220133662223816,-0.05725044757127762,0.8608018755912781,0.08407641947269438,-0.2808529734611511,0.3306540548801422,-0.25862976908683777,0.4274166822433472,0.8933411836624146,-0.34579169750213623,-0.01762273721396923,0.1572381854057312
1.7538158893585205,-0.9315630793571472,0.6842288374900818,0.9800392985343933,-0.0892508327960968,-0.00365719897672534,-0.17760583758354187,0.4020220339298248,0.4753616154193878,0.3246295750141144,1.0528781414031982,-0.29682645201683044,0.029205713421106335,-0.6701666712760925,0.11289171874523161,-0.0855017825961113,0.8555970191955566,-0.16759952902793884,0.048004508018493645,-0.23263540863990784,0.19787321984767917,0.12021107971668243,0.010513966903090475,0.4826459884643554,-0.49032860994338984,0.042526528239250176,0.8724965453147888,0.08006096631288528,-0.2386210858821869,0.2775253653526306,-0.2571876049041748,0.39927989244461054,0.9325951337814333,-0.34203606843948364,-0.009058221243321896,0.17767128348350525
1.7790254354476929,-0.9504860043525696,0.683326244354248,0.9767875671386719,-0.09953124821186064,-0.015322105027735232,-0.18906301259994504,0.29954829812049866,0.5734561681747437,0.3358150124549866,1.31818950176239,-0.27423763275146484,0.10702940076589584,-0.6176357865333557,0.15678177773952484,-0.09448027610778809,0.9028084278106688,-0.2414855808019638,0.022260760888457295,-0.2408826053142548,0.20784892141819,0.1531059592962265,0.007209411822259425,0.4637716710567474,-0.4786570966243744,0.14481018483638763,0.8840640783309937,0.07203835248947144,-0.17594757676124573,0.2213262915611267,-0.2531352937221527,0.3601919710636139,0.9634153842926024,-0.34436652064323425,0.009078130125999449,0.1856021136045456
1.8013710975646973,-0.966543197631836,0.6869347095489502,0.9758440256118774,-0.10255908221006392,-0.02447868883609772,-0.19133974611759183,0.14224162697792053,0.6006947159767151,0.2909851372241974,1.5142425298690796,-0.334112286567688,0.1461019515991211,-0.5574792623519897,0.17570447921752927,-0.09530480951070784,0.9197143316268922,-0.2998480498790741,0.00012897346459794787,-0.2502005696296692,0.20206338167190552,0.17852811515331268,0.0002580235595814884,0.4529069662094116,-0.4795495271682739,0.2350017726421356,0.8813534975051879,0.05670380592346192,-0.11195652186870574,0.16899317502975464,-0.24768568575382233,0.29912686347961426,0.9612672924995422,-0.34969997406005854,0.03165508434176445,0.17392604053020477
1.8207406997680664,-0.979513704776764,0.693562388420105,0.9760025739669802,-0.1013384386897087,-0.03291287645697594,-0.18991106748580927,-0.041229892522096634,0.5447084903717041,0.20478120446205136,1.632702112197876,-0.40843525528907776,0.1463579684495926,-0.48945808410644526,0.184119775891304,-0.0875532180070877,0.9111319184303284,-0.3429550528526306,-0.01232871226966381,-0.25396817922592163,0.19005659222602844,0.1985851377248764,-0.008113189600408077,0.44870945811271673,-0.4879047870635986,0.3118870258331299,0.844189941883087,0.04443003609776497,-0.0650552362203598,0.1319480538368225,-0.2432492822408676,0.2365671992301941,0.9294184446334839,-0.34956538677215576,0.04877093806862831,0.15167967975139615
1.8385472297668457,-0.990514874458313,0.7005413770675659,0.9761248230934144,-0.09785661101341248,-0.04167247936129569,-0.18938800692558289,-0.20127220451831815,0.46658235788345337,0.138509601354599,1.675096035003662,-0.45615237951278687,0.1275315135717392,-0.42150160670280457,0.18798711895942688,-0.07490668445825575,0.8940349817276002,-0.37471628189086914,-0.017980625852942467,-0.24765682220458984,0.17467810213565826,0.21323345601558685,-0.009129006415605543,0.454282820224762,-0.5019695162773132,0.3649437129497528,0.7778095006942749,0.03574454411864281,-0.04361257702112198,0.11260847747325896,-0.24209141731262207,0.19484861195087433,0.8781877160072327,-0.3403490483760834,0.05163968726992607,0.13859644532203674
1.8561594486236568,-1.0011005401611328,0.7059103846549988,0.9759745597839357,-0.09378895163536072,-0.04875320568680763,-0.19052690267562863,-0.33275106549263,0.429494708776474,0.12050404399633408,1.6579585075378416,-0.474721074104309,0.1260109096765518,-0.36282768845558167,0.1890627443790436,-0.0644582137465477,0.8805876374244691,-0.4017208814620972,-0.02328464947640896,-0.2324862778186798,0.15924695134162903,0.22095581889152527,0.0019404247868806124,0.46912950277328486,-0.5197396874427795,0.39124378561973566,0.705202579498291,0.028612140566110607,-0.04771041125059128,0.10207072645425797,-0.2462744265794754,0.1867656260728836,0.820892333984375,-0.32711127400398254,0.04595283418893814,0.1472502201795578
1.8735891580581665,-1.0112037658691406,0.7094507813453673,0.9757453203201294,-0.08988393098115921,-0.05305967479944229,-0.1924227923154831,-0.4481951296329498,0.4223725497722626,0.12391519546508788,1.5887123346328735,-0.4684597849845886,0.14269545674324036,-0.3136284649372101,0.18834947049617767,-0.059730473905801766,0.8712456226348878,-0.4287863969802856,-0.029164740815758705,-0.21167227625846863,0.14583265781402588,0.22345593571662903,0.02198854088783264,0.48836416006088257,-0.5383365750312805,0.4049234688282013,0.6463736891746521,0.023480508476495743,-0.0682634562253952,0.09254109114408493,-0.2591395676136017,0.21270643174648285,0.7688962221145629,-0.3194484114646912,0.04000072553753853,0.17725005745887756
1.8917181491851809,-1.020635962486267,0.711540460586548,0.9754165410995485,-0.08650377392768861,-0.05461522936820984,-0.19518414139747617,-0.5438073873519897,0.4085884988307953,0.11994675546884535,1.464807629585266,-0.44291412830352783,0.15080216526985168,-0.2718334496021271,0.18796545267105105,-0.055846523493528366,0.8630604147911071,-0.45596593618392944,-0.03422844782471657,-0.18763831257820127,0.135542094707489,0.22235137224197388,0.04865168035030365,0.5069701075553894,-0.5537921786308289,0.4167150557041168,0.6124184727668761,0.02259158715605736,-0.09695556014776227,0.08114704489707945,-0.28274089097976685,0.2674472630023956,0.727221667766571,-0.3274701535701752,0.03798143193125725,0.22347725927829745
1.911081790924072,-1.0294400453567505,0.7125495076179504,0.9748994708061217,-0.08491728454828262,-0.053073115646839135,-0.19885502755641937,-0.6149306297302246,0.38097500801086426,0.1015406996011734,1.2903687953948975,-0.4037880301475525,0.14055559039115903,-0.2354387789964676,0.191620334982872,-0.050239358097314835,0.8519980907440186,-0.4800029397010803,-0.03881841525435448,-0.1622416079044342,0.13137322664260864,0.21724765002727509,0.08063698559999467,0.5199775099754332,-0.5643007755279541,0.43309518694877613,0.5998796224594116,0.025566620752215385,-0.12771010398864746,0.0685746893286705,-0.31604284048080444,0.3458790779113769,0.6945818662643433,-0.35431405901908875,0.04118165746331215,0.2832946181297302
1.931581139564514,-1.037769079208374,0.713254451751709,0.9741615653038026,-0.08677925169467926,-0.04835920035839081,-0.20283006131649017,-0.6599902510643004,0.3555909097194672,0.07673103362321852,1.082310438156128,-0.34100860357284546,0.12823757529258728,-0.19972674548625943,0.2030347436666489,-0.043788820505142205,0.8293769955635072,-0.4954908192157745,-0.04600004106760025,-0.13858869671821594,0.13683746755123138,0.2082118988037109,0.11571205407381056,0.5234699845314026,-0.5685522556304932,0.4557128846645355,0.5973750352859497,0.02924976870417595,-0.15022489428520203,0.056088875979185104,-0.35555222630500793,0.44280394911766047,0.6691307425498961,-0.39822578430175776,0.04946643486618996,0.3531219065189361
1.9521501064300537,-1.0454986095428467,0.7141819000244141,0.9733316898345948,-0.09115033596754074,-0.04194093868136406,-0.20629584789276123,-0.6837714314460753,0.3421785533428192,0.053345035761594765,0.8799229860305786,-0.2641642987728119,0.12921056151390076,-0.16214458644390106,0.21919234097003937,-0.03737077862024307,0.7957480549812317,-0.5026036500930786,-0.05564826354384422,-0.11761756986379623,0.1495523303747177,0.19851499795913696,0.14669789373874664,0.5181999206542969,-0.56321781873703,0.48253759741783137,0.594920814037323,0.030828656628727913,-0.1583532989025116,0.046208713203668594,-0.3940200507640839,0.5415223240852356,0.6497359871864319,-0.4573378264904022,0.06013718247413635,0.41511896252632147
1.972047448158264,-1.0527738332748413,0.7155773043632507,0.9729886054992675,-0.09611418098211288,-0.03469258546829224,-0.20700646936893463,-0.6955066919326782,0.34272003173828125,0.04482927918434143,0.726353347301483,-0.21444866061210632,0.13807573914527893,-0.12187092006206512,0.23401035368442533,-0.03511496260762215,0.7550136446952819,-0.5061015486717224,-0.06510813534259796,-0.10072030127048492,0.164678692817688,0.1907868385314941,0.1712092012166977,0.507560968399048,-0.5414757132530212,0.5138619542121887,0.585132896900177,0.030611615628004078,-0.1511106640100479,0.04589281231164932,-0.4273946285247802,0.6236844658851624,0.628813624382019,-0.5247639417648315,0.06918157637119293,0.45495384931564326
1.991705656051636,-1.060030460357666,0.7186170220375061,0.9740681052207946,-0.10042440891265868,-0.026586433872580528,-0.20099617540836331,-0.6968598961830139,0.35068815946578974,0.05987025797367096,0.6229814291000366,-0.20719125866889956,0.14080533385276794,-0.07559335231781004,0.2421275228261948,-0.04454166814684868,0.6999191045761108,-0.49906492233276367,-0.07369647175073622,-0.09356664121150969,0.17817451059818268,0.18440987169742584,0.1932247132062912,0.4926043450832367,-0.5038125514984131,0.5508394241333008,0.5640943646430969,0.02867746725678444,-0.1308480203151703,0.0643676221370697,-0.4532848298549652,0.6624781489372252,0.5988073348999025,-0.5814028978347777,0.07424792647361755,0.4732389152050018
2.010974884033203,-1.0666768550872803,0.7230908274650573,0.9774069190025328,-0.09883210062980653,-0.021363982930779457,-0.18561123311519623,-0.6792516708374025,0.3442722260951996,0.094624862074852,0.5614207983016968,-0.20167452096939087,0.12898339331150055,-0.021100379526615143,0.23148755729198453,-0.06688511371612549,0.6390785574913025,-0.4933570921421051,-0.07548751682043076,-0.09828652441501616,0.17564354836940765,0.17830556631088257,0.21711765229701996,0.47602257132530207,-0.4569485783576965,0.5935182571411133,0.5409108996391296,0.029698558151721954,-0.1112210750579834,0.10668055713176729,-0.4635557532310486,0.6357266902923584,0.5734858512878418,-0.5850083827972412,0.07622575014829636,0.4626346826553345
2.0305511951446533,-1.0722328424453735,0.7287123799324036,0.9825152158737183,-0.08814895898103715,-0.021854296326637268,-0.16252996027469635,-0.6362724900245667,0.31254711747169495,0.1344930529594421,0.5240129828453064,-0.1907860636711121,0.09574657678604126,0.05248469114303589,0.19515739381313324,-0.1017785668373108,0.5642797350883484,-0.48990342020988464,-0.0675995796918869,-0.10350426286458968,0.15105873346328735,0.1750340461730957,0.23558907210826877,0.4617449045181274,-0.428255558013916,0.6385456323623657,0.5197097063064575,0.03099390864372253,-0.1133553609251976,0.16718241572380063,-0.4529370963573456,0.5558038353919983,0.569453239440918,-0.5282766222953796,0.06534277647733688,0.4202378988265991
2.0519547462463374,-1.0771318674087524,0.7343295812606812,0.9868040084838867,-0.07209023833274841,-0.022176090627908703,-0.14327985048294067,-0.5891669392585753,0.28590941429138184,0.2062048763036728,0.4907826781272888,-0.19373351335525513,0.06860111653804779,0.1220717802643776,0.15234152972698212,-0.1288684755563736,0.4909674525260925,-0.4854517579078674,-0.05092407390475273,-0.09788941591978072,0.11845704168081284,0.16148582100868225,0.2603028118610382,0.44804316759109497,-0.3995256721973419,0.6766518950462341,0.5171933770179749,0.034584347158670425,-0.13194094598293304,0.23335632681846616,-0.4251503050327301,0.4516757428646088,0.5894452333450316,-0.4507809281349182,0.05162113904953002,0.37603518366813654
2.0749137401580806,-1.0815846920013428,0.7396882176399232,0.9899949431419373,-0.055544693022966385,-0.02000882849097252,-0.1281576156616211,-0.5226432681083679,0.2719278633594513,0.32795518636703486,0.4157523512840271,-0.22425739467144007,0.03265312314033508,0.17833639681339264,0.11021287739276885,-0.15355554223060608,0.42620790004730225,-0.4719630181789398,-0.03255974501371384,-0.08087328076362611,0.08953050523996353,0.13924504816532135,0.28070777654647827,0.4328031539916992,-0.3658932149410248,0.7071787118911743,0.5184947848320007,0.03848399594426155,-0.15220220386981964,0.28876993060112,-0.38907545804977417,0.35873833298683167,0.6262363791465759,-0.39673951268196106,0.044069554656744,0.3415869474411011
2.0981640815734863,-1.0854849815368652,0.7438423633575438,0.9921780824661255,-0.04476214945316315,-0.01514263916760683,-0.11554082483053207,-0.4577859044075012,0.2617878019809723,0.4427977800369263,0.32437074184417725,-0.2427936494350433,-0.008910808712244036,0.22934272885322568,0.08367055654525757,-0.17585456371307373,0.368882805109024,-0.4423982501029968,-0.017019977793097496,-0.06039369478821754,0.07441584020853041,0.11443638056516647,0.29640763998031616,0.41151148080825806,-0.3181067109107971,0.7340732812881469,0.5151556730270386,0.03642706200480461,-0.16927051544189453,0.3274509608745575,-0.35386797785758967,0.2832002341747284,0.6759206652641296,-0.36325266957283026,0.03881227225065231,0.32249894738197327
2.1215152740478516,-1.0885165929794312,0.7462715506553651,0.9937329292297363,-0.03583107888698578,-0.008329714648425579,-0.10555416345596312,-0.42544427514076233,0.2405874878168106,0.494583398103714,0.2630593776702881,-0.23197574913501737,-0.03346448764204979,0.27179452776908875,0.0632583349943161,-0.18915021419525144,0.3232199251651764,-0.40664499998092646,0.006285441108047961,-0.036385931074619286,0.0636579766869545,0.08688687533140182,0.3018740117549896,0.3839450478553772,-0.26166391372680664,0.7627018690109253,0.4885096549987793,0.02896459400653839,-0.1730759888887405,0.34524330496788025,-0.32601541280746454,0.2332198917865753,0.7341488003730774,-0.3405437469482422,0.03529706969857216,0.3048756420612335
2.144568681716919,-1.0900611877441406,0.7455500364303587,0.9949287176132202,-0.023354385048151016,-0.0010739025892689824,-0.09782751649618147,-0.4440816640853882,0.20529934763908383,0.4694626033306122,0.26889142394065857,-0.21109510958194727,-0.025706447660923004,0.3071095049381256,0.033874548971652985,-0.1978480964899063,0.2973964214324951,-0.38671547174453735,0.04275039210915565,-0.00974191352725029,0.04652591422200202,0.06102500855922698,0.3035135567188263,0.35417503118515015,-0.2061079442501068,0.7960942983627318,0.4354093074798584,0.01825574971735477,-0.16459091007709503,0.3479023575782776,-0.30906528234481806,0.21015813946723935,0.7881117463111876,-0.32483848929405207,0.03328694403171539,0.2851432263851166
2.1676576137542725,-1.0910395383834839,0.7404322028160094,0.9959123134613037,-0.00909767299890518,0.005458931438624858,-0.08970025926828384,-0.45994043350219727,0.15909904241561887,0.43783652782440186,0.2763144969940185,-0.157502219080925,-0.0209304541349411,0.33312687277793884,-0.0026711237151175737,-0.21308548748493197,0.30156278610229487,-0.3899304866790771,0.081515833735466,0.012302402406930923,0.025666335597634315,0.04129961133003234,0.3007870018482208,0.32798296213150024,-0.1603154093027115,0.8336791396141052,0.37273475527763367,0.008749865926802158,-0.15326984226703644,0.34538799524307245,-0.3024424016475677,0.20302802324295044,0.833304762840271,-0.31239357590675354,0.031251762062311166,0.2608366012573242
2.192544221878052,-1.092162013053894,0.7329717874526978,0.9967463016510008,0.00832261424511671,0.011069675907492636,-0.07940423488616942,-0.46568495035171514,0.10418058186769484,0.42121979594230646,0.2891070246696472,-0.044821746647357934,-0.023102516308426857,0.3365316092967987,-0.05015376955270767,-0.23244638741016388,0.36436355113983154,-0.4124506413936615,0.11933783441781996,0.02315126359462738,-0.0022990426514297724,0.02529621496796608,0.29226508736610407,0.30551525950431824,-0.1321183741092682,0.8788047432899475,0.3213293850421905,0.002313455799594521,-0.14614145457744598,0.3362729251384735,-0.29942852258682245,0.19047792255878448,0.8781251311302185,-0.29755067825317383,0.028397411108016968,0.23514269292354584
2.2192218303680415,-1.0929012298583984,0.727006196975708,0.9972712397575377,0.03281098231673241,0.012915680184960364,-0.06485927850008011,-0.5038501024246216,0.04305672273039818,0.399991512298584,0.386429488658905,0.02477484941482544,0.0387144610285759,0.31255397200584406,-0.11962054669857024,-0.2483577132225037,0.5019603967666626,-0.43388196825981135,0.15496812760829923,0.023887353017926216,-0.050151191651821136,0.016498662531375885,0.27795109152793884,0.29093393683433527,-0.12211501598358154,0.9408787488937378,0.28837838768959045,-0.0030666789971292015,-0.14023412764072418,0.32546016573905945,-0.29106560349464417,0.1625464558601379,0.9237727522850036,-0.27713415026664734,0.03013045899569988,0.21585649251937863
2.2484679222106934,-1.0964314937591553,0.7239459753036499,0.9975145459175108,0.05076908692717552,0.004915018565952778,-0.048611726611852646,-0.5104764103889465,-0.0004474542802199721,0.3879436552524567,0.4953749775886536,-0.03507010638713837,0.06714800745248795,0.2837667465209961,-0.18089999258518216,-0.2512163817882538,0.6853240132331848,-0.40348735451698303,0.17620199918746948,0.021421482786536217,-0.09124097973108292,0.025948705151677128,0.25644800066947937,0.2868005335330963,-0.13854263722896576,1.0130574703216553,0.28133365511894226,0.0009016949916258454,-0.14187687635421753,0.31684836745262146,-0.2727685868740082,0.12100585550069808,0.9684504270553587,-0.2550748586654663,0.03029445372521877,0.1946150362491608
2.276270866394043,-1.101017951965332,0.7240708470344542,0.9978668093681335,0.05094284191727638,-0.010505082085728644,-0.039449818432331085,-0.4854668974876404,-0.0006589930271729827,0.36277535557746887,0.5919681787490845,-0.10895843803882597,0.0741669163107872,0.23772005736827848,-0.21017560362815857,-0.23738189041614527,0.9008710384368896,-0.28930023312568665,0.16400602459907532,0.02392175793647766,-0.09801456332206726,0.04679425433278084,0.2355579733848572,0.2832450568675995,-0.15558607876300812,1.071089267730713,0.284473329782486,0.012322203256189823,-0.1444125473499298,0.30466052889823914,-0.25307372212409973,0.07744014263153075,0.9956173896789551,-0.24238584935665128,0.029352122917771336,0.176184743642807
2.300051212310791,-1.1053239107131958,0.7248867750167847,0.997906982898712,0.04324863106012344,-0.027281615883111957,-0.03958631306886673,-0.44413974881172175,0.023828731849789616,0.34338435530662537,0.6698516607284546,-0.18561236560344696,0.07395745813846588,0.1618445515632629,-0.2318077087402344,-0.21055941283702848,1.1317677497863767,-0.1490003764629364,0.11802750080823898,0.03157306835055351,-0.08697957545518875,0.07072465866804123,0.2286885529756546,0.27827394008636475,-0.17516595125198364,1.0911571979522705,0.2854299247264862,0.024566376581788063,-0.1463809311389923,0.28627341985702515,-0.24283652007579803,0.05458296462893487,0.9978638291358948,-0.23964664340019223,0.024496287107467648,0.17015333473682404
2.3202633857727046,-1.108622431755066,0.7250716686248779,0.9971821904182434,0.04554642736911774,-0.03968701884150505,-0.04447663947939873,-0.3938995599746704,0.025477435439825055,0.3460107147693634,0.6993386149406433,-0.2393357902765274,0.06870992481708527,0.07820045202970503,-0.2684931457042694,-0.17179545760154724,1.3175201416015625,-0.1722087562084198,0.08979880064725876,0.03482217714190483,-0.09457001090049744,0.09138710051774977,0.22897234559059143,0.2741680443286896,-0.19960857927799225,1.0824513435363767,0.2882288992404938,0.02660593017935753,-0.14015820622444153,0.26011896133422846,-0.245927169919014,0.05947014316916466,0.9780607223510742,-0.2604108452796936,0.025810467079281807,0.16441911458969116
2.337307929992676,-1.1112805604934692,0.7272161245346069,0.9960760474205016,0.05216038227081298,-0.04990871623158455,-0.05119434744119644,-0.3385029733181,0.015043579973280428,0.3537710309028625,0.6943876743316649,-0.2696669697761536,0.06299294531345367,-0.017883116379380226,-0.2788948118686676,-0.10492925345897675,1.4486337900161743,-0.26824033260345453,0.10587430745363235,0.03218414634466171,-0.11096085608005524,0.11376680433750153,0.2231750339269638,0.27074095606803894,-0.22230881452560425,1.0574982166290283,0.2933247685432434,0.020781924948096275,-0.12069100886583328,0.22843071818351743,-0.26009634137153625,0.07722407579421997,0.93278568983078,-0.2846930921077728,0.02273623272776604,0.1559823602437973
2.3520696163177486,-1.1139127016067505,0.7314857840538026,0.9950955510139464,0.05375836044549943,-0.059473767876625054,-0.05794630944728851,-0.2811649739742279,0.012889036908745764,0.35506427288055414,0.6781669855117798,-0.2897237539291382,0.052222691476345055,-0.11590483039617538,-0.28026345372200007,-0.05470214411616325,1.5203369855880735,-0.3375689089298248,0.120647132396698,0.022599022835493088,-0.1178184375166893,0.13813020288944244,0.2120719999074936,0.2658480703830719,-0.2376583069562912,1.0231378078460691,0.2932339906692505,0.01210546214133501,-0.09279861301183699,0.1962513625621796,-0.2781073749065399,0.08850200474262236,0.8683929443359374,-0.2987974286079407,0.013170033693313599,0.14579379558563232
2.3643114566802974,-1.117066502571106,0.7358924746513367,0.9943435788154602,0.053136572241783135,-0.06755509972572327,-0.06239920109510422,-0.22634537518024445,0.013055543415248394,0.351581871509552,0.6558964252471924,-0.3028397858142853,0.03676728904247284,-0.2050035446882248,-0.3006883263587952,-0.03399662300944328,1.537960171699524,-0.3800545334815979,0.1258115917444229,0.006466276478022337,-0.12105055153369904,0.162332221865654,0.19524967670440677,0.2615416646003723,-0.2461339086294174,0.9815706610679625,0.28774625062942505,0.005583038087934256,-0.06792283058166504,0.1650337278842926,-0.29503399133682245,0.08880724012851715,0.7927388548851013,-0.3061615824699402,0.0011266097426414488,0.13654640316963196
2.374354839324951,-1.1209046840667725,0.7393920421600341,0.9939320683479309,0.05250516906380653,-0.07286547124385834,-0.06350488215684891,-0.1830500960350037,0.012515978887677193,0.3444584310054779,0.6351579427719116,-0.31136342883110046,0.020510958507657048,-0.27681270241737366,-0.34465140104293823,-0.04061877727508545,1.5099903345108032,-0.410498172044754,0.11799493432044982,-0.01174347847700119,-0.12478714436292648,0.18221883475780487,0.17435717582702637,0.26154688000679016,-0.25458279252052307,0.9362990260124207,0.2749567925930023,0.001213439623825252,-0.05105022341012955,0.13590839505195615,-0.3078120946884155,0.07994864135980606,0.7157993912696838,-0.31386518478393555,-0.009665449149906637,0.13137872517108917
2.383044481277466,-1.1253770589828491,0.7421920299530029,0.9938845634460448,0.05081882327795029,-0.07544464617967604,-0.06260164827108383,-0.152046799659729,0.016056109219789505,0.33529210090637207,0.6203964948654175,-0.31960201263427734,0.004610700998455286,-0.32820481061935425,-0.39573979377746576,-0.06387151032686234,1.4369040727615356,-0.4294889867305756,0.10196586698293685,-0.02862360700964928,-0.12524665892124176,0.19624276459217072,0.15029701590538025,0.2664284110069275,-0.2646560072898865,0.8908123373985289,0.25819486379623413,-0.0036501507274806495,-0.03926428034901618,0.11049991846084593,-0.31720614433288574,0.06900175660848618,0.6483106017112732,-0.3211977779865265,-0.019500827416777607,0.12811188399791715
2.3911263942718506,-1.1306097507476807,0.7448372244834901,0.9941024780273436,0.04812824726104736,-0.07576267421245576,-0.06086018681526184,-0.1295359432697296,0.024090856313705444,0.32632753252983093,0.607478141784668,-0.32695552706718445,-0.0104867834597826,-0.3531399071216583,-0.43619269132614136,-0.09181313961744307,1.3168476819992063,-0.4316727817058563,0.08966020494699478,-0.04216352477669716,-0.1213311105966568,0.20365573465824127,0.1264534443616867,0.2739830315113068,-0.2743476927280426,0.8509523272514342,0.24212905764579767,-0.009553144685924051,-0.028337880969047543,0.09118063747882844,-0.3233255445957184,0.06223571300506592,0.6008743643760681,-0.33109334111213684,-0.026990292593836784,0.12462387979030608
2.3990252017974854,-1.1367400884628296,0.7477440237998961,0.9945241808891296,0.04535815864801407,-0.07414386421442032,-0.05802539736032485,-0.11282944679260253,0.03407938405871391,0.3174802362918854,0.5910208225250244,-0.32926693558692927,-0.023472581058740612,-0.35175693035125727,-0.44650977849960327,-0.10390938818454742,1.1582432985305786,-0.4050332903862,0.09551826119422913,-0.052787777036428445,-0.11488345265388487,0.2039878815412521,0.1052667647600174,0.28061750531196594,-0.2816188633441925,0.820076286792755,0.22734509408473969,-0.01612127758562565,-0.01822199672460556,0.07934826612472534,-0.3252282738685608,0.06149113178253174,0.5776109099388123,-0.33962729573249817,-0.030493015423417088,0.12133846431970596
2.40706729888916,-1.1440570354461668,0.7507094144821168,0.9950829744338989,0.042982403188943856,-0.07183448225259781,-0.05293517932295799,-0.09925515204668045,0.04347817972302437,0.3038790225982666,0.5716002583503723,-0.3261381983757019,-0.03446540609002113,-0.32152712345123285,-0.4159364402294159,-0.07757817953824997,0.969627559185028,-0.33778294920921326,0.13787001371383667,-0.06066669896245003,-0.10817915946245192,0.1982440948486328,0.08633239567279814,0.28510403633117676,-0.2872348129749298,0.7954771518707275,0.2103930115699768,-0.022886279970407482,-0.013858030550181864,0.07546181976795197,-0.3223132789134979,0.06563650816679001,0.5759324431419373,-0.34502369165420527,-0.030189631506800648,0.12381637096405028
2.414910554885864,-1.152555465698242,0.7526258230209351,0.995723843574524,0.03980762511491776,-0.06931234896183014,-0.04631573334336281,-0.08818204700946806,0.05625510960817337,0.2845826745033264,0.5562000274658203,-0.324339359998703,-0.048202451318502426,-0.264872670173645,-0.36554691195487976,-0.02985822223126888,0.7876976132392883,-0.2614608705043793,0.192229688167572,-0.06373663246631622,-0.10005901753902437,0.18883846700191495,0.07536472380161285,0.28787121176719666,-0.28906118869781494,0.771079182624817,0.19711557030677795,-0.03185122087597847,-0.019672103226184845,0.07969501614570618,-0.3147052824497223,0.07258422672748564,0.5825629830360413,-0.33745354413986206,-0.030462633818387985,0.1350221335887909
2.4230773448944087,-1.1624621152877808,0.7544819712638856,0.9963918924331664,0.035513345152139664,-0.06577278673648834,-0.040198702365159995,-0.08126967400312422,0.07323119044303894,0.2632109224796295,0.5487187504768372,-0.3271182179450989,-0.0681571364402771,-0.19030596315860748,-0.34389987587928766,-0.05579332262277603,0.6568747162818909,-0.2829783856868744,0.222574844956398,-0.06031524762511253,-0.0899496078491211,0.1743445247411728,0.07036636769771576,0.2914204001426697,-0.29183053970336914,0.7503529191017152,0.18992172181606287,-0.0395095981657505,-0.01937717944383621,0.09602180868387222,-0.30236518383026123,0.07911600917577742,0.5946023464202881,-0.32255324721336365,-0.029554903507232663,0.14017711579799652
2.4290616512298584,-1.1714777946472168,0.7568921446800232,0.9969781041145325,0.026664638891816136,-0.06247578561306,-0.037689093500375755,-0.07881334424018861,0.10442125052213667,0.24655643105506897,0.5460917353630066,-0.32740581035614014,-0.08568079024553299,-0.15769752860069275,-0.3136337995529175,-0.08948662877082823,0.6086187958717345,-0.286350816488266,0.211091622710228,-0.05303901433944702,-0.06844405084848404,0.16492879390716553,0.06594929844141006,0.2897967994213104,-0.28294321894645685,0.727825403213501,0.1733010709285736,-0.051328010857105255,-0.01260429061949253,0.1073041632771492,-0.2911463677883148,0.08773096650838853,0.614621639251709,-0.29136407375335693,-0.036425527185201645,0.13430096209049225
2.434268951416016,-1.1799081563949585,0.7598931193351746,0.9972860813140867,0.016924558207392693,-0.061337910592556,-0.03703532740473747,-0.06911114603281021,0.13670925796031952,0.2342402786016464,0.536961019039154,-0.32431614398956293,-0.09787558764219283,-0.1307040303945541,-0.2793472409248352,-0.11193642765283585,0.5742360353469849,-0.27515795826911926,0.20172196626663208,-0.04707806557416916,-0.043657179921865456,0.16039417684078217,0.07099097967147827,0.2796228229999542,-0.2670763731002808,0.7160071730613708,0.13961775600910187,-0.0688832625746727,0.002851505298167467,0.11124946177005768,-0.28108319640159607,0.0963541567325592,0.6597248911857605,-0.25727447867393494,-0.04576537758111954,0.126369908452034
2.438924789428711,-1.187968373298645,0.7630297541618347,0.9975545406341552,0.006069274619221687,-0.06011217460036278,-0.035137251019477844,-0.05966375395655632,0.17091503739356995,0.22023986279964447,0.5235795974731445,-0.31843140721321106,-0.10937216132879256,-0.0980011075735092,-0.24259765446186063,-0.1367884874343872,0.5275061726570128,-0.2594193816184997,0.19159884750843048,-0.04540934041142464,-0.017664240673184395,0.15473484992980957,0.07930783927440643,0.26660129427909846,-0.258258581161499,0.7258118987083435,0.11104975640773772,-0.08237967640161514,0.01629666797816753,0.11145045608282088,-0.269539088010788,0.10509271919727324,0.732005476951599,-0.24007444083690643,-0.04815369471907616,0.125006303191185
2.442659854888916,-1.1951782703399658,0.7661128044128419,0.9978039264678957,-0.0059149148873984805,-0.057986874133348465,-0.03146296739578247,-0.054569371044635766,0.20746399462223047,0.20551465451717377,0.5080881118774414,-0.31118407845497126,-0.12202658504247664,-0.06303586810827255,-0.202825590968132,-0.1645655781030655,0.4695279002189636,-0.23987449705600736,0.1780581176280975,-0.047270599752664566,0.009001252241432665,0.14812441170215607,0.08492230623960496,0.25662320852279663,-0.2651287317276001,0.7598204016685485,0.1039467677474022,-0.08537197858095169,0.021953251212835312,0.10877121984958649,-0.256447970867157,0.112303726375103,0.8214541077613831,-0.24605143070220947,-0.04039569199085236,0.12929129600524902
2.446029663085937,-1.2013450860977173,0.7686440348625182,0.9980135560035704,-0.013283280655741692,-0.05544530972838402,-0.026802664622664448,-0.04843396320939064,0.2310083359479904,0.194111168384552,0.4866470694541931,-0.30051067471504206,-0.13381558656692505,-0.035249609500169754,-0.17431117594242096,-0.1863657385110855,0.41970819234848017,-0.22499288618564603,0.1664169430732727,-0.05153472349047661,0.02513131685554981,0.14172591269016263,0.08430469781160353,0.2538978159427643,-0.2926045358181,0.8178239464759826,0.127175435423851,-0.0749463364481926,0.01641513966023922,0.10227559506893157,-0.24411973357200625,0.1227184534072876,0.9217256903648376,-0.2794541120529175,-0.0174044631421566,0.13372857868671417
2.44954776763916,-1.2065945863723755,0.7704433798789978,0.9982034564018248,-0.015101387165486813,-0.0534832738339901,-0.022391509264707565,-0.037318609654903405,0.2387946546077728,0.18662261962890625,0.45880863070487976,-0.28673985600471497,-0.14584018290042877,-0.01644981279969215,-0.16127805411815643,-0.20145432651042935,0.38841912150383,-0.2191629409790039,0.15785847604274747,-0.0560678131878376,0.02960545942187309,0.1368093341588974,0.07956882566213606,0.2580488324165344,-0.3337533473968506,0.8858513832092285,0.16691647469997406,-0.05372790992259979,-0.0015848269686102867,0.09959399700164795,-0.23289214074611664,0.13867950439453125,1.010305404663086,-0.3186286687850952,0.01562807336449623,0.14248596131801605
2.4527008533477783,-1.2108025550842283,0.7715417146682739,0.9983724355697632,-0.014339979737997057,-0.05206548050045967,-0.018331639468669888,-0.02502570115029812,0.2394394427537918,0.18289752304553983,0.4294949471950531,-0.27206215262413025,-0.15723848342895508,-0.0030906610190868378,-0.1568521112203598,-0.21290059387683868,0.36985188722610474,-0.21802619099617004,0.15099135041236875,-0.060649335384368896,0.0283657256513834,0.13270807266235352,0.07839912176132202,0.26474446058273315,-0.36815485358238226,0.9453471302986144,0.192409947514534,-0.03466853126883507,-0.022705802693963047,0.10991153866052628,-0.2207764238119125,0.14846906065940857,1.0633306503295898,-0.33591610193252563,0.037350766360759735,0.15785746276378632
2.454725742340088,-1.2138028144836424,0.7722691893577575,0.99851393699646,-0.013421704061329365,-0.050666365772485726,-0.014921892434358597,-0.014921659603714941,0.23918467760086057,0.1814921796321869,0.40296611189842224,-0.259580135345459,-0.1668255478143692,0.006354365032166243,-0.1537771224975586,-0.22047752141952515,0.3569508194923401,-0.21706555783748624,0.14485958218574524,-0.06645609438419342,0.027061937376856804,0.12781544029712677,0.08390352129936218,0.2704732418060303,-0.3892756700515747,0.9903498888015747,0.19680507481098172,-0.02247515507042408,-0.04016361013054848,0.13326701521873474,-0.20636944472789764,0.1456914246082306,1.0788218975067139,-0.32877448201179504,0.04122721776366234,0.17467504739761353
2.4556589126586914,-1.2157956361770628,0.7728912830352782,0.9986601471900942,-0.0125344255939126,-0.04872718080878258,-0.012104209512472153,-0.007379165850579738,0.23811841011047363,0.1809643507003784,0.3791758120059967,-0.2491847425699234,-0.1732228398323059,0.011578270234167576,-0.1513996124267578,-0.2255191653966904,0.3474392294883728,-0.21571233868598935,0.13961301743984222,-0.07406484335660934,0.026731429621577263,0.12151058763265608,0.09481696039438248,0.27452534437179565,-0.4035769999027252,1.0183899402618408,0.19398635625839236,-0.013431030325591564,-0.057624712586402886,0.163815900683403,-0.18924728035926816,0.12833335995674133,1.0669516324996948,-0.2931813895702362,0.031085530295968052,0.18798175454139707
2.4562749862670894,-1.2172110080718994,0.7734946608543397,0.9988205432891843,-0.011447886005043983,-0.046140611171722405,-0.009871885180473328,-0.0025831258390098806,0.23579674959182736,0.18079218268394473,0.35781389474868774,-0.2394677102565765,-0.1755758821964264,0.012765727005898952,-0.15057137608528137,-0.22924634814262393,0.34074264764785767,-0.21467240154743197,0.1351497620344162,-0.082054041326046,0.026679921895265576,0.11399754136800765,0.10843788832426073,0.27767089009284973,-0.4173980355262756,1.0313873291015625,0.19915978610515597,-0.005852787755429745,-0.07485678046941757,0.194146066904068,-0.16990379989147186,0.09972702711820601,1.0421421527862549,-0.24279898405075076,0.015985066071152687,0.19432269036769864
2.45709490776062,-1.2183467149734497,0.7740092873573302,0.9989625215530397,-0.010171031579375269,-0.04359364882111549,-0.008370454423129559,0.0015934909461066127,0.23261401057243347,0.1811247169971466,0.33788570761680603,-0.23049122095108032,-0.1757526844739914,0.011079298332333565,-0.15099793672561643,-0.23091983795166013,0.3382519781589508,-0.2155808657407761,0.131442591547966,-0.0881788581609726,0.026321295648813248,0.10693870484828948,0.12214528024196623,0.2807713449001312,-0.430423378944397,1.033266544342041,0.21542829275131223,-0.00027254049200564623,-0.08948510885238646,0.21808329224586487,-0.1513521671295166,0.07084132730960846,1.015844702720642,-0.20301206409931183,0.0034365160390734673,0.19324821233749387
2.458582878112793,-1.2196079492568968,0.7744155526161194,0.9990690350532532,-0.008866626769304276,-0.04154844954609871,-0.007497252896428109,0.006146989297121763,0.22912682592868805,0.18145403265953064,0.31965115666389465,-0.2226475030183792,-0.1750911921262741,0.00838889367878437,-0.1519801169633865,-0.23110207915306089,0.33835035562515253,-0.2177753746509552,0.12777304649353027,-0.09153726696968079,0.02532968297600746,0.10134244710206984,0.13391147553920743,0.284175843000412,-0.43899667263031006,1.0280284881591797,0.2329585403203964,0.0023091370239853855,-0.09870307147502899,0.2334202229976654,-0.13673268258571625,0.05152865871787071,0.993739902973175,-0.18436369299888608,-0.0056510185822844505,0.1874942779541016
2.460620403289795,-1.2212824821472168,0.7746840119361876,0.9991396069526672,-0.007298531476408243,-0.04019440338015556,-0.007152930833399296,0.011336026713252068,0.22501416504383087,0.182277113199234,0.30360379815101624,-0.21556973457336423,-0.1740463227033615,0.005001879762858152,-0.15426848828792572,-0.23052179813385007,0.3416150212287903,-0.22115835547447205,0.12500131130218503,-0.09217003732919694,0.023164987564086918,0.09780157357454303,0.14175157248973846,0.28776204586029047,-0.4431053102016449,1.019533395767212,0.24619142711162567,0.0025631389580667015,-0.10216292738914488,0.23996344208717343,-0.12699507176876068,0.04420013353228569,0.9784290194511411,-0.1798854023218155,-0.011981997638940811,0.1799563765525818
2.4616439342498775,-1.222113847732544,0.7748527526855469,0.9991757273674012,-0.005629355553537607,-0.0394727811217308,-0.007619497831910848,0.017474276944994926,0.2211562395095825,0.1843475103378296,0.2903078496456146,-0.20940957963466644,-0.1735398769378662,0.001065612304955721,-0.15721863508224487,-0.22916699945926663,0.3474036157131195,-0.22530956566333768,0.12354206293821333,-0.09058839082717896,0.020381091162562367,0.09616004675626753,0.1451735645532608,0.29118275642395014,-0.4426952004432678,1.0107176303863523,0.25517407059669495,0.00185020302888006,-0.10089104622602461,0.23867684602737424,-0.12240765988826752,0.048518192023038864,0.9697519540786744,-0.18614408373832703,-0.014933035708963873,0.1722615510225296
2.461488485336304,-1.2220653295516968,0.7749171257019043,0.9991815090179443,-0.004003270994871855,-0.03919019177556038,-0.009190633893013,0.0241374634206295,0.21812157332897184,0.18756318092346191,0.27994474768638605,-0.2050325870513916,-0.1727604866027832,-0.003927211742848158,-0.15978029370307922,-0.22532060742378235,0.35594046115875244,-0.22994783520698547,0.12344315648078918,-0.0868002250790596,0.017365599051117897,0.09567863494157793,0.1444372683763504,0.2934648394584656,-0.4371213018894196,1.0031931400299072,0.26063263416290283,0.0017022073734551668,-0.09607924520969392,0.2314777672290802,-0.12224872410297392,0.060087643563747406,0.9660019874572754,-0.19578035175800323,-0.014496740885078909,0.1663188487291336
