-0.01649673283100128,-0.0531797930598259,0.7787908315658569,0.9988172650337219,-0.012800781056284904,-0.04658243060112,0.005507264286279678,-0.28258928656578064,0.11870787292718887,-0.02457910403609276,0.6183940768241881,-0.1432068943977356,-0.221896767616272,0.12579505145549774,0.055801916867494576,-0.28691843152046204,0.12325579673051834,-0.19694775342941284,-0.039266373962163925,0.06767484545707703,0.021132137626409527,0.22727170586586,0.16851559281349182,0.3034038245677948,-0.06746253371238708,1.177363872528076,0.16133029758930206,0.003328666323795914,0.23135575652122495,-0.16433468461036682,-0.410240113735199,0.7752345204353331,0.67337566614151,-0.41876420378685,0.13365750014781952,-0.05837251618504524
-0.01668168231844902,-0.0513780452311039,0.778862714767456,0.9988511204719543,-0.014443143270909786,-0.04569254815578461,0.0002160299918614328,-0.25648033618927,0.1174779012799263,-0.03680648282170296,0.6063216328620912,-0.15996567904949188,-0.23271787166595456,0.12167438864707945,0.05619878321886063,-0.27973031997680664,0.1262211501598358,-0.19741693139076233,-0.03422149270772933,0.0578240305185318,0.021269744262099263,0.22198176383972168,0.16872839629650116,0.29831600189208984,-0.059969574213027954,1.1637529134750366,0.16266007721424103,0.0019302478758618236,0.23721642792224884,-0.13425293564796448,-0.39528000354766846,0.7585573792457581,0.7150989174842833,-0.397930771112442,0.13169945776462555,-0.07271908223628998
-0.016582755371928215,-0.04865028336644173,0.7783992290496825,0.998835027217865,-0.016564037650823593,-0.044803019613027566,-0.00685079162940383,-0.23382259905338287,0.12404315918684004,-0.03989468514919281,0.6200915575027466,-0.1857858896255493,-0.22704716026782987,0.11426340788602828,0.05739892646670341,-0.2674771547317505,0.13506174087524414,-0.2009523957967758,-0.03094172663986683,0.04887446016073226,0.02223371714353561,0.21547532081604004,0.17074476182460785,0.28791224956512446,-0.04121041670441628,1.1510369777679443,0.1511700600385666,-0.0027711098082363605,0.24114669859409327,-0.10264237970113754,-0.3741263151168823,0.7349446415901184,0.7636952996253966,-0.37269544601440424,0.1323471963405609,-0.085490383207798
-0.016330495476722717,-0.0451684445142746,0.7781243920326234,0.9987388849258423,-0.01882021874189377,-0.04336937516927719,-0.016897907480597496,-0.20801110565662384,0.13804024457931519,-0.026050269603729248,0.6334681510925293,-0.21309478580951688,-0.20960706472396848,0.10140339285135268,0.058177389204502106,-0.25090235471725464,0.15090143680572507,-0.20499521493911743,-0.028746100142598152,0.03953874483704567,0.02321230061352253,0.2068820297718048,0.1741846203804016,0.27466318011283875,-0.020989300683140755,1.1394685506820679,0.1341934949159622,-0.008201233111321926,0.24696390330791476,-0.07238513231277466,-0.3482843041419983,0.713653564453125,0.822842538356781,-0.34049659967422485,0.12665171921253204,-0.09737877547740936
-0.015958139672875404,-0.04097116366028786,0.7780802845954894,0.9985638260841369,-0.019698426127433777,-0.041349302977323525,-0.027793638408184048,-0.18339884281158447,0.14575915038585663,-0.005976766813546419,0.634003221988678,-0.231799989938736,-0.17825880646705627,0.08449799567461012,0.05583175271749496,-0.22933249175548556,0.1717974841594696,-0.20965647697448728,-0.02631514146924019,0.028543416410684586,0.021289294585585598,0.1969550997018814,0.1732112169265747,0.26179370284080505,-0.007461111526936291,1.1341632604599,0.1105549708008766,-0.011081451550126076,0.2490457892417908,-0.04553183913230896,-0.32204321026802063,0.6948692798614502,0.8777625560760498,-0.30692625045776367,0.12793473899364471,-0.10751506686210632
-0.015229618176817892,-0.03579089418053627,0.7782171368598939,0.9982426166534426,-0.021848013624548912,-0.03791647031903266,-0.0399593822658062,-0.1550268828868866,0.15231138467788696,0.014560647308826447,0.5893581509590149,-0.24648892879486084,-0.15824753046035767,0.06666548550128937,0.05569873750209808,-0.20657964050769803,0.1873861402273178,-0.2109050154685974,-0.02308671735227108,0.014853497967123984,0.021545985713601112,0.18717370927333832,0.170917809009552,0.2524197101593017,-0.005880534183233976,1.1295878887176511,0.0977272093296051,-0.014187413267791271,0.25412485003471375,-0.015763474628329277,-0.2985327243804932,0.6742833256721497,0.9273634552955629,-0.2688317894935608,0.12013481557369232,-0.11125694960355759
-0.01443823892623186,-0.02970950677990913,0.778393805027008,0.9978551268577576,-0.02400652505457401,-0.0341070257127285,-0.05045326054096222,-0.1241723820567131,0.1580958068370819,0.042040083557367325,0.5282691717147827,-0.2600654661655426,-0.13976965844631195,0.05002736672759056,0.05512997508049011,-0.18597871065139768,0.19870644807815552,-0.21099066734313965,-0.020349187776446342,-0.004643638152629137,0.021113866940140724,0.1788782030344009,0.16569329798221588,0.247656524181366,-0.024648601189255714,1.1255675554275513,0.09673231095075609,-0.016911013051867485,0.25316524505615234,0.015192370861768723,-0.2771569490432739,0.6385020613670349,0.9668009877204896,-0.22860687971115112,0.11379332840442656,-0.1152290254831314
-0.013866914436221123,-0.023264780640602112,0.7787976861000061,0.9975289106369017,-0.02496340125799179,-0.031122898682951927,-0.057830877602100365,-0.09791242331266403,0.1583328992128372,0.07065323740243912,0.4731154143810272,-0.26738446950912476,-0.1249101236462593,0.03727778419852257,0.050990581512451165,-0.16924254596233368,0.20708510279655457,-0.21048711240291595,-0.016981342807412148,-0.029136827215552327,0.01772320829331875,0.174288272857666,0.1559678018093109,0.2478182464838028,-0.06224051862955093,1.1202890872955322,0.10651896893978118,-0.02036411128938198,0.2489698231220245,0.046931706368923194,-0.2578277587890625,0.5831993818283081,0.9982383251190184,-0.1818371415138245,0.10792396217584609,-0.12423194199800491
-0.01377566996961832,-0.016549352556467056,0.7797123193740845,0.9973085522651672,-0.023794203996658325,-0.0295561496168375,-0.06273759156465529,-0.07869345694780348,0.15037190914154053,0.0947113186120987,0.43200603127479553,-0.26463282108306885,-0.11188983917236328,0.02726503647863865,0.041096486151218414,-0.15521277487277985,0.21515581011772156,-0.2091165781021118,-0.011845964938402176,-0.054350048303604126,0.010274279862642288,0.17411527037620544,0.140385240316391,0.2520447969436645,-0.10875073820352554,1.1153111457824707,0.12153293192386629,-0.024834169074893,0.24446380138397217,0.0781131014227867,-0.24017511308193207,0.5144973993301392,1.0246222019195557,-0.12723596394062042,0.10226909071207047,-0.13835519552230835
-0.013775905594229698,-0.00985346920788288,0.7808696031570433,0.9971137642860413,-0.021327465772628784,-0.029064275324344635,-0.06681802868843079,-0.06094159930944442,0.1374416351318359,0.11534883826971054,0.3954645991325378,-0.2556859254837036,-0.10023679584264757,0.01907510869204998,0.02729843556880951,-0.14347945153713226,0.22230431437492368,-0.20671546459198,-0.00558385718613863,-0.07686635106801985,0.0014044918352738023,0.17656442523002625,0.12004896998405457,0.2589353322982788,-0.1552666127681732,1.1116716861724851,0.1378325521945953,-0.029761895537376404,0.24071577191352844,0.10740081965923308,-0.226187527179718,0.4477392733097077,1.0460267066955566,-0.0743577554821968,0.09702835977077484,-0.15216094255447388
-0.013920702040195463,-0.002979380078613758,0.7820143103599548,0.9968264102935792,-0.01838473416864872,-0.029268424957990646,-0.07171155512332916,-0.04232711344957352,0.1228046715259552,0.1359312534332275,0.36012083292007446,-0.2438812404870987,-0.0887894257903099,0.01197089161723852,0.012076890096068382,-0.13161583244800568,0.22880831360816956,-0.20427711308002472,0.0017793292645365,-0.09455392509698868,-0.0067982934415340415,0.18045800924301147,0.09722988307476045,0.2667292058467865,-0.19564221799373624,1.1083848476409912,0.1536501497030258,-0.03394148498773575,0.23818297684192655,0.13256168365478516,-0.21871934831142423,0.39737519621849055,1.0623356103897095,-0.03528613969683647,0.09300827980041505,-0.1601728796958923
-0.014166228473186491,0.0040261661633849135,0.7829669713973998,0.9963734149932861,-0.015877356752753254,-0.029868587851524356,-0.07807602733373643,-0.023106897249817848,0.10905881971120834,0.15739698708057404,0.3264821469783783,-0.23197506368160248,-0.07787977904081345,0.005969911348074675,-0.0015701454831287265,-0.11800426244735716,0.23331619799137115,-0.20118314027786252,0.008865668438374994,-0.10786540061235428,-0.012714738957583904,0.18487334251403809,0.07455304265022278,0.2748665809631348,-0.22765997052192688,1.1037118434906004,0.16805650293827057,-0.03729072958230972,0.23761154711246488,0.15253067016601562,-0.21793147921562195,0.3655220568180084,1.074657678604126,-0.014642389491200449,0.09110137075185776,-0.16208340227603912
-0.014472569338977335,0.010810730978846548,0.7837283611297606,0.9957590103149414,-0.013777009211480616,-0.030651526525616642,-0.08564291149377824,-0.0049880146980285645,0.09637665003538132,0.17895875871181488,0.296010285615921,-0.22041521966457367,-0.06712516397237778,0.0006510440143756568,-0.01328673120588064,-0.10267768800258636,0.2360540479421616,-0.1968703866004944,0.01532590575516224,-0.11714253574609756,-0.016682298853993416,0.18952548503875727,0.05375366657972336,0.2825937867164612,-0.24978545308113095,1.0970101356506348,0.17881014943122864,-0.03990145772695541,0.23912271857261655,0.1659841686487198,-0.221358060836792,0.3464737832546234,1.0839648246765137,-0.005183187313377857,0.09098974615335464,-0.16060765087604523
-0.014851330779492857,0.01729084737598896,0.7843651771545409,0.994955599308014,-0.012014386244118212,-0.031581401824951165,-0.0944545194506645,0.012601129710674284,0.08481061458587646,0.20136919617652893,0.26770636439323425,-0.20965079963207245,-0.057053614407777786,-0.004704827908426523,-0.023240359500050545,-0.08566181361675262,0.2382918745279312,-0.19189530611038208,0.02124321274459362,-0.12299007922410964,-0.019070422276854515,0.19409410655498505,0.03524512052536011,0.2899672985076904,-0.2643302977085113,1.0886380672454832,0.1867441684007645,-0.04188745841383935,0.24282480776309967,0.17266418039798737,-0.22706349194049835,0.33528006076812744,1.090115666389465,-0.002734447829425335,0.09120701253414154,-0.158296138048172
-0.01528661698102951,0.023420767858624455,0.7848561406135558,0.9939530491828918,-0.010581934824585915,-0.032767198979854584,-0.10426754504442214,0.03035745583474636,0.0741211399435997,0.22412180900573728,0.24072839319705963,-0.2000136524438858,-0.04808557033538818,-0.010089834220707417,-0.031523093581199646,-0.06719427555799484,0.2407604306936264,-0.1867294609546661,0.02690177783370018,-0.12600117921829224,-0.020038638263940808,0.19891773164272308,0.019730884581804276,0.2970157861709595,-0.27301931381225586,1.0790636539459229,0.1937158554792404,-0.043667733669281006,0.24677787721157077,0.1722993105649948,-0.23407067358493805,0.3295521438121796,1.0926935672760008,-0.0039043440483510494,0.09084215760231018,-0.15721789002418518
-0.015712186694145203,0.029290754348039627,0.7851694226264954,0.9927552938461304,-0.009360823780298231,-0.03422155976295471,-0.11479614675045012,0.04872127249836922,0.06375546753406525,0.24736326932907104,0.21377976238727567,-0.19133129715919492,-0.04030055552721024,-0.01575593464076519,-0.038406744599342346,-0.04763861000537872,0.24406367540359497,-0.1821773499250412,0.03261773660778999,-0.12664386630058289,-0.020216593518853188,0.20426930487155917,0.007372664753347635,0.30407607555389404,-0.2776212692260742,1.0689984560012815,0.20056302845478055,-0.04565521329641342,0.25052377581596375,0.16547998785972595,-0.2415307313203812,0.3274136781692505,1.090758204460144,-0.005341308657079935,0.0903065949678421,-0.1584988385438919
-0.01609635166823864,0.03467671573162079,0.7853012084960938,0.9914385080337523,-0.008450997062027454,-0.0357353575527668,-0.12530474364757535,0.0662507638335228,0.054274916648864746,0.2697027027606964,0.1882348209619522,-0.18387675285339355,-0.03406897187232971,-0.0217098630964756,-0.043367765843868256,-0.028034113347530365,0.248123437166214,-0.17853765189647675,0.038173872977495193,-0.12545818090438843,-0.019786933436989784,0.2095963358879089,-0.0016820018645375967,0.3109869658946991,-0.2790589928627014,1.0602331161499023,0.20671673119068143,-0.047095075249671936,0.25291022658348083,0.15318089723587036,-0.2481244206428528,0.3276611864566803,1.0835371017456055,-0.00592886609956622,0.08892534673213959,-0.16217415034770963
-0.01646195910871029,0.039356373250484473,0.785278558731079,0.9901413321495056,-0.007872037589550018,-0.03715093433856964,-0.13482587039470673,0.08135954290628433,0.04608520492911338,0.28951272368431086,0.16664281487464905,-0.1782906949520111,-0.028720440343022343,-0.027110885828733444,-0.04689463973045349,-0.011242758482694624,0.251530796289444,-0.1754685640335083,0.043070875108242035,-0.12289507687091827,-0.01904856227338314,0.21453633904457087,-0.007305358070880175,0.3176674246788025,-0.2780172824859619,1.0542316436767578,0.2113717943429947,-0.048120815306901925,0.2545657753944397,0.13735657930374143,-0.25261178612709045,0.32984456419944763,1.0713988542556763,-0.007259771693497896,0.08710555732250212,-0.1685656905174255
-0.01679115742444992,0.0432313047349453,0.7851462960243225,0.9890215992927552,-0.007645477075129747,-0.03829707205295563,-0.14251734316349027,0.09312079101800919,0.03976241126656532,0.30532193183898926,0.15029485523700714,-0.17483338713645935,-0.024601075798273087,-0.030984390527009964,-0.049422476440668106,0.0013511794386431575,0.25288257002830505,-0.1724830865859985,0.047980763018131256,-0.11957402527332305,-0.01809893175959587,0.21843393146991727,-0.009860288351774216,0.32375162839889526,-0.2757661044597626,1.0509920120239256,0.21351176500320437,-0.047965023666620255,0.2543359696865082,0.11954840272665024,-0.2544768452644348,0.3340921700000763,1.0551729202270508,-0.010371031239628792,0.08508478850126265,-0.17686079442501068
-0.01709720492362976,0.046062596142292016,0.7849823832511901,0.9882439374923706,-0.007551975548267363,-0.039125856012105935,-0.1476011574268341,0.10115549713373184,0.03502378985285759,0.3155062198638916,0.13904939591884613,-0.17295512557029724,-0.021667346358299252,-0.03296924754977226,-0.05172142758965492,0.008772610686719418,0.2524193525314331,-0.17018310725688934,0.05258042365312576,-0.1159028187394142,-0.01739177294075489,0.22086738049983975,-0.010510215535759924,0.32867190241813654,-0.272458553314209,1.0500464439392088,0.21320912241935727,-0.046779070049524314,0.2525206208229065,0.10156915336847304,-0.2538291811943054,0.3409743309020996,1.0374794006347656,-0.016585741192102432,0.08307150006294249,-0.1854354292154312
-0.017416322603821754,0.04789654538035393,0.7848293185234071,0.9879215955734254,-0.007512121926993131,-0.039713043719530106,-0.14959029853343964,0.10547759383916853,0.031751297414302826,0.31951016187667847,0.13253457844257355,-0.17237384617328644,-0.019787088036537167,-0.032308418303728104,-0.054184917360544205,0.01107918657362461,0.24960580468177795,-0.16858674585819244,0.05681271478533745,-0.11237867176532744,-0.017205990850925446,0.22222180664539337,-0.010795699432492256,0.3326837420463562,-0.26918962597846985,1.0506898164749143,0.2114669531583786,-0.04506221786141396,0.2499111294746399,0.08408025652170181,-0.2512986660003662,0.34988242387771606,1.0197463035583496,-0.027294332161545757,0.0819990262389183,-0.19401374459266665
-0.017685407772660255,0.0487285740673542,0.7847283482551575,0.9880688190460205,-0.007575294468551873,-0.04015284776687622,-0.1484936624765396,0.10739681869745255,0.02988148108124733,0.31781893968582153,0.1288308352231979,-0.1723078340291977,-0.019097948446869847,-0.02953379414975643,-0.05662407726049423,0.008289604447782038,0.24570113420486447,-0.16727179288864136,0.06048006936907768,-0.10925407707691193,-0.017249824479222298,0.22266295552253723,-0.011205222457647324,0.33554401993751526,-0.26631736755371094,1.051724910736084,0.20869694650173187,-0.04287675395607948,0.24716188013553617,0.06793440133333206,-0.24755099415779117,0.360955536365509,1.004593014717102,-0.03916184976696968,0.08198895305395126,-0.20159052312374115
-0.01752454787492752,0.048241190612316125,0.7847151160240173,0.9887068271636963,-0.007679202128201723,-0.040416836738586426,-0.1441051214933395,0.10717744380235672,0.029217075556516647,0.3103168904781341,0.12742085754871368,-0.17220638692378995,-0.019608480855822563,-0.024098634719848633,-0.05922765657305717,-0.00039973697857931256,0.24003243446350095,-0.16643495857715607,0.06369497627019882,-0.10647736489772797,-0.017286265268921852,0.22226825356483457,-0.012694803066551684,0.33715882897377014,-0.26563650369644165,1.052530288696289,0.2067534178495407,-0.04043123126029968,0.24469393491744995,0.05398295819759369,-0.24326504766941073,0.3737601339817047,0.9945119619369507,-0.0490892305970192,0.08297435939311981,-0.2069280594587326
-0.017410708591341972,0.04717208817601204,0.7847903966903687,0.9897601008415222,-0.007797110825777053,-0.0405886285007,-0.1366259753704071,0.1054285541176796,0.02951143868267536,0.2973717749118805,0.12776856124401093,-0.17168448865413663,-0.020956292748451233,-0.015693554654717445,-0.06197131052613258,-0.015002541244029999,0.2319551259279251,-0.16584891080856323,0.06606747210025787,-0.10419408977031708,-0.0173305906355381,0.22117051482200625,-0.015731582418084145,0.33727678656578064,-0.2678596079349518,1.0527297258377075,0.20607030391693115,-0.03791783377528191,0.24194200336933133,0.04299075901508331,-0.23868444561958313,0.38755619525909424,0.9909617304801941,-0.05720176175236701,0.08469703048467635,-0.2090642750263214
-0.017094306647777557,0.04525277763605118,0.7849973440170288,0.9910863041877745,-0.008084893226623535,-0.04071615263819695,-0.12658903002738953,0.10251491516828536,0.030990634113550183,0.27941110730171204,0.12981100380420685,-0.17102177441120148,-0.02326140366494656,-0.003941858187317848,-0.06411319226026535,-0.034907110035419464,0.22066548466682437,-0.16407980024814603,0.06747463345527649,-0.10178394615650176,-0.01711394637823105,0.2189921885728836,-0.019728852435946465,0.3357916474342346,-0.2731490135192871,1.0528883934020996,0.20688611268997192,-0.03551645949482918,0.23786015808582303,0.034926243126392365,-0.23359580338001248,0.4012876749038696,0.9936448931694031,-0.0630519911646843,0.08652845770120621,-0.20821246504783633
-0.016597812995314598,0.04258289188146591,0.785273790359497,0.9924905896186829,-0.008395904675126076,-0.0409221425652504,-0.1149667277932167,0.09932714700698851,0.033100374042987823,0.2581513822078705,0.1327608972787857,-0.17014984786510468,-0.02654549479484558,0.009667412377893923,-0.06551721692085266,-0.05813693255186081,0.20821285247802732,-0.16196139156818387,0.06821364909410477,-0.09899721294641495,-0.017084071412682533,0.2157885581254959,-0.02364496700465679,0.33308789134025574,-0.281023383140564,1.0531643629074097,0.20857760310173035,-0.03345451503992081,0.23178713023662567,0.02925065904855728,-0.2280031144618988,0.41354382038116455,1.0009002685546875,-0.06669284403324127,0.08913912624120712,-0.20507746934890747
-0.01594989374279976,0.03938312083482742,0.7855309844017028,0.9938287138938906,-0.008563593961298466,-0.04114379733800888,-0.10265693813562392,0.09570064395666121,0.035337284207344055,0.2353845238685608,0.1363237351179123,-0.1688797026872635,-0.03038074262440205,0.023503763601183888,-0.06633716076612473,-0.08257756382226944,0.19670484960079196,-0.1608237326145172,0.06834818422794342,-0.09598764032125472,-0.017705800011754036,0.21193280816078183,-0.02708963304758072,0.32957205176353455,-0.2903165817260742,1.0537097454071045,0.21022887527942655,-0.031076969578862194,0.22440941631793973,0.024144385010004044,-0.22208522260189056,0.42497313022613525,1.0100811719894407,-0.06772502511739731,0.09278203547000884,-0.2008666545152664
-0.01530741900205612,0.035963453352451324,0.7857074737548829,0.9949733614921568,-0.008453196845948696,-0.04124867171049119,-0.09085788577795027,0.09144326299428941,0.03721414133906365,0.21349699795246124,0.14035780727863312,-0.16733470559120178,-0.034018706530332565,0.03529326990246773,-0.06691218167543411,-0.10569841414690016,0.18833397328853607,-0.1617678254842758,0.06792501360177994,-0.09255941212177277,-0.01907361112535,0.20805507898330688,-0.02997601591050625,0.32515862584114075,-0.2989785671234131,1.0549194812774658,0.20976312458515167,-0.028745798394083977,0.21755400300025937,0.018032560124993324,-0.2166271805763245,0.43695104122161865,1.0185039043426511,-0.06690546125173569,0.09660472720861435,-0.19651414453983304
-0.01477072387933731,0.0324602946639061,0.7858139276504515,0.9959334731101988,-0.008059051819145678,-0.04117419570684433,-0.07972642034292221,0.0864744633436203,0.038581866770982735,0.19285207986831665,0.14480827748775482,-0.16547031700611115,-0.037624940276145935,0.04443565011024475,-0.06762779504060745,-0.12718643248081207,0.18359683454036713,-0.16426678001880643,0.06708082556724548,-0.0889735221862793,-0.02092473767697811,0.2045166939496994,-0.032533064484596246,0.3194692730903625,-0.3062075674533844,1.057673454284668,0.20776593685150144,-0.026565581560134888,0.2116713374853134,0.010056838393211365,-0.21222577989101407,0.45040249824523926,1.025747299194336,-0.06487788259983063,0.09962777048349379,-0.1921647787094116
-0.01438307762145996,0.029021833091974255,0.7858542799949646,0.9966933131217955,-0.007545814849436283,-0.040961656719446175,-0.0697682648897171,0.08095665276050566,0.039870813488960266,0.17419108748435974,0.14982520043849945,-0.16366215050220487,-0.04138444364070892,0.050806362181901925,-0.06823740154504776,-0.14698192477226257,0.18234254419803617,-0.16764232516288757,0.06507393717765808,-0.08498217165470123,-0.022535204887390137,0.20168116688728327,-0.034900713711977005,0.3118080794811249,-0.3111395537853241,1.062466025352478,0.20407666265964508,-0.02442544139921665,0.20654350519180295,-0.0002440093085169792,-0.20896610617637637,0.46593993902206415,1.032360553741455,-0.06102987006306648,0.10173313319683074,-0.18688315153121948
-0.014105031266808508,0.02572157233953476,0.7858530879020691,0.9972828030586242,-0.006889499258249998,-0.04062287509441376,-0.06106819584965706,0.07511770725250243,0.040978796780109406,0.15754619240760803,0.15532276034355164,-0.16224685311317444,-0.044893451035022736,0.054782934486866,-0.06878908723592758,-0.16479083895683289,0.18406096100807187,-0.1717661619186401,0.06200157105922698,-0.080336794257164,-0.0235467366874218,0.1994861960411072,-0.03741556778550148,0.3017212748527527,-0.3145186901092529,1.0692291259765625,0.200215607881546,-0.021406706422567368,0.2010139971971512,-0.013538664206862448,-0.20691873133182523,0.4842586517333984,1.0391929149627683,-0.05491403490304946,0.10273069888353348,-0.18053463101387024
-0.01392099354416132,0.022704556584358212,0.7858102321624755,0.9977036118507384,-0.006265838164836168,-0.04015253856778145,-0.05418580025434495,0.06974978744983673,0.04229455441236496,0.1441544145345688,0.1609767973423004,-0.161807581782341,-0.04815162718296051,0.05662247911095619,-0.06865819543600081,-0.1789606213569641,0.1874810606241226,-0.17608049511909485,0.05809171125292777,-0.07495951652526854,-0.02340859919786453,0.19762173295021057,-0.039274703711271286,0.2896899282932281,-0.3165462017059326,1.0769027471542358,0.1962493658065796,-0.017761794850230217,0.19507847726345065,-0.029854778200387955,-0.20575100183486936,0.5027179718017578,1.0462627410888672,-0.04689191281795502,0.10391277819871902,-0.17499642074108124
-0.013739418238401411,0.019797710701823235,0.7857729196548462,0.9980089068412781,-0.005785720888525248,-0.03953609988093376,-0.048801492899656296,0.06504195928573608,0.04410244524478912,0.1331547051668167,0.16586141288280487,-0.16160421073436737,-0.051577512174844735,0.05767878144979477,-0.06744582206010817,-0.19015389680862424,0.19014981389045715,-0.17957329750061035,0.053557395935058594,-0.06942728906869888,-0.022465374320745468,0.19546544551849365,-0.03947406262159348,0.276255339384079,-0.3172513246536255,1.085374116897583,0.19226524233818051,-0.013979065231978892,0.18972299993038175,-0.04768523946404457,-0.2046939730644226,0.5188316702842712,1.0525357723236084,-0.03725112602114677,0.10562918335199356,-0.17119954526424408
-0.01347464509308338,0.016826210543513298,0.7857674956321715,0.9982361793518065,-0.005508856382220984,-0.038970917463302605,-0.04444677382707596,0.06144277378916741,0.04656476899981499,0.12364650517702103,0.16916872560977936,-0.1614415943622589,-0.055390529334545135,0.05974942445755005,-0.06473054736852646,-0.1985744833946228,0.18960081040859225,-0.18179807066917417,0.049103505909442895,-0.06463024020195007,-0.02156216837465763,0.19284845888614652,-0.03738759085536003,0.2629987895488739,-0.31653016805648804,1.0946753025054932,0.1887100785970688,-0.01057513616979122,0.1855635643005371,-0.06412392854690552,-0.2028962075710297,0.5295069813728333,1.0559583902359009,-0.027511747553944588,0.1082569509744644,-0.16967792809009552
-0.013091640546917915,0.01372351497411728,0.785824954509735,0.9984294176101683,-0.005417905282229185,-0.03842701390385628,-0.040406256914138794,0.05841812863945961,0.049659863114356995,0.11479737609624863,0.1714058369398117,-0.16123667359352112,-0.059793926775455475,0.06312956660985947,-0.060877904295921326,-0.20622770488262177,0.18567125499248505,-0.18259757757186887,0.045128509402275085,-0.061326764523983,-0.02107850462198257,0.18938159942626956,-0.03343076631426811,0.25086721777915955,-0.31467047333717346,1.1048195362091064,0.1860797703266144,-0.007612247485667467,0.18245959281921384,-0.07798492908477782,-0.2000395506620407,0.5354385375976562,1.055375099182129,-0.01838880404829979,0.11111043393611908,-0.16972309350967407
-0.01265585608780384,0.0104879941791296,0.7859286069869995,0.998598039150238,-0.005580827593803406,-0.0380181223154068,-0.036406710743904114,0.05582405999302864,0.0536736361682415,0.10646785050630568,0.17337742447853088,-0.16126206517219543,-0.0649341270327568,0.06810063868761063,-0.05594303831458092,-0.2137535065412521,0.17905747890472412,-0.18232963979244232,0.04095279052853584,-0.059119891375303275,-0.020772024989128113,0.18511295318603516,-0.028855424374341965,0.23988614976406095,-0.31197792291641235,1.1158857345581055,0.18448264896869657,-0.005235397256910801,0.17891563475131989,-0.08894957602024078,-0.1963747590780258,0.5396484136581421,1.0505783557891843,-0.012474514544010162,0.11319009959697723,-0.17068766057491302
-0.012258773669600487,0.007149065379053353,0.7859887480735779,0.998730421066284,-0.005884459707885981,-0.03782038018107414,-0.03274761140346527,0.05382174998521805,0.0584985725581646,0.09946656227111816,0.17553092539310455,-0.16193868219852448,-0.07035915553569794,0.07397663593292236,-0.05037187412381172,-0.22066879272460935,0.17147983610630035,-0.18196244537830353,0.036752849817276,-0.05696866661310196,-0.020183544605970383,0.18062570691108704,-0.02390684559941292,0.23031242191791532,-0.3083908855915069,1.1265740394592283,0.1829794943332672,-0.003697542939335108,0.17629428207874298,-0.09722970426082611,-0.19280448555946353,0.5454058647155762,1.0424447059631348,-0.009963690303266048,0.11419787257909773,-0.17244207859039307
-0.01184755563735962,0.0038477675989270206,0.7859766483306884,0.9988258481025696,-0.006257278844714165,-0.03783729672431946,-0.0295981839299202,0.051921702921390527,0.06378291547298431,0.09367140382528304,0.17853321135044095,-0.16310983896255493,-0.07557011395692825,0.0804217681288719,-0.04442407935857773,-0.2270197570323944,0.1638423204421997,-0.18204148113727567,0.03227850794792175,-0.054575465619564056,-0.018974794074893,0.17619477212429047,-0.01907307654619217,0.22218748927116397,-0.30416736006736755,1.1352267265319824,0.18138723075389865,-0.0029246273916214705,0.1760316789150238,-0.10380549728870392,-0.1899796277284622,0.5542372465133666,1.032320499420166,-0.0109088197350502,0.11436110734939577,-0.17352336645126343
-0.011431794613599775,0.0007040041964501144,0.7859293222427368,0.9988810420036318,-0.006700749043375254,-0.03816551715135574,-0.027114590629935265,0.050682317465543754,0.06940893828868866,0.0890355333685875,0.18197600543498993,-0.16472657024860382,-0.08052354305982588,0.08781930804252625,-0.03799066320061684,-0.2322419434785843,0.15552794933319092,-0.18190531432628632,0.02746991254389286,-0.051603175699710846,-0.01685749925673008,0.17201924324035645,-0.014719572849571705,0.215282678604126,-0.29832097887992853,1.140599250793457,0.17884737253189087,-0.003255452495068312,0.1781778186559677,-0.1084662303328514,-0.18867823481559756,0.5657050013542175,1.0209615230560303,-0.01542956568300724,0.11380686610937119,-0.17274408042430875
-0.011049691587686539,-0.0023783929646015167,0.7858253717422485,0.9989103674888611,-0.007208388764411211,-0.03870979696512222,-0.02505272999405861,0.04947411268949509,0.07514142990112305,0.08472639322280884,0.18643459677696228,-0.16685576736927032,-0.08557915687561035,0.09521576762199402,-0.03148406744003296,-0.2371423691511154,0.14758409559726715,-0.18174952268600464,0.022124119102954865,-0.048611339181661606,-0.013506950810551643,0.16846124827861783,-0.01107185799628496,0.2094077914953232,-0.2909396290779114,1.1424611806869507,0.17716731131076813,-0.004710862413048744,0.1824292689561844,-0.11189474910497664,-0.18946322798728943,0.5783587098121643,1.0100207328796387,-0.023718286305665966,0.1127224713563919,-0.1701008826494217
-0.010903418064117432,-0.005306546576321125,0.7857020497322081,0.9989280700683592,-0.007640716154128314,-0.03923286125063896,-0.02334751561284065,0.047294002026319504,0.08042117953300477,0.08068379014730453,0.19238582253456116,-0.169255793094635,-0.09009325504302977,0.10024423152208328,-0.025987163186073303,-0.2418777048587799,0.14257775247097015,-0.1823877990245819,0.016689999029040337,-0.046042464673519135,-0.008949944749474525,0.16603779792785645,-0.00832784827798605,0.20423775911331177,-0.28186795115470886,1.1402238607406616,0.1744402050971985,-0.007337465416640043,0.1890158504247665,-0.11447501927614212,-0.19299152493476868,0.5901952981948853,1.0007205009460447,-0.03546711429953575,0.11201213300228118,-0.16671711206436157
-0.011139795184135435,-0.008124341256916523,0.7855466008186339,0.9989575743675234,-0.008026957511901854,-0.03947583958506584,-0.02146915905177593,0.04203538596630096,0.08545859903097151,0.07648935914039613,0.2022927850484848,-0.1726333200931549,-0.09404105693101883,0.10243696719408037,-0.021594313904643055,-0.24727225303649905,0.1409742087125778,-0.18419915437698364,0.011292304843664168,-0.04432357475161552,-0.0031145052053034306,0.16489063203334808,-0.006009104195982218,0.19953054189682007,-0.2715858817100525,1.1345289945602417,0.17118749022483823,-0.010996900498867033,0.1980012208223343,-0.1165097877383232,-0.1995742619037628,0.6004352569580078,0.9936891198158264,-0.047092095017433167,0.1122247204184532,-0.1639278531074524
-0.011777326464653015,-0.010835925117135048,0.7853209972381591,0.9990012049674989,-0.008458728902041912,-0.03949236869812012,-0.019115641713142395,0.03287661075592041,0.09030117094516754,0.07150843739509583,0.217719241976738,-0.17782673239707947,-0.09771735221147536,0.10216473788022996,-0.018059607595205307,-0.25399118661880493,0.1426539570093155,-0.18710911273956296,0.006231497507542372,-0.04347467049956322,0.004035362042486668,0.1652127206325531,-0.0038413014262914658,0.19525302946567533,-0.26145175099372864,1.1264500617980957,0.1669754534959793,-0.01554797776043415,0.20801390707492828,-0.11829158663749693,-0.20895099639892575,0.6090378165245056,0.9899498820304871,-0.05707842856645584,0.11299514770507812,-0.1616479754447937
-0.01274559274315834,-0.013460583053529263,0.7849978804588317,0.9990504384040833,-0.008990115486085415,-0.03940575569868088,-0.016264019533991814,0.0202317014336586,0.09496688097715376,0.0653202012181282,0.23848578333854675,-0.18454183638095853,-0.10124007612466812,0.1000050976872444,-0.015005222521722317,-0.26174637675285334,0.14728961884975433,-0.19095338881015775,0.0020543530117720366,-0.04319588467478752,0.012254618108272552,0.16692934930324554,-0.0014653521357104182,0.19178365170955655,-0.25197145342826843,1.1170413494110107,0.16097556054592133,-0.02073679305613041,0.2183770835399628,-0.11935839802026749,-0.22052027285099027,0.6163468956947327,0.9897968173027039,-0.06396907567977905,0.11378438025712966,-0.15945389866828918
-0.013900570571422575,-0.01594884693622589,0.7845848202705382,0.9990984201431273,-0.009460863657295706,-0.03930727019906044,-0.012952511198818684,0.006364088505506516,0.09899205714464189,0.058601785451173775,0.2607204914093017,-0.1910590827465057,-0.10504890978336334,0.09679528325796127,-0.012683815322816372,-0.27000901103019714,0.15401330590248108,-0.19565528631210327,-0.0013303031446412204,-0.043189309537410736,0.02066400274634361,0.16945435106754303,0.001425569294951856,0.19000880420207977,-0.24417632818222043,1.1076586246490479,0.1536632478237152,-0.02613801695406437,0.22718392312526703,-0.1194271370768547,-0.23327918350696564,0.6228445172309875,0.9942871928215027,-0.06701794266700745,0.1136503517627716,-0.1569712907075882
-0.015113463625311852,-0.018279442563652992,0.7841970920562744,0.9991422891616819,-0.009595988318324087,-0.03921427205204964,-0.009208581410348415,-0.0066559333354234695,0.10170841962099075,0.05191543698310852,0.2802897095680237,-0.1958830654621124,-0.10906487703323364,0.09360725432634352,-0.011578000150620936,-0.27899420261383057,0.1612272262573242,-0.20080971717834473,-0.0037594186142086974,-0.04323423653841019,0.027955837547779083,0.1719962507486343,0.005381294060498476,0.1904510408639908,-0.23810097575187683,1.099238634109497,0.14658021926879883,-0.031235909089446068,0.23333036899566648,-0.11804282665252684,-0.246054008603096,0.6281996369361876,1.003730535507202,-0.06683600693941116,0.11246228963136672,-0.15377263724803925
-0.016176428645849228,-0.020469099283218384,0.7839297652244567,0.9991852045059203,-0.009297531098127363,-0.038976091891527176,-0.004831404890865088,-0.01827220991253853,0.1028093844652176,0.045039944350719445,0.295540452003479,-0.19813592731952667,-0.1133049950003624,0.09118757396936417,-0.011528132483363152,-0.2887507677078247,0.1671452820301056,-0.2051965296268463,-0.005343948490917683,-0.04359471797943115,0.033437661826610565,0.17380328476428983,0.01064743846654892,0.1932459622621536,-0.2344096601009369,1.0921456813812256,0.14136679470539093,-0.034988462924957275,0.2381131201982498,-0.1142735332250595,-0.2576889395713806,0.6304985880851746,1.0167880058288574,-0.06531677395105362,0.11107852309942244,-0.15081508457660675
-0.016914445906877518,-0.02247955277562141,0.7838122248649597,0.9992097616195679,-0.008793051354587078,-0.03876142576336861,0.0002068485046038404,-0.02742788754403591,0.10268403589725494,0.03744838386774063,0.30589795112609863,-0.1981389969587326,-0.11771266162395476,0.09141357988119123,-0.011528803966939448,-0.29889160394668574,0.1687890589237213,-0.207773819565773,-0.006481318734586239,-0.04440964013338089,0.03708980977535248,0.1744534820318222,0.017446622252464294,0.19816285371780396,-0.23386226594448087,1.0858834981918335,0.13912224769592285,-0.03720672428607941,0.2418862581253052,-0.1066688448190689,-0.266808956861496,0.6268481612205504,1.0312700271606443,-0.0649285539984703,0.1109350249171257,-0.1501442939043045
-0.01722879335284233,-0.0243203304708004,0.783823251724243,0.9992063641548157,-0.008209990337491035,-0.03858254104852676,0.005535351578146219,-0.03354692459106445,0.10182944685220718,0.02960769645869732,0.3111882507801056,-0.1968068778514862,-0.12173719704151152,0.09446235746145248,-0.011021843180060387,-0.3087836802005768,0.16541320085525513,-0.20855446159839633,-0.007302619982510805,-0.04528725519776344,0.03877699747681618,0.17340311408042908,0.025976382195949554,0.20484419167041776,-0.23505140841007233,1.0796842575073242,0.1392553299665451,-0.03880489617586136,0.24403436481952667,-0.09465248882770537,-0.2724657356739044,0.6153312921524048,1.0465714931488037,-0.06422974169254303,0.11235968768596648,-0.1523493528366089
-0.017062684521079063,-0.02589450776576996,0.7838805317878723,0.999176561832428,-0.007565012667328118,-0.03841805458068848,0.010628966614603996,-0.03567773476243019,0.10064468532800674,0.023091215640306473,0.3103737533092499,-0.19482558965682983,-0.1247607097029686,0.09926734119653699,-0.010300490073859692,-0.31792119145393366,0.15866324305534363,-0.20824375748634336,-0.007778848987072705,-0.04578200727701187,0.038211748003959656,0.1705022007226944,0.03575024753808975,0.2128702104091644,-0.2371300756931305,1.0740563869476318,0.14085419476032257,-0.0404353067278862,0.24418076872825625,-0.07930852472782135,-0.27403610944747925,0.5967372655868529,1.0623846054077148,-0.062082402408123016,0.11495913565158844,-0.15732860565185547
-0.01648048497736454,-0.027196727693080906,0.7839395403861998,0.9991310238838195,-0.006920653861016035,-0.038160540163517,0.01526639237999916,-0.03426336124539375,0.09954644739627838,0.018180161714553836,0.3040623664855957,-0.19250139594078064,-0.12653249502182007,0.1044703871011734,-0.009516690857708454,-0.3259780704975128,0.15113958716392517,-0.2078470140695572,-0.0082605155184865,-0.045526735484600074,0.03546673431992531,0.16606605052947998,0.04600718617439271,0.2216586321592331,-0.23922438919544217,1.0697226524353027,0.14289391040802,-0.042152687907218926,0.24322493374347687,-0.06194459646940231,-0.2716413140296936,0.5726099610328673,1.0789122581481931,-0.057615768164396286,0.1184268444776535,-0.16368553042411804
-0.015524257905781267,-0.02822888270020485,0.783958613872528,0.9990774989128112,-0.006306509952992201,-0.037872493267059326,0.019235316663980484,-0.02904562652111053,0.09867728501558304,0.015066074207425116,0.2917757630348205,-0.18963557481765747,-0.12738676369190216,0.10971965640783309,-0.008717592805624008,-0.3325935900211334,0.14424769580364227,-0.2079620659351349,-0.008273398503661156,-0.04489307478070259,0.030533591285347935,0.16075769066810608,0.05627691000699997,0.23042957484722135,-0.24216628074646,1.0673556327819824,0.1468713730573654,-0.043699037283658974,0.24218760430812836,-0.044052600860595696,-0.26550155878067017,0.5456907749176024,1.095000147819519,-0.05284532904624938,0.1224994733929634,-0.16959479451179504
-0.014336838386952875,-0.028992092236876488,0.7839498519897461,0.999023199081421,-0.005689883138984442,-0.03752263262867928,0.02263446524739265,-0.021985385566949844,0.09765046089887619,0.012548868544399738,0.2762894332408905,-0.18573418259620664,-0.12726764380931854,0.11463524401187895,-0.008274519816040993,-0.3381495773792267,0.1383552998304367,-0.2083273679018021,-0.007926887832581999,-0.04414461180567741,0.02369600534439087,0.15534938871860504,0.0651669055223465,0.2384970039129257,-0.2458225190639496,1.0672658681869507,0.15221275389194489,-0.044901087880134576,0.240913987159729,-0.02741936221718788,-0.25660768151283264,0.5188038349151611,1.1088461875915527,-0.04744017496705055,0.1261470764875412,-0.1748792380094528
-0.013006802648305891,-0.029587408527731892,0.7839351892471313,0.9989712238311768,-0.005057796370238066,-0.03718341141939163,0.02546112425625324,-0.01392458938062191,0.09646708518266675,0.010496526025235651,0.25951775908470154,-0.18120989203453064,-0.1261502206325531,0.11912047863006592,-0.008208367973566054,-0.3425876498222351,0.13317841291427612,-0.20866777002811432,-0.007183954119682312,-0.04290162771940231,0.015238028019666672,0.1500931829214096,0.07211421430110931,0.2453875243663788,-0.24984359741210935,1.0697078704833984,0.15714213252067563,-0.04615800082683563,0.23852701485157007,-0.012304687872529028,-0.245639368891716,0.4936310052871704,1.1198780536651611,-0.04096252471208572,0.12877118587493896,-0.179362490773201
-0.011626726016402245,-0.030067414045333862,0.7839841246604918,0.99892258644104,-0.004293879959732294,-0.03690948709845543,0.027800990268588063,-0.0060183205641806126,0.09492452442646025,0.008872865699231625,0.24379138648509976,-0.1756746917963028,-0.12434551864862442,0.12307190150022505,-0.008926230482757092,-0.34605321288108826,0.12923282384872437,-0.20895947515964508,-0.005977657623589039,-0.041386593133211136,0.005315556190907955,0.14537234604358673,0.07645105570554733,0.25045135617256165,-0.25416138768196106,1.0757389068603516,0.16133829951286316,-0.046991229057312005,0.2357826679944992,0.0008137497352436186,-0.23372425138950348,0.4740545451641082,1.127454400062561,-0.03458959609270096,0.1297732889652252,-0.18192826211452484
-0.01035358477383852,-0.030332522466778755,0.7840149998664856,0.9988796710968016,-0.003635744331404567,-0.03683076798915863,0.02949093282222748,0.001145055401138961,0.09355986118316649,0.007938433438539505,0.2306648939847946,-0.17046424746513367,-0.12269399315118788,0.12636971473693848,-0.009870951995253563,-0.3478881120681762,0.12657777965068817,-0.20903007686138156,-0.004387666005641222,-0.039553716778755195,-0.004764639772474766,0.1415737271308899,0.07833869010210037,0.2532141506671905,-0.2579052746295929,1.0845143795013428,0.16381245851516724,-0.04730867221951485,0.23226347565650937,0.011151260696351528,-0.2225214391946793,0.4637557566165924,1.1309802532196045,-0.03001457266509533,0.1293800175189972,-0.18141634762287137
-0.009210949763655663,-0.03031008504331112,0.7839956283569336,0.9988582134246825,-0.003158890176564455,-0.03687923401594161,0.03020372427999973,0.0070162517949938765,0.09269294887781145,0.008455948904156685,0.2215275913476944,-0.1665896028280258,-0.12106020003557204,0.1288333386182785,-0.010800976306200027,-0.34772926568984985,0.1250780075788498,-0.2088422328233719,-0.0027412553317844868,-0.03739737346768379,-0.013965636491775513,0.13884471356868744,0.0790651887655258,0.25366878509521484,-0.26103487610816956,1.0947747230529783,0.16425684094429016,-0.04719563201069832,0.22876515984535217,0.01783795095980167,-0.2138972878456116,0.46529278159141535,1.130305290222168,-0.02941834926605225,0.12818947434425354,-0.17816320061683655
-0.00819156039506197,-0.029961830005049706,0.783970534801483,0.9988704919815063,-0.00285986321978271,-0.03700078278779984,0.02967329509556293,0.012269041500985622,0.09231592714786528,0.010787148028612137,0.2156662940979004,-0.16413044929504395,-0.11932407319545744,0.130392923951149,-0.01174371875822544,-0.3453316390514374,0.12473981827497482,-0.2081810086965561,-0.001181571977213025,-0.03475358709692955,-0.021502519026398655,0.13714569807052612,0.07919705659151077,0.25141942501068115,-0.2621084153652191,1.1051181554794312,0.16372603178024292,-0.04626983031630516,0.22478322684764865,0.02029521390795708,-0.20870034396648407,0.4762049615383148,1.1263236999511719,-0.03265153244137764,0.12662887573242188,-0.17363259196281433
-0.007381991483271123,-0.02934950962662697,0.7839658260345459,0.9989199042320253,-0.002799381036311388,-0.03715554997324944,0.027762312442064285,0.017069414258003235,0.0927162766456604,0.01568179950118065,0.2121747434139252,-0.1636819839477539,-0.1175810769200325,0.13100478053092957,-0.01237685978412628,-0.34067586064338684,0.1251368373632431,-0.2072109282016754,0.00010961201041936874,-0.031498223543167114,-0.02674840949475765,0.13637495040893555,0.07917692512273788,0.24680447578430173,-0.2610515356063843,1.11369252204895,0.16309307515621185,-0.04471977427601814,0.22190010547637937,0.01873273402452469,-0.20696464180946353,0.49215537309646606,1.119550347328186,-0.03789331763982773,0.12435917556285858,-0.16992497444152832
-0.006729284301400185,-0.02851329557597637,0.7839758992195129,0.9989967942237854,-0.0029347927775233984,-0.03723843395709992,0.024702146649360657,0.021691914647817608,0.09363448619842528,0.02252102456986904,0.20936237275600436,-0.16433368623256683,-0.11597326397895812,0.13078579306602478,-0.012679430656135082,-0.33388257026672363,0.1258731186389923,-0.2058762758970261,0.001299097202718258,-0.02793009579181671,-0.030100181698799133,0.13616520166397095,0.07949946820735931,0.24017566442489624,-0.2582211196422577,1.1201989650726318,0.16196025907993317,-0.04301395639777184,0.21968917548656464,0.013454017229378223,-0.20781084895133967,0.5095958113670349,1.1108027696609497,-0.04280299320816994,0.1221146285533905,-0.16810354590415955
-0.006192971486598252,-0.027607481926679608,0.7840084433555603,0.9990770816802977,-0.0031449689995497465,-0.03716675192117691,0.021301468834280968,0.02554768696427345,0.09460233151912688,0.029843708500266075,0.20701022446155548,-0.1651405692100525,-0.11434278637170792,0.13000835478305817,-0.012865961529314516,-0.3264639675617218,0.1264023184776306,-0.20416407287120816,0.0026469023432582617,-0.024838678538799282,-0.031934358179569244,0.13625624775886536,0.07998465746641159,0.23297886550426483,-0.2553596496582031,1.1249583959579468,0.16007383167743683,-0.0412508100271225,0.21775043010711667,0.005599103402346373,-0.2105489820241928,0.5247341990470886,1.1012729406356812,-0.04600570723414421,0.120181106030941,-0.16754591464996335
-0.005708181299269199,-0.026643965393304825,0.7840667366981505,0.9991495609283448,-0.003407784504815936,-0.03709103539586067,0.01768490858376026,0.02917180955410004,0.0955357626080513,0.0371926911175251,0.20440901815891263,-0.16584879159927368,-0.11276132613420486,0.12899968028068542,-0.012901999987661839,-0.3185241520404816,0.1267714947462082,-0.20214581489562988,0.004003272857517004,-0.022044759243726727,-0.032664839178323746,0.13672208786010742,0.07996150851249696,0.2258041799068451,-0.2526102364063263,1.1287966966629028,0.1570968925952911,-0.039531391113996506,0.21527984738349917,-0.003639414208009839,-0.21441875398159027,0.5360632538795471,1.0912948846817017,-0.0472140833735466,0.11856390535831451,-0.16741055250167847
-0.005274409893900156,-0.02567529864609241,0.7841524481773376,0.9992086887359619,-0.003669343655928969,-0.0368894524872303,0.014408539980649948,0.03210293874144554,0.09602129459381104,0.043415218591690063,0.20179358124732968,-0.1664087027311325,-0.11087876558303832,0.12774789333343503,-0.01300021167844534,-0.3112259805202484,0.1268731951713562,-0.19988861680030823,0.0050545167177915564,-0.020072801038622856,-0.032618485391139984,0.13713125884532928,0.07862757146358491,0.21999382972717285,-0.2509821355342865,1.132392644882202,0.15445147454738617,-0.037859655916690826,0.21264727413654327,-0.013426792807877064,-0.21838904917240143,0.5433432459831238,1.0823816061019895,-0.04653384163975716,0.1176137924194336,-0.16735319793224335
-0.004882801324129105,-0.02475098706781864,0.7842432260513306,0.9992535710334778,-0.003919484559446572,-0.03663879260420799,0.01159887295216322,0.03477085381746292,0.09627923369407651,0.0489988550543785,0.1989539712667465,-0.1667635291814804,-0.10925017297267912,0.12645532190799713,-0.013121393509209156,-0.30461376905441284,0.12696458399295807,-0.19792540371418,0.005795794073492289,-0.019001124426722527,-0.031977493315935135,0.1375931352376938,0.07572484016418457,0.2161410003900528,-0.25110775232315063,1.135680913925171,0.1524682343006134,-0.03603632748126984,0.2099158763885498,-0.02352855354547501,-0.221658393740654,0.5474010109901428,1.0751664638519287,-0.044220618903636925,0.11726829409599304,-0.16772867739200592
-0.004547514952719212,-0.023888740688562397,0.7843282222747802,0.999289333820343,-0.0041341460309922695,-0.03630701079964638,0.009249757975339888,0.037303753197193146,0.09624985605478287,0.053859185427427285,0.19585226476192477,-0.16669489443302155,-0.10781965404748917,0.1252417117357254,-0.013327389955520628,-0.2985532879829407,0.12697274982929227,-0.19634254276752472,0.00664523895829916,-0.0185463298112154,-0.030976340174674988,0.13800901174545288,0.07098271697759628,0.2142994999885559,-0.2531721293926239,1.1384147405624387,0.1510240137577057,-0.034019481390714645,0.20709270238876343,-0.03322342038154602,-0.22369925677776337,0.5496128797531128,1.0696295499801636,-0.04230876639485359,0.11757924407720564,-0.16833138465881348
-0.004251417703926563,-0.023148706182837486,0.7844132781028748,0.9993191361427309,-0.004289659671485424,-0.035934388637542725,0.007187692914158106,0.03972144424915314,0.09608446806669235,0.05827540159225464,0.1926874667406082,-0.165979266166687,-0.10649628192186356,0.12406710535287856,-0.013664091937243938,-0.293182373046875,0.12714023888111115,-0.19508105516433716,0.007613340858370066,-0.018257487565279007,-0.029825378209352493,0.138363316655159,0.06528396904468536,0.21407879889011383,-0.25571224093437195,1.1398712396621704,0.1493445187807083,-0.0317162424325943,0.20402321219444275,-0.04199306294322014,-0.224522665143013,0.5506885647773743,1.0656840801239011,-0.041026607155799866,0.11799608170986176,-0.1690092831850052
-0.00396597245708108,-0.022459248080849648,0.7844951748847961,0.9993435144424438,-0.004441425669938326,-0.035550471395254135,0.0053816940635442725,0.041844584047794335,0.09571474045515059,0.06188207119703293,0.18997111916542053,-0.1654399335384369,-0.10518696904182434,0.12323752045631409,-0.014072513207793236,-0.28883096575737,0.12725168466567993,-0.1941673159599304,0.008545137010514736,-0.0183157492429018,-0.02852448262274265,0.138632133603096,0.05904486030340195,0.2152096331119537,-0.25812363624572754,1.1396470069885252,0.14725621044635773,-0.03001383878290653,0.20002470910549164,-0.049893591552972794,-0.22381855547428128,0.5512044429779053,1.0632449388504028,-0.041741993278265,0.11841357499361038,-0.16911162436008453
-0.003651389852166176,-0.021830996498465535,0.7845669984817504,0.9993622899055482,-0.004603405483067036,-0.035184647887945175,0.003992017824202776,0.043618597090244286,0.09525013715028761,0.06464968621730804,0.187517449259758,-0.16505499184131622,-0.10409258306026457,0.12271269410848616,-0.01454449724406004,-0.28573253750801086,0.12716533243656158,-0.19366505742073056,0.009282185696065424,-0.01891319081187248,-0.027253521606326103,0.13870637118816376,0.05303733050823212,0.21741050481796265,-0.26012974977493286,1.1375606060028076,0.14444173872470856,-0.02912870422005653,0.1956651359796524,-0.05626999586820602,-0.22144514322280884,0.5514926910400392,1.0624992847442627,-0.043005872517824166,0.11836259812116622,-0.16867630183696747
-0.0032791702542454004,-0.021230388432741165,0.7846057415008546,0.999375581741333,-0.0047323950566351405,-0.03488904982805252,0.0029704775661230087,0.04527248814702033,0.09474484622478484,0.06709793210029602,0.1849537491798401,-0.1646653413772583,-0.1032588556408882,0.12242768704891203,-0.01515710074454546,-0.28348010778427124,0.1270642727613449,-0.1934049427509308,0.009776833467185496,-0.01982392556965351,-0.026178468018770214,0.13863268494606018,0.04771041497588158,0.21994473040103912,-0.2609725296497345,1.134362816810608,0.14146021008491516,-0.028846509754657745,0.19249980151653287,-0.06103970110416412,-0.2178012430667877,0.5515472888946533,1.0624058246612549,-0.0448477566242218,0.11777542531490325,-0.167841836810112
-0.0028085920494049788,-0.02066705375909805,0.7846173048019409,0.9993845820426942,-0.004786873701959848,-0.034688521176576614,0.002060892526060343,0.0471780002117157,0.09412171691656113,0.06939718127250671,0.18215668201446533,-0.1641710102558136,-0.10257765650749207,0.1222156509757042,-0.015980789437890053,-0.28144639730453486,0.1271766722202301,-0.1935453712940216,0.01024133525788784,-0.02079529128968716,-0.025507288053631783,0.13829317688941956,0.042940374463796616,0.22237557172775269,-0.2607065737247467,1.1309192180633545,0.13836988806724548,-0.029211370274424553,0.19015036523342127,-0.06409487873315811,-0.21299768984317777,0.5508670806884766,1.0623453855514526,-0.046174272894859314,0.1169561818242073,-0.1668831557035446
-0.002223269548267126,-0.020147535949945446,0.7846161127090454,0.9993910789489746,-0.004753046203404665,-0.03454852104187012,0.001139690983109176,0.04952632263302803,0.09334184974431992,0.07172493636608124,0.17895033955574036,-0.16362264752388,-0.10199635475873949,0.1216716542840004,-0.01696973107755184,-0.2792850434780121,0.1276971697807312,-0.19386829435825348,0.010692043229937552,-0.021822845563292503,-0.02530184015631676,0.13757574558258057,0.0390213169157505,0.2241787314414978,-0.2593909502029419,1.1279146671295166,0.135023295879364,-0.02992222085595131,0.18895739316940308,-0.06550624221563339,-0.2073420137166977,0.5499057769775392,1.0622795820236206,-0.0469512864947319,0.11604566127061844,-0.1657942533493042
-0.0016128788702189922,-0.01962614431977272,0.7845919728279114,0.9993977546691895,-0.004615817219018936,-0.03439103811979294,0.0001827086234698072,0.05186602100729942,0.09245472401380539,0.07439567893743515,0.17574262619018555,-0.16308847069740295,-0.10117620229721068,0.12080626934766768,-0.018122825771570206,-0.2768160402774811,0.1284441202878952,-0.19445522129535675,0.011158023029565811,-0.022869160398840904,-0.025621848180890083,0.1362743377685547,0.03601858392357826,0.22523735463619232,-0.25777357816696167,1.126061201095581,0.13137467205524445,-0.030495911836624146,0.1883731633424759,-0.06511197239160538,-0.20124225318431851,0.5490427613258362,1.0620536804199219,-0.04764275997877121,0.11478298157453536,-0.1655629724264145
-0.0010788948275148869,-0.01908804476261139,0.7845451831817627,0.9994034171104432,-0.004433612804859877,-0.034238267689943314,-0.0009629653068259358,0.054349064826965325,0.09163457155227661,0.07731167972087859,0.1726742386817932,-0.16253945231437683,-0.10049608349800108,0.11988364160060883,-0.019200816750526428,-0.2740082144737244,0.12944787740707395,-0.19510115683078763,0.011503051035106182,-0.023924319073557854,-0.026303423568606377,0.13477393984794617,0.033989433199167245,0.22549757361412048,-0.2558448016643524,1.1255446672439575,0.12863099575042725,-0.03028779290616512,0.18754518032073972,-0.06362012028694153,-0.19524577260017395,0.5486306548118591,1.0612680912017822,-0.048549443483352654,0.11338662356138228,-0.16602380573749542
-0.0006620148196816444,-0.018603671342134476,0.784512460231781,0.9994078874588013,-0.004258318338543177,-0.03406326472759247,-0.0023211836814880367,0.05672766640782356,0.09109949320554733,0.08072397112846375,0.17029239237308502,-0.16218131780624387,-0.09952567517757416,0.11901337653398512,-0.01992088556289673,-0.2707799971103668,0.13039198517799375,-0.1955867111682892,0.011838785372674463,-0.02503242529928684,-0.027198437601327896,0.13318574428558347,0.03258855268359184,0.22464852035045624,-0.2534344494342804,1.1262972354888916,0.12719218432903287,-0.029202474281191822,0.1868964582681656,-0.061327483505010605,-0.18974705040454865,0.5491535067558289,1.0599195957183836,-0.05052489042282104,0.1119815558195114,-0.16584378480911255
-0.0003521544858813286,-0.018255509436130524,0.7845260500907899,0.9994119405746462,-0.004190037958323956,-0.03380084037780762,-0.003968504723161458,0.05854253098368645,0.09111307561397552,0.08468598127365112,0.16892710328102112,-0.16216498613357544,-0.09864670783281326,0.11789900809526443,-0.02008669823408127,-0.2667767107486725,0.13117697834968567,-0.1955827474594116,0.012064503505825996,-0.0258822962641716,-0.027854010462760925,0.13153646886348724,0.03168871998786926,0.22310927510261533,-0.250864714384079,1.1271501779556274,0.12745283544063568,-0.027638081461191177,0.1865902841091156,-0.059091228991746896,-0.18569351732730863,0.5513639450073241,1.0580599308013916,-0.0542432889342308,0.1103297173976898,-0.16501325368881223
-0.00010887067764997482,-0.018026668578386303,0.784559726715088,0.9994107484817504,-0.004261679481714964,-0.03352576494216919,-0.006004442926496267,0.05989396199584007,0.09167933464050293,0.08912904560565948,0.1685512661933899,-0.1623977422714233,-0.09780575335025789,0.116708405315876,-0.01976349763572216,-0.26206710934638977,0.1316068172454834,-0.19509212672710416,0.01205542217940092,-0.026504177600145336,-0.02795582264661789,0.1301620453596115,0.03151242062449455,0.22110831737518313,-0.24788720905780792,1.1272108554840088,0.12818461656570435,-0.026414338499307632,0.18598605692386627,-0.05741354823112488,-0.18358942866325376,0.5542327165603638,1.05594801902771,-0.059684474021196365,0.1086406409740448,-0.16394218802452087
3.277999348938465e-05,-0.017828475683927536,0.7846000790596008,0.9994023442268372,-0.0044516404159367085,-0.033216651529073715,-0.008473975583910942,0.060632757842540734,0.09252943843603134,0.09359125047922134,0.16893070936203003,-0.16294053196907043,-0.09689340740442275,0.11528057605028152,-0.0190854724496603,-0.25705152750015253,0.13161306083202362,-0.19413043558597565,0.012274485081434248,-0.02703149989247322,-0.027424655854701996,0.12916716933250427,0.03165336698293686,0.21888828277587888,-0.2454564869403839,1.1263598203659055,0.12900660932064056,-0.026008952409029007,0.18484188616275787,-0.05634458735585213,-0.18350769579410553,0.5567579865455627,1.0544182062149048,-0.06480105966329575,0.1071539893746376,-0.16321566700935364
6.044050678610802e-05,-0.017576083540916443,0.7846213579177856,0.9993857145309448,-0.004710131790488958,-0.03289421647787094,-0.011133584193885326,0.06094830483198166,0.09355191141366959,0.097896970808506,0.16956909000873563,-0.1638980209827423,-0.09622295945882797,0.11355017125606535,-0.018145864829421043,-0.2519116997718811,0.13157059252262115,-0.1930606961250305,0.012523078359663486,-0.02743789181113243,-0.0265019815415144,0.12853582203388214,0.0322185643017292,0.2168121486902237,-0.24302700161933896,1.1253647804260252,0.12903302907943723,-0.02662854827940464,0.18373686075210569,-0.0556584820151329,-0.18483053147792816,0.5584095120429993,1.0537748336791992,-0.06802532821893692,0.10634201020002364,-0.1627589911222458
4.139496013522148e-06,-0.017251141369342804,0.7846475243568419,0.999361217021942,-0.004993116948753595,-0.03258786350488663,-0.013797116465866564,0.06103003025054932,0.09461832046508788,0.10211234539747238,0.17013007402420044,-0.16491384804248807,-0.0956556797027588,0.11158978939056396,-0.01709584705531597,-0.2468854933977127,0.1315096020698547,-0.1918647736310959,0.012569256126880644,-0.027731517329812046,-0.025374822318553925,0.12849955260753632,0.03341572731733322,0.2150839567184448,-0.2401268631219864,1.1245917081832884,0.12922360002994537,-0.027531944215297696,0.183181494474411,-0.05504022538661957,-0.18683986365795133,0.5589302778244019,1.0534611940383911,-0.06931351125240326,0.10631225258111952,-0.16241832077503204
-0.00020428979769349095,-0.016903923824429512,0.7847025990486146,0.999330759048462,-0.005241724196821451,-0.03224983811378479,-0.016446566209197044,0.06089359149336815,0.09562837332487105,0.10664139688014984,0.17041955888271332,-0.16564083099365234,-0.0950630307197571,0.10938414931297302,-0.01607062853872776,-0.24169760942459104,0.1313675194978714,-0.1906834691762924,0.012688388116657732,-0.027919175103306767,-0.024280253797769543,0.12892110645771027,0.03461772948503494,0.21382251381874084,-0.2367970198392868,1.1243153810501099,0.1290348917245865,-0.02814610861241817,0.18272492289543152,-0.05445498600602149,-0.18907803297042847,0.5588464736938477,1.0534596443176267,-0.0698046162724495,0.106522336602211,-0.1624319553375244
-0.0005259450990706681,-0.016614049673080444,0.7847894430160521,0.999298632144928,-0.0054681384935975075,-0.031813398003578186,-0.01898205652832985,0.060250423848629,0.09657967835664749,0.11121270060539244,0.17058591544628143,-0.16587871313095093,-0.0944168344140053,0.1066911444067955,-0.015173792839050291,-0.23671911656856537,0.13123778998851776,-0.18926003575325007,0.012851996347308157,-0.028132852166891095,-0.02318859100341797,0.12962977588176727,0.035729218274354935,0.21291731297969815,-0.23306001722812647,1.1245752573013303,0.12875691056251523,-0.02866237983107567,0.182813361287117,-0.05385398864746094,-0.19115684926509857,0.5580819249153137,1.0534548759460447,-0.07032904773950577,0.10687552392482756,-0.1629040241241455
-0.0009445361793041229,-0.01646282523870468,0.7848744988441467,0.9992639422416688,-0.005679337307810783,-0.0312928780913353,-0.021445609629154205,0.05927181243896484,0.09753797203302383,0.11604472994804382,0.1708446592092514,-0.1659726649522781,-0.09371231496334079,0.10355699062347412,-0.01441965252161026,-0.2319278120994568,0.13128812611103055,-0.18781825900077817,0.01294388063251972,-0.028300771489739415,-0.02203185856342316,0.13050022721290588,0.036508746445178986,0.21230131387710569,-0.2291971743106842,1.1253252029418943,0.12786123156547546,-0.028987927362322807,0.18282276391983032,-0.05338380858302116,-0.1930784732103348,0.5576739907264708,1.0535471439361572,-0.07143351435661316,0.10702184587717056,-0.16295741498470306
-0.0014599112328141928,-0.01637490652501583,0.7849499583244324,0.9992260932922364,-0.005896804388612509,-0.030635325238108635,-0.02395589649677277,0.05809992551803589,0.0986698493361473,0.12103737890720367,0.17110370099544525,-0.16574543714523315,-0.0931745395064354,0.10000404715538024,-0.01369428914040327,-0.22729702293872836,0.1315167099237442,-0.1862850934267044,0.012869969010353088,-0.02871813997626305,-0.02067326195538044,0.131482794880867,0.03714701905846596,0.21210382878780365,-0.22576412558555603,1.126500129699707,0.1273026168346405,-0.029122969135642048,0.18262857198715207,-0.05317472666501999,-0.1949186325073242,0.5580432415008545,1.0537695884704588,-0.07287724316120148,0.10688889771699904,-0.1624005287885666
-0.002020326210185885,-0.016277987509965897,0.7850266695022582,0.9991886019706726,-0.006054067984223366,-0.02985820733010769,-0.02634257823228836,0.05679438263177872,0.09976066648960112,0.12609782814979553,0.17092610895633695,-0.16508392989635468,-0.09274176508188248,0.0962756797671318,-0.013098811730742455,-0.22305105626583097,0.13172076642513275,-0.18482835590839383,0.012834014371037483,-0.02944972366094589,-0.019285129383206367,0.1325891762971878,0.03730639070272446,0.21231020987033844,-0.2229963093996048,1.127808928489685,0.12693360447883603,-0.02887551300227642,0.18229791522026065,-0.05332845449447632,-0.1966474950313568,0.5588058829307556,1.05375599861145,-0.07418530434370042,0.10607576370239256,-0.16166785359382627
-0.0026373879518359895,-0.01607922837138176,0.7851130962371825,0.9991487264633178,-0.006175190676003695,-0.02904144488275051,-0.028639597818255424,0.05509500205516815,0.1007443219423294,0.13118253648281095,0.17089873552322388,-0.1642773300409317,-0.09200090169906616,0.09242484718561171,-0.012620333582162855,-0.21901822090148923,0.1318708211183548,-0.1833564043045044,0.012744147330522535,-0.030381917953491207,-0.017698420211672783,0.1341610848903656,0.037145815789699554,0.21297910809516904,-0.22067940235137937,1.1285367012023924,0.12616334855556488,-0.028500622138381004,0.18221430480480197,-0.053921476006507874,-0.19822609424591064,0.5597249269485474,1.053844928741455,-0.07399338483810426,0.10477466881275176,-0.1612558811903
-0.0032925449777394533,-0.01579122245311737,0.7852178812026978,0.9991097450256349,-0.006273924838751554,-0.028122691437602043,-0.030813954770565033,0.05286063253879547,0.10155108571052553,0.13574671745300293,0.17069540917873383,-0.16329360008239746,-0.0912313312292099,0.08831355720758438,-0.01222073007375002,-0.21509931981563568,0.13194240629673004,-0.1816668212413788,0.012444308027625084,-0.0313882939517498,-0.015965349972248077,0.13591989874839783,0.03674828633666039,0.21390655636787412,-0.2181796282529831,1.1285337209701538,0.12478694319725037,-0.02836852520704269,0.1825254261493683,-0.05433089286088944,-0.1995311677455902,0.5597887039184569,1.0541999340057373,-0.07355013489723204,0.1032705008983612,-0.16110339760780334
-0.0040560495108366,-0.01544442493468523,0.785323977470398,0.9990742802619934,-0.006313910707831384,-0.027178062126040455,-0.03274325281381607,0.05031849816441536,0.10200244188308716,0.1398666501045227,0.17043186724185944,-0.1619495451450348,-0.09043888747692108,0.08408189564943314,-0.012010034173727036,-0.21140123903751373,0.1321255713701248,-0.17983661592006683,0.012036923319101332,-0.032573774456977844,-0.014156021177768707,0.13786517083644867,0.035956934094429016,0.21477527916431427,-0.21543392539024356,1.1283624172210691,0.12305562943220139,-0.028329275548458096,0.18282605707645416,-0.054662000387907035,-0.200314536690712,0.5590201616287231,1.055040955543518,-0.0724765807390213,0.10214308649301528,-0.1608474850654602
-0.004916912876069546,-0.015117105096578598,0.7854230403900145,0.9990415573120115,-0.006322028115391731,-0.0263069961220026,-0.034408632665872574,0.048032138496637344,0.10222530364990234,0.14360541105270383,0.1697867214679718,-0.16042661666870117,-0.08997815102338791,0.0800992101430893,-0.011968680657446384,-0.2080584615468979,0.13243508338928223,-0.177992045879364,0.011435672640800476,-0.033777989447116845,-0.012294944375753403,0.13991759717464447,0.034924138337373734,0.2154456526041031,-0.21237027645111084,1.1277973651885986,0.12099740654230116,-0.02833636105060577,0.1829699277877808,-0.05474916845560074,-0.2005699127912521,0.558041512966156,1.0559563636779783,-0.07131079584360123,0.10147571563720705,-0.16096538305282593
-0.005799292586743832,-0.014782097190618517,0.7855164408683776,0.9990108013153075,-0.00628973264247179,-0.02553632855415344,-0.03585761412978172,0.046051334589719765,0.10224143415689468,0.14700232446193695,0.16897346079349515,-0.15879899263381958,-0.08969190716743469,0.07630787044763565,-0.012156235985457895,-0.20515683293342593,0.13292407989501953,-0.17619583010673523,0.010896533727645874,-0.034780364483594894,-0.010444402694702148,0.14181464910507202,0.033447373658418655,0.2160228788852692,-0.20942148566246033,1.127003788948059,0.12003377825021744,-0.02861016429960728,0.1831142008304596,-0.05448504909873009,-0.20048709213733676,0.5574476718902588,1.0568301677703855,-0.07057853043079376,0.1008566915988922,-0.16106718778610227
-0.006647666916251183,-0.01439845934510231,0.785613775253296,0.9989856481552125,-0.00622238963842392,-0.0248081274330616,-0.03706209734082221,0.044281762093305595,0.1019911915063858,0.14981922507286072,0.16790613532066345,-0.15724998712539673,-0.08930180966854094,0.07251989096403123,-0.012527626007795332,-0.20280326902866364,0.1335402280092239,-0.17444810271263123,0.010193015448749064,-0.035901520401239395,-0.00865898188203573,0.14335593581199646,0.03201933577656746,0.2166165262460709,-0.206606850028038,1.1258723735809326,0.1199268102645874,-0.029274802654981613,0.1834459751844406,-0.05402733385562897,-0.2000790536403656,0.5571734309196472,1.0578951835632324,-0.0700177550315857,0.10031139850616456,-0.16113403439521787
-0.007426614873111248,-0.013991997577250004,0.7857210040092467,0.9989638328552246,-0.006119698751717806,-0.024213202297687527,-0.03804720938205719,0.04288928210735321,0.10160067677497864,0.15235014259815216,0.16649232804775238,-0.15583603084087372,-0.08881352841854094,0.06907138973474503,-0.013041487894952295,-0.2007169723510742,0.1341496706008911,-0.17308105528354645,0.009826695546507837,-0.03691617399454117,-0.007046869490295649,0.14460641145706177,0.030852319672703743,0.21708503365516665,-0.20432133972644803,1.1243247985839844,0.120205357670784,-0.030219675973057743,0.18379418551921844,-0.05335314199328423,-0.19957834482192996,0.5571768879890442,1.0587003231048584,-0.07010670751333237,0.09983570128679277,-0.16093163192272186
-0.008118106052279472,-0.013575462624430656,0.7858171463012694,0.9989430904388429,-0.00599460257217288,-0.02375652641057968,-0.03888944908976554,0.04193760082125664,0.10119488835334776,0.15477722883224487,0.1648310273885727,-0.15425729751586914,-0.0885140597820282,0.06610682606697083,-0.013621422462165356,-0.19877825677394864,0.1346750110387802,-0.1720339059829712,0.00965738482773304,-0.037852171808481216,-0.005527906585484743,0.14570070803165436,0.030427874997258183,0.2173569351434708,-0.20284079015254972,1.122583270072937,0.12145937979221344,-0.030939633026719093,0.18439179658889768,-0.052681446075439446,-0.19909702241420743,0.5574488043785095,1.0590314865112305,-0.06989572942256927,0.09934024512767792,-0.160854235291481
-0.008720732294023039,-0.013090373948216438,0.7858988046646118,0.9989231824874878,-0.00585235608741641,-0.02345774509012699,-0.03959720209240913,0.0412522479891777,0.10075233131647109,0.15693549811840057,0.1630256623029709,-0.15248018503189087,-0.08827731758356094,0.06370715796947479,-0.014219439588487148,-0.1967998892068863,0.1350833624601364,-0.17104589939117432,0.009708649478852749,-0.03864210471510887,-0.004160404670983553,0.14658042788505554,0.03039517626166344,0.21718552708625796,-0.2015726715326309,1.1211174726486206,0.12306725978851318,-0.03085527569055557,0.18481017649173737,-0.05202076211571693,-0.19868814945220947,0.5573704242706299,1.0588651895523071,-0.0697144940495491,0.0991688072681427,-0.16073210537433624
-0.009216491132974625,-0.012593713589012623,0.785960853099823,0.9989088773727418,-0.0057047861628234395,-0.023219645023345947,-0.04011725634336472,0.04052400588989258,0.10022249072790144,0.1584463268518448,0.16133910417556763,-0.1507921665906906,-0.08804991841316222,0.06181559339165688,-0.014799142256379128,-0.1950217932462692,0.13541559875011444,-0.17017151415348053,0.010082561522722244,-0.03938830643892288,-0.0029609876219183207,0.14716562628746033,0.030697811394929882,0.21662595868110657,-0.20048619806766513,1.1203083992004395,0.12473092973232268,-0.029895616695284843,0.1846672147512436,-0.05144026875495911,-0.19824787974357605,0.5563634037971497,1.0580215454101562,-0.06903831660747528,0.09956984966993333,-0.1607397049665451
-0.009629780426621437,-0.012152314186096191,0.7859888076782225,0.9988982677459716,-0.00556234922260046,-0.023065177723765373,-0.04048816114664078,0.04002338275313377,0.09955582022666931,0.15938611328601837,0.15981826186180115,-0.1491641402244568,-0.08767957985401154,0.06025416404008865,-0.015348069369792938,-0.193414568901062,0.13580963015556335,-0.16920208930969238,0.010577147826552393,-0.04012571647763252,-0.0018547759391367435,0.14757362008094788,0.03160122409462929,0.21563093364238736,-0.1994192600250244,1.120246648788452,0.12633655965328217,-0.028578491881489757,0.18401499092578888,-0.05091908946633338,-0.1979099214076996,0.5551478266716003,1.056436777114868,-0.06829467415809631,0.09988735616207123,-0.16096527874469757
-0.009972171857953072,-0.011787321418523788,0.7859851121902467,0.998889982700348,-0.005427854135632514,-0.022987337782979008,-0.04075435176491737,0.039796192198991776,0.09883272647857666,0.15975798666477203,0.158835306763649,-0.14786037802696228,-0.08708130568265915,0.059118445962667465,-0.01584358885884285,-0.19218833744525907,0.13622146844863892,-0.1683649569749832,0.010999728925526142,-0.04077761247754097,-0.0009740164969116448,0.14787131547927856,0.033024974167346954,0.2144049108028412,-0.19849243760108948,1.120940089225769,0.12740595638751984,-0.027314599603414532,0.18346446752548215,-0.0505388118326664,-0.19764374196529388,0.5535246133804321,1.0544354915618896,-0.06772138178348541,0.10051529854536057,-0.1616096198558807
-0.010286316275596619,-0.011468317359685896,0.7859660387039183,0.9988805055618286,-0.005339275114238262,-0.02297287993133068,-0.04100492596626282,0.039704591035842896,0.09812376648187635,0.15979523956775665,0.15833978354930875,-0.14707711338996887,-0.0865270048379898,0.05811373516917229,-0.016225965693593025,-0.19131948053836825,0.13659895956516263,-0.16768722236156464,0.011245451867580412,-0.04133643954992294,-0.0001617979578441009,0.1481522023677826,0.03468659520149231,0.21296676993370056,-0.19774644076824188,1.1220422983169556,0.1286161094903946,-0.026179775595664975,0.1827559471130371,-0.05026717483997345,-0.19748418033123016,0.5521387457847595,1.052396297454834,-0.06697355955839157,0.10102351009845732,-0.16214904189109802
-0.010583914816379549,-0.011235716752707958,0.7859837412834166,0.9988788366317747,-0.005253462586551905,-0.02292451821267605,-0.041084375232458115,0.03933422639966011,0.0974724441766739,0.15957209467887878,0.15808258950710297,-0.14654704928398132,-0.08618394285440446,0.05710482969880104,-0.016667895019054413,-0.19094447791576383,0.13682018220424652,-0.16724705696105957,0.011812327429652214,-0.04170178622007369,0.0004951881128363311,0.14832228422164917,0.03586587309837341,0.2113723456859589,-0.19708970189094543,1.1231069564819336,0.12996280193328855,-0.0253582950681448,0.18188735842704767,-0.05017368495464325,-0.1974581927061081,0.5509886145591736,1.050553560256958,-0.06633304804563521,0.10145189613103867,-0.16263180971145627
-0.010844462551176548,-0.011086245998740196,0.7860455513000488,0.998883306980133,-0.005189699586480856,-0.02290724404156208,-0.04099429026246071,0.03897374868392944,0.09699072688817978,0.15929830074310303,0.15773116052150726,-0.1460052877664566,-0.08621430397033691,0.0562862753868103,-0.017046215012669563,-0.19079245626926425,0.13684743642807007,-0.16695211827754974,0.012526161037385464,-0.04187512770295143,0.001126267248764634,0.14842800796031952,0.0367782860994339,0.20967642962932584,-0.19688513875007627,1.1237311363220215,0.13149653375148773,-0.024766696617007252,0.1809170097112656,-0.05026791617274284,-0.19767777621746063,0.5504158139228821,1.0491416454315183,-0.06634359061717987,0.1016116663813591,-0.1628478467464447
-0.011066481471061707,-0.011000126600265501,0.7860779762268065,0.9988942742347715,-0.005154252052307129,-0.02294903248548508,-0.04070612788200378,0.03878094255924225,0.09667363762855528,0.1590273380279541,0.1573568284511566,-0.1455727219581604,-0.0864056348800659,0.05616655945777893,-0.01748100481927395,-0.19099985063076017,0.13665086030960083,-0.16698229312896729,0.013224081136286259,-0.041977308690547936,0.001661837100982666,0.14861774444580078,0.03759479522705078,0.20814083516597748,-0.19720676541328433,1.123384952545166,0.13263392448425293,-0.024355405941605568,0.1794127970933914,-0.050747260451316833,-0.19819602370262143,0.5509769916534424,1.0482999086380005,-0.06592666357755661,0.10162628442049026,-0.16281937062740323
-0.011216897517442703,-0.010953495278954504,0.7860614061355591,0.9989045858383178,-0.005145213566720486,-0.023059442639350888,-0.040391650050878525,0.039048630744218826,0.0964708924293518,0.15899060666561127,0.1567721664905548,-0.14541800320148468,-0.0866718217730522,0.05675384774804115,-0.017893560230731964,-0.19143396615982053,0.1364608258008957,-0.167339026927948,0.013547409325838087,-0.04185472428798676,0.002047392539680004,0.14907716214656827,0.038097403943538666,0.20686641335487363,-0.19776639342308044,1.1219754219055176,0.13288097083568573,-0.024440689012408257,0.17807894945144653,-0.05163027718663216,-0.1988542675971985,0.5525493621826172,1.0477962493896484,-0.06620964407920837,0.10176116228103636,-0.1623740941286087
-0.011272121220827103,-0.010911237448453903,0.7860007882118225,0.9989128112792968,-0.005133773200213909,-0.023165373131632805,-0.04012707248330116,0.03983480855822563,0.0962533801794052,0.15932103991508484,0.1556035876274109,-0.14518025517463684,-0.0870525985956192,0.05745312571525574,-0.018225979059934616,-0.1919557899236679,0.1364375501871109,-0.1677742600440979,0.013661126606166363,-0.04137078672647476,0.002322115935385227,0.14952632784843445,0.038139235228300095,0.20574052631855008,-0.19870159029960632,1.1199595928192139,0.13263161480426788,-0.024879911914467808,0.1775013506412506,-0.05269622057676315,-0.1994522511959076,0.5548695921897888,1.0477209091186523,-0.06690254807472229,0.10194107890129088,-0.161691352725029
-0.011215267702937126,-0.010947988368570805,0.785927414894104,0.9989241957664488,-0.005121266935020685,-0.02323439158499241,-0.039803870022296906,0.0408349335193634,0.09601132571697235,0.1592978686094284,0.1542072296142578,-0.14487357437610626,-0.08755546063184738,0.0583065077662468,-0.01839117705821991,-0.19254761934280396,0.13645192980766296,-0.16826656460762024,0.013632715679705141,-0.04072077199816704,0.002365575870499015,0.14964526891708374,0.03785034269094467,0.2050604671239853,-0.19991786777973172,1.117895483970642,0.13268250226974487,-0.02519320137798786,0.1770450472831726,-0.053843189030885696,-0.19982072710990903,0.5570107698440552,1.0480268001556396,-0.06716442853212357,0.10246002674102785,-0.1607702225446701
-0.01107260212302208,-0.011038145050406456,0.7858567833900452,0.9989390969276429,-0.005109436810016632,-0.023272059857845303,-0.03940806537866592,0.04154627397656441,0.09580639004707336,0.1586696356534958,0.1530744433403015,-0.1445685625076294,-0.08828378468751907,0.05899276956915856,-0.018366463482379917,-0.19301244616508484,0.13651984930038452,-0.1687946766614914,0.013549893163144588,-0.040168561041355126,0.0022515268065035343,0.14926846325397491,0.03720797225832939,0.20485134422779083,-0.20126254856586456,1.1160999536514282,0.13309992849826813,-0.02511729300022125,0.1765495389699936,-0.05488018691539765,-0.2001761496067047,0.5592378377914429,1.0481891632080078,-0.0668235495686531,0.10283492505550385,-0.1601964384317398
-0.01085881795734167,-0.011172592639923096,0.78583824634552,0.9989570379257202,-0.005109815392643212,-0.023359403014183044,-0.03889795020222664,0.0420830175280571,0.09561941027641296,0.1574193239212036,0.15248405933380127,-0.14432981610298157,-0.08873697370290755,0.059723448008298874,-0.018278246745467183,-0.193733349442482,0.13655602931976318,-0.16937194764614105,0.013624594546854496,-0.03982912749052048,0.0018815295770764353,0.1488412320613861,0.03655475750565529,0.20522755384445193,-0.20270428061485288,1.1146066188812256,0.1332140862941742,-0.024543665349483487,0.17606528103351593,-0.05525587871670722,-0.20065759122371676,0.5609701871871948,1.0477421283721924,-0.06681189686059952,0.10298394411802292,-0.15985658764839172
-0.01055256463587284,-0.011358196847140787,0.7858671545982362,0.9989796280860899,-0.005143516231328249,-0.02346621826291084,-0.03824447467923164,0.042513877153396606,0.09553555399179457,0.15567134320735931,0.1525193303823471,-0.14443466067314148,-0.0890287533402443,0.060609392821788795,-0.01796044409275055,-0.19433128833770752,0.13634710013866425,-0.169921413064003,0.013593299314379692,-0.03947243839502335,0.0012523751938715575,0.14831997454166412,0.03589145466685295,0.2062208205461502,-0.2038930505514145,1.1137535572052,0.1324523687362671,-0.023736758157610893,0.1762256771326065,-0.05523178726434708,-0.20116521418094635,0.5622579455375671,1.0469427108764648,-0.06702355295419693,0.10322484374046324,-0.1595236212015152
-0.01015100721269846,-0.01164484955370426,0.7859125733375549,0.9990015029907225,-0.005206788424402475,-0.023706724867224693,-0.03750808909535408,0.04318604618310928,0.09558777511119841,0.15355896949768066,0.15303276479244232,-0.1451008915901184,-0.08934803307056427,0.06218264251947402,-0.017525631934404373,-0.19515444338321683,0.13590180873870847,-0.17059993743896484,0.0133754163980484,-0.03905640169978142,0.00039218025631271297,0.14801721274852753,0.03512367233633995,0.2076191008090973,-0.20503005385398865,1.1133882999420166,0.13115738332271576,-0.02335687167942524,0.17688223719596863,-0.05481253191828728,-0.2017688751220703,0.5632408857345581,1.046262502670288,-0.0673956647515297,0.1034478321671486,-0.15929961204528809
-0.00968802161514759,-0.01198473572731018,0.7859383225440979,0.9990211725234984,-0.005284421145915985,-0.024096222594380375,-0.036716986447572715,0.04422509670257568,0.09573924541473389,0.15125058591365814,0.15385733544826508,-0.14648525416851044,-0.0897558107972145,0.06446056813001633,-0.017174355685710907,-0.1967094987630844,0.13551124930381775,-0.1714864671230316,0.013093141838908195,-0.03870812803506851,-0.0006424002931453288,0.14784643054008484,0.03430644050240517,0.20931465923786163,-0.20566155016422272,1.113351821899414,0.1310710608959198,-0.02404960244894028,0.17764845490455627,-0.054301731288433075,-0.20238995552062988,0.5636036396026611,1.046250343322754,-0.06701282411813736,0.10354510694742201,-0.15901035070419312
-0.009143896400928496,-0.012310512363910677,0.7859250903129578,0.9990334510803223,-0.005320808850228786,-0.024521877989172932,-0.0360904298722744,0.04551304876804352,0.09583327919244766,0.14941872656345367,0.15461860597133636,-0.1479910314083099,-0.09026818722486497,0.06687192618846893,-0.0169984120875597,-0.1983806639909744,0.13528817892074585,-0.17258098721504211,0.012973640114068983,-0.03825538232922553,-0.0018176016164943572,0.14754080772399902,0.033649004995822906,0.21108195185661316,-0.20639631152153012,1.1136555671691895,0.13127724826335907,-0.025046534836292263,0.17779189348220825,-0.05375530943274497,-0.20307354629039764,0.5638837218284607,1.04712176322937,-0.06668493896722794,0.1031717136502266,-0.15848305821418762
-0.008464131504297256,-0.012563233263790607,0.785881757736206,0.9990388751029968,-0.00533544272184372,-0.02498261071741581,-0.03561988472938537,0.04704143851995468,0.09584832191467284,0.14813688397407532,0.15526768565177915,-0.14927141368389127,-0.09076459705829619,0.06934762001037598,-0.016863856464624405,-0.19982922077178955,0.1352408081293106,-0.17384760081768036,0.013131779618561268,-0.037606120109558105,-0.003078209236264229,0.14699187874794006,0.03341413661837578,0.21269057691097257,-0.20754925906658167,1.11411452293396,0.13053427636623383,-0.02557273395359516,0.1771925985813141,-0.053139828145504,-0.2035890817642212,0.5643348097801208,1.0482449531555176,-0.06641504913568497,0.10304313153028488,-0.1576993316411972
-0.007716955617070198,-0.012775997631251812,0.7858295440673827,0.9990403056144713,-0.00535693671554327,-0.025478947907686237,-0.03522238135337829,0.04882477223873138,0.09585472196340561,0.14719344675540924,0.15577112138271332,-0.1504673957824707,-0.09088145941495895,0.07187283784151077,-0.016738291829824448,-0.20083045959472656,0.13520951569080353,-0.1752044707536697,0.01308882050216198,-0.03684781864285469,-0.004238648805767298,0.14625462889671323,0.033777374774217606,0.21418423950672147,-0.20898279547691345,1.1145551204681396,0.12979911267757416,-0.02583853714168072,0.1759737133979797,-0.05268806591629981,-0.20405635237693784,0.565159261226654,1.0491292476654053,-0.06708075106143951,0.10331307351589201,-0.15651088953018188
-0.0069114556536078444,-0.012953272089362144,0.7857673168182373,0.9990375041961669,-0.005392379593104124,-0.025998258963227272,-0.034914277493953705,0.0508396290242672,0.09593506157398224,0.1464843899011612,0.15624374151229858,-0.15160134434700012,-0.09066548943519592,0.07438136637210846,-0.016597816720604897,-0.20153500139713287,0.13527320325374603,-0.1767844706773758,0.013042080216109753,-0.0360846035182476,-0.005213999655097723,0.14534491300582883,0.03488659113645553,0.21560221910476685,-0.2106766104698181,1.1146581172943115,0.1299833059310913,-0.025947343558073044,0.17468757927417755,-0.05261009931564331,-0.2047167122364044,0.5666449666023254,1.0500495433807373,-0.06785794347524643,0.1038507893681526,-0.15545554459095
-0.006069622468203305,-0.01311364769935608,0.7856858968734741,0.999028980731964,-0.005438530817627907,-0.026571365073323246,-0.03471887856721878,0.053316455334424966,0.0960935652256012,0.1458377093076706,0.15649497509002683,-0.152835875749588,-0.09059909731149672,0.07707181572914124,-0.016384679824113842,-0.20196719467639923,0.1352846473455429,-0.17843365669250488,0.013034927658736704,-0.03527018055319786,-0.006054427474737167,0.14428971707820892,0.03660415485501289,0.21678794920444489,-0.21197327971458435,1.1145358085632324,0.13097047805786133,-0.02594125643372536,0.17391397058963776,-0.05268524587154389,-0.2055581659078598,0.5682200789451599,1.051156997680664,-0.06800860911607742,0.10419776290655136,-0.15467338263988495
-0.005220049060881138,-0.013286655768752098,0.7855985760688781,0.9990137815475466,-0.005509900394827128,-0.027224680408835408,-0.03464046493172645,0.056317277252674096,0.09634897112846375,0.14531539380550385,0.15650054812431335,-0.1542803645133972,-0.09061045199632643,0.08004080504179002,-0.016075724735856056,-0.20238809287548065,0.13534574210643768,-0.18007366359233856,0.01304373238235712,-0.034384019672870636,-0.006738665048032999,0.1432783603668213,0.03821040689945221,0.21767801046371457,-0.2128450870513916,1.1141613721847534,0.13234469294548035,-0.02574278227984905,0.17359052598476407,-0.0526537261903286,-0.2065207809209824,0.5694047808647156,1.0520659685134888,-0.06693433225154877,0.10388433933258057,-0.1539483666419983
-0.004293294157832861,-0.013524032197892664,0.7854925990104675,0.9989897012710572,-0.005627789534628391,-0.028015390038490292,-0.034684859216213226,0.059941459447145455,0.09687447547912595,0.1452312171459198,0.15630677342414856,-0.15596982836723328,-0.0910056233406067,0.08357747644186019,-0.015546835958957672,-0.2025592923164368,0.13541384041309357,-0.1816027760505676,0.01328784879297018,-0.0334230400621891,-0.007320236880332231,0.14229078590869904,0.0396745391190052,0.21832922101020807,-0.21316227316856384,1.1131831407546997,0.1330524981021881,-0.025389930233359337,0.17387543618679047,-0.05241633579134941,-0.20750959217548368,0.5697816014289856,1.0525635480880735,-0.06563393771648407,0.10339107364416122,-0.15348029136657715
-0.0033163889311254025,-0.013812089338898659,0.785377264022827,0.9989621043205261,-0.005754371173679829,-0.028860928490757946,-0.0347650870680809,0.06362064182758331,0.09742817282676695,0.14529170095920563,0.15630461275577545,-0.1579395681619644,-0.09151475131511688,0.08744702488183974,-0.014975139871239662,-0.2026415020227432,0.13551366329193115,-0.18319129943847656,0.013584245927631857,-0.0327446423470974,-0.007817015051841734,0.14142064750194547,0.04094178974628448,0.21881897747516632,-0.2140495926141739,1.111928343772888,0.13383638858795166,-0.02506789192557335,0.17452341318130493,-0.05229823663830757,-0.2083882242441177,0.5704716444015503,1.0531312227249143,-0.06489906460046768,0.10262785106897354,-0.1534280925989151
-0.0022775933612138033,-0.014143412001430988,0.7852670550346375,0.9989349246025084,-0.005870888475328684,-0.029718216508626934,-0.03480447828769684,0.067131906747818,0.09785310178995132,0.1452168375253677,0.15673069655895233,-0.16006530821323395,-0.0917988121509552,0.09151992201805113,-0.014454806223511696,-0.2028530240058899,0.13568218052387235,-0.18489205837249756,0.013886692002415655,-0.03231891617178917,-0.00833932962268591,0.14066290855407715,0.04212658107280731,0.2191103547811508,-0.2146081179380417,1.1104639768600464,0.13488848507404327,-0.025045040994882584,0.17506560683250427,-0.052340716123580926,-0.2090440988540649,0.570926010608673,1.0539319515228271,-0.06465021520853043,0.10212749242782591,-0.1533994972705841
-0.0012453089002519844,-0.014484117738902569,0.7851670384407043,0.9989076256752014,-0.005986043252050877,-0.03057883493602276,-0.034821297973394394,0.07064276188611984,0.09819948673248291,0.1450659930706024,0.15735939145088196,-0.16254425048828125,-0.0921206995844841,0.09552089869976045,-0.013963294215500355,-0.20311938226222992,0.1357385367155075,-0.18647459149360657,0.014095287770032883,-0.03187422826886177,-0.008839659392833708,0.1400536298751831,0.043092746287584305,0.21920797228813169,-0.2152097374200821,1.1090530157089231,0.13515090942382812,-0.025063497945666317,0.1748400330543518,-0.052368160337209695,-0.2095963805913925,0.5710477828979492,1.0547845363616943,-0.06481653451919556,0.10156945139169692,-0.15292613208293915
-0.000232065562158823,-0.014784147962927818,0.7850760221481323,0.9988811016082765,-0.006076956167817116,-0.03139377385377884,-0.034843247383832925,0.0739893987774849,0.09843121469020845,0.14494284987449646,0.1580481231212616,-0.16498510539531708,-0.09234246611595152,0.09913233667612077,-0.013553199358284472,-0.20329479873180387,0.13582399487495422,-0.1878681629896164,0.014293794520199299,-0.031377799808979034,-0.009269080124795437,0.1394837200641632,0.04344424977898598,0.21937553584575653,-0.216470405459404,1.1079415082931519,0.13485610485076904,-0.02547778934240341,0.17463652789592743,-0.05242131650447845,-0.20998181402683255,0.5709976553916931,1.0557782649993896,-0.06478887796401978,0.10111366957426073,-0.151964008808136
0.0007176498183980584,-0.01501425076276064,0.7850056886672973,0.998858332633972,-0.006147433072328568,-0.03214198350906372,-0.034800488501787186,0.07696717977523804,0.09853287041187286,0.14457187056541443,0.158567875623703,-0.16700370609760284,-0.09227190911769867,0.10243012756109236,-0.013358496129512787,-0.20376962423324585,0.13583984971046448,-0.18913207948207852,0.014381403103470802,-0.03096271306276321,-0.00962512381374836,0.13902582228183746,0.043312203139066696,0.2197781354188919,-0.21849475800991056,1.1072978973388672,0.13409841060638428,-0.026228390634059903,0.17411771416664124,-0.052458524703979485,-0.2102883458137512,0.57045578956604,1.0567362308502195,-0.06504566222429276,0.10070934146642684,-0.15085648000240323
0.0016321627190336585,-0.015159294940531252,0.7849617004394531,0.9988413453102112,-0.006202713586390018,-0.03272949904203415,-0.03473198413848877,0.07941745966672897,0.09865104407072067,0.1442369967699051,0.15898281335830688,-0.16855870187282562,-0.09193313121795654,0.10524363815784454,-0.013371394947171211,-0.20465925335884091,0.13580387830734253,-0.1903561055660248,0.014398167841136456,-0.030755737796425816,-0.009959316812455654,0.13851243257522583,0.04308302327990532,0.22046533226966855,-0.22070643305778503,1.1070001125335691,0.13369308412075043,-0.02692898921668529,0.17353089153766632,-0.05251161754131317,-0.2104859799146652,0.569262683391571,1.0575742721557615,-0.06546517461538315,0.10039284825325012,-0.14978134632110596
0.002535803709179163,-0.01522092055529356,0.7849237918853759,0.9988275170326234,-0.006256463471800089,-0.033226735889911645,-0.03464842960238457,0.08172088116407393,0.09877895563840866,0.14407551288604736,0.15919834375381467,-0.16988661885261536,-0.09156820923089981,0.10767755657434464,-0.0134340887889266,-0.20553866028785703,0.1358683556318283,-0.19140368700027463,0.014442099258303642,-0.03063210472464561,-0.01021283771842718,0.13816148042678833,0.042877275496721275,0.22133600711822507,-0.2227714955806732,1.1068383455276487,0.13417893648147583,-0.027388198301196095,0.17330297827720642,-0.05239452421665192,-0.2105482965707779,0.5680059194564819,1.0580477714538574,-0.06598362326622009,0.1002986952662468,-0.14944258332252502
0.003362028859555721,-0.015248773619532583,0.7849047183990479,0.9988196492195128,-0.006289330311119556,-0.03360198065638542,-0.034505944699048996,0.08380698412656784,0.09883861243724824,0.14407341182231903,0.15917739272117615,-0.17104539275169373,-0.09134180098772049,0.1096932366490364,-0.013586229644715784,-0.2064504325389862,0.13601143658161163,-0.1922939419746399,0.014725814573466776,-0.030567305162549015,-0.010424458421766756,0.13794191181659698,0.042916759848594666,0.22230444848537445,-0.22496186196804047,1.1066519021987915,0.13536566495895383,-0.027430634945631027,0.1733262538909912,-0.05189244076609612,-0.21066398918628687,0.5669330358505249,1.0578618049621582,-0.06664808094501495,0.10011547058820724,-0.14955538511276245
0.004074109718203545,-0.015287832356989384,0.7848799228668211,0.9988164305686951,-0.006290775258094072,-0.03384368121623993,-0.03435997664928436,0.08562184870243073,0.09878340363502502,0.14408095180988312,0.15903082489967346,-0.1719374805688858,-0.09131358563899994,0.11119509488344193,-0.013827130198478699,-0.20730386674404144,0.13631273806095123,-0.19309695065021515,0.015067867934703825,-0.030500613152980804,-0.010666034184396265,0.13789153099060059,0.0432320162653923,0.22339402139186856,-0.22702425718307492,1.106418251991272,0.1363685429096222,-0.027341876178979877,0.1738457232713699,-0.050903528928756714,-0.21087174117565155,0.5665549635887146,1.0570924282073975,-0.06794610619544983,0.09980931878089903,-0.14948466420173645
0.004659357480704784,-0.015308538451790808,0.7848076224327086,0.9988195300102234,-0.006270645186305046,-0.03397136554121971,-0.03415080904960632,0.0869530737400055,0.09852731227874756,0.14363248646259308,0.1590086966753006,-0.17277956008911133,-0.0912090986967087,0.11226120591163637,-0.014082306064665316,-0.208144411444664,0.1364787220954895,-0.19396716356277463,0.015376431867480278,-0.030459143221378326,-0.010996316559612753,0.13797743618488312,0.04340110719203949,0.22459125518798828,-0.22885820269584653,1.1061772108078003,0.1366141140460968,-0.02747307159006596,0.17448391020298004,-0.049548063427209854,-0.2111305594444275,0.5660350322723389,1.0559375286102295,-0.06884369999170303,0.09930865466594696,-0.14929963648319244
0.005198626779019833,-0.015296132303774357,0.7847188115119934,0.9988302588462828,-0.006261806935071945,-0.03398679196834564,-0.033821433782577515,0.08787795901298523,0.09823779761791229,0.1429920196533203,0.15880607068538663,-0.17332099378108978,-0.09120079874992369,0.11293717473745346,-0.014228355139493942,-0.20885971188545227,0.1364268660545349,-0.19480086863040924,0.01583005301654339,-0.03059694729745388,-0.011347081512212752,0.13801294565200803,0.043249964714050286,0.22591613233089447,-0.23065753281116483,1.106063961982727,0.13779309391975403,-0.0276426374912262,0.17474454641342163,-0.04792051389813423,-0.21146436035633087,0.565302312374115,1.0544068813323975,-0.06986544281244278,0.09906143695116044,-0.1491573601961136
0.005675389431416988,-0.015250615775585175,0.7846415638923645,0.9988508224487304,-0.006264048628509045,-0.033847663551568985,-0.033349089324474335,0.08815018087625502,0.0980619341135025,0.1423175036907196,0.15858469903469083,-0.17349594831466675,-0.09120630472898483,0.113274909555912,-0.01427184697240591,-0.20948192477226257,0.1362551897764206,-0.19546037912368772,0.016173390671610832,-0.0308491550385952,-0.011739303357899187,0.13804040849208832,0.04305371269583702,0.22721201181411743,-0.23198077082633967,1.1062382459640503,0.14029397070407867,-0.027626836672425274,0.17499662935733795,-0.046268876641988754,-0.21170613169670105,0.5646186470985413,1.052701115608215,-0.07101693749427795,0.09920334070920944,-0.14893721044063568
0.006083292420953512,-0.015246559865772724,0.7845497131347656,0.9988710880279539,-0.006275196559727192,-0.033633753657341,-0.03295405209064484,0.08812670409679411,0.09800107777118681,0.14173252880573273,0.15825176239013672,-0.1733960509300232,-0.0913216546177864,0.11348919570446014,-0.014125147834420204,-0.20958253741264343,0.13607116043567655,-0.1957862079143524,0.016486655920743942,-0.031122351065278053,-0.012159222736954687,0.1381333619356155,0.043213535100221634,0.22829703986644745,-0.23262308537960047,1.10640287399292,0.14364875853061676,-0.02715690806508064,0.17522819340229034,-0.04486934095621109,-0.2118515521287918,0.5643304586410521,1.0509788990020752,-0.07229972630739213,0.09979557991027832,-0.14881165325641632
0.006381130777299404,-0.01527453027665615,0.7844924330711364,0.9988890290260315,-0.006293842568993568,-0.03331006318330765,-0.0327351838350296,0.08774694055318832,0.0979854017496109,0.14127062261104584,0.15772052109241483,-0.17300932109355927,-0.09136015176773073,0.11329586058855055,-0.01393108069896698,-0.20928876101970673,0.13599587976932523,-0.1954865604639053,0.016818376258015633,-0.031417906284332275,-0.01254274882376194,0.13838842511177063,0.04381273314356804,0.22924530506134036,-0.2319558709859848,1.1061465740203855,0.14740261435508728,-0.02666696719825268,0.1754578948020935,-0.04425753280520439,-0.21197111904621124,0.564418613910675,1.0494097471237183,-0.07300017774105072,0.1002519279718399,-0.1485176682472229
0.006584161892533302,-0.01527948211878538,0.7845076322555542,0.9989066123962401,-0.006287265103310347,-0.03280271589756012,-0.03271067887544632,0.08692623674869537,0.09778915345668791,0.14091104269027707,0.15699461102485657,-0.17222562432289124,-0.09120815247297288,0.11245712637901306,-0.013917027972638609,-0.20875605940818784,0.13590984046459198,-0.1947377175092697,0.017452288419008255,-0.031526677310466766,-0.012931405566632748,0.1387646198272705,0.04463917762041092,0.2299877107143402,-0.23052242398262024,1.1055777072906494,0.15110686421394348,-0.02601342089474201,0.17519108951091766,-0.04406999051570892,-0.21206307411193848,0.5643247961997986,1.0483498573303223,-0.07353942841291428,0.10051845759153366,-0.14828383922576904
0.006708232685923576,-0.015199807472527029,0.7845633029937744,0.9989259243011473,-0.006269313395023346,-0.03214046731591225,-0.03278220072388649,0.08550825715065001,0.0975700169801712,0.14090551435947418,0.15649782121181488,-0.1713992804288864,-0.09109249711036682,0.11083858460187912,-0.014060168527066708,-0.20804324746131897,0.1358739584684372,-0.19391487538814545,0.01795588620007038,-0.03152046725153923,-0.013268562965095043,0.1393001228570938,0.04503761231899261,0.23063625395298004,-0.22926917672157288,1.1049776077270508,0.15386070311069489,-0.02558013051748276,0.1749396175146103,-0.0442594476044178,-0.2122346758842468,0.5643212795257568,1.0477617979049683,-0.07349482923746109,0.10057016462087633,-0.14784346520900726
0.0066552339121699325,-0.015035501681268215,0.7846254110336303,0.9989463686943054,-0.006241607014089823,-0.031423646956682205,-0.032859846949577325,0.08361681550741196,0.09727144986391069,0.1412399858236313,0.15640133619308472,-0.17082709074020383,-0.09085482358932497,0.10871285200119019,-0.014453526586294174,-0.2073121964931488,0.13591469824314115,-0.19334211945533752,0.018211038783192635,-0.031236471608281132,-0.01348322071135044,0.13999192416667938,0.04496932029724121,0.23151467740535736,-0.2289187163114548,1.1044758558273315,0.1544258743524551,-0.02529703453183174,0.17482735216617584,-0.044515248388051994,-0.21275223791599276,0.5644645690917969,1.0471653938293457,-0.07365877926349639,0.10053801536560059,-0.14738029241561887
0.006428080145269632,-0.014804125763475893,0.784652292728424,0.9989676475524902,-0.006232514511793852,-0.030642377212643623,-0.03295328468084335,0.0815540924668312,0.0969020500779152,0.14168527722358704,0.15640655159950256,-0.1704137772321701,-0.09046269953250884,0.10640395432710648,-0.01504154037684202,-0.20688235759735107,0.13578781485557556,-0.1930250823497772,0.01830833964049816,-0.030933447182178497,-0.013571360148489475,0.14071442186832428,0.04429290443658829,0.232692614197731,-0.22939881682395932,1.1045610904693604,0.15386496484279633,-0.025184154510498047,0.1747407615184784,-0.04503530263900757,-0.21342971920967105,0.564601480960846,1.046691656112671,-0.07370297610759734,0.10074634104967116,-0.14682233333587646
0.0061206300742924205,-0.014573692344129084,0.7846823930740355,0.9989832043647766,-0.006234846077859402,-0.0299219973385334,-0.03314163535833359,0.07982607930898665,0.09654862433671953,0.14248603582382202,0.15639859437942505,-0.1701837182044983,-0.09012164920568466,0.10445555299520493,-0.015611033886671066,-0.20660944283008573,0.13558551669120789,-0.19280968606472013,0.018400380387902256,-0.030533425509929657,-0.013600836507976055,0.14156603813171387,0.04373045638203621,0.23399966955184937,-0.23038241267204285,1.104926347732544,0.15296506881713867,-0.025088021531701088,0.17497996985912323,-0.045957822352647774,-0.21402043104171753,0.5648469924926758,1.0462918281555176,-0.07449921220541,0.10103482007980347,-0.1465802788734436
0.005818409845232964,-0.01435357891023159,0.7847321629524232,0.9989950656890867,-0.006258159410208464,-0.029158793389797207,-0.03345897048711777,0.07811554521322249,0.096266470849514,0.14342927932739255,0.1561574339866638,-0.16975952684879303,-0.08983220905065536,0.1025201454758644,-0.01609182544052601,-0.20626215636730197,0.1353244185447693,-0.1922889202833176,0.01873643882572651,-0.03009216859936714,-0.01358160562813282,0.14231754839420319,0.04344171658158302,0.23533582687377927,-0.2307807207107544,1.104973554611206,0.15237314999103546,-0.02512092888355255,0.1752401292324066,-0.047181662172079086,-0.21429292857646945,0.5649290084838867,1.0462892055511475,-0.07450438290834425,0.10148230195045473,-0.14657333493232727
0.005598230753093958,-0.014139355160295963,0.7847929000854493,0.9990019202232362,-0.0063036493957042685,-0.028392093256115917,-0.033901270478963845,0.07661317288875581,0.09608495235443117,0.14435966312885284,0.15550605952739716,-0.16905711591243744,-0.08970341086387634,0.1004965603351593,-0.016433604061603546,-0.2056780308485031,0.13507989048957825,-0.19159269332885745,0.019205763936042786,-0.029711974784731865,-0.013574053533375263,0.1429658681154251,0.04333117604255676,0.23672494292259216,-0.2309269309043884,1.104377508163452,0.1523144394159317,-0.025145540013909336,0.17564015090465543,-0.04844653233885765,-0.2142714560031891,0.5651910305023192,1.046599507331848,-0.07395564764738083,0.10217167437076569,-0.14678801596164703
0.005430771969258784,-0.01389422733336687,0.7848643660545349,0.999008059501648,-0.006371764931827784,-0.02766316384077072,-0.034307345747947686,0.0751732438802719,0.09600262343883513,0.145183727145195,0.15448151528835297,-0.1681421846151352,-0.08980526030063629,0.09837990254163742,-0.01662486046552658,-0.2048572897911072,0.13488750159740448,-0.19083838164806363,0.019591346383094788,-0.02954631485044956,-0.013650224544107912,0.1435648798942566,0.043337993323802955,0.23802852630615237,-0.23047499358654025,1.1032197475433347,0.15191288292407987,-0.024909803643822667,0.17590712010860443,-0.049653135240077965,-0.21392585337162015,0.5653952956199646,1.0465586185455322,-0.07240395247936247,0.10290562361478804,-0.14692512154579163
0.0052633886225521564,-0.01357975509017706,0.7849364280700684,0.9990155696868896,-0.006441847421228886,-0.026964835822582245,-0.03463168814778328,0.07381658256053923,0.09592243283987043,0.14578263461589813,0.1535334289073944,-0.16714106500148773,-0.08990111202001572,0.0961127057671547,-0.01671145297586918,-0.2038865685462952,0.1348562091588974,-0.19008396565914157,0.020039742812514305,-0.0295096468180418,-0.013825158588588236,0.144143745303154,0.04349152743816376,0.2393832355737686,-0.22973224520683289,1.1019343137741089,0.15164481103420255,-0.0242008026689291,0.17559674382209775,-0.050608035176992416,-0.2134186625480652,0.5655463933944702,1.0459921360015867,-0.07104772329330444,0.10348245501518248,-0.14667297899723053
0.0051019503735005856,-0.013235830701887608,0.7849926352500916,0.9990254044532778,-0.006505433470010757,-0.026271846145391464,-0.03486698120832443,0.07242368906736374,0.09575875848531724,0.14609842002391815,0.15276788175106049,-0.1663098931312561,-0.08983448892831801,0.09380847215652464,-0.01674218475818634,-0.20284396409988403,0.13485398888587952,-0.189316600561142,0.02033536322414875,-0.02947879768908024,-0.014051293022930622,0.1445896178483963,0.04353850707411767,0.24054402112960813,-0.22799319028854367,1.1008894443511963,0.15192756056785583,-0.02343801781535149,0.17515617609024048,-0.05141415446996689,-0.21275830268859863,0.5654300451278688,1.0448694229125977,-0.07050588726997375,0.10371120274066924,-0.14619654417037964
0.004948003217577934,-0.01284143514931202,0.7850381135940551,0.999034583568573,-0.006560845300555229,-0.025627054274082184,-0.035072844475507736,0.07104480266571045,0.0954086109995842,0.1461000144481659,0.15226911008358,-0.16557948291301727,-0.08963461965322495,0.09177422523498537,-0.016796406358480453,-0.2018260955810547,0.13477973639965057,-0.18855485320091248,0.020500062033534047,-0.029467632994055748,-0.014305359683930872,0.14493463933467865,0.04301245883107185,0.24148286879062647,-0.22614169120788571,1.1004297733306885,0.15264199674129486,-0.022989610210061077,0.1744937300682068,-0.05215676501393318,-0.21187454462051392,0.5649641156196593,1.0437514781951904,-0.07104514539241791,0.103942833840847,-0.14578580856323242
0.004788958467543125,-0.012410045601427557,0.785069465637207,0.9990435838699341,-0.00660668732598424,-0.025077100843191143,-0.03520654886960983,0.06987180560827255,0.09496315568685533,0.14602571725845337,0.15192811191082,-0.1650243103504181,-0.0893508344888687,0.0901798978447914,-0.01688389480113983,-0.20104922354221344,0.13469049334526062,-0.18776670098304749,0.020653618499636647,-0.02962768450379372,-0.014524852856993675,0.1450997292995453,0.04193989932537079,0.24211812019348145,-0.2242325246334076,1.100525140762329,0.1532362550497055,-0.023120870813727375,0.17366507649421692,-0.05297708883881569,-0.21090963482856753,0.5645350813865662,1.0426841974258423,-0.071320079267025,0.10394804924726486,-0.1454138606786728
0.004585345275700092,-0.011980313807725906,0.7850842475891113,0.9990509748458862,-0.006650890689343214,-0.024668356403708454,-0.03527624532580376,0.06895724684000015,0.09464033693075181,0.14615841209888458,0.1517820656299591,-0.16469213366508484,-0.08899781852960585,0.08926007896661758,-0.01696178689599037,-0.20059283077716827,0.13473421335220337,-0.18732894957065585,0.02081187069416046,-0.029985692352056503,-0.014653434045612812,0.14524833858013153,0.040823083370924,0.24259357154369357,-0.22329820692539212,1.10062575340271,0.15380220115184784,-0.023428574204444885,0.17269030213356018,-0.05379736423492432,-0.2099989354610443,0.5643017888069153,1.0417813062667847,-0.07083747535943985,0.10398031771183013,-0.14540445804595947
0.004305681213736534,-0.011540835723280907,0.7850897312164306,0.9990585446357728,-0.006703086197376251,-0.024333391338586807,-0.03528508543968201,0.06798495352268219,0.09434022009372713,0.14629888534545898,0.15169665217399597,-0.16445553302764893,-0.08870064467191696,0.08853256702423094,-0.0170696210116148,-0.2002122402191162,0.1350201964378357,-0.18706531822681427,0.02094636671245098,-0.030563160777091977,-0.014704558067023754,0.14520081877708435,0.040121935307979584,0.2427905648946762,-0.22266919910907745,1.1003574132919312,0.15379834175109863,-0.02340995706617832,0.1715177297592163,-0.054589591920375824,-0.2092208564281464,0.5646089315414429,1.0411452054977417,-0.06949777156114578,0.10381773114204405,-0.14548917114734647
0.004053994547575712,-0.011104851029813288,0.7850800752639769,0.9990598559379577,-0.006762742530554533,-0.02406732365489006,-0.035417590290308,0.06717079132795334,0.09400009363889694,0.14654593169689178,0.1517026573419571,-0.1642557829618454,-0.08820506185293196,0.08783918619155884,-0.017258884385228157,-0.1997912675142288,0.13552027940750122,-0.18692685663700104,0.02118396572768688,-0.03112485073506832,-0.014657268300652504,0.1452796161174774,0.03958219662308693,0.2428392916917801,-0.22233007848262784,1.099632740020752,0.15333734452724457,-0.02296184562146664,0.170377716422081,-0.0557212308049202,-0.20865744352340695,0.5654093623161316,1.0405681133270264,-0.06767676770687103,0.10401511937379836,-0.1460762619972229
0.003826429136097431,-0.010692957788705824,0.7850990891456605,0.9990584254264832,-0.006821727380156517,-0.02390343509614468,-0.03555911406874657,0.06631007790565491,0.09354617446660995,0.14653941988945007,0.15198795497417447,-0.1642044186592102,-0.08720617741346358,0.08715606480836867,-0.0175976250320673,-0.19975563883781436,0.1360571980476379,-0.1868497133255005,0.021381163969635963,-0.03156651183962821,-0.014486646279692648,0.14553023874759674,0.03889724612236023,0.2428066581487656,-0.2223416119813919,1.098235011100769,0.1527322381734848,-0.022452855482697487,0.16919073462486267,-0.057074107229709625,-0.20822012424468997,0.5661032199859619,1.0402307510375977,-0.06603624671697617,0.10426079481840132,-0.14685001969337463
0.0036794284824281927,-0.010319834575057028,0.785138964653015,0.9990561008453368,-0.0068514994345605365,-0.023768195882439613,-0.03570717200636864,0.06548203527927399,0.09285080432891843,0.14630182087421417,0.15236444771289823,-0.16396169364452362,-0.08580893278121948,0.08642028272151947,-0.0179872028529644,-0.1997271627187729,0.13644056022167203,-0.18666665256023407,0.021441631019115448,-0.0319688506424427,-0.014172808267176151,0.14577607810497284,0.03807971626520157,0.24262453615665436,-0.222689151763916,1.0962146520614624,0.1521300971508026,-0.021988416090607643,0.1677310615777969,-0.058641064912080765,-0.20771943032741544,0.5667543411254883,1.0407202243804932,-0.06507472693920135,0.10404980927705763,-0.14711125195026395
0.0035618499387055635,-0.010015993379056452,0.7851805090904237,0.9990501403808592,-0.006858071312308312,-0.02370135858654976,-0.035916924476623535,0.06479157507419586,0.09213407337665555,0.14615635573863983,0.1528523564338684,-0.16387170553207395,-0.08419039845466612,0.0856977105140686,-0.018450217321515083,-0.1999017894268036,0.13694521784782407,-0.18653877079486847,0.02139742486178875,-0.032083455473184586,-0.0137154720723629,0.14615067839622495,0.03685648739337921,0.24233317375183103,-0.22393053770065308,1.093837022781372,0.15245819091796875,-0.021766038611531258,0.16561664640903473,-0.0601050890982151,-0.2073277682065964,0.5673725008964539,1.0415005683898924,-0.06501991301774979,0.10330855101346968,-0.14702284336090088
0.003463347442448139,-0.009797432459890842,0.7852110862731932,0.9990424513816832,-0.006831362843513489,-0.023778216913342476,-0.03608532994985581,0.06435047835111618,0.09155625849962233,0.14651945233345032,0.15327264368534088,-0.16409094631671903,-0.08264506608247758,0.08511730283498765,-0.019068241119384766,-0.20035481452941892,0.13769476115703583,-0.18666499853134155,0.021198809146881104,-0.03197973594069481,-0.013210069388151169,0.146722212433815,0.035737503319978714,0.24214962124824524,-0.2262582927942276,1.091277837753296,0.15320339798927307,-0.021689796820282936,0.16342779994010925,-0.06162111461162567,-0.2074735015630722,0.5691348314285278,1.0421342849731443,-0.06537529081106186,0.10217758268117905,-0.1469344198703766
0.0033953548409044743,-0.009541040286421776,0.7852450609207153,0.9990312457084656,-0.006738570518791676,-0.0239347480237484,-0.03630842640995979,0.06445787101984024,0.09107892215251921,0.1476183831691742,0.15334197878837583,-0.1640506535768509,-0.08141908794641495,0.08469866216182707,-0.01967057958245277,-0.20019173622131348,0.1388097107410431,-0.18700861930847168,0.021351397037506104,-0.03183698654174805,-0.012825963087379932,0.14733241498470306,0.03498906269669533,0.24217510223388672,-0.2300338447093964,1.0886638164520264,0.1550717055797577,-0.021710669621825215,0.16204823553562164,-0.06312344968318939,-0.20792198181152344,0.5727205872535706,1.0422013998031616,-0.06559117138385773,0.10106059908866882,-0.14671023190021515
0.0032510273158550262,-0.009270096197724342,0.785322904586792,0.9990099072456362,-0.006562377326190472,-0.024117087945342064,-0.03680489957332611,0.06519849598407745,0.09066316485404968,0.14956961572170255,0.1529284566640854,-0.1637711226940155,-0.08023719489574432,0.08449946343898773,-0.020104963332414627,-0.1985458880662918,0.14007346332073212,-0.18752677738666532,0.021770866587758064,-0.03183174878358841,-0.012875701300799847,0.1476983278989792,0.03501456230878829,0.24209660291671753,-0.2335764765739441,1.0860074758529663,0.15690605342388153,-0.02084692195057869,0.1629137247800827,-0.06390389055013657,-0.20863476395606995,0.5783122777938843,1.0417453050613403,-0.06524584442377089,0.10058420896530151,-0.14557002484798431
