0.03566864877939224,0.022617727518081665,0.7525638341903687,0.994077444076538,0.09157948195934296,0.0581536702811718,0.006433384492993355,-0.19886620342731476,-0.054657090455293655,0.22671616077423093,0.34100115299224854,-0.231404110789299,-0.14638063311576843,-0.5000361204147339,-0.3319102227687836,0.0468083992600441,0.8391025662422179,-0.45485159754753113,0.15055328607559204,0.09142260253429411,-0.15543149411678314,0.06550762057304382,-0.0693320780992508,0.3268194794654846,-0.7738664150238037,1.1780369281768799,-0.1742238402366638,0.004748159088194369,0.07402876019477843,-0.0396522618830204,-0.48507514595985407,0.8578340411186217,0.7707083821296691,0.1131022423505783,-0.032343849539756775,-0.2948310673236847
0.03493141382932663,0.02063252404332161,0.7499756217002868,0.9926369786262512,0.1023317500948906,0.06480471044778824,0.0006163205252960324,-0.20976790785789487,-0.07067737728357315,0.2432928830385208,0.3381162881851196,-0.22922421991825104,-0.14477142691612244,-0.5405722856521606,-0.34210729598999023,0.07148711383342743,0.8749151229858398,-0.4691245853900909,0.15197856724262235,0.0845429226756096,-0.1573052704334259,0.07215917110443115,-0.06623879075050354,0.32466942071914673,-0.750868320465088,1.1759619712829588,-0.17996852099895477,0.0062207551673054695,0.07907865941524506,-0.029836375266313553,-0.5410710573196411,0.8266761898994445,0.7932022213935853,0.13103796541690826,-0.03948679566383362,-0.308411568403244
0.03476405143737793,0.017183363437652588,0.7472950220108032,0.991548478603363,0.10887178778648376,0.07033953815698624,-0.005564243532717228,-0.21796512603759763,-0.0759451985359192,0.253210961818695,0.3355756998062134,-0.23340775072574613,-0.14677824079990387,-0.571448028087616,-0.3388059139251709,0.09168338775634764,0.897310435771942,-0.4860460162162781,0.14946913719177246,0.07743003964424133,-0.147218257188797,0.08183548599481583,-0.06502070277929306,0.3269764184951782,-0.7165052890777588,1.1684929132461548,-0.1926991045475006,0.0014105087611824274,0.08259177207946777,-0.02187921106815338,-0.6005936861038208,0.7766826152801514,0.8479396104812622,0.17132669687271118,-0.045075256377458565,-0.31721490621566767
0.034948308020830154,0.012324616312980652,0.7449376583099365,0.9906924962997437,0.11174145340919495,0.07631708681583405,-0.014761907979846,-0.22056375443935397,-0.07094649225473404,0.26316407322883606,0.32375121116638184,-0.23826053738594052,-0.1548108160495758,-0.5971042513847351,-0.32167890667915344,0.10899560153484344,0.9075934290885923,-0.4977807402610778,0.14172986149787903,0.07197431474924088,-0.12866070866584775,0.09096766263246536,-0.0700225979089737,0.3323132395744324,-0.6730508804321289,1.163027048110962,-0.21156884729862213,-0.0024469224736094475,0.08469004184007645,-0.018693380057811737,-0.6530799865722656,0.7073308229446411,0.9505515098571776,0.21930453181266785,-0.03862117975950241,-0.31892460584640503
0.035395082086324685,0.005516082048416138,0.7428666353225709,0.9898903369903564,0.1122082471847534,0.08232685178518294,-0.027363207191228863,-0.22110217809677124,-0.056194107979536057,0.27143800258636475,0.31309080123901367,-0.24460422992706296,-0.17424796521663663,-0.6205278635025024,-0.29270300269126887,0.12572455406188965,0.9123918414115904,-0.5059283375740051,0.12714505195617676,0.0679871141910553,-0.10830116271972656,0.09961429238319397,-0.0794258341193199,0.34108656644821167,-0.6184671521186829,1.1567816734313965,-0.2305470705032349,0.0016153639880940318,0.08990608155727385,-0.018049055710434917,-0.6870317459106445,0.6079748868942261,1.081228256225586,0.25949472188949585,-0.006137243006378412,-0.322218120098114
0.03656553849577904,-0.0039300178177654735,0.7399871349334717,0.9895365834236144,0.10885150730609892,0.08575579524040222,-0.040183484554290765,-0.23248697817325592,-0.02687240019440651,0.26328212022781367,0.34823358058929443,-0.2781452238559723,-0.20922876894474027,-0.6364917159080504,-0.24952009320259091,0.139639675617218,0.9245789647102357,-0.51869797706604,0.10270598530769348,0.06533125042915344,-0.09045629948377608,0.10160676389932632,-0.08913444727659225,0.35870954394340515,-0.561329185962677,1.1440895795822144,-0.2355918437242508,0.0113225020468235,0.09762302041053775,-0.00098004553001374,-0.701681911945343,0.49358510971069336,1.1557871103286743,0.26371386647224426,0.028415866196155548,-0.3369816541671753
0.03986088186502457,-0.014452140778303146,0.7359046936035155,0.989859461784363,0.10615751892328262,0.08069790154695511,-0.04895679652690888,-0.2318906784057617,0.007915453054010866,0.25062429904937744,0.46567654609680176,-0.34943878650665283,-0.22427979111671448,-0.6290481090545654,-0.21357545256614685,0.1477736085653305,0.9543089270591738,-0.5493686199188232,0.08232157677412033,0.047702055424451835,-0.08968911319971085,0.09212636947631839,-0.08268152922391891,0.3911900520324707,-0.507756233215332,1.1099663972854614,-0.22579482197761533,0.016227029263973236,0.10794226080179214,0.044803813099861145,-0.6962814331054688,0.3930315673351288,1.1342744827270508,0.2307225167751312,0.031360723078250885,-0.3647621273994446
0.04538936167955399,-0.02531699649989605,0.7316986322402954,0.9907634258270264,0.10238850116729736,0.06941729038953781,-0.05554823577404022,-0.213039830327034,0.05636799335479736,0.2447964400053024,0.6424238681793213,-0.408313512802124,-0.23003406822681427,-0.6061066389083862,-0.18116563558578488,0.15215294063091278,0.987052321434021,-0.5808522701263428,0.06236337870359421,0.01729707047343254,-0.09772195667028429,0.07420770078897475,-0.05983706936240196,0.4307236969470978,-0.4503907859325409,1.052793264389038,-0.20612110197544095,0.014656023122370245,0.1258639246225357,0.11147267371416092,-0.6701651811599731,0.3078818619251251,1.047436475753784,0.19471968710422516,0.01327787060290575,-0.40536421537399286
0.052184931933879845,-0.035598546266555786,0.7281464934349059,0.9920010566711424,0.09508269280195235,0.05414857342839241,-0.06293735653162003,-0.18060949444770807,0.11740660667419432,0.2257194817066193,0.8387498259544371,-0.424490749835968,-0.2319278717041016,-0.5655260086059569,-0.14495614171028137,0.1511913686990738,1.0074703693389893,-0.6037141680717468,0.04209369048476219,-0.015737468376755714,-0.10413545370101927,0.05258907750248909,-0.020804161205887794,0.46797350049018854,-0.3926635682582855,0.9891659617424012,-0.18533968925476077,0.008075352758169174,0.14623817801475525,0.19048696756362915,-0.6290521621704102,0.23788814246654513,0.9196882247924804,0.1674074828624725,-0.008357173763215542,-0.4492828249931336
0.06024816632270813,-0.04537151008844376,0.727324366569519,0.992965579032898,0.08597918599843977,0.036013469099998474,-0.07300674170255661,-0.14507441222667694,0.1694469302892685,0.18183705210685727,1.0252895355224607,-0.3832605183124542,-0.23494648933410645,-0.5060455799102783,-0.10690807551145552,0.14914697408676147,1.003490686416626,-0.6147904396057129,0.020343365147709846,-0.044496502727270126,-0.10702841728925704,0.032404620200395584,0.025659171864390373,0.4940297305583954,-0.34034228324890137,0.934719443321228,-0.17839781939983368,0.0006963515770621598,0.16428440809249875,0.274964302778244,-0.582135796546936,0.17576605081558228,0.7747271060943604,0.14528146386146543,-0.025465795770287517,-0.4870343506336212
0.06727688759565353,-0.0534425675868988,0.7305958271026611,0.993280291557312,0.0776708498597145,0.01680944859981537,-0.08413631469011305,-0.13234691321849823,0.19753165543079376,0.11646335572004318,1.207183003425598,-0.30601754784584045,-0.24020840227603912,-0.4343906342983246,-0.07355968654155731,0.1520136147737503,0.9714589715003968,-0.6125559806823729,-0.0009514792473055422,-0.06795983016490936,-0.1084957793354988,0.01822353713214397,0.06716830283403397,0.5056148767471313,-0.3011837303638458,0.8991240859031677,-0.18634821474552157,-0.004737549927085638,0.17876102030277252,0.3573535680770874,-0.5351914763450624,0.1115814745426178,0.6190430521965027,0.12372419238090517,-0.03651293367147446,-0.5224159359931946
0.07145992666482925,-0.05893814191222191,0.7367401123046875,0.9928879737854005,0.07305289059877396,0.0004299528081901371,-0.09400372207164764,-0.16505424678325653,0.20707631111145017,0.05618569627404213,1.3893694877624512,-0.2289743274450302,-0.2464059740304947,-0.3672282695770264,-0.05132140591740608,0.16604265570640564,0.9220842719078065,-0.5994415879249573,-0.017384007573127747,-0.0864744782447815,-0.11264970153570177,0.012273467145860195,0.09517674148082733,0.504475474357605,-0.2793940305709839,0.8884071707725525,-0.2000150680541992,-0.008040797896683216,0.183064728975296,0.4280754923820496,-0.4929018020629882,0.044422645121812813,0.45325252413749695,0.09171435236930849,-0.04049280658364296,-0.5619122982025145
0.07243099808692931,-0.062161579728126526,0.7437806129455566,0.9920434951782225,0.0719059631228447,-0.011697953566908836,-0.10267648845911026,-0.2504010200500488,0.23159910738468167,0.02896171621978283,1.569819688796997,-0.18368269503116608,-0.24826282262802124,-0.3145380020141601,-0.038423217833042145,0.1895911395549774,0.8695334792137147,-0.5794091224670409,-0.030860580503940582,-0.10210609436035156,-0.12037666141986846,0.015061006881296635,0.1105573996901512,0.49750980734825134,-0.27281522750854487,0.8999791145324707,-0.21216431260108948,-0.009600355289876461,0.17431423068046567,0.4814192354679108,-0.4566669762134552,-0.019805552437901497,0.2722117602825165,0.03211085870862007,-0.033504750579595566,-0.6018791198730469
0.06999806314706801,-0.06386251747608185,0.7506309747695923,0.9910045266151427,0.07280626147985457,-0.01930358074605465,-0.11061950773000716,-0.39281424880027765,0.2722448706626892,0.023181714117527008,1.7305197715759275,-0.1803988218307495,-0.24771411716938016,-0.27978119254112244,-0.029560016468167305,0.2169169634580612,0.8226457238197327,-0.551723062992096,-0.03937255218625069,-0.11273768544197083,-0.13042105734348297,0.02667885273694992,0.11382029950618744,0.4902230799198151,-0.2783734202384949,0.9276303648948668,-0.22193919122219083,-0.012148232199251652,0.1577434539794922,0.5101918578147888,-0.42840644717216486,-0.06833232939243317,0.07678893208503723,-0.06368337571620941,-0.00815952755510807,-0.6246962547302246
0.06437227129936218,-0.06440958380699158,0.7563449740409851,0.9897950887680051,0.07532693445682524,-0.023659780621528625,-0.11862407624721528,-0.5842796564102173,0.31127145886421204,0.02995315007865429,1.8268646001815796,-0.19139981269836423,-0.2518574297428131,-0.26617395877838135,-0.023478649556636807,0.24520225822925568,0.7832402586936951,-0.5190111398696899,-0.0379393845796585,-0.11588359624147417,-0.14438748359680176,0.05002692341804504,0.1020245850086212,0.4861149787902832,-0.2947902083396912,0.9675772786140442,-0.22960506379604337,-0.015379843302071095,0.1428015828132629,0.5101108551025392,-0.4112885594367981,-0.08844606578350067,-0.13235613703727722,-0.196530357003212,0.03716094419360161,-0.6031954288482666
0.05633888393640518,-0.06408398598432541,0.760006010532379,0.988276720046997,0.07316013425588606,-0.03019513562321663,-0.13055630028247833,-0.7899895310401917,0.3809267580509186,0.058282893151044846,1.8168629407882688,-0.22581025958061215,-0.2632071375846863,-0.2569863498210907,-0.009541328996419905,0.2663356065750122,0.7509520053863524,-0.4848013818264008,-0.036088526248931885,-0.10659881681203842,-0.1564435511827469,0.09806463867425919,0.07877357304096222,0.4905617535114288,-0.31721472740173334,1.0125515460968015,-0.23871666193008423,-0.015471966937184332,0.134925439953804,0.4746173620223999,-0.407072901725769,-0.0801056921482086,-0.36177703738212585,-0.36132505536079407,0.08977403491735457,-0.5153642296791077
0.04700944200158119,-0.06253865361213684,0.7626979947090149,0.9859362840652464,0.06677628308534622,-0.040073052048683167,-0.14786744117736816,-0.9774515032768248,0.5111584067344666,0.1320793479681015,1.689876079559326,-0.258201003074646,-0.24233448505401609,-0.24829810857772827,0.01570824161171913,0.2884473204612732,0.7372013330459594,-0.4524418711662293,-0.03069050796329975,-0.08592922240495682,-0.16854549944400787,0.1690826565027237,0.05570535361766815,0.5027161240577698,-0.3441570699214936,1.0476908683776855,-0.25421342253685,-0.01710892468690872,0.13698308169841766,0.39008185267448425,-0.41343808174133295,-0.045839238911867135,-0.5822942256927489,-0.540066123008728,0.12522219121456146,-0.3769170939922333
0.03735503926873207,-0.06051526963710785,0.7632634043693542,0.9831815958023072,0.05858883261680603,-0.05353178828954697,-0.16448576748371124,-1.1256134510040283,0.6072004437446593,0.2411809712648392,1.439236760139465,-0.2697722911834717,-0.1466592401266098,-0.23119005560874936,0.04809893667697906,0.3095892667770386,0.727593719959259,-0.42637345194816584,0.0009185709641315043,-0.05585848540067673,-0.17942090332508087,0.25172123312950134,0.04090814292430878,0.5202896595001221,-0.3857093453407288,1.0551769733428955,-0.2532844841480255,-0.031769949942827225,0.14207428693771362,0.2500228881835937,-0.43691456317901606,-0.002442657481878996,-0.734576940536499,-0.6595113277435303,0.1275096982717514,-0.24638974666595456
0.029303312301635746,-0.05845002830028534,0.7597633004188538,0.9798408150672911,0.041139565408229835,-0.07547347992658614,-0.1803421378135681,-1.1919186115264893,0.5811897516250609,0.2736453711986542,1.0455375909805296,-0.2856748700141907,-0.08684077113866806,-0.1809096336364746,0.09240014851093292,0.31772419810295105,0.7182055115699768,-0.42171865701675415,0.045403171330690384,-0.015775570645928383,-0.16478735208511353,0.3405690193176269,0.031933870166540146,0.5414927005767822,-0.46355569362640386,1.0243511199951172,-0.23484158515930173,-0.058135807514190674,0.13345232605934143,0.061490438878536224,-0.48472392559051514,0.032504793256521225,-0.7761070132255553,-0.6786269545555115,0.11712583899497984,-0.14291894435882568
0.02512027323246002,-0.057373546063899994,0.7546566724777221,0.974101483821869,0.010808303952217102,-0.10571298748254776,-0.19958506524562836,-1.1401066780090332,0.5259928703308105,0.2758084535598755,0.5740354657173157,-0.22071513533592224,-0.09836859256029128,-0.09361907094717024,0.15079593658447263,0.30850511789321894,0.689429521560669,-0.4271667301654816,0.068984255194664,0.04007343947887421,-0.10758442431688307,0.4297874867916107,0.030663451179862022,0.5553044676780701,-0.5593386292457581,0.9792438745498656,-0.20718516409397125,-0.06829846650362015,0.11066482216119766,-0.14073505997657776,-0.5592795610427856,0.055364176630973816,-0.7360885143280029,-0.6177350282669067,0.1199990063905716,-0.07784758508205414
0.02262977883219719,-0.05854153633117676,0.7471743822097777,0.968898832798004,-0.031142849475145336,-0.12912400066852567,-0.20878726243972776,-1.0360538959503172,0.48610863089561457,0.3272954821586609,0.18997786939144132,-0.15785641968250275,-0.11656498163938522,-0.017750956118106842,0.2335740029811859,0.2750653326511383,0.6654647588729857,-0.4152388274669647,0.05368907004594802,0.09428248554468155,-0.012727309949696064,0.4848457276821136,0.03707980364561081,0.5513859391212463,-0.6313981413841248,0.9664934277534484,-0.1690404862165451,-0.05379928275942802,0.10024702548980712,-0.30820775032043457,-0.6624011397361755,0.0675891786813736,-0.6600830554962158,-0.53026020526886,0.13597698509693143,-0.06325817853212357
0.018965084105730057,-0.06031986698508263,0.7398107051849365,0.9684112668037415,-0.06404752284288406,-0.13210774958133695,-0.2015564441680908,-0.9617127776145936,0.39281582832336426,0.3698772490024567,-0.0022339075803756714,-0.1308332234621048,-0.13131964206695557,-0.001763547072187066,0.3033536374568939,0.23104989528656003,0.6671150922775269,-0.39819383621215826,0.0334571935236454,0.1272602379322052,0.06443945318460464,0.4847986102104187,0.05769911035895348,0.5406800508499146,-0.6622800827026367,0.9737209081649779,-0.11895020306110382,-0.03899850696325302,0.11266154050827026,-0.3970887959003448,-0.7667499780654907,0.05737628787755966,-0.5940390825271606,-0.46770742535591125,0.14219751954078674,-0.04476235434412956
0.016664281487464905,-0.06268540769815445,0.7344387769699096,0.9729372262954714,-0.07643754035234451,-0.11852020770311356,-0.1830395460128784,-0.8930569887161255,0.2569969594478607,0.41672632098197937,-0.06581719219684601,-0.11053052544593812,-0.13407449424266815,-0.027233403176069256,0.3294601142406464,0.18626423180103305,0.6775415539741516,-0.3997698128223419,0.02157425321638584,0.1390468031167984,0.0990082025527954,0.44715574383735657,0.09669306129217149,0.5274004936218262,-0.6601059436798096,0.9695258140563965,-0.06356117129325867,-0.022244714200496677,0.11466780304908752,-0.4007993638515472,-0.8431117534637451,0.024984030053019524,-0.5644910931587219,-0.44010433554649353,0.15200616419315338,-0.009291805326938627
0.015400022268295288,-0.06507866084575653,0.7315906286239624,0.9792697429656982,-0.08173585683107376,-0.09362708777189255,-0.15995013713836667,-0.8196212649345398,0.13735787570476532,0.48879915475845337,-0.055540625005960464,-0.059752993285655975,-0.14828866720199585,-0.06639720499515533,0.33882912993431086,0.14602312445640564,0.6670126914978027,-0.402272492647171,0.007121332921087742,0.1388268917798996,0.12449771910905838,0.3792159557342529,0.15724074840545654,0.5109047889709473,-0.6391847729682921,0.9380393624305725,-0.023251421749591827,-0.012667685747146606,0.09628070145845412,-0.3312419056892395,-0.8642126321792601,-0.013617214746773241,-0.5650179982185364,-0.45312720537185674,0.1645996868610382,0.03635034710168839
0.015401259995996952,-0.06768010556697845,0.7304927110671997,0.9854835867881776,-0.08400490134954451,-0.06403583288192749,-0.1329086869955063,-0.7425621151924133,0.06044598296284676,0.601613461971283,0.018560530617833138,0.0224534273147583,-0.1597214639186859,-0.10864964127540588,0.33654949069023127,0.10910424590110777,0.6345354318618774,-0.3969352841377258,-0.009360037744045256,0.12359438836574554,0.13695579767227173,0.3023529350757599,0.23013120889663696,0.4979624748229981,-0.599141538143158,0.8803923726081848,-0.003394585801288485,-0.0108780600130558,0.07402164489030838,-0.24808903038501737,-0.8273730278015136,-0.03377526625990868,-0.5816259384155273,-0.5034996271133423,0.1808921843767166,0.08889835327863693
0.01627814956009388,-0.07204760611057281,0.7324957251548766,0.9908100366592408,-0.08049130439758301,-0.03586125373840332,-0.10261853784322739,-0.6998856663703918,0.03116912208497524,0.6923430562019348,0.20262567698955533,0.11483677476644516,-0.13708381354808807,-0.14739379286766052,0.32011422514915466,0.07299988716840744,0.5897119641304016,-0.3811645805835724,-0.025115160271525383,0.09441181272268297,0.11735456436872482,0.23146699368953705,0.3039557933807373,0.49864211678504944,-0.5486508011817932,0.8027833700180053,-0.0064714900217950335,-0.01958652399480343,0.058927584439516074,-0.1991855949163437,-0.7367581725120544,-0.022294390946626663,-0.5906004309654236,-0.5746671557426453,0.2005215138196945,0.14254266023635864
0.018054282292723652,-0.07784821838140486,0.7361475229263306,0.9933934211730957,-0.0800369083881378,-0.017577802762389183,-0.08033993095159529,-0.6709066033363342,0.04457458481192589,0.6976677179336548,0.4128139317035675,0.16419312357902527,-0.11674845963716506,-0.16498392820358276,0.3133076131343841,0.04167522117495537,0.533730685710907,-0.3513658344745636,-0.04642440006136894,0.06433586776256561,0.0911937579512596,0.18002966046333313,0.3672543466091156,0.5130791068077089,-0.5007625818252563,0.7273013591766356,-0.015846678987145424,-0.03188866749405861,0.0532529316842556,-0.18840040266513824,-0.6268309354782104,0.01398010179400444,-0.5833997130393982,-0.6438155770301819,0.2212035059928894,0.20004278421401975
0.02140555903315544,-0.0838465765118599,0.7395059466361998,0.9939758777618408,-0.08476489037275313,-0.010073583573102953,-0.06874160468578339,-0.6327794194221497,0.06434889882802963,0.6187560558319092,0.5959358215332031,0.14626653492450714,-0.11335772275924683,-0.15277975797653198,0.3203893005847931,0.02123997732996941,0.4705083668231964,-0.3200101852416992,-0.07156169414520264,0.042989619076251984,0.07594846189022064,0.14724819362163544,0.4149129092693329,0.5311704874038696,-0.46599608659744257,0.674343466758728,-0.015964945778250694,-0.036994315683841705,0.06088918074965477,-0.19380624592304227,-0.5391551852226257,0.05956104025244713,-0.572787344455719,-0.7087916731834412,0.24130652844905853,0.26031655073165894
0.02481758967041969,-0.08862861990928651,0.7427834272384644,0.9945679903030397,-0.08540192246437071,-0.006680989172309637,-0.05913015455007553,-0.6087523698806763,0.058135442435741425,0.5239507555961609,0.7618619203567504,0.0716719850897789,-0.09762530028820035,-0.137993186712265,0.31930476427078247,0.010381686501204967,0.4286916553974152,-0.3011481761932373,-0.09055659919977187,0.025143194943666455,0.05723622813820839,0.12491841614246368,0.4451184272766113,0.5449414253234863,-0.4463725686073303,0.6466149091720581,-0.008364018984138966,-0.038020141422748566,0.07041949778795241,-0.20579825341701508,-0.4893072247505188,0.10431773215532301,-0.5690546631813049,-0.7678396105766296,0.25394245982170105,0.3197976350784302
0.026830760762095448,-0.09258085489273073,0.7455445528030396,0.995737612247467,-0.07963111996650694,-0.005967769306153059,-0.04615158587694168,-0.6137583255767822,0.05431128293275833,0.47308281064033514,0.9433150887489319,-0.0004651345370803028,-0.05591510608792305,-0.13631069660186768,0.3046088218688965,2.25700787268579e-05,0.42280277609825134,-0.29870668053627014,-0.1045888215303421,0.006310847587883472,0.031074032187461853,0.11417482793331146,0.4498239159584045,0.5544998645782471,-0.4375937283039093,0.6426088809967041,-0.002115203533321619,-0.03991696983575821,0.07881999760866165,-0.2226455807685852,-0.4729487895965576,0.13390403985977173,-0.5758872032165527,-0.7984142899513245,0.2602498531341553,0.367692232131958
0.027974018827080727,-0.09578096866607666,0.747226893901825,0.9969582557678223,-0.07167534530162811,-0.009999911300837992,-0.02892805635929108,-0.6480743288993835,0.051426634192466736,0.4327568113803864,1.1367676258087158,-0.045630645006895065,-0.02289317362010479,-0.1362077295780182,0.2821167111396789,-0.0204028245061636,0.44050174951553345,-0.30742523074150085,-0.11609883606433868,-0.010275915265083311,0.005974526517093182,0.11803725361824036,0.4285014569759369,0.5602597594261169,-0.43748518824577326,0.6573325991630553,-0.001983334077522158,-0.04292440414428711,0.08707412332296371,-0.23980271816253665,-0.48007890582084656,0.1467588096857071,-0.5922757983207704,-0.8021551966667174,0.2642897665500641,0.3895167708396912
0.028527824208140373,-0.09829626977443696,0.7476550340652467,0.9975118637084962,-0.06732427328824997,-0.01858069375157356,-0.009606877341866493,-0.70582115650177,0.04445703700184822,0.3772982060909271,1.3285030126571655,-0.07258138060569763,-0.03150094300508499,-0.12067773938179016,0.2644378244876861,-0.04946069419384003,0.4510435461997986,-0.3180867731571197,-0.12459991872310638,-0.01994362473487854,-0.006604263558983803,0.1363789588212967,0.38468945026397705,0.5604236125946045,-0.4444753527641296,0.6856239438056946,-0.00860665366053581,-0.042471542954444885,0.0956246703863144,-0.25515905022621155,-0.5015869736671448,0.14593379199504852,-0.6142736673355104,-0.7955543994903564,0.26496022939682007,0.38238206505775446
0.02847418002784252,-0.10020039975643157,0.7478199601173402,0.9973575472831726,-0.06672462821006775,-0.02728245779871941,0.009027877822518349,-0.7818165421485901,0.04406755045056343,0.32415950298309326,1.4949127435684204,-0.09711689502000807,-0.0627487525343895,-0.09843197464942931,0.25494647026062006,-0.08014880120754243,0.4498591423034668,-0.32630208134651184,-0.12797939777374268,-0.023576261475682255,-0.006898545194417238,0.16110388934612274,0.3364992141723633,0.553081214427948,-0.4478941857814789,0.7122785449028015,-0.026284266263246536,-0.036556463688611984,0.102950282394886,-0.2742147445678711,-0.5300796627998352,0.13799060881137848,-0.6292869448661804,-0.7934094667434691,0.26187431812286377,0.3567675054073334
0.028247736394405365,-0.10117536038160324,0.7489938139915465,0.9971508383750916,-0.06215025857090951,-0.03551147133111954,0.023800021037459373,-0.8583927750587462,0.06392282247543335,0.2935260832309723,1.5972498655319212,-0.09970617294311523,-0.07847343385219574,-0.07230272144079208,0.2386026829481125,-0.0990397185087204,0.4446457326412201,-0.33502358198165894,-0.12579068541526794,-0.020312527194619175,-0.009129459038376808,0.18608766794204712,0.298915833234787,0.5372298359870912,-0.4416263997554779,0.7176737189292908,-0.06330209225416183,-0.028810186311602592,0.10191571712493896,-0.30111685395240784,-0.556045413017273,0.12535908818244934,-0.6249495148658752,-0.7883991003036499,0.26534608006477356,0.32239904999732966
0.027816858142614365,-0.10124562680721282,0.7504823803901672,0.9971420168876649,-0.05299563333392143,-0.04144447296857834,0.03437459468841553,-0.9356400966644288,0.08810693025588989,0.26296803355216974,1.6157169342041016,-0.07345620542764662,-0.1004948765039444,-0.051288165152072906,0.21496571600437164,-0.1049140766263008,0.43835172057151794,-0.34589770436286926,-0.118188738822937,-0.014684338122606276,-0.016135619953274727,0.20653703808784485,0.2767632007598877,0.5185359120368958,-0.4353957176208496,0.7021824717521667,-0.10819192230701447,-0.026371244341135025,0.0937500149011612,-0.3427053093910217,-0.5713700652122498,0.12077035009860992,-0.5921727418899536,-0.776435375213623,0.27586880326271057,0.29022738337516785
0.026592154055833817,-0.10073930770158768,0.7517229318618774,0.9972901940345763,-0.044214531779289246,-0.044672783464193344,0.038231473416090005,-1.0079586505889893,0.11732755601406096,0.22184190154075625,1.5352545976638792,-0.029815152287483212,-0.14065563678741455,-0.04299569129943848,0.1943220943212509,-0.10149146616458891,0.43668925762176514,-0.35560524463653564,-0.10774890333414076,-0.006617405917495489,-0.020882515236735344,0.22052156925201416,0.2684477567672729,0.5043285489082336,-0.43744757771492,0.6826831102371216,-0.12941892445087433,-0.030580567196011543,0.08563801646232606,-0.40975353121757513,-0.5750541090965271,0.1430896371603012,-0.5272628664970398,-0.7816277742385864,0.29549881815910334,0.2631809711456299
0.023697556927800175,-0.1009293347597122,0.7531095743179321,0.9975632429122925,-0.03705502301454544,-0.04627877473831177,0.0367797166109085,-1.0529574155807495,0.14982080459594727,0.17707502841949463,1.333640694618225,0.04048295691609383,-0.17823544144630432,-0.05054251849651337,0.17985175549983978,-0.09441961348056792,0.4481361508369446,-0.363567054271698,-0.09726691991090775,0.006165874656289816,-0.025550087913870808,0.23292678594589236,0.2721230387687683,0.4994485676288605,-0.4423746168613434,0.6733801960945128,-0.11817403882741928,-0.03943780809640884,0.08311532437801361,-0.4901508092880249,-0.5655151605606079,0.18513111770153043,-0.44267123937606806,-0.7967150807380675,0.31409019231796265,0.2321426421403885
0.01983768120408058,-0.10170517861843108,0.7516966462135315,0.9977303147315981,-0.03364257514476776,-0.0477130264043808,0.033553678542375565,-1.042708158493042,0.21600981056690216,0.1798548549413681,0.9975612163543699,0.11752831190824509,-0.169958159327507,-0.06241981312632561,0.17541545629501343,-0.08582406491041182,0.46368104219436646,-0.37322136759758,-0.09340725094079971,0.017936633899807927,-0.029201457276940342,0.2501383423805237,0.28412503004074097,0.5062474012374878,-0.44436967372894287,0.6760398149490356,-0.09527361392974851,-0.043336328119039536,0.09505355358123779,-0.5750759243965149,-0.5491777658462524,0.23449602723121643,-0.3483949601650238,-0.8180719017982483,0.3356494009494781,0.2021455466747284
0.01800008863210678,-0.1009550243616104,0.7489054799079894,0.9977914690971375,-0.03170125186443329,-0.0520048663020134,0.026510233059525486,-0.959317684173584,0.27076369524002075,0.22462889552116397,0.5397741198539734,0.10807719826698305,-0.14331957697868347,-0.06390289217233658,0.17358821630477905,-0.07439150661230086,0.49076777696609497,-0.3927675783634186,-0.09201530367136,0.03568199649453163,-0.032519206404685974,0.26632729172706604,0.29974400997161865,0.5137795805931091,-0.4384649097919464,0.6903975009918213,-0.07391269505023955,-0.04061339795589447,0.11420853435993195,-0.6601412892341614,-0.5318167805671692,0.2867249548435211,-0.2513675093650818,-0.8396001458168029,0.3588480353355408,0.15202848613262177
0.019878869876265522,-0.09839297831058502,0.7470613718032837,0.9970390796661378,-0.03338730707764625,-0.0684407576918602,0.010685082525014876,-0.8681704401969909,0.2894024848937988,0.20773351192474365,0.15064656734466553,0.053091563284397125,-0.16370618343353271,-0.028149597346782684,0.18161681294441223,-0.06002180278301239,0.5119080543518065,-0.4102930724620819,-0.08255074173212051,0.0758216083049774,-0.023661131039261814,0.2881612479686737,0.31795457005500793,0.5041641592979431,-0.44150909781455994,0.7330393791198729,-0.07283639162778854,-0.031323567032814026,0.11052529513835906,-0.7227982282638551,-0.5081138014793396,0.33025139570236206,-0.18843376636505127,-0.8630684018135072,0.3734509348869324,0.11997313052415848
0.019924459978938103,-0.09665717929601667,0.7475415468215942,0.9969958662986755,-0.035340726375579834,-0.0684671625494957,0.007910161279141905,-0.9011970162391663,0.321757435798645,0.20776115357875824,0.10565676540136336,0.006666904781013727,-0.16400101780891418,-0.024971431121230125,0.1810207962989807,-0.06339195370674133,0.5115582346916199,-0.4071540832519531,-0.07220121473073958,0.09765017777681351,-0.011076048016548157,0.2866228520870209,0.31417784094810486,0.4847450256347656,-0.4547205865383148,0.7792239785194398,-0.1130814105272293,-0.02508486434817314,0.09739203006029128,-0.7456933856010437,-0.4821717441082001,0.3635834157466888,-0.2021766006946564,-0.9141728281974792,0.3769653737545013,0.09896817058324812
0.020499246194958687,-0.0954066812992096,0.7503807544708253,0.9974852204322816,-0.023525167256593704,-0.05938400328159332,0.030713483691215515,-1.0200140476226807,0.31199967861175537,0.2078748047351837,0.36187577247619623,-0.04765486344695091,-0.14390093088150024,-0.04708351939916611,0.14255158603191376,-0.09084080159664154,0.5190680623054504,-0.41085815429687506,-0.05579684302210808,0.093214713037014,-0.0300642941147089,0.2788580060005188,0.29890716075897217,0.4741812348365784,-0.48329624533653254,0.7951096892356871,-0.1253059357404709,-0.02751985378563404,0.08135712146759033,-0.7633873224258423,-0.4550995230674744,0.39846917986869806,-0.2506150007247925,-0.8973673582077025,0.3852557241916656,0.04794657975435257
0.023815639317035675,-0.09308142960071565,0.7520732879638672,0.9967322945594788,-0.019793082028627396,-0.061860408633947365,0.04802314937114716,-1.1080951690673828,0.33750444650650024,0.2399899512529373,0.7120884656906128,-0.13761700689792633,-0.15702573955059052,-0.03318598493933678,0.12506969273090363,-0.105918250977993,0.5119580626487732,-0.41876271367073054,-0.04395456612110138,0.09049396216869354,-0.02318863198161125,0.27549782395362854,0.29123619198799133,0.4688721597194672,-0.5002357363700867,0.792039930820465,-0.11469063162803649,-0.03757798671722412,0.07313741743564604,-0.7706487774848939,-0.4484657347202301,0.4547702968120575,-0.26365578174591064,-0.8477136492729187,0.40626874566078186,0.008954839780926704
0.028059452772140503,-0.08983705937862396,0.7541059255599974,0.9960041642189024,-0.012229736894369124,-0.06391863524913788,0.06116095557808876,-1.12582528591156,0.3469180762767792,0.3304681777954101,0.9635798335075377,-0.19066622853279117,-0.17354056239128113,-0.018543405458331108,0.09930496662855148,-0.10920822620391844,0.5140657424926758,-0.4351920485496521,-0.027893435209989548,0.09292244911193848,-0.02407621592283249,0.26681390404701233,0.28672054409980774,0.466528832912445,-0.496992141008377,0.797339916229248,-0.10984299331903456,-0.044628705829381936,0.07920379191637038,-0.7616199254989624,-0.48004427552223206,0.4853922426700592,-0.2268367111682892,-0.7682428956031798,0.4135643541812897,-0.0182639304548502
0.032218560576438904,-0.08702355623245238,0.7549822926521301,0.9950103163719176,-0.000672292779199779,-0.05943659320473671,0.08013223856687546,-1.0746246576309204,0.3118628263473511,0.45825740694999695,1.0288820266723633,-0.14299605786800385,-0.20370027422904968,-0.025640349835157394,0.06235118955373764,-0.11968966573476791,0.5352047085762024,-0.4609257578849792,-0.003053387394174933,0.08964776247739792,-0.038057841360569,0.2525315582752228,0.28159311413764954,0.4702136218547821,-0.486492931842804,0.809065043926239,-0.12431906908750534,-0.044826216995716095,0.09828300774097441,-0.7312945127487183,-0.546211004257202,0.4761230051517487,-0.169809952378273,-0.6517412662506104,0.404184490442276,-0.03446061909198761
0.036258559674024575,-0.08321344852447508,0.7510963678359985,0.9927721023559569,-0.001354963518679142,-0.05931534245610237,0.10432330518960951,-0.9634153842926024,0.28118306398391724,0.5959632396697998,0.9093959331512451,-0.08121351152658463,-0.1950612366199493,-0.023150032386183735,0.05400611460208893,-0.1448531299829483,0.564186155796051,-0.4927723407745361,0.0011443180264905095,0.07856536656618118,-0.02464144676923752,0.24406874179840088,0.27551257610321045,0.4806274175643921,-0.4756855368614197,0.8145813941955566,-0.14554175734519958,-0.039886154234409325,0.11242854595184326,-0.6858982443809509,-0.6181707382202148,0.4640560448169708,-0.10461941361427309,-0.5330832004547119,0.39650323987007136,-0.06747255474328995
0.03999217599630356,-0.0788233205676079,0.744326412677765,0.9895899295806884,-0.012199187651276588,-0.06307484954595566,0.12878073751926422,-0.8334699273109437,0.2335418164730072,0.6875841617584229,0.6489091515541077,-0.02746300399303436,-0.15497004985809326,-0.009778913110494612,0.06746575236320496,-0.1831091344356537,0.5888936519622803,-0.5226748585700989,-0.010588248260319231,0.0658734142780304,0.015499635599553583,0.23904307186603543,0.26788806915283203,0.4919575452804565,-0.47808894515037537,0.8118018507957457,-0.15570218861103055,-0.030265217646956444,0.11337476968765257,-0.6482976675033569,-0.6790711879730225,0.4731103777885437,-0.04866497963666916,-0.4662175476551056,0.39273071289062494,-0.10480542480945589
0.04488586261868477,-0.07419263571500778,0.7369885444641113,0.9861551523208617,-0.032362669706344604,-0.07118092477321625,0.14623235166072843,-0.7204217314720154,0.16155286133289337,0.6551973223686217,0.31408724188804626,-0.002524495823308825,-0.14783544838428497,0.01604144647717476,0.10327540338039398,-0.22430117428302765,0.5919259786605834,-0.5375641584396361,-0.02975667268037796,0.06547670811414719,0.07774924486875534,0.23430891335010529,0.25955846905708313,0.4974314570426941,-0.4916012585163117,0.8118649125099182,-0.1462400257587433,-0.022266851738095284,0.1004812866449356,-0.6127629280090332,-0.7188970446586609,0.5134008526802063,-0.02275468222796917,-0.4727324545383453,0.3932757377624512,-0.12837518751621246
0.051328692585229874,-0.0687851831316948,0.7325262427330017,0.9830030798912048,-0.054286554455757134,-0.07818152755498886,0.15698911249637604,-0.6674141883850098,0.12468159943819046,0.5341230034828186,0.09715955704450609,-0.005759751424193382,-0.16370008885860443,0.050911422818899155,0.1481015980243683,-0.2574670910835266,0.5601995587348938,-0.5264830589294434,-0.04030971601605415,0.07898376137018204,0.13992075622081757,0.22734291851520536,0.24818599224090576,0.4947674572467804,-0.5154402852058411,0.8307384848594666,-0.13994427025318143,-0.017077667638659477,0.0738992691040039,-0.5562196373939513,-0.7267952561378478,0.5805077552795409,-0.042016372084617615,-0.5818233489990233,0.39914056658744806,-0.10406048595905304
0.05672353506088257,-0.0646049976348877,0.7329043745994567,0.9795775413513184,-0.062142863869667046,-0.06824809312820435,0.17862883210182187,-0.6552576422691345,0.12835147976875305,0.5477334856987,0.06454319506883621,0.027840685099363327,-0.14799456298351288,0.05736900493502617,0.1559080332517624,-0.29410099983215326,0.5188042521476746,-0.5047332048416138,-0.04157446697354317,0.08110826462507248,0.15808506309986115,0.20314766466617584,0.2218423783779144,0.4848199188709259,-0.5442478060722351,0.8714303970336914,-0.1457122415304184,-0.004750487860292196,0.0380728542804718,-0.47817733883857727,-0.6940634846687317,0.6596536040306091,-0.0918488651514053,-0.7976015210151672,0.4227418601512909,-0.01837601140141487
0.06334671378135681,-0.06052733585238457,0.738647222518921,0.9758330583572388,-0.05532897636294365,-0.049422819167375565,0.2055382877588272,-0.6233552098274231,0.14019477367401123,0.6657692790031433,0.09852618724107742,0.10151634365320204,-0.13350932300090787,0.057267341762781136,0.12927448749542236,-0.3315487205982208,0.4663106203079224,-0.4780368506908417,-0.037228379398584366,0.07294423133134843,0.13581497967243195,0.1684131026268005,0.19667284190654755,0.4683419466018677,-0.5686986446380615,0.9141802191734314,-0.1538359522819519,0.012853394262492657,-0.002365010790526867,-0.41606405377388,-0.6115613579750061,0.7619031071662903,-0.12879018485546112,-1.0047981739044187,0.4571163058280945,0.08175887912511826
0.07163245230913162,-0.05584073811769485,0.7468880414962769,0.97317773103714,-0.04035665839910507,-0.03324553743004799,0.22403375804424283,-0.6126084923744202,0.19010567665100095,0.7173039317131041,0.2519975006580353,0.11096954345703124,-0.1129595786333084,0.06852925568819046,0.09097487479448318,-0.3465039730072021,0.4143466651439666,-0.45368137955665594,-0.02903284691274166,0.07387236505746841,0.10001949220895769,0.13312821090221405,0.18524868786334991,0.4450705051422119,-0.5768092274665833,0.948161244392395,-0.15087570250034332,0.02575830742716789,-0.03621222823858261,-0.3936821520328522,-0.4832880198955536,0.8861978054046631,-0.11614122241735458,-1.1145672798156738,0.46057748794555664,0.12008044868707655
0.08096206188201904,-0.05029118433594704,0.7543370723724365,0.9727513194084167,-0.027139339596033096,-0.024331223219633102,0.2289680987596512,-0.6148409843444824,0.2627327144145965,0.6696454286575316,0.43729865550994873,0.05127991735935211,-0.09643077105283736,0.09796275198459624,0.06269080191850662,-0.33923891186714167,0.35923323035240173,-0.4303023815155029,-0.021726438775658607,0.09306354075670241,0.07334045320749283,0.10765329748392104,0.18422518670558927,0.4226119518280029,-0.5628460049629211,0.9698905348777771,-0.1382969617843628,0.03118360973894596,-0.05551335588097572,-0.4153046011924744,-0.33363381028175354,1.0150163173675537,-0.06471207737922668,-1.0832397937774658,0.4135565459728241,0.09264380484819411
0.0900379568338394,-0.04370910674333572,0.7595192193984985,0.9738521575927734,-0.017255833372473717,-0.017866184934973717,0.22582089900970456,-0.6192086338996887,0.32315579056739807,0.5871083736419678,0.5773504376411438,-0.04146350920200348,-0.07565585523843765,0.12286078929901124,0.038544222712516785,-0.32186102867126465,0.32322427630424494,-0.4155012369155884,-0.01431160420179367,0.12103188037872314,0.05562223866581917,0.09254403412342072,0.1865149885416031,0.40471801161766047,-0.5361770391464232,0.9778462648391725,-0.12221154570579527,0.029881730675697327,-0.056042183190584176,-0.4717426896095276,-0.19393128156661987,1.1135309934616089,0.008812232874333857,-0.8770670890808105,0.3174761235713959,0.015583659522235392
0.09875913709402083,-0.03596567362546921,0.7624385356903075,0.9745965003967283,-0.007631146814674139,-0.008459707722067833,0.22367815673351288,-0.6189724802970886,0.35362979769706726,0.5169576406478882,0.6296104788780212,-0.11400119215250017,-0.049906551837921136,0.1285085380077362,0.006884503643959761,-0.3099500238895416,0.315323144197464,-0.41851389408111567,-0.004443235229700804,0.1438715159893036,0.03465486690402031,0.08123325556516646,0.18901206552982328,0.3934519588947296,-0.5105210542678833,0.9710949063301086,-0.11149145662784576,0.022617343813180923,-0.03872295469045639,-0.5377361178398132,-0.08635563403367996,1.1691644191741943,0.07752277702093123,-0.609224498271942,0.22108957171440125,-0.07106830179691315
0.107712522149086,-0.026709105819463726,0.7636717557907104,0.9743727445602418,0.0010203415295109153,0.0024936506524682045,0.22492343187332156,-0.6190308332443237,0.36149245500564575,0.45610648393630976,0.6153834462165833,-0.1539682000875473,-0.030279155820608136,0.12689024209976196,-0.025581184774637222,-0.30441951751708984,0.3180687725543976,-0.4328236281871796,0.005975797772407532,0.15752163529396057,0.010459537617862225,0.07148516178131104,0.19347582757472992,0.388373613357544,-0.489881157875061,0.9536694884300234,-0.10719948261976242,0.014270821586251259,-0.016110586002469063,-0.5917741060256958,-0.016311723738908768,1.1951110363006592,0.1148613393306732,-0.428507387638092,0.16099706292152405,-0.11985830217599867
0.11735197156667708,-0.01666364073753357,0.7637343406677246,0.9735714197158812,0.00709400000050664,0.012836083769798279,0.2279115468263626,-0.618580162525177,0.36316040158271784,0.41080042719841,0.5782846808433533,-0.17790044844150543,-0.02116145752370357,0.12972067296504974,-0.05041223391890526,-0.30293527245521545,0.3137464821338653,-0.4475366771221161,0.01666153222322464,0.16387028992176056,-0.011893285438418388,0.06228569895029068,0.19922417402267456,0.38618543744087214,-0.4702751636505127,0.9312044382095338,-0.1021297350525856,0.008268356323242188,0.0052301399409770966,-0.628568708896637,0.0260244645178318,1.2121601104736328,0.12840266525745392,-0.3383189141750336,0.12640364468097687,-0.13904690742492676
0.127252995967865,-0.006976228207349777,0.7630228400230407,0.9725372195243837,0.010579267516732216,0.02213853783905506,0.2314506024122238,-0.6206881999969481,0.366340845823288,0.38966646790504456,0.5503596067428589,-0.1905221790075302,-0.019078193232417103,0.13763825595378876,-0.06730962544679642,-0.3054219186306,0.2997296452522278,-0.45882326364517206,0.028643324971199036,0.16644015908241272,-0.03057623654603958,0.054078973829746246,0.20359326899051663,0.3844739496707916,-0.4504946172237396,0.9095241427421568,-0.09679803997278211,0.005677272565662861,0.02318692579865456,-0.6465675234794617,0.047291815280914314,1.2288024425506592,0.13390952348709106,-0.3001432418823242,0.10596399009227753,-0.14287222921848297
0.13708621263504028,0.0023201443254947662,0.7620409131050109,0.9716370105743408,0.01151349488645792,0.030770016834139824,0.2341841012239456,-0.628950297832489,0.36731889843940735,0.380738228559494,0.5375515222549438,-0.186323955655098,-0.022537820041179657,0.15246273577213287,-0.0766957327723503,-0.3104413449764252,0.2696858942508697,-0.45930477976799006,0.04180966317653656,0.167337104678154,-0.04510879144072533,0.046391300857067115,0.2054006904363632,0.38214254379272466,-0.43386939167976374,0.8944795131683348,-0.09422022104263304,0.005740763619542122,0.036628320813179016,-0.6485788226127625,0.05307847261428833,1.2423150539398191,0.14370255172252655,-0.28181570768356323,0.09304577857255936,-0.1423470228910446
0.1471419483423233,0.012303389608860016,0.761059582233429,0.9708894491195679,0.011417235247790812,0.03979102522134781,0.23592357337474823,-0.6373547315597534,0.3599953353404999,0.37727546691894526,0.521714985370636,-0.15419209003448486,-0.03688284754753113,0.17097054421901703,-0.08222323656082153,-0.31398198008537287,0.2274205833673477,-0.449631541967392,0.05702432245016097,0.16630846261978147,-0.05751602351665497,0.03882803022861481,0.20609386265277865,0.3786991238594055,-0.4192370176315308,0.8837056756019592,-0.09807588160037993,0.009114631451666355,0.04354025050997734,-0.6418411731719971,0.048043832182884216,1.2515599727630615,0.16786059737205505,-0.26142656803131104,0.08604051917791367,-0.14481307566165924
0.1575609594583511,0.023385208100080487,0.7593838572502136,0.9706772565841674,0.010482960380613804,0.049498844891786575,0.2350013107061386,-0.6447414755821228,0.3470652103424072,0.37541428208351135,0.49487385153770447,-0.12306678295135498,-0.05662880465388297,0.18808239698410037,-0.08655451983213425,-0.31258636713027954,0.18278835713863367,-0.43734264373779297,0.07328046113252638,0.16595834493637085,-0.06735793501138687,0.0315401665866375,0.20726296305656436,0.37449845671653753,-0.40453881025314326,0.8737694025039674,-0.10588254034519196,0.013480653055012226,0.04579269886016846,-0.6322019696235657,0.03788501024246216,1.2596397399902344,0.2131958156824112,-0.2224489152431488,0.0791395679116249,-0.1522964984178543
0.16853715479373932,0.03583928197622299,0.7567290663719177,0.9709290266036988,0.008327943272888659,0.059639502316713326,0.23166933655738833,-0.6559500694274902,0.33064770698547363,0.36661130189895624,0.45915138721466064,-0.0982522964477539,-0.07405692338943481,0.20099402964115143,-0.09123289585113523,-0.30635759234428406,0.14880336821079254,-0.4302717745304108,0.08939465880393982,0.16727769374847412,-0.07395590841770172,0.02537314034998417,0.2095713168382645,0.3712902963161469,-0.3900904059410095,0.8640020489692688,-0.11652033030986785,0.016780050471425056,0.04960136488080025,-0.6219497323036194,0.022795831784605976,1.265176773071289,0.2774381637573242,-0.14713126420974731,0.06851920485496521,-0.1600567251443863
0.1805263459682465,0.04999468475580216,0.7531026005744934,0.97134792804718,0.0050478745251894,0.0691099613904953,0.22733575105667117,-0.667815625667572,0.30760180950164795,0.3429924249649048,0.409462720155716,-0.08453737944364548,-0.08910515904426575,0.21191877126693723,-0.09622174501419069,-0.2973335385322571,0.1274390071630478,-0.4305056929588318,0.10340908169746398,0.17051024734973907,-0.0765073150396347,0.021838072687387463,0.21203075349330905,0.3713000416755676,-0.3797191381454468,0.8555846214294434,-0.1285044103860855,0.018033664673566815,0.05589244514703751,-0.6094697117805481,0.001109427772462368,1.269189715385437,0.355600506067276,-0.034194573760032654,0.053222361952066415,-0.162757471203804
0.19301679730415344,0.06502217799425125,0.7485686540603637,0.971746802330017,0.0008976292447187006,0.07741539925336836,0.22296687960624692,-0.6824005842208862,0.27809977531433105,0.2994868457317352,0.35914474725723267,-0.07602035999298094,-0.09886243194341661,0.22324278950691223,-0.10057463496923447,-0.28722614049911493,0.11373400688171385,-0.43390294909477234,0.1154518574476242,0.1748114377260208,-0.07510739564895628,0.021480297669768333,0.21307258307933807,0.3766972720623016,-0.37550234794616694,0.8490107655525206,-0.13950593769550323,0.019728340208530423,0.06310383230447769,-0.5922695994377136,-0.027965961024165157,1.2745640277862549,0.4389406442642212,0.08873355388641357,0.03678649291396141,-0.15602950751781464
0.205309733748436,0.08029751479625702,0.7430257201194763,0.9721410274505616,-0.004289508331567049,0.08396157622337341,0.21880088746547696,-0.700691282749176,0.24478405714035037,0.24185089766979215,0.3252036571502685,-0.06850972771644592,-0.10484205931425095,0.23687544465065,-0.10380950570106506,-0.27452778816223145,0.10564524680376051,-0.43618160486221313,0.12908318638801575,0.18068216741085047,-0.06928732246160507,0.024179263040423397,0.21246716380119324,0.387784868478775,-0.3756546676158905,0.842872381210327,-0.14533314108848572,0.02321935258805752,0.07096848636865616,-0.5669203996658325,-0.06488537788391113,1.2823857069015503,0.5281072854995728,0.19131799042224884,0.025014033541083332,-0.14423570036888123
0.2182747572660446,0.09652018547058104,0.7371490597724913,0.9726947546005248,-0.011781848967075348,0.08737763762474061,0.2146888226270676,-0.7204992771148682,0.22009216248989105,0.18659502267837524,0.3372248113155365,-0.061128683388233185,-0.10688918083906172,0.253540962934494,-0.10488993674516676,-0.2644837498664856,0.1040269061923027,-0.4316708743572235,0.144372820854187,0.18751609325408933,-0.05568602308630943,0.030875965952873227,0.21414116024971008,0.4036588370800018,-0.3779820799827576,0.8324047327041627,-0.1379290074110031,0.026591341942548752,0.0822334811091423,-0.5352582335472107,-0.1075434312224388,1.2908297777175903,0.6326475739479065,0.2521517276763916,0.018111994490027428,-0.129023939371109
0.2327647656202316,0.11464563012123108,0.7322985529899597,0.9732937216758728,-0.01898692920804024,0.08792440593242645,0.21120636165142057,-0.7316870093345642,0.20852449536323547,0.15553364157676697,0.39161774516105646,-0.04017113894224167,-0.11705461144447327,0.2746150493621826,-0.10805866867303848,-0.25395193696022034,0.11163099855184556,-0.41575261950492853,0.15621645748615265,0.1920263171195984,-0.03960765153169632,0.036861177533864975,0.2199145257472992,0.41888371109962463,-0.3781794607639313,0.8186562061309814,-0.12409480661153792,0.027724176645278927,0.09046662598848343,-0.4873297512531281,-0.1550905555486679,1.2897610664367676,0.7528564929962158,0.2633427381515503,0.028918726369738575,-0.11856744438409804
0.2491765469312668,0.13446322083473203,0.7301990985870361,0.9726757407188416,-0.01871940679848194,0.08944150805473326,0.21342821419239044,-0.7589377760887147,0.19350969791412356,0.14177826046943665,0.505706250667572,-0.050977274775505066,-0.09879031032323837,0.27646809816360474,-0.13391919434070587,-0.24844714999198916,0.17410767078399658,-0.3988443911075592,0.1649903953075409,0.1859307438135147,-0.040963269770145416,0.04234335571527481,0.2400333136320114,0.4333224594593048,-0.38329049944877613,0.8027175664901732,-0.1021258383989334,0.028934374451637268,0.0952291339635849,-0.42910581827163696,-0.20121958851814273,1.26761794090271,0.8778380751609801,0.2509381175041199,0.04715939983725548,-0.1227669045329094
0.268087774515152,0.15658679604530334,0.7305986285209655,0.971823275089264,-0.015251457691192625,0.0887300819158554,0.21783921122550964,-0.7632254958152771,0.17341478168964383,0.1425986886024475,0.5959430932998657,-0.08070277422666548,-0.08606355637311934,0.25042957067489624,-0.17324447631835935,-0.2411962598562241,0.3244169354438782,-0.3859243988990784,0.1565658450126648,0.17771469056606293,-0.0468488335609436,0.0457763746380806,0.266095906496048,0.440403550863266,-0.392221599817276,0.7938956618309022,-0.07924325764179228,0.026541491970419884,0.09650636464357376,-0.3474714756011963,-0.24436046183109283,1.2150145769119263,0.988525092601776,0.22143535315990448,0.0744134858250618,-0.1425480544567108
0.28969478607177734,0.1817278563976288,0.7337906956672668,0.9705975651741027,-0.01108764111995697,0.08576723933219908,0.22463595867156985,-0.7358987331390381,0.14563322067260742,0.14781665802001953,0.6419811248779297,-0.11461111158132552,-0.07527275383472441,0.20822498202323916,-0.2182151675224304,-0.23896551132202148,0.5182028412818909,-0.3306330144405365,0.13542790710926056,0.16412362456321716,-0.050735414028167725,0.0461873821914196,0.28730735182762146,0.4379781484603882,-0.4005107879638672,0.796978771686554,-0.07255630940198897,0.021989719942212105,0.09976565092802048,-0.25284817814826965,-0.282835066318512,1.1300151348114011,1.0701887607574463,0.19426454603672028,0.09494594484567642,-0.1637548804283142
0.3122601807117462,0.20677971839904785,0.7390576004981994,0.969078540802002,-0.00998503528535366,0.08013385534286499,0.23316456377506256,-0.6934813857078552,0.11760444194078444,0.14327268302440643,0.6703962683677673,-0.16467794775962827,-0.05813511461019516,0.13291944563388824,-0.26349592208862305,-0.2363088130950928,0.7659391760826112,-0.2257263660430908,0.07825101166963577,0.14641863107681274,-0.04524886235594749,0.04485636577010155,0.2985479533672333,0.4329401850700378,-0.41169512271881104,0.8030678629875182,-0.07435426861047743,0.01621899381279945,0.10321396589279173,-0.1434074193239212,-0.318080335855484,1.020094394683838,1.1169849634170532,0.17233996093273163,0.11052579432725906,-0.18460020422935483
0.33337485790252686,0.22963885962963104,0.7440202236175537,0.9681267738342285,-0.009577156044542788,0.07300426065921782,0.23939348757267,-0.6388060450553894,0.09482860565185545,0.13784614205360413,0.686916708946228,-0.21992072463035583,-0.04536600038409233,0.025434527546167374,-0.30257946252822876,-0.20135942101478577,1.0264397859573364,-0.08995790034532547,0.0004757287097163498,0.12820838391780853,-0.03923576697707176,0.04621490091085433,0.3065042793750763,0.4305303692817688,-0.4273779392242432,0.8101351261138915,-0.08425962179899214,0.011072517372667788,0.10093078017234802,-0.04193805158138275,-0.34871429204940796,0.9076365828514099,1.137619376182556,0.1572037786245346,0.126064732670784,-0.18835556507110596
0.35372379422187805,0.25045809149742126,0.7474355101585389,0.9677628874778749,-0.006113614886999129,0.06568929553031921,0.24306903779506683,-0.5752297639846802,0.07367315888404846,0.13665345311164856,0.692130982875824,-0.27011099457740784,-0.03738847374916077,-0.07656683027744293,-0.2745204269886017,-0.10609282553195952,1.2198213338851929,-0.041543103754520416,0.0442543774843216,0.10531824827194212,-0.04300608858466148,0.04748029634356499,0.3070760667324066,0.43146747350692743,-0.4451227188110352,0.8325936794281005,-0.09973619878292084,0.0036016805097460742,0.09490419179201126,0.04774529859423637,-0.3722453117370605,0.8178311586380003,1.1310882568359375,0.1452426165342331,0.13538894057273865,-0.18578635156154633
0.37436965107917786,0.27013048529624933,0.7516172528266906,0.9676042795181273,-0.001922687981277704,0.058968134224414825,0.24548116326332087,-0.5031701922416687,0.05414760485291481,0.1409304440021515,0.6741059422492981,-0.3062419891357422,-0.03277841955423355,-0.1682499200105667,-0.22875770926475525,-0.03089267387986183,1.366490364074707,-0.10227299481630324,0.10630743205547331,0.07771243900060652,-0.05245159566402435,0.04623833671212196,0.2955490052700043,0.4338770806789398,-0.46802654862403864,0.8759508728981018,-0.11926372349262236,-0.0038634245283901687,0.09156141430139539,0.12305100262165068,-0.3855212032794952,0.7547925114631652,1.1128894090652464,0.13637703657150269,0.13708841800689697,-0.18198475241661072
0.3950226306915283,0.2893136441707611,0.7566357254981994,0.9674368500709533,0.0027142334729433055,0.053569652140140527,0.2473638653755188,-0.42231014370918274,0.031979188323020935,0.147335946559906,0.6318657398223877,-0.32933396100997925,-0.030457964166998863,-0.272169291973114,-0.2337055653333664,-0.01272766012698412,1.4793469905853271,-0.1829005628824234,0.10554791986942293,0.046641822904348366,-0.06472848355770111,0.04472927004098892,0.27020815014839167,0.4340938329696655,-0.4963946044445038,0.9377877116203309,-0.13380219042301175,-0.004106196574866772,0.0901329293847084,0.17950125038623807,-0.3901269435882568,0.7065415382385254,1.0925490856170654,0.1234700009226799,0.13508948683738708,-0.1770353466272354
0.41567796468734736,0.3082519471645355,0.7616686820983887,0.9670616388320922,0.007644617464393377,0.048611368983983994,0.2497403621673584,-0.3341464102268219,0.007322795223444701,0.15153658390045166,0.5707600712776184,-0.3415836989879608,-0.028672773391008377,-0.38623011112213135,-0.2575411796569824,-0.018439345061779026,1.54206120967865,-0.2442673891782761,0.08232896029949187,0.011631852015852928,-0.07725648581981659,0.04521794617176056,0.23437058925628665,0.4318932592868805,-0.5277667045593262,1.0052857398986816,-0.1341460794210434,0.001907577272504568,0.08531248569488525,0.22016660869121552,-0.3870760202407837,0.6614401340484619,1.0705406665802,0.11316445469856262,0.13107776641845703,-0.17394039034843445
0.4364956319332122,0.32675641775131226,0.7656711935997009,0.966049313545227,0.014150239527225494,0.0442543774843216,0.2541457116603852,-0.24302035570144653,-0.02258382178843021,0.15090911090373993,0.4938543736934662,-0.34237849712371826,-0.024715760722756382,-0.4962010681629181,-0.2717488706111908,-0.029204271733760837,1.5407885313034055,-0.2793946862220764,0.0720309317111969,-0.026661718264222145,-0.0927390530705452,0.047667089849710464,0.19560655951499936,0.4292932152748108,-0.5590211749076843,1.0606567859649658,-0.12001218646764757,0.0100983502343297,0.07672175019979477,0.24799054861068723,-0.37669306993484497,0.6199485063552856,1.0458859205245972,0.10984688997268675,0.12399457395076752,-0.17264986038208008
0.45773002505302424,0.3446625769138336,0.7679055333137512,0.9642511010169984,0.021156758069992065,0.04111438617110252,0.26092493534088135,-0.15253371000289917,-0.05449923500418663,0.14261889457702637,0.4065955281257629,-0.33455342054367065,-0.021142566576600075,-0.5930248498916626,-0.26692941784858704,-0.040611304342746735,1.4749529361724851,-0.28883346915245056,0.07848399132490158,-0.06513776630163193,-0.10931121557950972,0.050110455602407455,0.15571512281894684,0.42883625626564026,-0.5850701332092285,1.0948991775512695,-0.09711144864559171,0.015246554277837276,0.06729504466056824,0.2673098146915436,-0.3592629134654999,0.5859658718109131,1.016881227493286,0.1147489696741104,0.11206287145614624,-0.17090053856372833
0.47974324226379395,0.3622041344642639,0.7673845887184142,0.9617615342140196,0.028109729290008545,0.039130698889493935,0.2696171104907989,-0.06593436747789383,-0.08468812704086302,0.1272927075624466,0.32124581933021545,-0.327410101890564,-0.01926315948367119,-0.6696458458900452,-0.23947505652904513,-0.04090367257595062,1.3474409580230713,-0.2777611315250397,0.10308181494474412,-0.10034010559320448,-0.1256834715604782,0.05149247497320175,0.1133747175335884,0.4319750964641571,-0.5988461375236511,1.1079550981521606,-0.07751444727182387,0.014441645704209805,0.062087278813123696,0.2826243638992309,-0.3361853361129761,0.5658383965492249,0.9849276542663574,0.11767290532588957,0.09621567279100418,-0.1690688580274582
0.5021451711654663,0.37914407253265375,0.7639521360397338,0.9586069583892822,0.03396520018577576,0.03787064552307129,0.2801515460014343,0.010695984587073326,-0.10858605802059172,0.10635803639888763,0.2552879750728607,-0.33224698901176447,-0.018064444884657856,-0.719758152961731,-0.1984001398086548,-0.027028530836105343,1.1643626689910889,-0.24926310777664185,0.13868838548660278,-0.13023626804351807,-0.1389843076467514,0.0513940043747425,0.06841260194778441,0.4371344447135925,-0.5967055559158325,1.1036170721054075,-0.07027321308851242,0.007969819009304047,0.06625524908304214,0.29533788561820984,-0.3118528723716736,0.5647420883178711,0.9549005031585692,0.11458720266819,0.08059965074062347,-0.16779179871082303
0.52442729473114,0.39539101719856257,0.7585415244102478,0.9547026753425598,0.03870767354965209,0.0371202789247036,0.2926885187625885,0.07395536452531815,-0.1251041144132614,0.08255428820848465,0.2178936004638672,-0.3528819978237152,-0.014374894089996815,-0.741217851638794,-0.1636623740196228,-0.006356676109135151,0.9388909339904784,-0.20040979981422424,0.1686186045408249,-0.15446043014526367,-0.1480613797903061,0.0498790480196476,0.020854376256465912,0.43980053067207336,-0.5795978903770447,1.0856978893280027,-0.07449353486299513,-0.002463334007188678,0.07854793220758438,0.30550411343574524,-0.2899320721626282,0.5827212929725647,0.9295641183853148,0.10083898156881332,0.06772344559431076,-0.16530711948871613
0.5471309423446655,0.41185903549194336,0.7514948248863219,0.9501743912696838,0.04370135813951492,0.03614479675889015,0.30651646852493286,0.12740914523601532,-0.13744407892227173,0.05757960304617882,0.2119398862123489,-0.38860547542572016,-0.004712495021522045,-0.7276533842086792,-0.15125435590744019,0.010526958853006361,0.672844409942627,-0.13397936522960663,0.18524821102619168,-0.17301397025585175,-0.15432193875312805,0.04836862534284592,-0.026872210204601288,0.4352924823760986,-0.5546965599060059,1.0591163635253906,-0.08827908337116241,-0.016283199191093445,0.09560981392860413,0.31196898221969604,-0.27041953802108765,0.6165139675140381,0.9073915481567383,0.07262201607227325,0.058036621659994125,-0.1597963273525238
0.5713842511177063,0.4299734234809875,0.7425774335861206,0.9455419778823853,0.0502079539000988,0.03356114774942398,0.3198487162590027,0.17707593739032745,-0.14721624553203583,0.03588084876537323,0.23359154164791107,-0.4315651655197144,0.007331009488552808,-0.6750866770744324,-0.1553233414888382,0.019922489300370216,0.37080633640289307,-0.06687376648187637,0.20479460060596463,-0.1857951581478119,-0.1587456911802292,0.04891684278845787,-0.06610853970050812,0.424637496471405,-0.5369242429733276,1.0310022830963135,-0.10521218180656432,-0.03264636546373367,0.112792007625103,0.3106569349765777,-0.25584980845451355,0.6587956547737122,0.888393461704254,0.04501014202833176,0.05516490712761879,-0.15698614716529846
0.5967644453048706,0.44871911406517034,0.7318646311759949,0.939649224281311,0.060472797602415085,0.030737306922674176,0.3353469669818878,0.22502122819423676,-0.1600014567375183,0.017917636781930923,0.2759220004081726,-0.46867796778678894,0.010445388033986092,-0.6105114817619324,-0.17883616685867307,0.014120830222964287,0.11710599064826964,-0.029359804466366768,0.23925019800662997,-0.2015407830476761,-0.16784363985061643,0.04692646861076354,-0.10258785635232924,0.41212666034698486,-0.5349600911140442,1.003018856048584,-0.11171584576368332,-0.04077974334359169,0.12352071702480316,0.29965919256210327,-0.24568447470664975,0.6921039819717407,0.8780153393745422,0.027456121519207954,0.0596671961247921,-0.16358667612075803
0.6228656768798828,0.46802869439125055,0.7219882011413574,0.9372175335884094,0.0604456402361393,0.03128337860107422,0.3420393168926239,0.2452653646469116,-0.1533634215593338,0.008218904957175255,0.35188382863998413,-0.5112204551696777,0.005451539531350136,-0.6269239783287048,-0.17348149418830872,0.00942252203822136,0.1085410788655281,-0.05936963111162186,0.24042078852653503,-0.20730091631412503,-0.155112624168396,0.04067092761397362,-0.1308376044034958,0.3980663418769837,-0.5416231751441956,0.9846381545066832,-0.10795725882053377,-0.05264768749475479,0.12727022171020508,0.27682092785835266,-0.23716449737548828,0.714331865310669,0.8863313198089598,0.029031727463006973,0.06518494337797165,-0.17423853278160095
0.6492210030555725,0.48699301481246954,0.7132828235626221,0.940380811691284,0.04544234648346901,0.03271247819066048,0.33548295497894287,0.2431544214487076,-0.12457924336194992,0.018048405647277832,0.45517390966415405,-0.5548317432403564,-0.004709593951702118,-0.61158549785614,-0.12535281479358673,-0.0196097269654274,0.10779233276844025,-0.014636142179369926,0.24090813100337985,-0.2006536424160004,-0.11157284677028656,0.033078864216804504,-0.14224649965763092,0.3905504941940308,-0.5575457811355591,0.9686500430107117,-0.10088361799716948,-0.055205073207616806,0.12834399938583374,0.23829063773155207,-0.23488871753215787,0.728081703186035,0.9048348665237426,0.034789472818374634,0.06989992409944534,-0.18909867107868197
0.6761330366134644,0.5071111917495728,0.7096660137176514,0.9453340768814088,0.008788860403001308,0.035428255796432495,0.3240543007850647,0.21083790063858032,-0.05649525672197342,0.018693838268518448,0.58555805683136,-0.5748437643051147,-0.019028179347515103,-0.6294967532157898,-0.0391380749642849,-0.0569613128900528,0.16033868491649628,0.1304326057434082,0.18338967859745023,-0.18966083228588104,-0.025261985138058662,0.021072685718536377,-0.14479179680347443,0.38384187221527094,-0.576574444770813,0.9640430212020874,-0.09330510348081587,-0.048399049788713455,0.12130742520093916,0.19389399886131287,-0.23767496645450592,0.7312379479408264,0.9281690716743469,0.045472219586372375,0.07372339069843292,-0.19344158470630643
0.7063059806823729,0.5295405387878418,0.7073692083358765,0.9468380808830259,-0.02022623084485531,0.02871457114815712,0.3197871446609497,0.19937509298324585,0.00197650445625186,-0.009919876232743263,0.7180441021919249,-0.5341295599937439,-0.03137824684381485,-0.6874023675918579,0.020205298438668248,-0.07853467762470245,0.36044126749038696,0.17042189836502075,0.11533048748970032,-0.18840418756008148,0.04839835315942764,0.02015424706041813,-0.1336694061756134,0.37642914056777954,-0.6012401580810547,0.9764648079872131,-0.09025630354881287,-0.04222932830452919,0.11710776388645172,0.1557864546775818,-0.24861887097358704,0.7325619459152221,0.9585229158401488,0.06568466126918793,0.0691414475440979,-0.20546448230743408
0.7375467419624328,0.5522875189781189,0.7072356939315796,0.9469622969627379,-0.034953661262989044,0.013663296587765217,0.31914559006690973,0.1911602318286896,0.02847987413406372,-0.04834842309355736,0.8705960512161255,-0.42527601122856146,-0.0456036701798439,-0.7001819610595703,0.04630747437477112,-0.10650187730789185,0.5467042326927185,0.05706221610307693,0.06338892877101898,-0.1880599558353424,0.0963962748646736,0.03242732211947441,-0.11693689972162245,0.36595875024795527,-0.6377074718475342,1.002768874168396,-0.0710841491818428,-0.03293225541710853,0.1016283482313156,0.11953064799308775,-0.264403760433197,0.7332941293716431,0.9869726300239563,0.08667493611574174,0.0710422620177269,-0.21763576567173004
0.7671276330947877,0.5742709636688232,0.7099360227584839,0.9454817175865171,-0.03884810209274292,-2.2938264010008425e-05,0.32334983348846436,0.1551513224840164,0.032374996691942215,-0.08271363377571107,1.0409808158874512,-0.2790153920650482,-0.07979236543178558,-0.6635043025016785,0.05159488692879677,-0.12581200897693634,0.6467673182487488,-0.0467836931347847,0.03870485723018646,-0.19092398881912231,0.1214527115225792,0.04752847924828529,-0.10117668658494948,0.3623170852661133,-0.6839615106582642,1.0274076461791992,-0.03262913227081299,-0.01895453780889511,0.07582888007164001,0.08816834539175034,-0.2782030403614044,0.73073410987854,1.010611653327942,0.10311897099018096,0.07649841904640196,-0.2363010197877884
0.7928009033203125,0.593597412109375,0.7141757607460022,0.9435972571372986,-0.039609428495168686,-0.008929263800382614,0.3285965621471405,0.08506538718938828,0.01868262328207493,-0.1148027405142784,1.2224748134613037,-0.15278007090091705,-0.12732736766338348,-0.6144317984580994,0.05097495764493942,-0.13792163133621216,0.6993087530136108,-0.1278003454208374,0.01811873540282249,-0.19109985232353208,0.13656143844127655,0.06223583966493607,-0.09747038036584854,0.3670259416103363,-0.7299047112464904,1.0452948808670044,0.006869300734251738,-0.007516476791352034,0.04762441292405128,0.05676432326436042,-0.2929687798023224,0.7294623255729675,1.0250787734985352,0.11617296934127808,0.08380148559808731,-0.258333683013916
0.8142278790473939,0.6106379628181458,0.7194597125053406,0.942514717578888,-0.04277190938591957,-0.0141504080966115,0.33111363649368286,0.002665608888491988,-0.026730574667453762,-0.165964737534523,1.37233829498291,-0.1374349296092987,-0.18456169962882996,-0.5630582571029663,0.058170203119516366,-0.1471756398677826,0.7117443680763245,-0.180275559425354,0.00734701007604599,-0.18452996015548703,0.15291456878185272,0.07462412863969801,-0.09698452800512314,0.37806478142738337,-0.763300359249115,1.0576555728912351,0.030800579115748405,-0.0028383196331560607,0.03498227894306183,0.019125593826174736,-0.3114939332008362,0.7331591844558717,1.0306675434112549,0.125537171959877,0.08884589374065398,-0.2833768129348755
0.8329333066940308,0.6262651681900024,0.7267040610313414,0.9428105354309082,-0.04687195643782616,-0.018742203712463375,0.3294845223426819,-0.08773116767406462,-0.06631266325712204,-0.2069888859987259,1.4689593315124512,-0.1926373243331909,-0.22188101708889008,-0.5028553605079651,0.07484767585992813,-0.14839802682399747,0.6917710304260254,-0.21221552789211276,0.00020609429338946936,-0.16868871450424194,0.16786418855190277,0.08653208613395691,-0.08874224871397017,0.3903751373291016,-0.7736365199089049,1.0699591636657715,0.030950371176004406,-0.001570486812852323,0.03958099707961082,-0.019093759357929226,-0.3334492146968841,0.7366848587989806,1.0207509994506836,0.1357823759317398,0.09356838464736937,-0.30807483196258545
0.8512827754020691,0.6416208744049072,0.7350528240203857,0.9444843530654908,-0.04939956218004227,-0.023854302242398265,0.32394441962242126,-0.18365493416786197,-0.050329796969890594,-0.2067959010601044,1.5077427625656128,-0.2547088861465454,-0.22975580394268036,-0.4316346943378448,0.09679855406284332,-0.13744524121284485,0.6462583541870117,-0.23047231137752527,-0.003320242976769805,-0.14595642685890195,0.1760944128036499,0.09783636033535005,-0.07322727143764496,0.4020943343639374,-0.7638984322547911,1.080055832862854,0.013969774357974528,-0.0008430125308223069,0.05059466511011124,-0.05061723291873932,-0.3535338342189789,0.7363240122795106,0.9985014796257021,0.14915689826011655,0.09719174355268478,-0.32674977183341974
0.8703241348266602,0.6573110222816467,0.7435455322265626,0.9471323490142822,-0.05169396102428436,-0.029353840276598927,0.3152877390384674,-0.27390125393867487,0.008588287979364395,-0.1870398372411728,1.490895628929138,-0.30794164538383484,-0.2262273132801056,-0.35221680998802185,0.12346652895212172,-0.1159943863749504,0.577654242515564,-0.2352828532457352,-0.0047142100520432,-0.11898120492696762,0.1807706952095032,0.10685880482196808,-0.053863801062107086,0.41477420926094055,-0.7448204159736633,1.082321047782898,-0.011469511315226553,-0.0020577155519276857,0.06107751280069351,-0.07871794700622559,-0.36958888173103327,0.7394478917121886,0.9719257354736328,0.16110798716545105,0.0975007191300392,-0.3368465006351471
0.8895143866539001,0.6731046438217163,0.7512807846069336,0.9503201842308044,-0.05421429872512817,-0.03488048538565636,0.3045252859592438,-0.3501266539096832,0.06973150372505188,-0.18152329325675964,1.4271916151046753,-0.34100160002708435,-0.22800686955451965,-0.26799094676971436,0.15015429258346555,-0.08715842664241791,0.49381980299949646,-0.2304929196834564,-0.004415747243911028,-0.09022972732782365,0.1834870278835297,0.11337493360042572,-0.031535860151052475,0.42915481328964233,-0.7239996194839476,1.077409744262695,-0.039431240409612656,-0.004250362049788237,0.07095440477132797,-0.10790705680847168,-0.38242372870445246,0.751114249229431,0.9424203634262085,0.1604992002248764,0.09633188694715501,-0.3373750150203705
0.9080061912536621,0.6883088946342468,0.7571474313735963,0.9538834691047667,-0.057864364236593246,-0.04011744260787964,0.2918023765087128,-0.4122743308544159,0.12686888873577115,-0.1950683891773224,1.3346797227859497,-0.3497213721275329,-0.23878732323646543,-0.18328401446342468,0.1753588616847992,-0.05424199998378754,0.40437290072441107,-0.2204766422510147,-0.003352297469973564,-0.061122678220272064,0.18667763471603396,0.1175173744559288,-0.007638463750481605,0.4436413943767548,-0.7060871720314026,1.0691306591033936,-0.06664120405912399,-0.005414164159446955,0.07912053167819978,-0.13847075402736664,-0.3944165110588074,0.7741949558258056,0.9092497229576112,0.1458968222141266,0.09419833868741988,-0.33064162731170654
0.9255356788635253,0.7029581665992737,0.7604402303695679,0.9576647877693176,-0.06263578683137894,-0.04409044235944748,0.2775085270404816,-0.4653457999229431,0.19114907085895536,-0.21122202277183527,1.226130485534668,-0.3396764397621155,-0.25089243054389954,-0.10773598402738573,0.19678576290607447,-0.01954147405922413,0.32561179995536804,-0.21277329325675964,-0.0022952237632125616,-0.03358671814203262,0.19072283804416656,0.11898405849933624,0.016884177923202515,0.4563537240028381,-0.6931705474853516,1.0604344606399536,-0.08747616410255432,-0.0050910296849906445,0.0843467190861702,-0.1708277016878128,-0.4065902829170227,0.8059040904045106,0.8734920024871825,0.12303689122200012,0.09120281785726547,-0.320568710565567
0.9421930313110352,0.7178704142570496,0.7613568305969238,0.9615197181701661,-0.06738880276679993,-0.046231694519519806,0.26229977607727045,-0.5121598839759827,0.26443785429000854,-0.21728515625,1.10400390625,-0.3166280388832092,-0.2573379874229431,-0.04929141700267792,0.21161013841629028,0.014911605976521969,0.27311655879020685,-0.21607437729835513,-0.0010762923629954455,-0.01040674839168787,0.19353879988193512,0.11844781786203384,0.041629157960414886,0.4658910036087036,-0.6867155432701111,1.053754448890686,-0.09884992986917496,-0.0032615256495773792,0.08628090471029282,-0.20530456304550168,-0.4175085723400116,0.8397254943847656,0.8376145362854005,0.09648067504167555,0.08808942139148712,-0.30989745259284973
0.9583542346954343,0.7337751388549805,0.7608942985534669,0.9653304219245911,-0.07042627781629561,-0.045647840946912766,0.2471711337566376,-0.5500717759132385,0.339541494846344,-0.2058621048927307,0.9627099037170409,-0.2804076075553894,-0.25349557399749756,-0.009705350734293459,0.21637630462646484,0.047556519508361816,0.2519354820251465,-0.2332541048526764,0.0010563464602455497,0.006570997182279825,0.1911979615688324,0.11590123921632765,0.06488922238349915,0.4709307849407196,-0.6861218810081482,1.0516397953033447,-0.099884994328022,-0.0008701209444552661,0.08517374098300934,-0.2376064509153366,-0.42402347922325134,0.8680191040039062,0.8049291372299193,0.0697520449757576,0.08738197386264801,-0.3014388382434845
0.9735594391822816,0.7503613829612733,0.7598159313201904,0.9690546989440917,-0.07114925980567932,-0.04208363220095634,0.23259352147579196,-0.5694156885147095,0.401236355304718,-0.18824034929275513,0.7894863486289978,-0.22955313324928284,-0.2443382740020752,0.015036987140774725,0.21071508526802063,0.08005359768867491,0.256970077753067,-0.2629106640815735,0.004735933151096106,0.017063112929463387,0.18201662600040436,0.11099961400032043,0.08534596115350723,0.4714013040065765,-0.6919531226158142,1.0558670759201048,-0.091379813849926,0.0025776990223675966,0.08167061209678651,-0.26294952630996704,-0.423870861530304,0.888412594795227,0.777817964553833,0.04276358708739281,0.08999884873628616,-0.29557645320892334
0.9884589314460753,0.7682321667671204,0.7580525875091552,0.9727059602737426,-0.06996232271194458,-0.0364089272916317,0.21822647750377652,-0.5609891414642334,0.44260373711586,-0.17906098067760468,0.5815902948379517,-0.17563162744045255,-0.2361150681972504,0.02801821194589138,0.19692063331604004,0.11538175493478776,0.2833505868911743,-0.30325520038604736,0.009565226733684542,0.02239987999200821,0.1677219718694687,0.10369745641946793,0.10385679453611373,0.46614179015159607,-0.7037882208824158,1.064544677734375,-0.07648267596960068,0.007220810279250146,0.07774393260478973,-0.27830782532691956,-0.416492372751236,0.9014741778373718,0.7564896941184996,0.016146503388881683,0.0947846993803978,-0.29134178161621094
1.0037499666213987,0.7881968021392822,0.7551471590995789,0.9763485193252563,-0.06880395114421844,-0.03085562027990818,0.20262639224529264,-0.5220869183540344,0.4722738564014434,-0.17280881106853485,0.35221341252326965,-0.13077951967716217,-0.2314498275518417,0.03397728502750397,0.18139672279357913,0.15355373919010162,0.32101762294769287,-0.3487241566181183,0.015255427919328213,0.02581726014614105,0.1547587811946869,0.09314963966608047,0.12362496554851532,0.4537441730499268,-0.7178189754486084,1.0740730762481687,-0.057406924664974206,0.012984054163098335,0.07535607367753983,-0.28265494108200073,-0.4034211933612824,0.9075586199760435,0.737637460231781,-0.007807212416082621,0.09974855929613112,-0.28669893741607666
1.0185388326644895,0.8094509840011597,0.7508897185325623,0.9801466464996336,-0.07039570063352585,-0.028213929384946823,0.18319673836231232,-0.4683273732662201,0.500502347946167,-0.1504790484905243,0.16734875738620758,-0.10816053301095963,-0.2313695996999741,0.042420107871294015,0.17154498398303983,0.19440528750419617,0.3548305034637451,-0.3888734579086304,0.021677635610103607,0.02964195422828197,0.15124958753585815,0.08137115091085435,0.1469422876834869,0.4353479146957397,-0.7264392971992493,1.0823919773101807,-0.04059756547212601,0.01860827207565308,0.07595445215702058,-0.2749674618244171,-0.3894046247005463,0.9057424068450928,0.7148408889770508,-0.027816904708743092,0.1027415245771408,-0.2801389992237091
1.0314983129501343,0.831064462661743,0.7461071610450744,0.983863353729248,-0.07040916383266449,-0.026048475876450535,0.1624099463224411,-0.4328940510749817,0.5114432573318481,-0.11269589513540268,0.11215916275978088,-0.11059532314538956,-0.2374287396669388,0.05012098699808121,0.1548808515071869,0.23563818633556363,0.3958283662796021,-0.431746631860733,0.031130986288189888,0.029032098129391674,0.14699852466583252,0.06940259039402008,0.16908858716487885,0.4110445976257324,-0.7286912202835083,1.0927696228027344,-0.027042508125305172,0.01778806559741497,0.08061540871858595,-0.25496596097946167,-0.37464362382888794,0.8905518651008606,0.6857346892356873,-0.038932520896196365,0.0995897427201271,-0.2781779170036316
1.0430471897125244,0.8526743054389954,0.742397129535675,0.9869830012321472,-0.05851972103118896,-0.018955923616886135,0.14859570562839508,-0.4267393052577973,0.4688381552696228,-0.08913958072662354,0.16219764947891235,-0.06293359398841858,-0.23891922831535337,0.04210295155644417,0.10732728242874144,0.2650967836380005,0.4529711902141571,-0.4859079718589783,0.048621948808431625,0.019859038293361664,0.11648815125226974,0.05573953688144684,0.17853452265262604,0.3860561847686768,-0.7346485257148743,1.1041018962860107,-0.011622561141848564,0.011955699883401392,0.08194401115179062,-0.21808335185050964,-0.3573727011680603,0.8532158732414244,0.6596781015396118,-0.04423446580767632,0.09491115808486937,-0.28446656465530396
1.0543781518936155,0.8750851154327391,0.738530993461609,0.9897053241729736,-0.041345253586769104,-0.011073918081820011,0.13656975328922272,-0.4511582553386688,0.40089714527130127,-0.09208156913518904,0.2636879682540893,0.06528304517269135,-0.26351270079612726,0.0282309353351593,0.04336698353290558,0.2932299673557281,0.5118111371994019,-0.5349125266075134,0.06560475379228592,0.010865830816328524,0.07675196975469589,0.04284205660223961,0.1803387552499771,0.3679654002189636,-0.7481988072395325,1.097192883491516,0.013623408041894436,0.010966836474835873,0.08132661879062653,-0.17228609323501587,-0.34273913502693176,0.8061072230339049,0.6395425200462341,-0.03666805103421211,0.08772166073322296,-0.2931078970432281
1.0655217170715332,0.8990142941474913,0.7347679138183594,0.9917524456977843,-0.028274606913328167,-0.01014166884124279,0.12459859997034071,-0.47220158576965326,0.3569209575653076,-0.08717545866966246,0.39413002133369446,0.05374811589717865,-0.27051398158073425,0.02782903611660004,-0.009453166276216507,0.3132696747779846,0.5688090920448303,-0.5641114115715027,0.08241765946149826,0.003379865549504757,0.051560740917921066,0.04181506112217903,0.1716361790895462,0.3593525290489197,-0.7685070037841795,1.0900832414627075,0.039887815713882446,0.009055741131305695,0.08119852840900421,-0.12007465213537216,-0.32588621973991394,0.7683867216110228,0.6500470638275145,-0.008773453533649443,0.08704774081707,-0.2950201630592346
1.07660174369812,0.9220048785209656,0.7338449954986572,0.9929265975952147,-0.013842785730957983,-0.009450604207813742,0.11754089593887328,-0.49230521917343134,0.3130914568901062,-0.06274104863405228,0.5224506258964539,-0.012485255487263203,-0.2604148089885712,0.02068760246038437,-0.06492795050144196,0.32352814078330994,0.6297191977500916,-0.5626561641693115,0.10106439143419264,-0.004942009225487709,0.025504244491457936,0.046476755291223526,0.14606089890003204,0.35946550965309143,-0.7927628159523009,1.079823613166809,0.07118161767721176,0.007838703691959381,0.07444505393505096,-0.06316854804754257,-0.30577367544174194,0.7297293543815613,0.7069810628890991,0.032662373036146164,0.08264494687318803,-0.3031856417655945
1.0873271226882935,0.943977952003479,0.736253023147583,0.99385005235672,-0.0027287874836474657,-0.010018443688750269,0.11024677753448486,-0.47911873459815973,0.2800836265087128,-0.027679376304149628,0.5824814438819885,-0.06096741184592247,-0.25416290760040283,0.005946570541709661,-0.10565757006406784,0.3403496742248535,0.7056446671485901,-0.5244898796081543,0.11496485024690628,-0.012369853444397448,0.008239466696977614,0.0525636188685894,0.11769963800907136,0.36460319161415106,-0.8010882139205933,1.0673649311065672,0.0922219902276993,0.008507673628628254,0.06569992005825043,-0.017339706420898438,-0.2824397385120392,0.7092632055282593,0.8178511857986449,0.07478047907352446,0.08718261867761613,-0.28999873995780945
1.096561312675476,0.9639977216720579,0.7407459020614624,0.9947237968444824,0.005983060691505671,-0.009430368430912495,0.1019795313477516,-0.4457058012485504,0.2508642375469208,0.00949589628726244,0.5943353176116943,-0.09678508341312408,-0.24876537919044492,-0.03239165619015694,-0.13404248654842377,0.3572871685028076,0.813511848449707,-0.4529061615467072,0.12388020008802413,-0.019199633970856663,-0.005785699002444744,0.057800356298685074,0.08901706337928773,0.3732942342758178,-0.7838876247406006,1.053015112876892,0.09306182712316512,0.00497929472476244,0.06752119958400726,0.009699832648038864,-0.2628510594367981,0.7022508382797241,0.9617090225219727,0.09241416305303571,0.10742967575788497,-0.2477101683616638
1.1039721965789795,0.9815282225608823,0.7455753684043884,0.9953658580780029,0.012432808987796307,-0.006573263555765152,0.09512623399496078,-0.41221153736114496,0.2213615775108337,0.039730705320835114,0.5799570083618164,-0.12448244541883469,-0.24242262542247767,-0.1042199358344078,-0.1585172414779663,0.34916773438453674,0.9545080065727232,-0.37020468711853033,0.12726785242557523,-0.027863601222634315,-0.021706918254494667,0.06195468083024025,0.05214782431721687,0.3874404430389404,-0.74663108587265,1.0351464748382568,0.06004134938120841,-0.008411606773734093,0.08374233543872833,0.02790517546236515,-0.25053539872169495,0.6952608823776245,1.089985966682434,0.059177730232477195,0.13974930346012115,-0.19263529777526853
1.1109319925308228,0.9964816570281982,0.7496300935745238,0.9957732558250428,0.012010964564979076,-0.0045979898422956475,0.09094076603651047,-0.39069318771362305,0.20702674984931943,0.05596235394477844,0.5754152536392212,-0.15170583128929138,-0.23668965697288516,-0.19164396822452545,-0.1890878528356552,0.28877428174018854,1.103944182395935,-0.30986517667770386,0.10371982306241988,-0.042534139007329934,-0.032021913677453995,0.06742353737354279,0.012951382435858248,0.4140113890171051,-0.709330141544342,1.0146409273147583,0.009059294126927853,-0.02699689008295536,0.10753793269395828,0.04868638515472412,-0.2504670321941376,0.6822614669799805,1.1658860445022583,0.0030217550229281187,0.17152759432792664,-0.14110031723976135
1.1184802055358887,1.0096831321716309,0.7522988319396973,0.9960019588470459,0.007368776947259904,-0.005299099255353212,0.0888691246509552,-0.3757558166980744,0.20529966056346893,0.06209161505103111,0.5899471044540405,-0.18405282497406003,-0.22907711565494537,-0.2673371732234955,-0.2345271110534668,0.19775475561618805,1.241198182106018,-0.30044740438461304,0.05406944081187248,-0.06404952704906464,-0.0408240333199501,0.07469894737005234,-0.022364765405654907,0.45474067330360407,-0.6845758557319641,0.9975849390029907,-0.04577139019966125,-0.043143652379512794,0.1274041086435318,0.07964586466550827,-0.26188623905181885,0.6568172574043274,1.179632306098938,-0.033962514251470566,0.18047355115413663,-0.12326906621456146
1.1269857883453367,1.021450400352478,0.7551706433296204,0.9960521459579469,0.002653374802321196,-0.006027084309607744,0.0885256603360176,-0.3616482615470886,0.20352675020694727,0.06462560594081879,0.6005954742431641,-0.2065110802650452,-0.21791180968284607,-0.3227279484272003,-0.2642723023891449,0.12321731448173522,1.3423501253128052,-0.3099609911441803,0.017199240624904633,-0.09130466729402542,-0.052820667624473565,0.07967323064804077,-0.054103776812553406,0.5037593841552734,-0.6745845675468445,0.9952277541160583,-0.0940174087882042,-0.05276769772171974,0.1440191864967346,0.11671850085258484,-0.2790504097938537,0.6138293743133545,1.1526942253112793,-0.0375528447329998,0.16222733259201047,-0.14584150910377502
1.1364021301269531,1.0317907333374023,0.759339153766632,0.9961224198341369,-0.0030615529976785183,-0.0060516768135130405,0.0877161994576454,-0.3416112959384918,0.20398603379726407,0.0669798031449318,0.5971750020980834,-0.21965114772319796,-0.20722621679306033,-0.36232528090476984,-0.2578587830066681,0.07090100646018982,1.388174295425415,-0.3118031919002533,0.0052527389489114285,-0.11898589134216309,-0.06118988245725632,0.07886961102485655,-0.07931787520647049,0.5500069856643677,-0.6733452081680298,1.0131107568740845,-0.12396567314863204,-0.05262272059917449,0.16013875603675842,0.1526736617088318,-0.29376015067100525,0.55608731508255,1.1132668256759644,-0.008880943059921265,0.13361960649490356,-0.1912639141082764
1.1459616422653198,1.040687918663025,0.7637858986854553,0.9963127970695496,-0.008116007782518862,-0.00531763955950737,0.08524432033300398,-0.31703048944473267,0.2036886960268021,0.07172495871782303,0.5846386551856995,-0.22860622406005857,-0.1942487359046936,-0.3912574350833893,-0.22863528132438657,0.029145248234272003,1.3711419105529783,-0.3081185221672058,0.027303129434585568,-0.14472050964832303,-0.06811796128749847,0.07470295578241347,-0.09457352012395857,0.590321958065033,-0.6713322401046753,1.042033076286316,-0.14062704145908356,-0.047131769359111786,0.1785365045070648,0.18212667107582087,-0.3030821681022644,0.4955817759037018,1.0773013830184937,0.04301325604319573,0.104205422103405,-0.2404252737760544
1.1550848484039307,1.0487620830535889,0.7672684192657471,0.9966045618057251,-0.010948257520794868,-0.0033071315847337246,0.0815393030643463,-0.2948840260505676,0.19918192923069,0.0780300498008728,0.5701397061347961,-0.23596303164958957,-0.1795118153095245,-0.4104378223419189,-0.18745526671409607,-0.0007421273621730505,1.2898869514465332,-0.30501759052276606,0.07958942651748657,-0.16480500996112823,-0.07566464692354202,0.06967396289110184,-0.1008395180106163,0.6225141882896423,-0.6609645485877991,1.070326805114746,-0.14734522998332977,-0.04115577414631844,0.1949864774942398,0.2042000442743301,-0.3077934682369232,0.44214946031570435,1.0472446680068968,0.10211700946092604,0.07734572142362593,-0.2771753668785095
1.1638834476470947,1.056273341178894,0.7695038318634033,0.9969364404678344,-0.011445474810898304,-0.000767066259868443,0.0773700103163719,-0.275530606508255,0.19059693813323972,0.08607834577560426,0.5557764768600464,-0.24319832026958463,-0.1658874750137329,-0.4113950431346893,-0.14262470602989197,-0.011793429963290691,1.150244116783142,-0.29666393995285034,0.14279781281948087,-0.1766040027141571,-0.0829829126596451,0.06578286737203598,-0.10308757424354552,0.6432046294212341,-0.644095242023468,1.0897358655929563,-0.1496296226978302,-0.03843259811401367,0.2071601152420044,0.218108668923378,-0.30860045552253723,0.40699365735054016,1.0277893543243408,0.15141442418098447,0.05654675513505936,-0.29401737451553345
1.172682285308838,1.0633866786956787,0.7707840204238892,0.9972161054611206,-0.009538815356791021,0.0009683663374744356,0.07394665479660034,-0.2555024325847626,0.1773630529642105,0.09652810543775558,0.5415481925010681,-0.2516332268714905,-0.1526873409748077,-0.3905500471591949,-0.1056513711810112,-0.0011205400805920362,0.9770808219909669,-0.2847987115383148,0.1964174211025238,-0.18021719157695767,-0.09020303934812544,0.0637252926826477,-0.10647798329591752,0.6504805684089661,-0.6275457143783569,1.0971622467041016,-0.1526673287153244,-0.03985270485281944,0.21488264203071597,0.22591768205165863,-0.30635908246040344,0.3942485749721527,1.0203845500946045,0.17900317907333374,0.046142157167196274,-0.2921745181083679
1.1814630031585691,1.0706582069396973,0.7708935737609862,0.9973750710487364,-0.005009411368519068,0.0013067175168544054,0.07222303748130798,-0.23495124280452728,0.15801599621772766,0.10567257553339005,0.5309062600135803,-0.2617570161819458,-0.13891896605491638,-0.3567328155040741,-0.09552736580371857,0.008234986104071139,0.8204998373985289,-0.27760177850723267,0.21342651546001437,-0.17813818156719208,-0.09827524423599245,0.06348709762096405,-0.1105526015162468,0.6462740302085876,-0.6152558326721193,1.0929669141769407,-0.1558886021375656,-0.04417953640222549,0.21848423779010767,0.2294582277536392,-0.30082595348358154,0.3991386890411377,1.022641897201538,0.1844469904899597,0.043697219341993325,-0.2778040170669556
1.1895649433135986,1.077724814414978,0.7700548768043518,0.9973621368408205,0.0014104603324085474,0.0008462700643576682,0.07256840914487839,-0.21779410541057584,0.13391277194023132,0.1117500066757202,0.527615487575531,-0.2748344838619232,-0.12555044889450073,-0.3214389979839325,-0.1136232167482376,-0.004983683582395315,0.7189407348632812,-0.29036468267440796,0.1856439709663391,-0.17028363049030304,-0.10623854398727416,0.06429916620254517,-0.11686818301677704,0.6318617463111876,-0.6113125085830688,1.0795496702194212,-0.15880851447582245,-0.052134260535240166,0.2176725268363953,0.2322310358285904,-0.290318101644516,0.41467174887657166,1.0324612855911255,0.17153432965278623,0.04683856666088104,-0.2581941485404968
1.1970196962356567,1.0836864709854124,0.7697294354438781,0.9972597956657407,0.007471235468983649,0.0005139741697348654,0.07359930127859116,-0.20224609971046448,0.11198898404836655,0.11678560823202132,0.522883415222168,-0.2840138375759125,-0.11660248786211012,-0.28320425748825073,-0.1408943235874176,-0.032585527747869485,0.6601986885070801,-0.3038698136806488,0.1468999832868576,-0.15501113235950467,-0.1093301922082901,0.0651061087846756,-0.12350958585739136,0.6070268154144287,-0.6099461317062378,1.067217707633972,-0.16209523379802704,-0.06111829727888107,0.21493107080459595,0.23142470419406888,-0.27590838074684143,0.4414108991622925,1.0497398376464844,0.15552347898483276,0.050234727561473846,-0.23776818811893463
1.2040767669677734,1.0886342525482176,0.7700768113136292,0.9971128702163696,0.012965896166861056,0.0003850124194286764,0.07481740415096283,-0.1854543089866638,0.09190072864294051,0.12172160297632216,0.5126177668571472,-0.2867076098918915,-0.11002825200557707,-0.23567497730255127,-0.163758248090744,-0.0575513131916523,0.6010724306106567,-0.32765913009643555,0.13048815727233887,-0.13524483144283295,-0.10745517909526824,0.06531986594200134,-0.12832871079444885,0.5720576643943787,-0.6165670156478882,1.0582990646362305,-0.16347523033618927,-0.06451607495546341,0.20952776074409485,0.2191031277179718,-0.26381468772888184,0.48420101404190063,1.070362567901611,0.13227027654647827,0.0619405210018158,-0.21841849386692047
1.210179328918457,1.09256112575531,0.7709421515464783,0.9970911145210266,0.015260557644069195,0.0006451517692767084,0.07467323541641235,-0.16701765358448029,0.08051871508359909,0.12661506235599515,0.49740925431251526,-0.29003551602363586,-0.10285928845405579,-0.19176144897937772,-0.1708180010318756,-0.0636644959449768,0.5389606952667236,-0.3375080227851868,0.12928004562854767,-0.11374080926179884,-0.09637842327356337,0.06369428336620331,-0.12514443695545197,0.5292736887931824,-0.6242058873176575,1.0588390827178955,-0.16713133454322815,-0.06619454175233841,0.2049775868654251,0.2007756382226944,-0.2553612291812897,0.5331678986549377,1.0853667259216309,0.09513261914253235,0.07545427232980728,-0.20206567645072937
1.2154629230499268,1.0958698987960815,0.7722994089126587,0.9972543120384216,0.01449886430054903,0.001163956942036748,0.07261055707931519,-0.1486329287290573,0.07846351712942123,0.132446750998497,0.48007506132125854,-0.2910560667514801,-0.09770378470420835,-0.16760939359664917,-0.16874466836452484,-0.05870571359992027,0.5033479928970337,-0.33094874024391174,0.13131932914257047,-0.09326536953449248,-0.07730741798877715,0.06291460245847702,-0.11625101417303084,0.4820800721645355,-0.6220445036888123,1.0609004497528076,-0.16703921556472778,-0.0674794539809227,0.1975842118263245,0.17028237879276276,-0.2532767951488495,0.584174871444702,1.0918346643447876,0.05095737427473068,0.08645883947610854,-0.19064125418663025
1.2201306819915771,1.0984288454055786,0.7739132642745972,0.9972902536392213,0.016263850033283234,0.0005647923680953681,0.07174421101808548,-0.12285874038934708,0.06982538104057312,0.13708506524562836,0.44967973232269287,-0.28360241651535034,-0.09292963147163393,-0.1452198177576065,-0.1732991188764572,-0.056290291249752045,0.4774666428565979,-0.3261416256427765,0.1389155387878418,-0.07722305506467819,-0.0644991397857666,0.06294526904821396,-0.09788791090250017,0.4348641633987426,-0.6215827465057373,1.0660133361816406,-0.16198283433914185,-0.07213222980499268,0.1900855451822281,0.13688066601753235,-0.25530746579170227,0.6264551281929016,1.0858145952224731,0.019809883087873455,0.09063727408647536,-0.1885125041007996
1.224555730819702,1.1002297401428223,0.7752891778945923,0.9972330331802368,0.019689569249749184,-0.000948545173741877,0.07167773693799973,-0.0947699323296547,0.057730570435523994,0.14078420400619507,0.41501715779304493,-0.27226564288139343,-0.09106985479593278,-0.12342932075262068,-0.18269148468971247,-0.05709068104624748,0.4577627778053284,-0.3253688216209412,0.14727772772312164,-0.06437419354915619,-0.05730175971984863,0.06475972384214401,-0.07645419985055923,0.39413562417030334,-0.6311985850334167,1.0696334838867188,-0.15340952575206757,-0.07624079287052153,0.17817741632461548,0.10504889488220213,-0.2601425051689148,0.655809223651886,1.0706052780151367,0.010025140829384325,0.08701451867818832,-0.195950448513031
1.2285236120224,1.1015275716781616,0.776168406009674,0.9971925616264344,0.022777454927563667,-0.003111832309514284,0.07126399129629135,-0.06957325339317322,0.04764498397707939,0.14407990872859955,0.38662156462669367,-0.26231440901756287,-0.09095845371484755,-0.10388585180044174,-0.19119560718536377,-0.05759848281741142,0.44290912151336664,-0.32594215869903564,0.1533021181821823,-0.05266084522008896,-0.05044755712151528,0.0684102475643158,-0.0556785725057125,0.36192065477371216,-0.65056312084198,1.0732614994049072,-0.1439865231513977,-0.0759604424238205,0.1624484360218048,0.0750126540660858,-0.2691331207752228,0.6712467074394226,1.050899028778076,0.012061775662004948,0.07975314557552338,-0.20985047519207
1.2320611476898191,1.1022475957870483,0.7765378355979918,0.9972085952758787,0.024593137204647064,-0.005690164864063263,0.07026983797550201,-0.04776807129383087,0.04168761894106865,0.1471508741378784,0.3664860725402832,-0.2565983533859253,-0.09082233905792236,-0.08507771790027617,-0.19580969214439392,-0.05684322863817215,0.42864379286766047,-0.32653588056564326,0.15662284195423126,-0.0416346974670887,-0.041908401995897286,0.07263723760843278,-0.036047566682100296,0.3359047472476959,-0.6754999756813049,1.0801167488098145,-0.13538388907909393,-0.07141067087650299,0.14504466950893402,0.04592098668217658,-0.2820800244808197,0.676279842853546,1.0309306383132935,0.02081542834639549,0.07267902046442032,-0.2281988710165024
1.2351577281951904,1.1026066541671753,0.7765660285949707,0.9972598552703856,0.024828458204865452,-0.008052299730479717,0.06922061741352081,-0.03199020400643349,0.0403410941362381,0.14901494979858398,0.3561115264892578,-0.2557864785194397,-0.09006261080503462,-0.06846687942743301,-0.19613939523696897,-0.056430503726005554,0.4149022400379181,-0.32648274302482605,0.15733911097049713,-0.032227322459220886,-0.032318200916051865,0.0760444775223732,-0.019099989905953407,0.31523853540420527,-0.7012941837310791,1.0924537181854248,-0.129001185297966,-0.06500401347875595,0.12853094935417175,0.019046761095523838,-0.2962900698184967,0.6749303936958313,1.0124220848083496,0.03193831816315651,0.06740612536668777,-0.24696162343025208
1.2377686500549316,1.1026537418365479,0.7764174938201904,0.9972961544990541,0.024138350039720532,-0.010022119618952274,0.06868288666009903,-0.02134423516690731,0.04164260998368263,0.14914546906948087,0.35186469554901123,-0.25818875432014465,-0.0894664078950882,-0.05427478626370429,-0.1941750645637512,-0.05680425465106964,0.402445763349533,-0.326145738363266,0.15699060261249542,-0.02514148876070976,-0.02363227680325508,0.07855401933193207,-0.005548311397433281,0.2992827594280243,-0.7260746359825134,1.1098110675811768,-0.12544141709804535,-0.05828441306948662,0.1132788136601448,-0.004807888530194759,-0.3101795017719269,0.6715757250785828,0.9943898916244506,0.04127209261059761,0.06372882425785065,-0.26279109716415405
1.2398277521133423,1.1024867296218872,0.7762048840522766,0.9973137378692627,0.02307295799255371,-0.01160883530974388,0.06854277104139328,-0.014189599081873892,0.04417584836483002,0.14813983440399167,0.3510221242904663,-0.26195043325424194,-0.08892994374036789,-0.042613811790943146,-0.19118764996528623,-0.05755683034658432,0.3919830918312073,-0.3254927694797516,0.1565064638853073,-0.0201700571924448,-0.016823096200823784,0.08066318929195405,0.004323035478591919,0.28779464960098267,-0.7488913536071777,1.1301352977752683,-0.12440092116594315,-0.052374843508005135,0.09933348000049592,-0.025328030809760094,-0.32275208830833435,0.6694303154945374,0.9760986566543581,0.04683402180671692,0.06105092167854309,-0.27403524518013
1.241599202156067,1.1022979021072388,0.7760425209999084,0.9973152875900269,0.022115470841526985,-0.012645532377064228,0.06865350902080536,-0.009330793283879759,0.04668099433183671,0.14694052934646606,0.35052844882011414,-0.2649771571159363,-0.08882136642932893,-0.0336054265499115,-0.1882149875164032,-0.05842955410480499,0.38344472646713257,-0.3246937096118927,0.15624941885471344,-0.016828050836920738,-0.012367166578769684,0.0824580118060112,0.010456983000040054,0.28067129850387573,-0.7686045169830321,1.1499913930892944,-0.12411270290613174,-0.047319233417510986,0.0866182968020439,-0.042107075452804565,-0.3326653838157654,0.6689539551734924,0.9588393568992615,0.049131914973258965,0.05930791795253754,-0.28079894185066223
1.2429900169372559,1.1019892692565916,0.7759599089622498,0.9973351955413817,0.02114510536193848,-0.013129453174769878,0.06857803463935852,-0.00600110087543726,0.04958252981305122,0.14636532962322235,0.3494580388069153,-0.2669541835784912,-0.08938972651958466,-0.027285201475024223,-0.18484137952327728,-0.05878673866391182,0.3764234185218811,-0.3233049213886261,0.15587849915027618,-0.014252941124141216,-0.009062232449650764,0.0840354859828949,0.01372396107763052,0.277663916349411,-0.7842451930046082,1.1661900281906128,-0.12400488555431365,-0.043152306228876114,0.07560719549655913,-0.055459216237068176,-0.3395417034626007,0.6706286668777466,0.9440509676933287,0.04964211955666542,0.05857042223215103,-0.28360781073570246
1.2439912557601929,1.1015105247497559,0.7760527729988098,0.997377634048462,0.0202138926833868,-0.013046125881373882,0.06825784593820572,-0.004050241783261299,0.05258584767580032,0.14632125198841095,0.3470445573329925,-0.26694294810295105,-0.09053206443786621,-0.023246102035045624,-0.18130110204219815,-0.058688737452030175,0.3700726926326752,-0.32093220949172974,0.15541547536849976,-0.01211512554436922,-0.00638895807787776,0.08509644865989685,0.014705867506563663,0.2782469093799591,-0.7939713597297667,1.1764554977416992,-0.12470879405736925,-0.03990861773490906,0.06761117279529572,-0.06506370753049849,-0.34281498193740845,0.6741542816162108,0.9330625534057616,0.04914934560656548,0.05853566899895668,-0.28356829285621643
1.244434833526611,1.100752830505371,0.7762807607650756,0.9974396824836731,0.01923553831875324,-0.01266323495656252,0.06770330667495728,-0.002576916478574276,0.05571595206856728,0.1466822773218155,0.34316435456275934,-0.26543676853179926,-0.09201763570308685,-0.02033505216240883,-0.17727074027061462,-0.057653699070215225,0.3631012737751007,-0.3175923824310303,0.15451541543006897,-0.010278629139065742,-0.0038157990202307697,0.08591722697019577,0.014449379406869411,0.28150853514671326,-0.7987546920776366,1.1810736656188965,-0.12653517723083496,-0.037693742662668235,0.062238074839115136,-0.07108037173748016,-0.34258875250816345,0.6797679662704468,0.9256382584571838,0.04719458892941474,0.05912461131811141,-0.2809836268424988
1.2444998025894165,1.0997477769851685,0.7766082286834717,0.9974993467330932,0.01841522194445133,-0.01209641620516777,0.06715384870767593,-0.0009923538891598582,0.0581674724817276,0.14673438668251035,0.3372699022293091,-0.2625880241394043,-0.09357204288244247,-0.018386093899607655,-0.17347227036952972,-0.05598577857017517,0.3561820983886719,-0.3135873079299927,0.1534844934940338,-0.00890348106622696,-0.0016685416921973228,0.0865098387002945,0.013637615367770197,0.2866545617580414,-0.7971085906028748,1.1807265281677246,-0.13109090924263,-0.036793187260627754,0.059254609048366554,-0.0735999196767807,-0.3389796018600464,0.6867830157279968,0.9217195510864256,0.04298841953277588,0.060238394886255264,-0.27607494592666626
1.244407057762146,1.0987378358840942,0.7769556641578673,0.9975356459617615,0.017919065430760384,-0.01138987299054861,0.06687163561582565,4.7984754928620525e-05,0.05951893702149391,0.14585837721824646,0.33065879344940186,-0.2586689591407776,-0.09503443539142609,-0.017499659210443497,-0.17069575190544128,-0.05469663813710213,0.35017645359039307,-0.30972209572792053,0.15216954052448273,-0.00818721204996109,-0.0004481356299947947,0.0869433805346489,0.01198803260922432,0.292999804019928,-0.7897676825523376,1.1770989894866943,-0.13837726414203644,-0.0373389795422554,0.058988749980926514,-0.07310274243354797,-0.3324371874332428,0.6943374276161194,0.9211282134056092,0.03817713260650634,0.06135040521621704,-0.2695574462413788
1.2443021535873413,1.097824215888977,0.7772579193115233,0.9975380301475525,0.01763441413640976,-0.010735475458204746,0.06701919436454773,-3.078758368246781e-07,0.06023332476615906,0.14351104199886322,0.32477515935897827,-0.2546248733997345,-0.09681393951177597,-0.017261987552046776,-0.1689467430114746,-0.0546438805758953,0.34546422958374023,-0.30654916167259216,0.15048140287399292,-0.008361120708286762,-0.000309550465317443,0.0877905860543251,0.009033648297190666,0.29999667406082153,-0.778560698032379,1.1714050769805908,-0.14918537437915802,-0.039039235562086105,0.061299003660678864,-0.07008485496044159,-0.3233945965766907,0.7037650942802429,0.9232485890388488,0.03450646623969078,0.06178608909249306,-0.26175424456596375
1.2442452907562256,1.0972239971160889,0.7774032950401306,0.9975084066390992,0.017407406121492382,-0.010327466763556004,0.06758122146129608,-0.0008204294135794044,0.06095601618289948,0.14044521749019623,0.32084742188453674,-0.2517361640930176,-0.09889841824769971,-0.01731240190565586,-0.16758680343627927,-0.0555357038974762,0.3426458239555359,-0.3048250377178192,0.14880250394344327,-0.009283043444156647,-0.0010794553672894835,0.0893649086356163,0.004560227971524,0.30677855014801025,-0.7664843201637267,1.1656215190887451,-0.16102290153503415,-0.04092009738087654,0.0656551942229271,-0.06540419906377792,-0.31258440017700195,0.7159495949745177,0.9285863041877745,0.033258527517318726,0.061463046818971634,-0.2538577616214752
1.2441664934158323,1.0969269275665283,0.7774175405502318,0.9974629282951355,0.017172183841466904,-0.010095304809510708,0.06834427267313004,-0.002091949572786689,0.06203030422329903,0.13729959726333618,0.3183843493461609,-0.24990621209144592,-0.10134294629096983,-0.01747063919901848,-0.16611255705356595,-0.05696242675185204,0.3407757878303528,-0.30425608158111567,0.14753910899162292,-0.010693955235183237,-0.0024959638249129057,0.09144462645053864,-0.000983630190603435,0.312293142080307,-0.7552232146263121,1.1601086854934692,-0.1722024828195572,-0.041879869997501366,0.07074239850044249,-0.05970868840813637,-0.3009536564350128,0.7314090728759765,0.9374262690544128,0.032889224588871,0.0613912045955658,-0.24522618949413297
1.2436763048171997,1.0964289903640747,0.7773604393005371,0.9974245429039,0.016814883798360825,-0.009782119654119015,0.06903458386659622,-0.0034524966031312943,0.06361538916826248,0.13469082117080688,0.315695196390152,-0.24885068833827967,-0.10400798171758652,-0.018429838120937347,-0.16410809755325317,-0.05790799856185913,0.33943152427673334,-0.30396562814712524,0.14628131687641144,-0.012698826380074024,-0.003962116781622171,0.09312088042497635,-0.006898164749145508,0.31567421555519104,-0.7438552379608153,1.1542576551437376,-0.1823428571224213,-0.04137427359819412,0.07584217935800552,-0.053697608411312096,-0.28917428851127625,0.7493489384651184,0.9505841732025145,0.03131922706961632,0.06283935159444809,-0.2349388152360916
1.2427071332931519,1.0953201055526731,0.7773287892341613,0.9973869323730468,0.016530049964785576,-0.009286297485232351,0.06971238553524017,-0.004317076411098242,0.06491230428218842,0.13233457505702972,0.310787558555603,-0.24693539738655088,-0.10594162344932556,-0.019749941304326057,-0.16230222582817075,-0.05850551649928093,0.3376327455043793,-0.3029218316078186,0.14522306621074677,-0.015113218687474728,-0.005648290272802114,0.09412027895450592,-0.01290034782141447,0.3165876865386963,-0.733453094959259,1.1473230123519895,-0.1895064860582352,-0.03992361947894096,0.07950032502412797,-0.047435514628887177,-0.2787953317165375,0.7663127779960632,0.9666201472282407,0.028689732775092125,0.06580302864313126,-0.22392170131206512
1.2416821718215942,1.0939158201217651,0.7774297595024109,0.9973340630531312,0.01640323735773563,-0.008521654643118382,0.07059050351381302,-0.004882535897195339,0.06527112424373627,0.1294463723897934,0.30339816212654114,-0.24357709288597104,-0.1066652238368988,-0.0213013906031847,-0.16106124222278595,-0.05933107063174248,0.3348807096481323,-0.30066680908203125,0.14417365193367004,-0.018165111541748047,-0.007528461050242186,0.0941462367773056,-0.018568355590105057,0.3155704140663147,-0.7245444655418397,1.1386504173278809,-0.1925326883792877,-0.0380934476852417,0.08038489520549774,-0.04129019007086754,-0.27095222473144526,0.7796436548233032,0.984159767627716,0.02605770342051983,0.06957747787237167,-0.21385100483894348
1.2408812046051023,1.092604160308838,0.7776795029640197,0.9972609281539918,0.01642552763223648,-0.007720038760453463,0.07170195877552032,-0.004731118679046631,0.06454578042030334,0.12544097006320953,0.2939664125442505,-0.23868101835250852,-0.10677927732467651,-0.02256978116929531,-0.1602521687746048,-0.06034545600414276,0.3313281834125519,-0.2975828349590301,0.14311572909355164,-0.021412884816527367,-0.00939768459647894,0.09374891221523285,-0.023809725418686863,0.3135588765144348,-0.7182798385620117,1.1278331279754639,-0.1903648227453232,-0.0370451845228672,0.07777249813079835,-0.03476988524198532,-0.2665262818336487,0.7876975536346436,1.0019845962524414,0.0240651685744524,0.07316238433122633,-0.20501770079135892
1.24049711227417,1.0916756391525269,0.7780449390411378,0.9971842169761655,0.016597356647253036,-0.006929756607860327,0.07280179858207703,-0.004083868116140366,0.06304018944501877,0.12112881243228912,0.2828426659107208,-0.23244591057300568,-0.10666818916797637,-0.023875771090388295,-0.15994560718536377,-0.06150741502642632,0.32745105028152466,-0.29410773515701294,0.14189967513084412,-0.024464031681418415,-0.011262823827564716,0.09326095134019853,-0.02804694138467312,0.31151333451271057,-0.7139921188354492,1.114774703979492,-0.18502293527126312,-0.03725335374474525,0.07268544286489487,-0.02793767862021923,-0.26623308658599854,0.7894759774208068,1.0189921855926511,0.024114990606904026,0.07675333321094513,-0.19774450361728668
1.240462303161621,1.0910764932632446,0.7784509062767028,0.9971204996109008,0.016888083890080452,-0.00639068428426981,0.07365169376134872,-0.002923847874626517,0.061281170696020126,0.11756569892168044,0.27142783999443054,-0.22563005983829496,-0.1064462810754776,-0.02520815655589104,-0.16004341840744019,-0.06261250376701355,0.32398220896720886,-0.29079169034957886,0.14079229533672333,-0.027042113244533535,-0.0130746029317379,0.09334612637758256,-0.03122618421912193,0.3104684948921204,-0.7119774818420409,1.1009021997451782,-0.17846934497356415,-0.03864560276269913,0.06747929751873016,-0.0212740171700716,-0.2706061899662018,0.7848896384239197,1.033318281173706,0.027765056118369102,0.08063989877700804,-0.19328357279300687
1.2399773597717283,1.0904849767684937,0.7788239121437072,0.9970840215682985,0.017101531848311424,-0.005950533784925938,0.07413149625062943,-0.0018329113954678176,0.06001545488834381,0.11515243351459505,0.26117655634880066,-0.21929290890693665,-0.10639263689517973,-0.027029920369386673,-0.15996767580509183,-0.06319988518953323,0.32074204087257385,-0.2876921594142914,0.1402269750833511,-0.029150715097785,-0.014485691674053667,0.09371744096279144,-0.033801816403865814,0.3105844557285309,-0.7104001641273499,1.0886640548706055,-0.17162199318408966,-0.04079737886786461,0.06577678769826889,-0.014859834685921667,-0.2778513431549072,0.7767115831375122,1.0447027683258057,0.0337984636425972,0.08551964163780211,-0.1900709420442581
1.2387665510177612,1.0896912813186643,0.7791753411293029,0.9970732927322388,0.017237791791558266,-0.0053261066786944875,0.0742919221520424,-0.0014667441137135029,0.059293970465660095,0.11346032470464706,0.25229090452194214,-0.21374085545539853,-0.10621210187673567,-0.029978588223457336,-0.15946781635284424,-0.06266117841005325,0.3183595836162567,-0.2845574915409088,0.1399274319410324,-0.03063127771019936,-0.015734069049358368,0.09365866333246232,-0.036652464419603355,0.31127288937568665,-0.7092241048812865,1.080006718635559,-0.1662224233150482,-0.04262881726026535,0.06817267090082169,-0.008098824881017208,-0.2856484055519104,0.7672740221023558,1.0518672466278076,0.04368734732270241,0.08983483910560608,-0.1870027184486389
