0.045717976987361915,-4.772056126967072e-05,0.7751729488372802,0.9999284744262696,0.011180617846548556,-0.004129067528992891,0.000971700414083898,0.04286624863743783,0.02352944202721119,0.21553407609462735,0.15497280657291412,-0.21729727089405057,-0.04631944000720978,-0.04249860718846321,-0.1583697497844696,-0.2719549834728241,0.36810609698295593,-0.28731060028076166,0.10359148681163788,-0.0860375314950943,0.009637770242989063,0.13617044687271118,-0.06509888917207718,0.25546091794967646,-0.6052494645118712,1.0250798463821411,0.13983380794525146,-0.00918743759393692,0.09395807236433028,0.06416676938533783,-0.2275409400463104,0.3261374235153198,1.0763646364212036,-0.01325400359928608,0.06456702947616577,-0.09643150866031647
0.04665509611368179,-0.003935612272471189,0.7762618064880371,0.999941647052765,0.007053119130432606,-0.0021298797801136966,-0.007901112549006939,0.04668997973203659,0.040069352835416794,0.22491340339183807,0.14567284286022186,-0.21413300931453705,-0.05293843522667885,-0.031294699758291245,-0.13280455768108368,-0.26243442296981806,0.32565316557884216,-0.27163568139076233,0.10026609152555464,-0.08351369947195053,0.02271089516580105,0.12877377867698667,-0.04831929504871368,0.24960345029830927,-0.6043840050697327,1.0267186164855957,0.1521988809108734,-0.010213471949100494,0.088727205991745,0.06447586417198181,-0.23258019983768463,0.31528377532958984,1.079042911529541,-0.01821482926607132,0.06633999198675156,-0.09842231869697571
0.047556720674037926,-0.007439732085913419,0.7769271731376648,0.9998307824134826,0.004057266749441624,-0.00034206241252832115,-0.017940063029527664,0.04851331561803818,0.05375225841999053,0.23842395842075348,0.14275050163269043,-0.21420086920261383,-0.05693175271153449,-0.026479972526431084,-0.11358910053968428,-0.25035122036933893,0.2965328097343445,-0.2589530646800995,0.0955943763256073,-0.08248775452375413,0.03310755267739296,0.12474485486745834,-0.034209370613098145,0.2437638342380524,-0.6028295159339905,1.031660795211792,0.16363191604614255,-0.011614843271672724,0.086795374751091,0.05874111130833626,-0.2362545281648636,0.3068995773792267,1.0796480178833008,-0.01393634546548128,0.06798852980136871,-0.10027489811182022
0.04837679117918015,-0.010241609066724775,0.7770886421203613,0.9995509386062622,0.0026024417020380497,0.00024031748762354252,-0.029852190986275673,0.05430034548044205,0.06392020732164383,0.2576381266117096,0.1418677419424057,-0.2168639898300171,-0.06108668074011803,-0.027293868362903595,-0.10037332028150558,-0.2329567521810532,0.28465110063552856,-0.2529715895652771,0.09059016406536102,-0.08135341852903366,0.039598681032657616,0.12408133596181868,-0.023786278441548347,0.2373685985803604,-0.5954182744026184,1.042997121810913,0.17007417976856232,-0.010017997585237026,0.08934145420789719,0.04771459102630615,-0.23889142274856567,0.3054400384426117,1.078372836112976,-0.005373129621148109,0.06536558270454407,-0.10309865325689316
0.04932326450943946,-0.01243949681520462,0.776896059513092,0.9990958571434021,0.001883656135760248,0.0002142852463293821,-0.04247298836708069,0.06367283314466476,0.07183466106653214,0.2795311510562897,0.13932278752326965,-0.22005753219127652,-0.06589902937412262,-0.031145093962550163,-0.0899273082613945,-0.2121589630842209,0.28260302543640137,-0.2519041895866394,0.08530204743146896,-0.08005084097385406,0.04405295103788376,0.12464325875043868,-0.016487428918480873,0.23030366003513336,-0.5818901658058168,1.0579990148544312,0.1691136360168457,-0.005697205662727356,0.09583513438701628,0.03592563420534134,-0.24048249423503876,0.3073299825191498,1.072167992591858,0.007667750120162963,0.05956907942891121,-0.10701533406972884
0.050497040152549744,-0.01432383619248867,0.7766436338424682,0.9985031485557555,0.0015845595626160502,0.0002544876770116389,-0.05467025563120841,0.0735812857747078,0.07766416668891905,0.30066731572151184,0.1347447484731674,-0.221796914935112,-0.07047539204359055,-0.035920001566410065,-0.08094587922096252,-0.1910686045885086,0.2838721871376037,-0.25241401791572565,0.08080796897411345,-0.07990243285894395,0.04743407666683197,0.12474287301301956,-0.012199782766401768,0.2231699824333191,-0.565972626209259,1.073146104812622,0.16244898736476898,0.00032725694472901523,0.10365305095911026,0.025420226156711575,-0.24088054895401,0.3096618950366974,1.0600781440734863,0.024006353691220284,0.05203097313642502,-0.11243814229965209
0.0516933910548687,-0.016030462458729744,0.7765737771987915,0.9978759884834288,0.001273752423003316,0.0007312532979995011,-0.06512565910816193,0.08097754418849945,0.08261479437351225,0.3184138536453247,0.1302781105041504,-0.22210167348384857,-0.07475496828556061,-0.03924896940588951,-0.07248669117689133,-0.17313916981220245,0.28212231397628784,-0.2512024641036988,0.07749795913696289,-0.08150704205036163,0.05076655745506287,0.12421109527349472,-0.010902369394898415,0.2178746312856674,-0.5540589690208435,1.0837124586105347,0.15638799965381622,0.005146206356585026,0.10893879830837248,0.016909722238779068,-0.24000112712383273,0.310637503862381,1.0453276634216309,0.03772404044866562,0.044989824295043945,-0.11884132027626036
0.052740246057510376,-0.017830614000558853,0.776723325252533,0.9972751736640929,0.0004000046756118536,0.002053165808320045,-0.07374156266450883,0.08479701727628708,0.08853024989366531,0.3323500752449036,0.1274604499340057,-0.222037136554718,-0.07936674356460571,-0.040194034576416016,-0.06276461482048035,-0.15861818194389343,0.27316203713417053,-0.24570097029209137,0.07457845658063889,-0.08471116423606873,0.05543708801269531,0.12282168865203856,-0.012290207669138908,0.2153475135564804,-0.5487383008003235,1.0868631601333618,0.1558605283498764,0.008415011689066889,0.11015347391366959,0.011265203356742857,-0.23859664797782895,0.3121856153011322,1.030550479888916,0.04567402228713036,0.03961235657334328,-0.12310659140348434
0.05343623831868172,-0.019503738731145855,0.7770522832870483,0.9967482089996336,-0.0009674597531557085,0.003914732486009598,-0.08047824352979661,0.0859166830778122,0.09555689990520477,0.3432326316833496,0.12632419168949127,-0.2219859212636948,-0.08383231610059738,-0.03919950500130653,-0.0523265115916729,-0.14723555743694303,0.2590771019458771,-0.2374248802661896,0.07142386585474014,-0.0887080505490303,0.06117946282029152,0.12150252610445023,-0.015907421708106995,0.2162542790174484,-0.5507469773292542,1.0816526412963867,0.16009238362312317,0.009815738536417484,0.10776848345994948,0.008297991938889025,-0.23721513152122495,0.3157823085784912,1.016529560089111,0.04702797904610634,0.036141112446784966,-0.12375351786613464
0.05393288657069206,-0.02127202972769737,0.7774466872215272,0.996334195137024,-0.0024764544796198606,0.005957219284027815,-0.08530279994010925,0.08504841476678848,0.10272172093391418,0.35106426477432245,0.1260611116886139,-0.22149287164211276,-0.08796657621860504,-0.03706695511937141,-0.04273730516433716,-0.13958030939102173,0.2429097294807434,-0.22823159396648407,0.06781814992427826,-0.0931781753897667,0.06716947257518768,0.1209140345454216,-0.021293243393301964,0.22072744369506836,-0.5591283440589905,1.0693382024765015,0.16606399416923523,0.00937105715274811,0.10256322473287582,0.0078151635825634,-0.23634496331214905,0.3208208978176117,1.003795862197876,0.04546065255999565,0.03312280774116516,-0.12187708169221878
0.054135240614414215,-0.02277802862226963,0.777803063392639,0.996048867702484,-0.003796959761530161,0.007881497964262962,-0.0883749946951866,0.08303050696849824,0.10904165357351304,0.3560144603252411,0.12613724172115323,-0.22081127762794492,-0.09132716804742813,-0.03421207144856453,-0.034922048449516296,-0.13545672595500946,0.22665484249591827,-0.21949727833271024,0.06426960229873657,-0.09762259572744368,0.07261352241039276,0.12131694704294203,-0.028235716745257378,0.22824169695377347,-0.5716544985771179,1.0525193214416504,0.17205026745796204,0.006964826956391335,0.09641065448522568,0.009104322642087936,-0.2360569089651108,0.3260873854160309,0.9941626191139219,0.044763881713151925,0.029933610931038857,-0.11910712718963624
0.05415238812565804,-0.024030219763517376,0.7780869603157043,0.9958756566047667,-0.004848257172852755,0.009698566049337389,-0.09007827937602995,0.08039673417806625,0.11435314267873764,0.35877579450607294,0.1263039857149124,-0.2199404537677765,-0.09407216310501097,-0.030786212533712387,-0.028639880940318108,-0.13400080800056455,0.210645854473114,-0.21149612963199613,0.060919206589460366,-0.10169491916894911,0.07727661728858948,0.12252541631460188,-0.0374114029109478,0.23794095218181607,-0.5855833292007446,1.0338380336761475,0.17676229774951935,0.0031686609145253897,0.09126626700162888,0.010524207726120949,-0.23573502898216248,0.3314075171947479,0.990247964859009,0.04570433869957924,0.026860149577260017,-0.11637496948242188
0.054042890667915344,-0.025027161464095116,0.7782962918281555,0.995774269104004,-0.005605144426226616,0.011319367215037344,-0.09096177667379379,0.07782381772994995,0.11829721182584763,0.35996732115745544,0.12622316181659698,-0.21874548494815824,-0.09606226533651353,-0.02762938849627972,-0.02358863689005375,-0.13333655893802643,0.19611451029777527,-0.20452246069908145,0.05782097205519676,-0.1047784388065338,0.08106063306331633,0.12417946755886076,-0.04828442633152008,0.24734430015087128,-0.5968170762062073,1.0172770023345947,0.179458349943161,-0.00046123651554808015,0.08898735791444777,0.011026276275515556,-0.23479537665843964,0.3366864025592804,0.9943246841430664,0.04702121019363403,0.0257345512509346,-0.11442136019468307
0.053794391453266144,-0.025821564719080925,0.7784678339958192,0.9956983923912048,-0.006106003187596798,0.012901823967695236,-0.09154786914587021,0.07486949115991592,0.1212485134601593,0.3606929183006287,0.1260627806186676,-0.21722769737243647,-0.09742533415555954,-0.025662312284111977,-0.019716229289770126,-0.13275790214538574,0.1836601048707962,-0.19832876324653623,0.0552605502307415,-0.10685371607542037,0.08415942639112473,0.1259242743253708,-0.06025400012731552,0.25469693541526794,-0.6044055819511414,1.0049235820770264,0.18162648379802704,-0.00285811023786664,0.08975884318351746,0.009689891710877417,-0.23330374062061307,0.341644823551178,1.005478858947754,0.04790772870182991,0.026344323530793193,-0.11260914057493208
0.053402189165353775,-0.02644110471010208,0.7786313295364381,0.995615303516388,-0.006388839334249496,0.01443413272500038,-0.09220112115144728,0.07175536453723907,0.12340463697910307,0.3614736497402191,0.125762477517128,-0.21582354605197904,-0.098351813852787,-0.025296326726675037,-0.01687897928059101,-0.13185682892799375,0.17424477636814115,-0.19337216019630432,0.053318127989768975,-0.10801082849502563,0.08643907308578491,0.1278237551450729,-0.07246968150138856,0.2592298090457916,-0.608696699142456,0.9974337816238403,0.1836673766374588,-0.004426246508955956,0.09254880994558334,0.006293474696576595,-0.23155713081359863,0.3465232849121094,1.0216472148895264,0.048272255808115005,0.027699125930666924,-0.11102984100580215
0.0529329925775528,-0.02689356356859207,0.7787919640541076,0.9955083727836608,-0.006501086987555027,0.015823721885681152,-0.09311506897211075,0.06885349750518799,0.12487025558948515,0.3624529540538788,0.12535817921161652,-0.21473367512226105,-0.09911748021841048,-0.02628055401146412,-0.014738144353032112,-0.1304216980934143,0.16791702806949615,-0.18975669145584104,0.05189182236790657,-0.10883688181638716,0.08783794939517975,0.13010041415691376,-0.08518822491168976,0.26084139943122864,-0.6109926700592041,0.9953887462615967,0.1866300106048584,-0.005047385115176439,0.09605351835489272,0.0008294894942082464,-0.22980104386806488,0.35143530368804926,1.0401774644851685,0.04830089956521988,0.02933945693075657,-0.109838105738163
0.05245039612054825,-0.027214867994189262,0.7789247035980223,0.9953621029853821,-0.00655977800488472,0.016984881833195686,-0.09446020424365997,0.06666207313537598,0.12604624032974243,0.36428821086883534,0.12479006499052048,-0.21399749815464017,-0.10000782459974288,-0.028513766825199127,-0.012836541980504988,-0.1280982345342636,0.16449107229709625,-0.1872595250606537,0.05079780146479607,-0.10984783619642256,0.08824838697910307,0.1324641704559326,-0.09766685962677002,0.2598421275615692,-0.6125317811965942,0.9987196326255798,0.19011338055133817,-0.004302059300243855,0.09855172783136368,-0.005930224899202585,-0.22819426655769348,0.3559542000293732,1.0576740503311155,0.048053137958049774,0.031170386821031567,-0.10925926268100739
0.051969610154628754,-0.027509391307830807,0.7790309190750122,0.9951844811439513,-0.006678570527583361,0.01785942167043686,-0.09614691138267517,0.06536553800106049,0.1274232268333435,0.36701768636703486,0.1246202364563942,-0.21369901299476624,-0.10104675590991972,-0.03127726912498474,-0.0108826057985425,-0.12514528632164,0.16303609311580655,-0.18548990786075592,0.05002945289015769,-0.1110924556851387,0.08774469792842865,0.13474568724632263,-0.10916358977556229,0.256825715303421,-0.6140145659446716,1.007346272468567,0.19527909159660337,-0.0022004335187375546,0.09947405755519867,-0.013506865128874779,-0.22672711312770844,0.35963788628578186,1.0720003843307495,0.04579368606209754,0.033306095749139786,-0.10997720062732697
0.051512669771909714,-0.02782419696450233,0.7790802121162415,0.994972288608551,-0.006887858733534813,0.01844344474375248,-0.09819614887237549,0.06528586149215698,0.12911607325077057,0.370862752199173,0.1246153563261032,-0.21390897035598755,-0.1020546704530716,-0.03424718976020813,-0.008716230280697346,-0.12173115462064744,0.16337409615516663,-0.18447174131870267,0.04968142881989479,-0.11260715126991272,0.08639475703239441,0.13656295835971832,-0.1188576892018318,0.252078115940094,-0.6165581941604614,1.0208659172058103,0.2035532146692276,0.0025239745154976845,0.09832692146301267,-0.02144447341561317,-0.22545167803764343,0.3603284358978272,1.0811140537261963,0.04274985566735268,0.03553401678800583,-0.1124025508761406
0.05112799257040024,-0.028109334409236908,0.7790651917457581,0.9947514533996582,-0.007213023025542498,0.018634211272001263,-0.10035068541765212,0.06658118963241577,0.1311100423336029,0.3750551640987396,0.1245940253138542,-0.2148354798555374,-0.1032085344195366,-0.03620506823062897,-0.006203215103596449,-0.11788082122802734,0.16462211310863495,-0.18381550908088684,0.04924584925174713,-0.11442825943231583,0.0844193622469902,0.137610524892807,-0.12530021369457245,0.24636925756931305,-0.619429886341095,1.0357701778411863,0.21491314470767972,0.009456370025873184,0.09467167407274246,-0.028394825756549835,-0.22414664924144745,0.3568674027919769,1.0828434228897095,0.03888418525457382,0.037351179867982864,-0.11699038743972778
0.05082333087921143,-0.028469795361161232,0.7790030241012573,0.9945506453514099,-0.007543443702161312,0.018353190273046494,-0.10234848409891129,0.06895434111356735,0.13300541043281555,0.37876638770103455,0.1246027797460556,-0.2158595025539398,-0.10399765521287918,-0.036397475749254234,-0.0035280222073197365,-0.11370696127414703,0.16555893421173096,-0.18327584862709043,0.04890885204076767,-0.11681415885686874,0.08177962899208067,0.1379547119140625,-0.12893550097942352,0.24074411392211917,-0.6211106181144713,1.0476843118667603,0.22828616201877597,0.017469817772507668,0.08905738592147827,-0.032729774713516235,-0.22239489853382113,0.34878700971603394,1.0748400688171387,0.0375196561217308,0.03779579699039459,-0.12334046512842178
0.05069462954998016,-0.02896086312830448,0.7789295315742493,0.9943950176239011,-0.007851922884583473,0.017773227766156197,-0.10392795503139496,0.0719635933637619,0.13461260497570035,0.38138148188591,0.12403380125761032,-0.2168036103248596,-0.10489289462566376,-0.034630607813596725,-0.001025964505970478,-0.1104678437113762,0.16446347534656525,-0.18225146830081937,0.04826075211167336,-0.11953800171613692,0.07906040549278259,0.13745771348476407,-0.12918595969676971,0.2364152669906616,-0.6190576553344728,1.0513625144958496,0.23958307504653928,0.023306662216782566,0.08325470983982086,-0.03226768597960472,-0.22046692669391632,0.338640958070755,1.055488109588623,0.04128263518214226,0.03472625091671944,-0.1298411637544632
0.05106787383556365,-0.030035167932510373,0.7788773775100707,0.9942983984947203,-0.008180157281458378,0.017192155122756958,-0.10491971671581268,0.07482881098985672,0.13623996078968048,0.3827552795410156,0.12315203994512557,-0.21714584529399872,-0.1057754009962082,-0.0316038616001606,0.0013037740718573332,-0.10900761932134628,0.16111887991428375,-0.1804111897945404,0.04711135849356651,-0.12186286598443984,0.07700861990451811,0.13570155203342435,-0.1266609877347946,0.23387660086154935,-0.6128364205360413,1.0444591045379639,0.2444482147693634,0.024367062374949452,0.07937335222959518,-0.02634759061038494,-0.21941968798637393,0.3303643465042114,1.0276875495910645,0.05167889967560768,0.02641388401389122,-0.13443647325038907
0.05135801061987877,-0.030745480209589005,0.7788317203521729,0.9942625761032104,-0.00856536440551281,0.01674809865653515,-0.10529987514019012,0.07735088467597961,0.13841938972473145,0.3838286697864533,0.12207152694463728,-0.216940313577652,-0.10716242343187332,-0.028693754225969315,0.0034636526834219694,-0.10897459834814072,0.15765878558158875,-0.1791556030511856,0.04530047625303269,-0.12367747724056244,0.07568086683750153,0.13288144767284393,-0.12298793345689772,0.23300635814666748,-0.6057037115097046,1.0302727222442627,0.239775612950325,0.020122680813074112,0.07886499166488646,-0.017675137147307396,-0.2197526544332504,0.32802268862724304,1.0010900497436523,0.06153871119022369,0.015932299196720123,-0.13497562706470487
0.05157465115189552,-0.031451817601919174,0.7787243723869324,0.9943023920059203,-0.008973668329417706,0.01612663082778454,-0.1049862578511238,0.07985557615756989,0.14074188470840454,0.3836962878704071,0.12119536101818083,-0.21704284846782684,-0.10906072705984116,-0.025761963799595833,0.005000678822398186,-0.11051583290100096,0.15578624606132507,-0.1794075220823288,0.043191932141780846,-0.12468723952770232,0.07466250658035278,0.1301589012145996,-0.1205686405301094,0.2329702824354172,-0.6015638113021851,1.015685796737671,0.2301362305879593,0.012562859803438187,0.08078318089246748,-0.00955766811966896,-0.22144269943237305,0.3322939872741699,0.983746826648712,0.06544362008571625,0.00696279527619481,-0.13207402825355527
0.05168824642896652,-0.03213392570614815,0.7785698771476746,0.9944254159927368,-0.009270358830690386,0.015052280388772488,-0.10395049303770064,0.08236723393201827,0.14284205436706543,0.38250583410263056,0.12142948806285858,-0.2174648344516754,-0.11094042658805849,-0.023013127967715263,0.005658641457557678,-0.11323882639408112,0.15722505748271942,-0.18187470734119413,0.041620098054409034,-0.12505163252353668,0.0733257606625557,0.1283424347639084,-0.12175742536783218,0.2326534539461136,-0.6016085147857666,1.0066858530044556,0.22120332717895508,0.006592189893126488,0.08423941582441331,-0.005236969329416752,-0.2241639792919159,0.34141066670417786,0.9806395769119263,0.06257352232933044,0.003052349667996168,-0.12876348197460175
0.05175977200269699,-0.032771944999694824,0.7784081697463989,0.994595468044281,-0.009482367895543575,0.013663928024470806,-0.10248516499996184,0.08453982323408128,0.14458489418029785,0.38003894686698914,0.12300044298171996,-0.21826688945293424,-0.11260232329368591,-0.020311811938881878,0.00597376748919487,-0.1166214570403099,0.16032619774341583,-0.18525344133377075,0.040929380804300315,-0.12496176362037659,0.07169586420059204,0.12753602862358093,-0.12643586099147797,0.23154442012310028,-0.6053364276885985,1.0064077377319336,0.215870663523674,0.004018162377178669,0.08753891289234161,-0.0054279835894703865,-0.22735093533992767,0.35225182771682734,0.9908235669136048,0.055153321474790566,0.005192308686673641,-0.1272958219051361
0.05178866907954216,-0.0333176851272583,0.778258740901947,0.9947832822799682,-0.009684808552265167,0.012421737425029276,-0.10078781098127364,0.08548322319984435,0.14621508121490479,0.3763417601585388,0.12582401931285858,-0.2191691696643829,-0.11370442807674408,-0.01759268529713154,0.0063212295062839985,-0.12035566568374632,0.16276365518569946,-0.18810074031353,0.04104488343000412,-0.12478472292423248,0.07011864334344864,0.12730546295642853,-0.1338542401790619,0.2295907884836197,-0.6105173826217651,1.0139403343200684,0.21429498493671417,0.004954193253070116,0.08914012461900711,-0.009917106479406355,-0.23046232759952545,0.3622273802757263,1.0085716247558592,0.04607868194580078,0.012191733345389366,-0.12708249688148499
0.05173157900571823,-0.033824533224105835,0.7781614661216736,0.9949870705604552,-0.009992598555982111,0.011505955830216408,-0.09883607178926467,0.08542712777853011,0.14783354103565216,0.3718380331993103,0.12915700674057007,-0.22028866410255432,-0.11440566182136536,-0.014212372712790966,0.007008581422269344,-0.12419909238815308,0.1624249368906021,-0.1892457902431488,0.041272781789302826,-0.1244487166404724,0.06905046105384827,0.12735800445079803,-0.14191998541355133,0.22684282064437863,-0.6150708794593811,1.025975227355957,0.21541315317153928,0.008303843438625334,0.0892373025417328,-0.01609376259148121,-0.23366938531398773,0.3687842190265656,1.0265629291534424,0.03705126792192459,0.020591735839843753,-0.12741422653198242
0.05155912041664124,-0.034237850457429886,0.77814120054245,0.9952118992805482,-0.010259629227221012,0.010912304744124413,-0.09658632427453993,0.08481303602457047,0.14888283610343933,0.3669546544551849,0.13140560686588287,-0.22080549597740173,-0.11508073657751083,-0.010911504738032816,0.007496286649256944,-0.12809160351753235,0.16059011220932007,-0.1889093369245529,0.041155003011226654,-0.12419856339693068,0.06838301569223404,0.12742865085601807,-0.14889800548553467,0.2233830839395523,-0.61807781457901,1.03825306892395,0.2186490893363953,0.012593037448823452,0.08857113122940062,-0.021138984709978104,-0.23717133700847623,0.3718253970146179,1.040238618850708,0.03105076774954796,0.02702282555401325,-0.12711237370967865
0.05131176114082336,-0.034553077071905136,0.7781798243522643,0.9954435229301453,-0.010311270132660864,0.010619200766086578,-0.09419708698987962,0.08409564942121506,0.14894913136959076,0.36214402318000793,0.13147686421871185,-0.2200947850942612,-0.11582573503255844,-0.008350147865712641,0.007415621541440488,-0.13201875984668732,0.1587468981742859,-0.18820352852344513,0.04062916710972785,-0.12403980642557144,0.06791624426841736,0.1274563819169998,-0.15364640951156616,0.220377579331398,-0.6200466156005859,1.0457441806793213,0.22210733592510223,0.015871142968535423,0.08722738176584244,-0.023544449359178543,-0.2412506192922592,0.3722097873687744,1.0467753410339355,0.030175447463989254,0.029826886951923367,-0.12574487924575803
0.050992753356695175,-0.034719258546829224,0.7782461047172545,0.995659589767456,-0.01013451348990202,0.010623260401189327,-0.09190447628498077,0.0830385237932205,0.1482420265674591,0.35765260457992554,0.13027967512607574,-0.21861654520034793,-0.11648620665073393,-0.006686421111226082,0.006836585700511932,-0.13573354482650757,0.15697088837623596,-0.18746918439865112,0.03977737948298454,-0.12372104823589324,0.06768579035997391,0.12716443836688995,-0.15548032522201538,0.21900743246078488,-0.6216537356376648,1.0460100173950195,0.2249737232923508,0.016503293067216873,0.08533843606710435,-0.02331985905766487,-0.24589566886425016,0.37120121717453,1.0467195510864256,0.032542772591114044,0.02933532185852528,-0.12371303141117096
0.05059119313955307,-0.03478381782770157,0.7783423662185669,0.9958485364913939,-0.009806754998862743,0.0109714912250638,-0.08982841670513153,0.08127216249704361,0.147129088640213,0.3534204363822937,0.12861904501914978,-0.21666565537452695,-0.11674632132053377,-0.005960211157798767,0.005979308392852545,-0.13913416862487793,0.15481869876384735,-0.18646103143692017,0.038989972323179245,-0.12325407564640044,0.06786245107650757,0.12633965909481049,-0.15448135137557983,0.21934597194194796,-0.6230776906013489,1.0399181842803955,0.22530128061771393,0.014088626019656658,0.08343359827995299,-0.02123730815947056,-0.25112080574035645,0.3695093095302582,1.042205810546875,0.03683506324887276,0.026153277605772015,-0.12122758477926254
0.05016797408461571,-0.0348350815474987,0.7784478664398193,0.9960135221481324,-0.009485753253102303,0.011543117463588715,-0.08794230222702025,0.07892975211143492,0.14605620503425598,0.34928447008132935,0.1270271986722946,-0.21478697657585144,-0.11699838191270828,-0.005881138611584902,0.005283833015710115,-0.14191420376300812,0.15221272408962247,-0.18522395193576807,0.03833011910319328,-0.12235159426927567,0.0685996487736702,0.12509718537330627,-0.15108677744865415,0.221211776137352,-0.6252967119216919,1.0315066576004028,0.22447611391544345,0.010139199905097485,0.08200827986001968,-0.017463216558098793,-0.2564168870449066,0.3670942485332489,1.036008596420288,0.041593361645936966,0.022156838327646252,-0.11881186813116072
0.04979182407259941,-0.03489658609032631,0.7785767316818237,0.996165692806244,-0.00918972585350275,0.012205999344587326,-0.08614253997802734,0.07624410837888716,0.14503461122512817,0.34546807408332825,0.12581586837768555,-0.2132111489772797,-0.11713898181915285,-0.006312667857855558,0.004632145632058382,-0.14456108212471008,0.14999011158943176,-0.1843033581972122,0.03814087435603142,-0.12127677351236343,0.06969860941171646,0.1237286701798439,-0.14576666057109833,0.22410978376865384,-0.6278305053710938,1.0244284868240356,0.22422876954078677,0.007053492125123739,0.08181475847959518,-0.013116507790982723,-0.261316180229187,0.3641429245471954,1.0304265022277832,0.045984826982021325,0.019111262634396557,-0.11680953204631804
0.049499303102493286,-0.034990355372428894,0.7787030339241027,0.9963229298591613,-0.008954411372542381,0.012855460867285728,-0.08423268049955368,0.07354231923818588,0.14422450959682465,0.34203243255615234,0.12521588802337646,-0.2119479030370712,-0.11722783744335175,-0.006551456172019243,0.003990786615759134,-0.14726969599723816,0.1481749564409256,-0.18392297625541687,0.038004502654075616,-0.12023800611495972,0.07103755325078964,0.12243752926588058,-0.13858690857887268,0.22768600285053253,-0.6303830146789551,1.0208525657653809,0.22601927816867828,0.0056694415397942075,0.08204788714647293,-0.009425585158169268,-0.265428751707077,0.36034202575683594,1.0268959999084473,0.04952247068285942,0.017691662535071373,-0.11591316014528275
0.04929279536008834,-0.0351276695728302,0.778778076171875,0.9964755773544312,-0.008744233287870884,0.01349139492958784,-0.08232814073562622,0.0709412470459938,0.1437188684940338,0.3391161262989044,0.12500952184200287,-0.2108512967824936,-0.1170624867081642,-0.006952706724405289,0.0033146650530397888,-0.15016476809978485,0.14709734916687012,-0.18414863944053647,0.0380200669169426,-0.11891044676303864,0.07255298644304276,0.12128131091594696,-0.13034865260124207,0.23162679374217987,-0.6326754689216614,1.0213271379470823,0.2285962551832199,0.0058408863842487335,0.0824301615357399,-0.006071579642593861,-0.2686491012573242,0.35643941164016724,1.0256497859954832,0.052846454083919525,0.01730501279234886,-0.11559487134218216
0.0492313727736473,-0.035239145159721375,0.7788021564483641,0.9966288805007935,-0.008554716594517233,0.014031661674380302,-0.08037907630205153,0.0685582086443901,0.14339992403984067,0.3363575935363769,0.12507736682891843,-0.2100464105606079,-0.1167893186211586,-0.006859262473881245,0.0027445650193840265,-0.15319994091987607,0.14599046111106873,-0.1849176287651062,0.038023769855499275,-0.11745569109916688,0.07408224046230316,0.12030750513076782,-0.12158425152301788,0.23562058806419367,-0.6347435712814331,1.0256627798080444,0.2304397523403168,0.0073484862223267555,0.08263072371482849,-0.0033837130758911367,-0.2706476151943207,0.3527643084526062,1.0263605117797852,0.05623764917254448,0.017526092007756233,-0.11516106873750687
0.049376167356967926,-0.03532135486602783,0.7788154482841492,0.9968022108078003,-0.008383073844015598,0.014428982511162756,-0.07814657688140869,0.06623644381761551,0.14315970242023468,0.3328235149383545,0.1254408061504364,-0.20949715375900269,-0.11658905446529388,-0.006071011535823345,0.002191385487094521,-0.15653270483016968,0.14459620416164398,-0.18578101694583887,0.03790508583188057,-0.11607943475246428,0.07567300647497177,0.11937391757965088,-0.11296351253986359,0.2394687235355377,-0.6359630823135376,1.0320762395858765,0.23093207180500033,0.00950578972697258,0.08232096582651137,-0.0007740572327747941,-0.2717408835887909,0.3496173322200775,1.0282784700393677,0.06012646108865738,0.017624014988541603,-0.1138012558221817
0.04973416402935982,-0.035436883568763726,0.7787916660308838,0.9969978332519532,-0.00819577369838953,0.01464511826634407,-0.07558854669332504,0.06421977281570435,0.14291028678417203,0.3286251425743103,0.12575550377368927,-0.20926833152771,-0.1167403906583786,-0.004512575920671225,0.0015541042666882277,-0.1605864316225052,0.14301496744155884,-0.1870534271001816,0.03733189031481743,-0.114918515086174,0.07726902514696121,0.1184273287653923,-0.10431365668773653,0.24326303601264956,-0.6361499428749084,1.0395359992980957,0.231490820646286,0.011532504111528397,0.08182518929243086,0.0016625348944216967,-0.2720783054828644,0.34644827246665955,1.0314146280288696,0.06400658190250397,0.017861157655715942,-0.11159519851207732
0.050227895379066474,-0.035666123032569885,0.7787282466888428,0.9972133636474608,-0.008023069240152836,0.014764154329895971,-0.07268454879522324,0.06261482834815979,0.14258617162704468,0.3233028054237366,0.12585246562957764,-0.2089233249425888,-0.11691630631685256,-0.0022809028159826994,0.0009165207156911491,-0.16543439030647275,0.14112859964370728,-0.18841248750686643,0.036717120558023446,-0.1137789636850357,0.07896225899457932,0.11747451871633528,-0.09614209085702896,0.24663795530796048,-0.6351062059402466,1.047380805015564,0.2324683666229248,0.013511757366359232,0.08109011501073837,0.0038432420697063208,-0.2717936336994171,0.3429625332355499,1.0357584953308103,0.06786293536424637,0.018168844282627106,-0.1094004139304161
0.050782281905412674,-0.03599051386117935,0.7786277532577514,0.9974419474601744,-0.007910575717687607,0.014794128015637396,-0.06948432326316833,0.06151621788740158,0.1423079818487167,0.31728672981262207,0.12589609622955322,-0.20871464908123016,-0.11709707975387572,0.00034075765870511526,0.0002541650028433651,-0.1711193472146988,0.13940782845020294,-0.18993882834911344,0.036006886512041085,-0.11242508143186568,0.08088365942239761,0.1164613664150238,-0.08873644471168518,0.2496716380119324,-0.6329683661460876,1.0549001693725584,0.23458631336688995,0.015172609128057957,0.0805290639400482,0.005783902946859598,-0.2710381746292114,0.33889031410217285,1.0410144329071045,0.07221296429634094,0.018495792523026463,-0.10807494819164276
0.051377981901168816,-0.03645557910203934,0.7785218954086303,0.9976895451545715,-0.007818168960511683,0.014656273648142815,-0.06587578356266022,0.06069887802004814,0.14208729565143585,0.3108193576335907,0.12620693445205688,-0.20876948535442352,-0.11749959737062454,0.003711133031174541,-0.0004736795672215521,-0.17768827080726624,0.137689471244812,-0.19169180095195767,0.0355394184589386,-0.11082114279270172,0.08274481445550919,0.11544229835271835,-0.08266150206327438,0.2521510422229767,-0.6299635767936707,1.061824083328247,0.23798316717147827,0.01668618619441986,0.07998011261224745,0.007089030463248491,-0.2697362601757049,0.3338107168674469,1.0471179485321045,0.07642378658056259,0.01894711330533028,-0.10709277540445328
0.052056469023227685,-0.03706182539463043,0.7784380316734315,0.9979499578475952,-0.00775073654949665,0.014275127090513706,-0.06190307438373566,0.06034380197525024,0.1419576108455658,0.3035987913608551,0.1269649863243103,-0.2089642882347107,-0.11799366027116776,0.008060624822974205,-0.0011498620733618736,-0.1850624084472656,0.13617675006389615,-0.1936267912387848,0.03499896824359894,-0.10897699743509293,0.08437523990869522,0.11449895799160004,-0.07778191566467285,0.25416675209999084,-0.6258013248443604,1.067743897438049,0.24190637469291687,0.018262755125761032,0.07998049259185791,0.007969622500240801,-0.267778217792511,0.3280454874038696,1.0541465282440183,0.07934027910232544,0.019881512969732285,-0.1065687984228134
0.052827153354883194,-0.03773126751184464,0.7783526182174682,0.9982085227966307,-0.007691024336963893,0.013605552725493908,-0.057754114270210266,0.06084474921226501,0.14185123145580292,0.29614225029945374,0.12775777280330655,-0.20907391607761383,-0.11901181936264038,0.013080785050988196,-0.0017716727452352643,-0.1927085965871811,0.13507646322250366,-0.19586221873760223,0.0345739871263504,-0.1067056581377983,0.08578016608953477,0.11371311545372008,-0.07410613447427748,0.2554604113101959,-0.620407223701477,1.0714328289031982,0.24613595008850095,0.019998326897621155,0.08049950003623961,0.007996452040970325,-0.2654159963130951,0.3225554823875427,1.0613529682159424,0.08183707296848297,0.021277979016304016,-0.10670716315507887
0.05360821634531021,-0.03845073282718658,0.7782534956932067,0.9984599947929382,-0.007635170593857765,0.012652036733925343,-0.05347259715199471,0.06188175082206726,0.14169727265834808,0.2883358299732208,0.12868887186050415,-0.2096157073974609,-0.12022364884614944,0.01906300522387028,-0.0024173534475266933,-0.200869619846344,0.13408735394477844,-0.1985570192337036,0.03412971645593643,-0.10422534495592116,0.08676822483539581,0.11309456080198288,-0.0708395317196846,0.25587266683578486,-0.613364577293396,1.0724909305572508,0.2483723312616348,0.02127750217914581,0.08147836476564406,0.007422924973070621,-0.26305681467056274,0.317437082529068,1.0666126012802124,0.08384457230567932,0.022519687190651894,-0.10670171678066252
0.0544009618461132,-0.039207998663187034,0.7781693339347838,0.9987078905105591,-0.007557528559118508,0.011509803123772144,-0.048918340355157845,0.0630379468202591,0.1414848119020462,0.2797673344612121,0.12969468533992767,-0.2102818787097931,-0.12154526263475418,0.025782013311982155,-0.002960564801469445,-0.20946556329727167,0.1329057812690735,-0.20110927522182465,0.033881235867738724,-0.1020643189549446,0.08728925883769989,0.11233296990394592,-0.06742554157972336,0.25524699687957764,-0.6049071550369263,1.070728778839111,0.2480676919221878,0.02214421518146992,0.08337008208036423,0.00726329768076539,-0.2611682415008545,0.31107693910598755,1.0676084756851196,0.0868122950196266,0.022896710783243176,-0.10714871436357498
0.0551181361079216,-0.039968181401491165,0.7781225442886353,0.9989545941352845,-0.0074151759035885325,0.010210287757217884,-0.04393810778856277,0.06330203264951706,0.1410880982875824,0.2698432803153992,0.13159838318824768,-0.21112400293350217,-0.1222640573978424,0.033032868057489395,-0.003492694580927491,-0.21862265467643735,0.13147297501564023,-0.2036732882261276,0.033756285905838006,-0.10021598637104034,0.08698479831218718,0.11182572692632677,-0.06404538452625275,0.25348421931266785,-0.5954737067222595,1.0663626194000244,0.24363043904304504,0.0221096184104681,0.08533011376857756,0.008087066933512686,-0.2600789964199066,0.30111077427864075,1.0619175434112549,0.09322064369916916,0.021103642880916595,-0.10829582810401917
0.05573753640055656,-0.04071197286248207,0.7781071066856384,0.9991951584815981,-0.007246088236570358,0.00884760357439518,-0.03844791278243065,0.06250164657831192,0.14057250320911407,0.2583496570587158,0.1347985565662384,-0.21212032437324524,-0.1223575621843338,0.04028003290295601,-0.0042381989769637585,-0.22865772247314453,0.12989409267902374,-0.2059603780508041,0.033434540033340454,-0.09830995649099349,0.0859370082616806,0.11129146814346312,-0.06121226027607918,0.25069618225097656,-0.586002767086029,1.0607337951660156,0.23767586052417755,0.02106498181819916,0.08625061064958572,0.010245060548186302,-0.26023793220520014,0.28786906599998474,1.0504031181335447,0.10379256308078764,0.016494760289788246,-0.11051247268915176
0.056305967271327965,-0.04132666066288948,0.7780833840370177,0.9994090795516968,-0.007103195413947105,0.007587400265038013,-0.03276454657316208,0.06048281863331795,0.13995662331581116,0.24631212651729584,0.13954044878482819,-0.21344298124313357,-0.1218833029270172,0.046848472207784646,-0.005253161303699017,-0.2390941232442856,0.1284165233373642,-0.207940086722374,0.033239755779504776,-0.09625452756881712,0.08462782204151154,0.11064007133245468,-0.05999201908707619,0.24748069047927856,-0.5793734192848206,1.0561444759368896,0.23311409354209897,0.019720103591680527,0.0853480026125908,0.012207912281155586,-0.26217636466026306,0.27385374903678894,1.0378084182739256,0.11657389998435974,0.010257115587592123,-0.11380286514759064
0.056801296770572655,-0.04171361029148102,0.7779895067214967,0.99959659576416,-0.007035166956484318,0.00631438149139285,-0.026783643290400505,0.05779967084527016,0.1392899453639984,0.23395688831806183,0.14534026384353635,-0.215203270316124,-0.1214129328727722,0.053366657346487045,-0.006500172894448042,-0.2500289976596832,0.12721350789070127,-0.21038705110549927,0.033589351922273636,-0.09396544843912125,0.08326613903045654,0.1101495176553726,-0.060428697615861886,0.24405841529369357,-0.5765847563743591,1.0537450313568115,0.23213475942611692,0.0185479037463665,0.08361343294382094,0.0125834746286273,-0.2660132944583893,0.2621814608573913,1.0283923149108887,0.12711821496486664,0.005076088942587376,-0.1171075254678726
0.05719925463199616,-0.04181651771068573,0.777841567993164,0.9997453093528749,-0.007040145341306925,0.005013282410800457,-0.020845230668783188,0.055064819753170006,0.13868333399295807,0.22273737192153928,0.15175072848796844,-0.21745647490024567,-0.12140170484781264,0.05967564508318901,-0.007892942987382412,-0.260745108127594,0.12651120126247406,-0.21311272680759427,0.034330617636442184,-0.09152063727378845,0.08211605250835417,0.1099935621023178,-0.06169201061129569,0.24054022133350367,-0.5767946839332581,1.0531040430068968,0.2348449528217316,0.01809587888419628,0.08273571729660034,0.010446579195559025,-0.27165696024894714,0.2539157271385193,1.0238420963287351,0.13333116471767423,0.0024170586839318275,-0.11998598277568816
0.05751530081033707,-0.04164730384945869,0.7776751518249511,0.9998592734336851,-0.007037566509097815,0.0036762123927474018,-0.014778454788029192,0.052193213254213326,0.13771207630634308,0.211775466799736,0.15827450156211853,-0.21976220607757568,-0.12101127207279204,0.0659421905875206,-0.009732189588248728,-0.2716659903526306,0.1259356588125229,-0.21583731472492215,0.035541996359825134,-0.08875986933708192,0.0810687318444252,0.11011721193790436,-0.06357487291097641,0.2371021658182144,-0.5786442160606384,1.05331552028656,0.23904810845851895,0.018026890233159065,0.08305906504392624,0.00713424663990736,-0.2790645956993103,0.2480620890855789,1.0228655338287351,0.13596683740615845,0.0017859190702438354,-0.12241627275943756
0.05775264650583267,-0.041282225400209434,0.7775292396545409,0.9999358654022216,-0.007018848787993193,0.002272937912493944,-0.008590333163738249,0.049012504518032074,0.13619230687618256,0.20040877163410184,0.16510917246341705,-0.2222635447978973,-0.11997625231742857,0.07224822044372559,-0.012110316194593906,-0.28327471017837524,0.12532976269721985,-0.21832099556922913,0.037095461040735245,-0.08546601235866545,0.08018465340137482,0.1105070114135742,-0.06550411134958267,0.2335651069879532,-0.5803749561309814,1.0533883571624756,0.24242182075977323,0.017516817897558212,0.08394301682710646,0.003883138066157698,-0.28794267773628235,0.24320557713508603,1.0238165855407715,0.13713413476943967,0.001853045425377786,-0.12405663728713988
0.05785290151834488,-0.04070860892534256,0.7774149179458617,0.9999734163284301,-0.006939227692782879,0.0008410323061980307,-0.002081340178847313,0.045360643416643136,0.13384205102920532,0.1879475712776184,0.17219778895378113,-0.22497709095478055,-0.11828792840242384,0.07859241217374802,-0.015127463266253471,-0.2958013713359833,0.12472158670425416,-0.22043007612228396,0.038917534053325646,-0.08184213936328888,0.0793493315577507,0.11095238476991652,-0.0674070417881012,0.22978112101554873,-0.5811030268669128,1.0533663034439087,0.245181143283844,0.01668580248951912,0.08484733104705809,0.0010246112942695616,-0.2979755699634552,0.23900631070137024,1.0266499519348145,0.13737663626670835,0.0023532023187726736,-0.124233677983284
0.05777374655008316,-0.039848778396844864,0.7773027420043945,0.9999655485153198,-0.006869779899716376,-0.0006024856702424586,0.004617894534021616,0.04190590232610703,0.1307510137557983,0.17489401996135712,0.1782819926738739,-0.227364644408226,-0.1162804439663887,0.08470688760280609,-0.018483608961105343,-0.3083304166793823,0.12419138848781584,-0.22200018167495728,0.04096238315105438,-0.07810448855161667,0.07886920869350433,0.11149064451456069,-0.06918434798717499,0.2258663773536682,-0.5812572836875916,1.0533268451690672,0.2467952519655228,0.015741078183054924,0.08542306721210478,-0.0010447573149576783,-0.3087293803691864,0.23611678183078763,1.0312756299972534,0.13698400557041168,0.003160846419632435,-0.122846819460392
0.05750267207622528,-0.03860308974981308,0.7772069573402404,0.9999096989631652,-0.006673612631857395,-0.002055446384474635,0.01147825550287962,0.03866589441895485,0.12652479112148285,0.16157597303390503,0.1838763505220413,-0.22947031259536743,-0.11355908960103989,0.09059011191129683,-0.02272331714630127,-0.3211204409599304,0.124197356402874,-0.22341184318065643,0.0438365526497364,-0.07437808066606522,0.07847594469785689,0.1123826652765274,-0.07031767815351486,0.22222405672073364,-0.5816770195961,1.053074836730957,0.246740996837616,0.014685523696243761,0.0863705426454544,-0.0026308232918381687,-0.3205130696296692,0.23587580025196075,1.03737735748291,0.135121151804924,0.004829736892133951,-0.12096472829580308
0.05702312663197517,-0.03684614971280097,0.7771669626235963,0.9998086690902709,-0.006379807367920876,-0.0036053839139640327,0.01813485659658909,0.036621853709220886,0.12119533866643904,0.14916840195655823,0.18823355436325076,-0.23119567334651947,-0.1102708876132965,0.09606347233057022,-0.02797695994377136,-0.3335704505443573,0.12526290118694303,-0.22449326515197757,0.04744376987218857,-0.07034610211849213,0.07844590395689009,0.11397814750671385,-0.07120344042778015,0.2188851088285446,-0.5823595523834229,1.0522842407226562,0.2458699494600296,0.013537892140448092,0.08785495907068253,-0.0041112853214144715,-0.33309608697891235,0.23858314752578733,1.0446693897247314,0.13103289902210236,0.0072877840138971806,-0.11926972866058348
0.056306175887584686,-0.03462941572070122,0.7771928310394286,0.999686121940613,-0.005960759241133928,-0.00501064071431756,0.023812713101506237,0.035524964332580566,0.11518219113349915,0.1394209265708923,0.19067655503749847,-0.23225533962249756,-0.10669120401144028,0.09997471421957017,-0.03427848964929581,-0.34430110454559326,0.1280699074268341,-0.2255026549100876,0.05143526196479797,-0.06611552089452744,0.07870608568191528,0.11601979285478592,-0.07169394195079803,0.21568894386291504,-0.582789957523346,1.050584316253662,0.24534837901592252,0.012660237029194832,0.08989152312278748,-0.006372509989887476,-0.3454465866088867,0.2442876696586609,1.0520918369293213,0.12547938525676727,0.010015377774834631,-0.11817620694637299
0.05522527545690536,-0.031820401549339294,0.7772693037986755,0.9995729327201843,-0.005457632709294558,-0.006251430604606866,0.02801832370460033,0.03535947576165199,0.10847797244787216,0.1327684074640274,0.190968319773674,-0.2324759811162949,-0.10228361934423447,0.1016763225197792,-0.04178877547383309,-0.352446585893631,0.13342854380607605,-0.2263386696577072,0.056116856634616845,-0.06123004481196404,0.07962321490049362,0.11870840191841124,-0.0711650550365448,0.21221296489238736,-0.5828148722648621,1.0474622249603271,0.24372442066669464,0.012440092861652374,0.09216264635324478,-0.01050139870494604,-0.3574424982070923,0.25201311707496643,1.059108018875122,0.12018468230962752,0.0129546532407403,-0.11796662956476212
0.05386386811733246,-0.028522484004497528,0.7773990631103516,0.999498665332794,-0.00500308582559228,-0.007255243137478828,0.03040972165763378,0.0355793721973896,0.10150746256113052,0.1291464865207672,0.18988169729709625,-0.2319992631673813,-0.09675493836402893,0.10043993592262268,-0.05005120858550072,-0.356886088848114,0.1417003720998764,-0.2267971783876419,0.06106152012944221,-0.05585263669490814,0.08122052997350691,0.1218571364879608,-0.06861437857151031,0.20869912207126615,-0.5819166898727417,1.043724775314331,0.24038422107696533,0.01302807219326496,0.0936342477798462,-0.016115449368953705,-0.3675650060176849,0.25865313410758967,1.0638892650604248,0.11818888783454896,0.015336271375417708,-0.11766544729471207
0.05223055928945541,-0.024718016386032104,0.7776185274124146,0.9994776248931885,-0.004620905965566635,-0.007890960201621054,0.03099773451685905,0.03586114943027496,0.09408464282751085,0.12786626815795898,0.1872268319129944,-0.2307014912366867,-0.08961240202188493,0.09534040093421936,-0.0592120923101902,-0.3574773967266083,0.15362760424613953,-0.22701469063758847,0.06608915328979492,-0.05030553415417671,0.08324230462312697,0.1252281069755554,-0.06436966359615326,0.2052815109491348,-0.5798699855804443,1.0403810739517212,0.23520694673061368,0.013962981291115284,0.09427352249622345,-0.02332228608429432,-0.3749751448631287,0.26259085536003113,1.0656895637512207,0.11950629204511642,0.0168367438018322,-0.11726711690425871
0.05037003755569457,-0.02048320323228836,0.7779141068458557,0.9995147585868835,-0.004348470363765954,-0.008083477616310118,0.02976592443883419,0.03643907606601715,0.08630489557981491,0.1289042830467224,0.18259067833423612,-0.22864854335784912,-0.08107157796621321,0.0863979086279869,-0.06892731040716171,-0.35433250665664673,0.16848772764205933,-0.2268986701965332,0.07079017162322998,-0.045433200895786285,0.0852762833237648,0.12887300550937653,-0.05912811309099197,0.2025504261255264,-0.5766294598579407,1.0379650592803955,0.2293240875005722,0.015376447699964046,0.0937597006559372,-0.0329241007566452,-0.3783586323261261,0.26425302028656006,1.0646190643310547,0.12352760136127472,0.017008060589432716,-0.1162322387099266
0.04832736402750015,-0.01591867208480835,0.7782221436500549,0.9996052980422973,-0.004253302235156298,-0.007854571565985678,0.02663588896393776,0.03739399090409279,0.07888947427272797,0.13347095251083374,0.1764214187860489,-0.22628015279769895,-0.07240419834852217,0.07401612401008606,-0.07851731777191162,-0.34749126434326166,0.18446362018585205,-0.22629307210445404,0.07452373951673508,-0.04133205115795136,0.08712800592184065,0.13260187208652496,-0.05300093814730644,0.20148856937885284,-0.5734459757804872,1.037292718887329,0.2224396765232086,0.017345204949378967,0.09246464818716048,-0.04443665221333504,-0.37730729579925537,0.26637935638427734,1.0612919330596924,0.1276799738407135,0.016703644767403603,-0.11398996412754057
0.04596991464495658,-0.011002005077898502,0.7784097790718079,0.9997439384460448,-0.003869408508762717,-0.0073449197225272655,0.0210493877530098,0.039671432226896286,0.07103098928928375,0.14329169690608978,0.1680055856704712,-0.22338740527629847,-0.06373224407434464,0.057063799351453774,-0.08952675759792326,-0.3360011279582977,0.2046803832054138,-0.22742122411727905,0.07827183604240417,-0.037438131868839264,0.08778852969408035,0.13683569431304932,-0.04633674770593643,0.2028241455554962,-0.571776270866394,1.0377702713012695,0.21378612518310544,0.01976559869945049,0.09008186310529709,-0.05838177353143692,-0.37213408946990967,0.2727886140346527,1.0579670667648315,0.12781782448291779,0.017313355579972267,-0.10916514694690704
0.04317513853311539,-0.005782232154160738,0.7783583402633667,0.9998945593833923,-0.0027943274471908808,-0.006504848133772612,0.01267786044627428,0.041625991463661194,0.06220926716923714,0.15909419953823087,0.16037887334823608,-0.22122678160667417,-0.054684996604919434,0.0337301641702652,-0.10294367372989655,-0.31928914785385126,0.2325715124607086,-0.2314281314611435,0.08245985209941864,-0.03275120630860329,0.08658535778522491,0.14189490675926208,-0.040165327489376075,0.2068004459142685,-0.5718000531196593,1.037821650505066,0.20432113111019132,0.020976882427930832,0.08714182674884796,-0.07553714513778687,-0.3640814125537872,0.28669431805610657,1.0568447113037107,0.12406343966722488,0.019228171557188038,-0.10240758955478668
0.03967460244894028,9.000441059470175e-05,0.777991771697998,0.9999841451644896,-0.0006883929600007832,-0.005446771625429392,0.0012080016313120723,0.042240608483552926,0.051288068294525146,0.1807793229818344,0.15580491721630096,-0.22031019628047943,-0.0444856695830822,0.0016025276854634285,-0.11984987556934357,-0.2968500554561615,0.27214211225509644,-0.23808012902736664,0.08770527690649033,-0.02733455039560795,0.08274595439434052,0.1488501727581024,-0.03367215022444725,0.21341845393180847,-0.5730482935905457,1.036454200744629,0.19303396344184875,0.020956214517354965,0.08354328572750092,-0.09652428328990936,-0.35363534092903137,0.309733510017395,1.0582218170166016,0.1187128946185112,0.022671643644571304,-0.09460242837667464
0.03552455455064773,0.006588507443666457,0.7772982716560363,0.9999110102653505,0.0026382764335721727,-0.004433931317180395,-0.012300606817007065,0.042825091630220406,0.03744920715689659,0.20645210146903992,0.15044762194156647,-0.2186151146888733,-0.03414618968963623,-0.036728963255882256,-0.13925644755363464,-0.27004265785217285,0.3196153938770294,-0.2453724294900894,0.09453095495700835,-0.02233436331152916,0.07547497749328613,0.1587947309017181,-0.028292808681726452,0.2224334180355072,-0.5747258067131041,1.0347375869750977,0.18025870621204376,0.020887373015284535,0.07887768745422363,-0.11980970203876495,-0.3404919505119324,0.3396984338760376,1.05987548828125,0.11710742115974426,0.025705762207508087,-0.08844327926635742
0.031205359846353527,0.013435553759336472,0.7765594720840454,0.9996360540390015,0.006408420857042073,-0.0037694824859499927,-0.02593194507062435,0.045288313180208206,0.021993841975927353,0.23244255781173703,0.1391389966011047,-0.21331128478050232,-0.024478133767843246,-0.07375454157590866,-0.15754078328609467,-0.241595596075058,0.36382427811622614,-0.2486969828605652,0.1032733842730522,-0.019169477745890617,0.06587175279855728,0.1716460883617401,-0.025516806170344353,0.23352214694023127,-0.5768309235572815,1.0343344211578367,0.16927413642406464,0.022846633568406105,0.07448850572109222,-0.1423339545726776,-0.32407063245773315,0.3700702488422394,1.0585825443267822,0.12019356340169907,0.02689152769744396,-0.08568082749843597
0.027233410626649857,0.020214075222611427,0.776208758354187,0.9992160201072691,0.008282061666250227,-0.0033725397661328316,-0.0385664775967598,0.0466403029859066,0.010889814235270023,0.25576651096343994,0.12949633598327637,-0.2076652944087982,-0.01538166869431734,-0.1020905002951622,-0.1672508865594864,-0.2140648365020752,0.39084258675575256,-0.243377685546875,0.11194744706153868,-0.017682397738099098,0.05911919847130776,0.18485274910926816,-0.023552583530545235,0.24528454244136808,-0.575918436050415,1.0339466333389282,0.1645951271057129,0.027777053415775296,0.07145252823829651,-0.15932315587997437,-0.3037743866443634,0.389089971780777,1.0553524494171143,0.12208552658557892,0.02727710455656052,-0.08667799085378647
0.023787420243024823,0.02659447304904461,0.7764524221420288,0.9986910820007325,0.007014770992100239,-0.002574280370026827,-0.050599534064531326,0.04517979547381401,0.007361524272710085,0.275330126285553,0.12505190074443817,-0.20513930916786197,-0.008053996600210665,-0.12112024426460266,-0.16564033925533295,-0.1903415620326996,0.39559581875801086,-0.22870022058486936,0.11828696727752684,-0.0166613832116127,0.05848696455359458,0.1949908435344696,-0.01928333938121796,0.25711381435394287,-0.5684423446655273,1.0290186405181885,0.16065210103988647,0.03168674558401108,0.06973466277122498,-0.16829949617385864,-0.2790121138095856,0.39118871092796326,1.0552425384521484,0.12372136861085892,0.028906002640724186,-0.09208025038242339
0.020655587315559387,0.03237973526120186,0.7770978212356566,0.9980611801147461,0.004452643916010857,-0.0006522402982227504,-0.062077142298221595,0.04028639942407608,0.007673322688788175,0.29318395256996155,0.12308883666992188,-0.20378269255161283,-0.0014604704920202491,-0.13510285317897797,-0.15993079543113708,-0.1733564734458923,0.3854427933692932,-0.20944905281066892,0.1214766725897789,-0.015479529276490211,0.06017976999282837,0.20081895589828488,-0.01114253792911768,0.27097064256668085,-0.5576910972595215,1.016310214996338,0.15001538395881653,0.030988233163952827,0.07029762864112854,-0.17058527469635007,-0.2506239414215088,0.3812584578990936,1.0617196559906004,0.1297968626022339,0.03156948834657669,-0.09951691329479216
0.01768510602414608,0.03773979842662811,0.7778234481811523,0.9973706603050234,0.001964033115655184,0.002180340699851513,-0.07240980863571168,0.03296799957752228,0.008874974213540554,0.310081422328949,0.12134400010108948,-0.20103709399700165,0.004611066076904535,-0.14531023800373075,-0.15455396473407745,-0.1629093587398529,0.3661435544490814,-0.18945924937725067,0.12283480167388916,-0.01400773599743843,0.060850583016872406,0.2030911594629288,-0.0027978192083537574,0.28922414779663086,-0.5520960092544556,0.9995084404945372,0.1319103091955185,0.025399198755621914,0.07058672606945038,-0.16889211535453796,-0.22109371423721316,0.3685508370399475,1.0765793323516843,0.13652585446834564,0.03323151543736458,-0.10588987916707993
0.015031367540359495,0.04228373244404793,0.7782798409461974,0.9967120289802552,0.0006881622830405831,0.005140031222254038,-0.08085983991622925,0.0258390624076128,0.008345127105712889,0.32497105002403254,0.1188940405845642,-0.19695988297462463,0.009063492529094221,-0.15118053555488586,-0.15143117308616638,-0.15573178231716156,0.3429379165172577,-0.1725117415189743,0.12485696375370024,-0.012898546643555164,0.05705518648028374,0.20400328934192655,0.0023853981401771303,0.3130005002021789,-0.5547585487365723,0.9876362085342408,0.11133240163326263,0.01792396605014801,0.0712001696228981,-0.16563135385513303,-0.1939430683851242,0.36666211485862726,1.0995080471038818,0.14445431530475616,0.033201400190591805,-0.10910161584615707
0.012769834138453007,0.0456763431429863,0.7782668471336365,0.9961976408958435,0.001183610875159502,0.0075896079652011395,-0.08678307384252547,0.019815441220998764,0.005049308761954308,0.33740484714508057,0.11577372252941132,-0.19221282005310056,0.01135445199906826,-0.1541341096162796,-0.15177123248577115,-0.1492295116186142,0.32359823584556574,-0.16371528804302216,0.1297965496778488,-0.013366727158427238,0.04679336398839951,0.20456518232822415,0.0037072410341352224,0.34243291616439814,-0.5625318884849548,0.9852539300918579,0.09530802816152573,0.013392255641520023,0.07279037684202194,-0.16190634667873383,-0.17206712067127228,0.3857060074806213,1.126125693321228,0.15712085366249084,0.032141733914613724,-0.10911019891500472
0.010986574925482271,0.047824770212173455,0.7781593799591064,0.9959120154380798,0.001461813342757523,0.008679892867803574,-0.08989844471216202,0.016171978786587715,0.0033230939880013466,0.34397253394126887,0.1145750507712364,-0.18802841007709503,0.012879401445388792,-0.15315113961696625,-0.15068566799163818,-0.14238807559013367,0.3097991347312927,-0.15966206789016724,0.13477022945880887,-0.015603180043399332,0.034147780388593674,0.20564447343349457,0.0019412512192502616,0.37583154439926153,-0.5725269317626953,0.9947547316551208,0.08696334809064865,0.013758230023086073,0.07492232322692871,-0.1571442186832428,-0.15931756794452667,0.4337213933467865,1.150418996810913,0.16645926237106323,0.030262764543294903,-0.10260423272848128
0.009725912474095821,0.04879230633378029,0.7779496908187865,0.9958938360214232,0.0015407698228955269,0.007866792380809784,-0.09017346799373625,0.015180486254394054,0.0017041417304426432,0.3418332040309906,0.11645492166280746,-0.1887098997831345,0.014406625181436539,-0.14997106790542603,-0.15062929689884183,-0.13740871846675873,0.30626779794693,-0.1629197895526886,0.14273804426193237,-0.01971226558089256,0.020887205377221107,0.20577633380889887,-0.0024028662592172623,0.4117421507835388,-0.5937566161155701,1.0153285264968872,0.09368031471967696,0.02101694606244564,0.07456669956445694,-0.15220704674720764,-0.1587962508201599,0.5150082707405089,1.1738713979721067,0.15434211492538452,0.029954493045806885,-0.0888427123427391
0.009235216304659843,0.04871780797839165,0.7781047821044922,0.9961426258087158,0.0006894366233609617,0.005894494242966175,-0.08754798024892807,0.019092151895165443,0.0034805180039256807,0.33740222454071045,0.12039680033922195,-0.19032466411590576,0.014014115557074547,-0.14838746190071103,-0.1542905569076538,-0.1427607238292694,0.32425335049629206,-0.17556673288345337,0.13523529469966888,-0.024084459990262985,0.010854613967239857,0.20590470731258392,-0.012732385657727718,0.4495394825935364,-0.6292105317115784,1.035439372062683,0.12196440994739532,0.03757996112108231,0.061860889196395874,-0.15265116095542908,-0.17547342181205747,0.633543074131012,1.191058874130249,0.08717312663793565,0.03263368085026741,-0.06096219271421432
0.009189591743052004,0.04765922576189041,0.7784043550491333,0.9966354966163635,-0.000363759754691273,0.004017500672489405,-0.08186223357915878,0.01950116455554962,0.005487863905727863,0.3241630792617798,0.12628039717674255,-0.1934076696634293,0.013834943063557148,-0.14969554543495178,-0.16029134392738342,-0.14770342409610748,0.36828500032424927,-0.19946077466011047,0.1167350262403488,-0.032456573098897934,0.0024710244033485647,0.20116400718688965,-0.024204196408391,0.49170842766761774,-0.6905680298805237,1.043959617614746,0.2161753475666046,0.06290629506111145,0.03419606387615204,-0.1539878100156784,-0.20777736604213717,0.8018444776535033,1.194266438484192,-0.0634828433394432,0.04377573356032372,-0.01825001835823059
0.009530688636004925,0.045347407460212714,0.7787837386131287,0.9972655177116394,-0.0012903612805530429,0.003454960882663727,-0.07380972802639006,0.015793897211551666,0.008071039803326132,0.3057727813720703,0.13192874193191528,-0.19390214979648593,0.010608923621475697,-0.1474573016166687,-0.1649199277162552,-0.15264587104320526,0.4049545824527741,-0.22049763798713684,0.0998285189270973,-0.03963682800531387,-0.006032328121364117,0.18893273174762723,-0.030413608998060223,0.5442879796028137,-0.7666714787483214,1.0121803283691406,0.3646891117095947,0.09104036539793015,-0.005662104580551386,-0.15263792872428894,-0.25118619203567505,0.9832963943481443,1.178472876548767,-0.2723504304885864,0.06455226242542267,0.028099557384848595
0.010279355570673943,0.0418505109846592,0.7789421081542968,0.9979014992713928,-0.0012114086421206591,0.003936481662094593,-0.06461870670318604,0.011542968451976776,0.009121728129684925,0.28682079911231995,0.13341552019119263,-0.19245779514312744,0.004829790908843279,-0.1355524510145187,-0.16347835958003995,-0.1541515439748764,0.40734362602233887,-0.23476213216781616,0.09649428725242615,-0.03997592255473137,-0.016123298555612564,0.17230582237243652,-0.027038211002945896,0.6062576174736023,-0.8270336985588074,0.9337513446807859,0.49252122640609747,0.1101551130414009,-0.03783010691404343,-0.14019440114498138,-0.2952013313770294,1.1189343929290771,1.14883291721344,-0.46812862157821655,0.0892554000020027,0.06401336193084717
0.011149761267006396,0.03757850825786591,0.7788695693016051,0.9984356164932251,-7.373497646767646e-05,0.0052213193848729125,-0.055668804794549935,0.009563141502439976,0.00874518696218729,0.26992541551589966,0.12997353076934814,-0.18887032568454745,-0.0019756800029426813,-0.1237068548798561,-0.15437495708465576,-0.14506426453590393,0.38322061300277704,-0.23408354818820956,0.10465777665376665,-0.033192697912454605,-0.027384538203477856,0.15567664802074432,-0.020131552591919896,0.6720962524414064,-0.854179859161377,0.8216362595558167,0.5718575119972229,0.11923076212406158,-0.056940708309412,-0.11593519151210784,-0.33534857630729675,1.197506308555603,1.1094191074371336,-0.587470293045044,0.10494451224803925,0.08120475709438325
0.011975888162851332,0.03254936635494232,0.7790539264678955,0.9987703561782837,0.0014628322096541524,0.006871360819786787,-0.049076158553361886,0.008137906901538372,0.008467467501759529,0.25550758838653564,0.12409775704145432,-0.18568509817123413,-0.012427547946572304,-0.11759448796510696,-0.14706826210021973,-0.14263463020324707,0.36492851376533514,-0.23187135159969327,0.10968273878097534,-0.022666567936539646,-0.038252905011177056,0.1432945430278778,-0.010878033936023712,0.7340269088745117,-0.8429583907127379,0.6989328861236572,0.6142593622207642,0.12085562944412231,-0.06324136257171631,-0.08576547354459761,-0.3672583997249603,1.2338571548461914,1.0671617984771729,-0.6368424296379088,0.10099896788597106,0.08033560961484909
0.012561012059450148,0.027404945343732837,0.7787452340126036,0.9989471435546877,0.0034329835325479507,0.008195613510906696,-0.045006975531578064,0.005292314570397139,0.009460241533815859,0.24719838798046112,0.1215325891971588,-0.1849253475666046,-0.02010742388665676,-0.11560793966054916,-0.15011261403560638,-0.16138280928134918,0.3631013631820679,-0.23940400779247284,0.11280282586812972,-0.008053774014115334,-0.04816555976867676,0.1372346132993698,-0.005234517622739077,0.7844964265823363,-0.8120981454849243,0.5881786346435547,0.6199268698692322,0.11799320578575134,-0.060869578272104256,-0.059076037257909775,-0.3920587599277496,1.248787522315979,1.028322696685791,-0.639948844909668,0.08803616464138031,0.06617511063814163
0.012964644469320774,0.021930772811174393,0.77809739112854,0.9990090131759645,0.006059344857931137,0.009101486764848232,-0.04314367100596428,0.0026550011243671174,0.010418858379125597,0.24264825880527496,0.12192686647176743,-0.18644046783447263,-0.02663385681807995,-0.11668424308300018,-0.1537970006465912,-0.17455047369003296,0.3699437975883484,-0.248822882771492,0.11371406912803649,0.007926879450678825,-0.057890694588422775,0.13761590421199799,-0.0021746465936303134,0.8149062991142274,-0.7646904587745665,0.5113012790679932,0.6046215295791626,0.11501208692789076,-0.04510556906461716,-0.03810305893421173,-0.4094180762767792,1.2450830936431885,0.9988303184509277,-0.6207525730133057,0.07329493761062622,0.04459352791309357
0.013353960588574408,0.01633363962173462,0.7774361371994017,0.9989892244338989,0.008538342081010342,0.009605742059648037,-0.04307332262396813,0.0013717178953811526,0.01300338003784418,0.2408981025218964,0.124262697994709,-0.18871167302131647,-0.03321630135178565,-0.11959967017173768,-0.1551981121301651,-0.18089659512043,0.3804354667663574,-0.2586753368377685,0.10842712968587875,0.019830508157610893,-0.06641750037670135,0.14274725317955017,-0.0018803175771608949,0.8188367486000061,-0.7126089930534363,0.48492670059204096,0.587127685546875,0.11854686588048934,-0.02319374866783619,-0.025944637134671208,-0.41703370213508606,1.2243249416351318,0.9864598512649536,-0.5934772491455078,0.06173041835427284,0.021789392456412315
0.01410559006035328,0.011047452688217165,0.777542233467102,0.9988919496536256,0.008358743973076342,0.009069391526281832,-0.04541776701807976,0.004794151056557894,0.02235652506351471,0.242899090051651,0.12604068219661713,-0.1900871694087982,-0.04136303812265396,-0.11486151069402693,-0.14576824009418488,-0.18058860301971436,0.3765449225902557,-0.26066854596138,0.10120712220668791,0.027155382558703423,-0.06827773153781891,0.1477438360452652,0.0015326053835451603,0.7962668538093568,-0.6666096448898315,0.503169059753418,0.5698070526123047,0.12276624888181686,0.0007492456352338195,-0.020481893792748448,-0.4140815436840057,1.192795753479004,0.9926832914352418,-0.562520444393158,0.05799413099884986,-0.0003538056043908
0.015319603495299816,0.005811305716633797,0.7784196734428405,0.9987337589263917,0.005114514380693436,0.0071844393387436875,-0.049529965966939926,0.011605001986026764,0.039826229214668274,0.24799668788909912,0.13083241879940033,-0.1927555948495865,-0.050626888871192925,-0.09912890195846556,-0.1251465082168579,-0.1772773265838623,0.35379225015640253,-0.254129022359848,0.09390775859355927,0.029125578701496124,-0.06277970224618912,0.15016667544841766,0.008453787304461002,0.7473336458206176,-0.6296415328979492,0.5512667894363403,0.543836772441864,0.12143170833587646,0.02412114664912224,-0.01971070095896721,-0.4007228016853333,1.1567761898040771,1.0137557983398435,-0.5256247520446777,0.06290566921234131,-0.019145218655467037
0.016638340428471565,0.0002263961359858513,0.77937114238739,0.9985126852989197,-0.0002511040947865695,0.005302049685269593,-0.05425984784960746,0.011465083807706831,0.06459636986255646,0.2525348365306854,0.1527314335107803,-0.20405592024326324,-0.05955553799867631,-0.0806693360209465,-0.10033650696277618,-0.17667651176452637,0.32384833693504333,-0.24208517372608185,0.08375367522239685,0.02460227534174919,-0.05198263004422188,0.14970694482326508,0.010778935626149176,0.6792168617248535,-0.6109818816184998,0.6156501173973083,0.5035134553909302,0.1126810759305954,0.04960555583238602,-0.018581008538603783,-0.3795453310012817,1.1186450719833374,1.0404417514801023,-0.48130014538764954,0.06843864172697067,-0.03625250980257988
0.017632827162742615,-0.00559677230194211,0.7795353531837462,0.9981853961944579,-0.006365481298416853,0.0040376982651650906,-0.05974188074469566,-0.0016279562842100859,0.09519943594932556,0.25612589716911316,0.20240277051925656,-0.23060841858386996,-0.06727557629346848,-0.06709679961204529,-0.07567796111106873,-0.17710839211940765,0.30161407589912415,-0.23093996942043304,0.07409270852804184,0.016701214015483856,-0.03801947087049484,0.1486739218235016,0.004606663249433041,0.6027652025222777,-0.6166573762893677,0.687443196773529,0.454317569732666,0.09498175978660583,0.0733208656311035,-0.017291266471147537,-0.35072207450866694,1.0738040208816528,1.0723463296890259,-0.4284464120864868,0.06627890467643738,-0.06055743619799613
0.018386308103799816,-0.0113498754799366,0.7784404158592224,0.9977472424507139,-0.011724119074642658,0.0018296042690053584,-0.06602711975574493,-0.01622975431382656,0.12580041587352753,0.2601709067821502,0.2624782919883728,-0.2628121674060821,-0.07303620874881744,-0.05820358172059059,-0.05386442318558693,-0.17468366026878357,0.2943892478942871,-0.22991441190242767,0.0655391588807106,0.00710986414924264,-0.02428185008466244,0.1501436084508896,-0.009022998623549938,0.5253742933273315,-0.6421211361885071,0.7622371315956116,0.4047418534755706,0.07222028821706772,0.08293364942073822,-0.02040390484035015,-0.31612280011177063,1.0268085002899168,1.107663869857788,-0.37135672569274897,0.05894132703542709,-0.08742110431194305
0.019017904996871948,-0.016979530453681942,0.7764989137649536,0.9971638917922973,-0.01745963469147682,-0.0019561969675123687,-0.07318129390478134,-0.027320314198732376,0.15776005387306213,0.26344916224479675,0.3232933282852173,-0.29574355483055115,-0.08045191317796707,-0.04839468747377396,-0.03055514022707939,-0.16987755894660947,0.29426437616348267,-0.23555471003055567,0.05487474426627159,-0.0026789216790348287,-0.010151145979762076,0.15606874227523804,-0.027753757312893867,0.45297738909721375,-0.6726791262626648,0.8335227370262147,0.35439667105674744,0.050654176622629166,0.07863736897706985,-0.028092611581087112,-0.2813560664653778,0.9806345701217651,1.1342148780822752,-0.3110903203487396,0.049188535660505295,-0.10364168137311935
0.01975017972290516,-0.022485293447971344,0.7747865319252014,0.9964765310287476,-0.022462140768766403,-0.005740876775234938,-0.08060373365879059,-0.03028867952525616,0.18654835224151609,0.2696816623210907,0.3659814298152924,-0.32018995285034174,-0.0895223543047905,-0.03805313631892204,-0.008012588135898113,-0.16175107657909393,0.2928469777107239,-0.2410178184509277,0.04360108450055122,-0.013444212265312672,0.002496750792488456,0.1613496094942093,-0.04992363229393959,0.38690891861915594,-0.7059676051139832,0.8991488218307494,0.3135482668876648,0.03930004686117172,0.07012921571731567,-0.03787768259644508,-0.2519802749156952,0.9312656521797181,1.1435683965682983,-0.2607986629009247,0.04028233513236046,-0.10286355018615723
0.02069463767111301,-0.02753164060413837,0.7740123271942138,0.9956358671188353,-0.02591855637729168,-0.00769378338009119,-0.08932190388441084,-0.02426539361476898,0.2089182734489441,0.28299054503440857,0.3832589387893677,-0.3309737741947174,-0.09886053949594496,-0.029556481167674065,0.012164490297436714,-0.1473708003759384,0.28587692975997925,-0.24025557935237885,0.0320475809276104,-0.025292014703154564,0.013201240450143814,0.16166013479232788,-0.07290241867303848,0.32606792449951166,-0.737705409526825,0.9512945413589475,0.3009835481643677,0.03992979228496552,0.06085573509335518,-0.04532875865697861,-0.22799611091613767,0.8693045377731323,1.1393998861312866,-0.22240073978900907,0.0363614410161972,-0.09094841033220291
0.0218544565141201,-0.03251262009143829,0.7737830281257628,0.9945809841156004,-0.028293037787079808,-0.00832568481564522,-0.09969373047351837,-0.012615324929356577,0.22590771317481995,0.29780253767967224,0.38565993309021,-0.33599328994750977,-0.1057090014219284,-0.021159943193197247,0.03165314346551895,-0.12740781903266907,0.271613746881485,-0.2363012582063675,0.021217677742242813,-0.03653613105416298,0.023319356143474575,0.15881942212581635,-0.09615883231163026,0.2751602828502655,-0.759441614151001,0.9818570613861086,0.3205252587795257,0.04747601225972176,0.052248157560825355,-0.05056034028530121,-0.20572488009929657,0.7900046110153198,1.132073998451233,-0.17108857631683347,0.0356905497610569,-0.07688033580780029
0.02264866977930069,-0.03771745041012764,0.7729849815368652,0.9932363629341123,-0.03242621198296547,-0.007078936789184809,-0.11126526445150375,-0.009141599759459496,0.2490578293800354,0.3122607171535492,0.3992559015750885,-0.34688493609428406,-0.11422943323850632,-0.01568089798092842,0.0551777221262455,-0.10903529822826384,0.25404274463653564,-0.23023539781570437,0.01165846362709999,-0.048214275389909744,0.038180828094482415,0.15286098420619965,-0.1181076243519783,0.23585794866085047,-0.7691022157669067,0.9893565773963928,0.3459043800830841,0.05291828140616417,0.04593244940042496,-0.058889154344797134,-0.1826893240213394,0.7025383710861206,1.125210165977478,-0.10408085584640502,0.03229154273867607,-0.06736808270215988
0.022808393463492397,-0.04281830042600632,0.7712024450302125,0.9914975762367249,-0.03938869386911392,-0.0059174224734306335,-0.1238795518875122,-0.01765182986855507,0.28511953353881836,0.3258161246776581,0.44156917929649353,-0.3669056296348572,-0.12183227390050888,-0.012785770930349827,0.08461088687181471,-0.09190893173217773,0.24214750528335569,-0.2241919040679932,0.0018427975010126827,-0.05944254994392395,0.05872337892651558,0.15031249821186063,-0.14117014408111572,0.20943467319011688,-0.764800190925598,0.9777222871780397,0.3620295822620392,0.051122870296239846,0.05261252447962761,-0.07494431734085083,-0.16648218035697937,0.6319423317909241,1.1141968965530396,-0.0489245280623436,0.022105412557721135,-0.06416726112365723
0.02233864553272724,-0.04780840501189232,0.7679468989372252,0.9893406033515929,-0.050242830067873,-0.0055568041279912,-0.13656489551067352,-0.037814591079950326,0.3366664946079254,0.3335977494716644,0.5162487626075745,-0.39811143279075617,-0.12965361773967743,-0.010534309782087801,0.1216774731874466,-0.07742289453744888,0.23727118968963623,-0.2197597771883011,-0.009805489331483841,-0.07040561735630035,0.08584080636501312,0.15327773988246915,-0.16170242428779602,0.197171151638031,-0.7492546439170836,0.9527801275253296,0.3664831817150116,0.04634370654821396,0.07475321739912033,-0.10069601237773897,-0.16185788810253143,0.5915418267250061,1.0984549522399902,-0.019978825002908703,0.011750812642276289,-0.06377087533473969
0.021734138950705528,-0.05271008610725402,0.7637404799461364,0.9867454767227172,-0.06423618644475937,-0.006913245655596256,-0.14885973930358887,-0.06394919753074646,0.40034398436546326,0.3333588242530823,0.6131875514984131,-0.430293083190918,-0.14479675889015195,-0.005955188535153866,0.16466403007507324,-0.06691897660493851,0.23806729912757876,-0.21669010818004608,-0.02326489053666592,-0.08026402443647385,0.11728522926568984,0.16426537930965424,-0.17938418686389923,0.1952836960554123,-0.7331136465072631,0.929029107093811,0.36487382650375366,0.04035628214478493,0.102271169424057,-0.12927943468093872,-0.1669764667749405,0.5766312479972839,1.083041787147522,0.001273580826818943,0.004779223818331957,-0.06264495104551315
0.02072620950639248,-0.05717981606721879,0.7599185705184937,0.9846677780151368,-0.07415247708559036,-0.011975538916885853,-0.15744011104106903,-0.08803557604551315,0.4534785747528076,0.3331310451030731,0.7114066481590271,-0.4462939500808716,-0.14300209283828735,-6.425461469916627e-05,0.1944929510354996,-0.06093694269657135,0.25394466519355774,-0.22643639147281647,-0.03225032240152359,-0.09130126982927321,0.13725610077381134,0.18353021144866943,-0.19421535730361936,0.20012325048446652,-0.7222288846969603,0.9215089678764344,0.3527463674545288,0.03671068698167801,0.12720283865928647,-0.1578635275363922,-0.17634810507297516,0.5651370882987976,1.0697083473205566,0.022008543834090233,0.0033407018054276705,-0.06940216571092606
0.019526340067386627,-0.06090107932686806,0.7578260898590087,0.9838398098945615,-0.07829690724611281,-0.015407438389956951,-0.16028538346290588,-0.1197868213057518,0.48598626255989075,0.32504603266716003,0.7897181510925294,-0.43492648005485535,-0.13995735347270963,0.004112447146326304,0.20868243277072904,-0.06006914004683495,0.2666684687137604,-0.2358424216508865,-0.04038221389055252,-0.10410498082637785,0.1439504772424698,0.19859646260738367,-0.20611166954040527,0.20894137024879453,-0.7124185562133789,0.9262430667877197,0.346604436635971,0.03306584432721138,0.14966322481632233,-0.17762228846549988,-0.18235965073108676,0.5313819050788879,1.0569255352020264,0.030531708151102063,0.007272283546626566,-0.08924049139022827
0.018513919785618786,-0.06391292810440063,0.757236897945404,0.9839764237403869,-0.07827614247798918,-0.017408205196261402,-0.159248948097229,-0.15772166848182678,0.4962601661682129,0.29980161786079407,0.8518181443214417,-0.40759512782096863,-0.1369933784008026,0.007529782131314277,0.21174536645412445,-0.06340721249580383,0.2726034224033356,-0.2416265457868576,-0.04582726955413818,-0.11572828143835068,0.14173594117164612,0.20769125223159793,-0.214016318321228,0.22021423280239105,-0.7011826038360596,0.9342995882034301,0.34604591131210327,0.033841971307992935,0.1581149697303772,-0.1849854439496994,-0.18132942914962769,0.482959657907486,1.0489728450775146,0.033453319221735,0.013025489635765553,-0.11673591285943984
0.01759576052427292,-0.06633229553699493,0.756715178489685,0.9842725396156312,-0.07805301249027251,-0.01880703493952751,-0.15735808014869687,-0.19290946424007413,0.5001691579818726,0.2710825800895691,0.9056292772293091,-0.38497811555862427,-0.1357252299785614,0.00931588001549244,0.2126873880624771,-0.06843531131744385,0.27737060189247126,-0.2455696910619736,-0.04946158453822136,-0.12344811111688613,0.140378937125206,0.2133897840976715,-0.21352677047252652,0.2325262129306793,-0.6910350918769836,0.9364161491394043,0.3379621207714081,0.032646562904119485,0.15195520222187042,-0.1821251064538956,-0.1787160187959671,0.44761714339256287,1.0429036617279053,0.03526793792843819,0.015214131213724611,-0.13142409920692444
0.01669924706220627,-0.06809329241514206,0.7559068202972413,0.9845197200775145,-0.07883813232183456,-0.018681475892663,-0.15542398393154144,-0.221958801150322,0.5042861104011536,0.24489136040210724,0.9405794739723203,-0.3764832317829132,-0.1383366584777832,0.005676192231476306,0.21463018655776975,-0.07627656310796738,0.28359115123748774,-0.2489652931690216,-0.052711457014083855,-0.1286238580942154,0.14412552118301392,0.2158210724592209,-0.20331352949142456,0.24604369699954984,-0.6843824982643129,0.9289914965629577,0.31999003887176514,0.0237873699516058,0.14348717033863068,-0.17486262321472168,-0.1837963163852692,0.43774947524070734,1.040724754333496,0.03263754025101662,0.009765123017132282,-0.12915301322937012
0.016016514971852303,-0.068943552672863,0.7551703453063965,0.9847611188888548,-0.0794740691781044,-0.017519785091280937,-0.15369610488414764,-0.24354468286037445,0.5024373531341553,0.22055941820144653,0.9433621168136596,-0.39673888683319086,-0.13926120102405548,-0.0008290939731523394,0.21536721289157867,-0.08652216196060179,0.2921745479106903,-0.25392141938209534,-0.053868647664785385,-0.1291077882051468,0.15013393759727478,0.21692486107349396,-0.18540759384632113,0.2592461407184601,-0.6789437532424927,0.9211775064468384,0.30360880494117737,0.018930386751890182,0.13728664815425873,-0.16876003146171567,-0.19548356533050537,0.4503655135631561,1.0466744899749756,0.0216420479118824,0.008382123894989489,-0.11605937778949736
0.01583150029182434,-0.0692458301782608,0.7549057006835938,0.9852077364921568,-0.07924515753984451,-0.016031991690397263,-0.1510922014713287,-0.256394624710083,0.4882276356220245,0.194007471203804,0.9083180427551267,-0.41195565462112427,-0.14242275059223175,-0.0050025787204504004,0.2138523757457733,-0.0951368138194084,0.29404452443122864,-0.2571074664592743,-0.052988946437835686,-0.12696152925491333,0.1555003970861435,0.2158362716436386,-0.1656842827796936,0.2694266438484192,-0.6787359118461609,0.9190070629119872,0.28832876682281494,0.016029493883252144,0.13167543709278107,-0.16043581068515775,-0.21027401089668277,0.481436163187027,1.0616044998168943,0.0033648102544248104,0.01067149080336094,-0.09779277443885805
0.016102340072393417,-0.06906312704086304,0.7549960017204285,0.9858886003494263,-0.07827425003051756,-0.014327119104564188,-0.14728057384490967,-0.2582307755947113,0.468848168849945,0.1748799830675125,0.8481397032737733,-0.41134050488471985,-0.1446058005094528,-0.006327560171484947,0.20984032750129697,-0.10337691009044649,0.28919875621795654,-0.258992463350296,-0.0496036671102047,-0.12389817833900452,0.15961414575576782,0.2130069583654404,-0.14529120922088623,0.27734291553497314,-0.6806660294532776,0.9248057007789613,0.274599552154541,0.014597288332879543,0.12287881225347518,-0.14986416697502136,-0.22640274465084076,0.5329150557518004,1.086815595626831,-0.022931614890694615,0.016233759000897408,-0.07219444960355759
0.016696348786354065,-0.06828425824642181,0.7556897997856141,0.9867032170295715,-0.07677716016769409,-0.012747813947498798,-0.1426868587732315,-0.24733079969882965,0.45497569441795355,0.17652754485607147,0.7865830063819885,-0.4086391627788544,-0.1386653184890747,-0.0038506758864969015,0.20327921211719513,-0.11246323585510253,0.2773436903953552,-0.2585422396659851,-0.04332735016942024,-0.1207987070083618,0.16201230883598328,0.20948457717895508,-0.12523433566093445,0.2835277318954468,-0.6814649701118469,0.9391890764236449,0.2636193335056305,0.017120888456702232,0.1126170977950096,-0.13961082696914673,-0.24142785370349884,0.6076441407203673,1.1188533306121826,-0.06746645271778107,0.028279127553105354,-0.032560501247644424
0.01778838038444519,-0.06691426038742065,0.75651216506958,0.987798273563385,-0.07606641203165054,-0.011060555465519428,-0.1354481428861618,-0.23560504615306851,0.4495670795440674,0.19221560657024384,0.748184323310852,-0.4156133532524109,-0.12517835199832916,0.003660575021058321,0.197805181145668,-0.1226215437054634,0.2560898959636688,-0.2543397843837738,-0.0384228341281414,-0.12043327093124388,0.16538815200328827,0.20449769496917725,-0.10453637689352036,0.28734904527664185,-0.6782506704330444,0.9563970565795897,0.2509548664093017,0.023699553683400158,0.09804559499025343,-0.12766295671463013,-0.2557812035083771,0.6984879970550537,1.153523564338684,-0.13833770155906677,0.03938033431768417,0.017799232155084607
0.018739422783255577,-0.0650596022605896,0.7575371861457824,0.9891534447669984,-0.07568096369504929,-0.008766387589275839,-0.12558263540267944,-0.23724927008152008,0.4375320971012115,0.18518526852130887,0.7301300168037415,-0.41347864270210266,-0.12349675595760344,0.014276465401053429,0.19121024012565607,-0.1368938535451889,0.23048453032970428,-0.24479773640632627,-0.03339878097176552,-0.11920130252838133,0.16926376521587372,0.19992327690124512,-0.08665995299816132,0.28989619016647333,-0.6659667491912842,0.975845754146576,0.24267424643039703,0.02891409955918789,0.08943384885787965,-0.10743466764688492,-0.2674408257007599,0.7790889739990233,1.1797308921813965,-0.23503419756889343,0.04628285765647888,0.06955713778734207
0.020070565864443776,-0.06251964718103409,0.7590700984001159,0.9908028841018676,-0.07373914122581483,-0.006159045267850161,-0.11328830569982529,-0.24151284992694852,0.41734036803245533,0.1723445355892181,0.7085222005844116,-0.40581247210502625,-0.12418926507234572,0.025384526699781414,0.18014904856681824,-0.15480190515518188,0.20209097862243647,-0.2323411256074905,-0.028537046164274212,-0.11946621537208556,0.16890667378902435,0.19446779787540436,-0.06610769778490067,0.29194679856300354,-0.6428577899932861,0.9938753247261048,0.2347552329301834,0.03566436097025871,0.08485709130764006,-0.0746104419231415,-0.2733984887599945,0.8199748396873474,1.1915158033370972,-0.3106099367141724,0.05046762526035309,0.1019994243979454
0.022176796570420265,-0.05940105020999909,0.7614076733589171,0.9928106665611267,-0.06827538460493088,-0.0034484823700040575,-0.09825205057859421,-0.23999150097370148,0.3840116560459137,0.15956754982471466,0.6718163490295409,-0.3907374441623688,-0.12495632469654085,0.03548850864171982,0.15986917912960052,-0.17588575184345245,0.17591948807239532,-0.2230487018823624,-0.0222530048340559,-0.12238573282957076,0.16026942431926727,0.1851981580257416,-0.041441742330789566,0.2944200932979584,-0.6145573854446411,1.0094821453094482,0.2345339357852936,0.04258422926068305,0.08310823887586594,-0.029347840696573257,-0.27405998110771174,0.8058354854583741,1.191306471824646,-0.3367350399494171,0.052844900637865067,0.10641265660524368
0.02524097077548504,-0.05573628470301628,0.7645349502563475,0.9950124025344848,-0.0585329495370388,-0.0010579180670902133,-0.08076539635658264,-0.2291865199804306,0.3364426791667938,0.14711271226406095,0.6180959343910217,-0.3663185834884644,-0.12607033550739288,0.0457131490111351,0.1288963109254837,-0.1995187997817993,0.15403904020786283,-0.21917849779129028,-0.013513957150280476,-0.12553904950618744,0.141286239027977,0.17161771655082703,-0.013618291355669498,0.2992228865623474,-0.5885523557662964,1.0209122896194458,0.24421195685863492,0.04855011776089668,0.08192476630210876,0.025629878044128414,-0.26826581358909607,0.7410054206848145,1.1834464073181152,-0.3079611659049988,0.052543684840202325,0.08256255090236662
0.028828799724578857,-0.05161324143409729,0.7680463790893554,0.9969643950462339,-0.045854832977056496,0.0019638375379145145,-0.06289228796958923,-0.21276825666427607,0.28168436884880066,0.13804134726524353,0.5516851544380188,-0.33343568444252014,-0.12601757049560547,0.052376627922058105,0.09068161994218825,-0.2233015447854996,0.13956694304943085,-0.21964244544506076,-0.002096963580697775,-0.12466124445199966,0.1161949336528778,0.15318304300308228,0.015009805560112,0.3070380687713623,-0.5656335353851318,1.0250821113586424,0.25689250230789185,0.05147711560130119,0.08162050694227217,0.08314739167690277,-0.25635266304016113,0.6468815803527832,1.1720305681228635,-0.2313469648361206,0.04809116572141647,0.04376719519495964
0.03245322406291962,-0.04700656235218048,0.7714959979057312,0.9983816742897031,-0.03228474035859108,0.006151576992124319,-0.0464109480381012,-0.19197331368923187,0.22629076242446897,0.13333307206630707,0.4731016755104065,-0.2938373386859894,-0.12606406211853027,0.055021949112415314,0.04969940707087517,-0.24527865648269653,0.13111490011215207,-0.22237506508827207,0.0113782100379467,-0.11828064173460005,0.08982186019420622,0.13150621950626373,0.04251829162240028,0.3152967393398285,-0.5386308431625366,1.0243853330612183,0.26240676641464233,0.051184028387069695,0.08324548602104187,0.1349049210548401,-0.24119329452514648,0.553026020526886,1.1604595184326172,-0.14451494812965393,0.04294168576598168,0.008938116952776909
0.03575073555111885,-0.042116157710552216,0.7744739055633546,0.9992047548294067,-0.020219450816512108,0.011010657995939255,-0.032554931938648224,-0.1695372611284256,0.17717479169368744,0.13077145814895627,0.3917534649372101,-0.25215041637420654,-0.1255126595497131,0.055356714874506,0.011695913970470428,-0.2641545832157135,0.1266339272260666,-0.22612027823925016,0.025987716391682625,-0.1083092764019966,0.06688179075717926,0.11063990741968154,0.06707257032394409,0.3197806775569916,-0.5009160041809082,1.0239818096160889,0.2521081268787384,0.04889262840151786,0.08886505663394928,0.17362536489963531,-0.22736096382141116,0.4778276681900024,1.1512000560760498,-0.07849553972482681,0.04012016579508781,-0.014497263357043266
0.0389297679066658,-0.03688251972198486,0.7767924666404723,0.9996008276939392,-0.010479268617928028,0.015801146626472473,-0.020943988114595413,-0.14786988496780396,0.13583607971668243,0.12738476693630219,0.3172519505023956,-0.2141553610563278,-0.12115988880395888,0.05464468896389008,-0.02174358256161213,-0.2806450128555298,0.12639155983924863,-0.2311391234397888,0.04271695017814636,-0.0961112380027771,0.04925396293401718,0.09288625419139862,0.08735299110412596,0.3176679313182831,-0.4495392441749573,1.026780605316162,0.22256763279438016,0.044410157948732376,0.10064049065113068,0.1987607628107071,-0.21808359026908877,0.4211974740028381,1.1433980464935303,-0.032683666795492165,0.0395544096827507,-0.02997740544378757
0.04197331517934799,-0.03143072873353958,0.7779055833816528,0.9997448325157164,-0.003163224086165428,0.01940186321735382,-0.011124853044748306,-0.13132688403129575,0.10240259021520615,0.12196099758148192,0.2632943391799927,-0.1897178292274475,-0.11094947159290312,0.05177607014775276,-0.05143197998404503,-0.29580405354499817,0.1363820433616638,-0.24103716015815732,0.05985871702432632,-0.08408452570438385,0.03736742585897446,0.0809817686676979,0.10282783955335616,0.30892932415008545,-0.3915543854236602,1.035257339477539,0.1760864406824112,0.03717763349413872,0.11680231988430025,0.21168096363544464,-0.21572192013263705,0.38071733713150013,1.133674383163452,-0.0031025742646306757,0.039931129664182656,-0.04139794781804085
0.044711895287036896,-0.025919985026121136,0.777631938457489,0.9997604489326477,0.0033232078421860933,0.021355837583541874,-0.0034585213288664818,-0.11901810020208357,0.07338323444128035,0.11823868751525878,0.22941094636917117,-0.17871788144111633,-0.09761185199022292,0.03953801095485687,-0.08365532010793686,-0.30732500553131104,0.1745089739561081,-0.2644982635974884,0.07492338120937347,-0.07362245768308638,0.0275147408246994,0.07504463195800781,0.1116507202386856,0.2964475452899933,-0.3417827785015106,1.052764654159546,0.12352149933576584,0.029393855482339856,0.13081252574920654,0.21314534544944763,-0.2201378047466278,0.3517310321331024,1.1224734783172607,0.012997165322303772,0.03957512602210045,-0.050394542515277856
0.04720654338598251,-0.02036124840378761,0.7764714956283569,0.9996982216835022,0.010979199782013891,0.021860033273696896,0.0022315967362374067,-0.10812660306692123,0.04388708621263504,0.11812277138233183,0.20713652670383453,-0.17324623465538025,-0.08321817964315414,0.01251418888568878,-0.12410950660705566,-0.3123835623264313,0.2494257092475891,-0.3020459711551666,0.08858698606491087,-0.06544449180364609,0.014382855966687202,0.07418215274810791,0.11302465200424194,0.28518134355545044,-0.3147090971469879,1.0800328254699707,0.08013211190700531,0.024758955463767048,0.1358328014612198,0.20361939072608948,-0.227359876036644,0.3253600001335144,1.1139602661132812,0.023422103375196457,0.03953040763735771,-0.05700734257698059
0.04984062910079956,-0.014910602942109108,0.7747964859008789,0.9995847940444945,0.019907277077436447,0.020002372562885284,0.005814699921756983,-0.09390092641115187,0.013418042100965977,0.12058627605438232,0.1910135447978973,-0.17071633040905,-0.07004821300506592,-0.013959752395749092,-0.16753780841827393,-0.31170645356178284,0.3302372694015503,-0.33780646324157715,0.10250841826200484,-0.05917678400874138,-0.003919384442269801,0.07926610857248306,0.10807127505540848,0.2795039713382721,-0.316643625497818,1.113631248474121,0.05742637440562248,0.02593282982707024,0.12807138264179227,0.18484799563884732,-0.2335504740476608,0.29606693983078,1.1107330322265625,0.035425372421741486,0.04014163464307785,-0.06504610180854797
0.05262445658445358,-0.00974466186016798,0.7730606198310851,0.9994598031044006,0.028045000508427616,0.01551949232816696,0.007265735883265733,-0.07538506388664244,-0.012825708836317062,0.1277991682291031,0.18021707236766812,-0.17211559414863586,-0.06042829155921936,-0.0304363276809454,-0.2051604390144348,-0.3043648302555084,0.4005944132804871,-0.365123838186264,0.11728111654520033,-0.054339006543159485,-0.023776713758707047,0.08785290271043777,0.10341843217611311,0.27889132499694824,-0.3394291400909424,1.14726185798645,0.0606657937169075,0.03590136766433716,0.11136826127767561,0.15999697148799896,-0.2362551391124725,0.2598811984062195,1.1131891012191772,0.04686533287167549,0.04075504466891289,-0.07586736977100371
0.05579383298754692,-0.004924410954117775,0.7716502547264099,0.9993885159492493,0.03311111032962799,0.00921772513538599,0.006426794454455376,-0.05736458301544189,-0.029711022973060608,0.1374370902776718,0.18300908803939817,-0.17937996983528137,-0.05289402604103088,-0.042074017226696014,-0.2330873906612396,-0.29261624813079834,0.46320110559463507,-0.3793713748455048,0.12840579450130463,-0.0485341027379036,-0.03895934671163559,0.09762319177389146,0.09926711022853853,0.2788529098033905,-0.363549679517746,1.1736180782318115,0.08088663965463638,0.04905905947089195,0.08962768316268922,0.131156325340271,-0.23635175824165344,0.21456719934940335,1.1118659973144531,0.05682063102722168,0.041288331151008606,-0.0850088968873024
0.058598853647708886,-0.00026403181254863734,0.7705746889114381,0.9993513226509094,0.0359661802649498,0.001465480076149106,0.0010889015393331647,-0.040279712527990334,-0.03935987874865532,0.15069082379341123,0.1974448412656784,-0.19434726238250727,-0.04436961188912392,-0.0606355257332325,-0.25506526231765747,-0.2729507982730865,0.5410650372505188,-0.38956746459007263,0.12974590063095093,-0.039355386048555374,-0.04947968199849129,0.10908148437738419,0.10233191400766373,0.2746114432811737,-0.3842385411262512,1.183030128479004,0.09652100503444672,0.0565636157989502,0.07749084383249283,0.1036531701683998,-0.2383440136909485,0.18419899046421048,1.1006871461868286,0.059849727898836136,0.03951767086982727,-0.08832477778196336
0.06075087562203407,0.00419340655207634,0.7692481875419616,0.9992066025733949,0.03880275040864944,-0.005447831004858017,-0.007127264980226755,-0.025782853364944455,-0.047384582459926605,0.16876874864101407,0.21410207450389865,-0.21000282466411593,-0.03545976057648659,-0.0949886068701744,-0.27685305476188654,-0.2454383373260498,0.6356646418571472,-0.39444005489349365,0.1307083964347839,-0.02939046174287796,-0.05892103910446167,0.1203077808022499,0.10591709613800047,0.26727750897407526,-0.4003373682498932,1.1774160861968994,0.1036265194416046,0.05483807623386383,0.07408449798822403,0.07579971104860306,-0.24567247927188876,0.17494019865989685,1.0815504789352417,0.048123359680175774,0.03556283935904503,-0.08919086307287216
0.062313210219144814,0.00857497751712799,0.7676488161087037,0.9988691806793213,0.04267826303839684,-0.01239991933107376,-0.01688818261027336,-0.010495832189917564,-0.05726693198084831,0.19042150676250455,0.2284478545188904,-0.2235160619020462,-0.026255546137690544,-0.1393204480409622,-0.2982388734817505,-0.2098088562488556,0.7402874827384948,-0.38902950286865234,0.13180643320083618,-0.020438192412257195,-0.07049459218978882,0.13350579142570496,0.10591737926006316,0.2578737139701843,-0.4181281626224518,1.166366696357727,0.1062975376844406,0.04969365894794464,0.07673248648643492,0.04506400227546692,-0.25814321637153625,0.1763186156749725,1.0555400848388672,0.025126798078417775,0.03286184370517731,-0.09234602004289628
0.06354077160358429,0.01255582831799984,0.7660083770751953,0.9983751773834227,0.04636768624186516,-0.0191086046397686,-0.027053937315940857,0.004455280490219593,-0.06576073914766312,0.213217094540596,0.24067774415016172,-0.23592039942741397,-0.018617169931530952,-0.18682351708412168,-0.31449517607688904,-0.17011816799640656,0.8423362374305725,-0.3730800449848175,0.13398757576942444,-0.01345423236489296,-0.08268804848194121,0.14783813059329987,0.09915122389793397,0.24804718792438507,-0.43849155306816096,1.1531779766082764,0.1079856753349304,0.04494345933198929,0.08272724598646165,0.012481724843382835,-0.27230289578437805,0.17943623661994934,1.0244370698928833,0.0008732657879590989,0.03122618794441223,-0.10037775337696075
0.06434513628482819,0.015695709735155106,0.764424979686737,0.9978409409523009,0.049092262983322144,-0.024820011109113693,-0.0358806885778904,0.016512278467416763,-0.07129525393247604,0.23275838792324063,0.25093650817871094,-0.24794526398181915,-0.012867352925240992,-0.23157399892807007,-0.3254566788673401,-0.133699893951416,0.9327183961868286,-0.3522970676422119,0.13960325717926023,-0.009612916037440302,-0.09409358352422714,0.1616051346063614,0.08543895930051804,0.23952771723270416,-0.4605759382247925,1.1384259462356567,0.11067345738410948,0.04160450026392937,0.09216984361410142,-0.0192798376083374,-0.2842451930046081,0.17775464057922363,0.9888589978218079,-0.018205799162387848,0.03043399751186371,-0.11475919932126998
0.0648641288280487,0.01772698573768139,0.7630486488342285,0.9973846673965454,0.05099767819046974,-0.029266361147165295,-0.042030472308397286,0.02433626540005207,-0.07402575761079788,0.24721769988536835,0.2610308527946472,-0.2590863108634949,-0.0099017396569252,-0.27037790417671204,-0.33369442820549006,-0.10743100196123125,1.0060627460479736,-0.3415782153606415,0.14379560947418213,-0.010013754479587078,-0.10442690551280975,0.17478793859481812,0.06828644871711731,0.23439295589923856,-0.4826163649559021,1.121062397956848,0.11009225249290466,0.03844789415597916,0.10652218014001846,-0.045642975717782974,-0.29276323318481445,0.16909615695476532,0.9481053352355955,-0.034804973751306534,0.029724130406975743,-0.1375277042388916
0.06516196578741074,0.018600502982735637,0.762036383152008,0.9971346259117126,0.05136600136756897,-0.03226608783006668,-0.04519869014620781,0.027570243924856182,-0.07345130294561386,0.25455203652381897,0.27256062626838684,-0.26851925253868103,-0.011177987791597843,-0.294170618057251,-0.3393189609050751,-0.0943710058927536,1.0504869222640991,-0.3616096973419189,0.14333684742450714,-0.013033904135227203,-0.1110708639025688,0.18453885614871976,0.04576781392097473,0.23165735602378845,-0.5002838969230652,1.1010057926177979,0.10894737392663956,0.03264833986759186,0.11865551769733428,-0.06414414942264557,-0.29721942543983454,0.16072916984558103,0.9098479151725768,-0.04635828360915184,0.027627380564808846,-0.16032524406909943
0.06551676988601685,0.018575768917798996,0.7619659900665283,0.9971333742141725,0.04983481019735336,-0.03366351500153541,-0.04591616615653039,0.029236333444714543,-0.06939062476158142,0.25497159361839294,0.27938979864120483,-0.27266454696655273,-0.014614922925829887,-0.3038311004638672,-0.3416655957698822,-0.09636892378330231,1.058683395385742,-0.3907955884933472,0.1332533210515976,-0.01804410107433796,-0.11172448843717576,0.18984700739383695,0.022329675033688545,0.22937120497226715,-0.5070407986640929,1.0826804637908936,0.10810673981904984,0.02719365619122982,0.13040858507156372,-0.07534504681825638,-0.2988215684890747,0.1562959849834442,0.8852720260620117,-0.05560684949159622,0.02278236113488674,-0.17462265491485596
0.06610406935214996,0.01776575855910778,0.763044536113739,0.997292697429657,0.04728424549102783,-0.03372946381568909,-0.04509742558002472,0.032207947224378586,-0.06422889232635498,0.25172656774520874,0.27546828985214233,-0.26905250549316406,-0.01911020837724209,-0.2993985712528229,-0.3356367945671081,-0.10242240875959396,1.0270822048187256,-0.40937069058418274,0.12311596423387527,-0.023401955142617226,-0.10808104276657104,0.19044251739978793,0.002232086844742298,0.22550855576992035,-0.5015791654586792,1.0664591789245603,0.10303077846765518,0.021578244864940643,0.14162418246269226,-0.08126910775899887,-0.2980932295322418,0.15937206149101257,0.8769737482070922,-0.06101915240287781,0.01848968304693699,-0.17566421627998352
0.06677620112895966,0.016174374148249626,0.76466965675354,0.9975746273994445,0.04463254660367966,-0.03300085291266441,-0.041997317224740975,0.03576331585645676,-0.05940362066030502,0.24516546726226807,0.2629010081291199,-0.26032811403274536,-0.023704877123236656,-0.2779545187950134,-0.31727829575538635,-0.10473521053791046,0.9509440064430237,-0.41050583124160767,0.12400109320878983,-0.02985973097383976,-0.10308250039815901,0.18733550608158112,-0.013582528568804264,0.21975140273571012,-0.488243579864502,1.0493258237838743,0.0933043360710144,0.01564726047217846,0.14993731677532196,-0.08161596208810806,-0.29533717036247253,0.16852609813213348,0.8796474337577821,-0.06376441568136215,0.015185622498393059,-0.1640726625919342
0.06753472983837128,0.013654375448822975,0.765979766845703,0.9979163408279419,0.042211301624774926,-0.031293872743844986,-0.03744211792945862,0.03634731471538544,-0.05394534021615982,0.23567087948322296,0.25007301568984985,-0.2509261965751648,-0.028232395648956295,-0.23825494945049283,-0.2919478118419647,-0.1081954836845398,0.8324229717254639,-0.38895630836486816,0.13331402838230133,-0.034560028463602066,-0.09854097664356232,0.18108367919921875,-0.02559259347617626,0.2147197872400284,-0.4750578105449677,1.0274553298950195,0.08306177705526352,0.007689768448472022,0.1524025946855545,-0.07493385672569275,-0.2923142611980438,0.18215741217136383,0.884526789188385,-0.0623089037835598,0.011570754460990427,-0.1444290727376938
0.06877805292606354,0.010301271453499794,0.7667571902275084,0.9982650876045229,0.03936055302619934,-0.029230855405330654,-0.032605793327093124,0.034119218587875366,-0.044278938323259354,0.22525186836719513,0.24719156324863437,-0.2487722933292389,-0.03617807850241661,-0.17381569743156433,-0.2694131433963776,-0.13031066954135895,0.6774318218231201,-0.367798924446106,0.15034790337085724,-0.035506464540958405,-0.09255868196487425,0.17258688807487488,-0.037077482789754874,0.21299210190773007,-0.4687210321426392,1.001439332962036,0.07152727246284485,-0.003699371591210365,0.15421120822429657,-0.061091996729373925,-0.28863885998725886,0.19482445716857913,0.8876875638961792,-0.05555811896920204,0.010141775012016296,-0.1264929324388504
0.06966117769479752,0.0067450981587171555,0.7676520347595216,0.9985395073890686,0.0361371710896492,-0.02724426239728928,-0.029507858678698536,0.029131339862942692,-0.032077305018901825,0.21603429317474365,0.24987053871154785,-0.2502155303955078,-0.04066769406199455,-0.1246388554573059,-0.2531668543815613,-0.16245496273040771,0.5793166756629944,-0.37819015979766846,0.13080282509326935,-0.03315840661525726,-0.08494409173727036,0.163009375333786,-0.044226430356502526,0.21277840435504916,-0.4636509120464325,0.9787116646766663,0.05691928789019585,-0.0110091557726264,0.16107168793678284,-0.04305675998330116,-0.28276288509368896,0.20909848809242249,0.8936203718185424,-0.035707131028175354,0.004794095177203417,-0.1174504980444908
0.06983531266450882,0.0034185629338026047,0.7692855596542358,0.9988256096839904,0.02838939242064953,-0.02527865208685398,-0.030038641765713688,0.018453817814588543,-0.007635476533323526,0.21081390976905823,0.2636447548866272,-0.25365856289863586,-0.044831842184066766,-0.10413476079702376,-0.2252319902181625,-0.17320947349071503,0.5287612080574036,-0.3599369823932648,0.11779040098190308,-0.029720133170485497,-0.06423914432525635,0.15734839439392087,-0.05300138518214226,0.21007655560970304,-0.4521484076976776,0.9557912349700928,0.04133082926273345,-0.02333582565188408,0.1713915169239044,-0.034202571958303445,-0.27658218145370483,0.2231311947107315,0.9123480916023254,-0.014243272133171558,-0.0021537612192332745,-0.11640803515911102
0.06956316530704498,-0.00011186115443706512,0.7714672684669495,0.9990844726562499,0.01792440377175808,-0.023322163149714466,-0.03106513060629368,0.006979482248425484,0.02320089004933834,0.2035333514213562,0.28029054403305054,-0.25823336839675903,-0.04965406656265258,-0.08459345996379852,-0.18949611485004425,-0.18263573944568637,0.47742196917533875,-0.330413818359375,0.11075368523597716,-0.027352372184395794,-0.03719637170433998,0.1535893976688385,-0.05719135329127312,0.204563781619072,-0.4407665133476257,0.9452912211418154,0.023734888061881065,-0.03432432934641838,0.18501137197017667,-0.03197116777300835,-0.2696440815925598,0.23465940356254575,0.9521521925926208,-0.0018549609230831263,-0.0052638822235167035,-0.11134441196918488
0.06916981935501099,-0.004029164090752602,0.7736126780509949,0.9992892146110535,0.00670370366424322,-0.020924961194396016,-0.030631406232714653,-0.006094346288591623,0.05643441155552864,0.19357009232044217,0.2963736951351166,-0.26218366622924805,-0.05640716850757599,-0.06255652755498886,-0.15107905864715576,-0.19542697072029117,0.4187773466110229,-0.29994601011276245,0.10271397978067398,-0.028195468708872795,-0.010916698724031448,0.1495463103055954,-0.06000373885035514,0.20087662339210513,-0.44101652503013605,0.9484992623329161,0.018521932885050774,-0.03642895817756653,0.18939442932605743,-0.03258398175239563,-0.2595667839050293,0.24656808376312253,1.0073122978210447,-0.0012716425117105243,0.00013971653243061155,-0.09677985310554504
0.06893263757228851,-0.007966099306941032,0.7751901149749757,0.999405026435852,-0.0002902908017858863,-0.018881531432271004,-0.02886319905519485,-0.014835495501756668,0.07875800132751466,0.18449008464813232,0.302356094121933,-0.2615265548229217,-0.062229331582784646,-0.045436069369316094,-0.12430802732706069,-0.20624192059040067,0.3719624578952789,-0.27964481711387634,0.09572061151266098,-0.03241942822933197,0.004671256057918072,0.14578381180763245,-0.06348526477813721,0.20270726084709167,-0.4614480137825012,0.9660719037055968,0.03599008917808533,-0.02921890281140804,0.18240156769752505,-0.036762677133083344,-0.2474232316017151,0.26402780413627625,1.0738978385925293,-0.01841377653181553,0.020365396514534954,-0.07731372117996214
0.06883992999792099,-0.011695232242345808,0.7760363221168518,0.9994696378707885,-0.002437206218019128,-0.01776925101876259,-0.027181942015886303,-0.01595047488808632,0.08836896717548369,0.17870737612247467,0.29738837480545044,-0.2565993368625641,-0.06853974610567093,-0.035841818898916245,-0.11168082803487776,-0.21333484351634976,0.34648534655570984,-0.2719621956348419,0.08985160291194916,-0.03774121031165122,0.009133809246122835,0.14279960095882416,-0.06778987497091293,0.21041716635227203,-0.49760040640830994,0.9925985932350159,0.07323147356510161,-0.014877784997224808,0.16604740917682648,-0.041073039174079895,-0.23286631703376767,0.28518423438072205,1.1359732151031494,-0.0433855727314949,0.052802931517362595,-0.05845389142632485
0.06873583793640137,-0.01508346013724804,0.7763302326202391,0.999507427215576,-0.0024839907418936487,-0.017260316759347916,-0.026091843843460083,-0.013321329839527605,0.09291376918554306,0.1768578737974167,0.2877168357372284,-0.24970564246177676,-0.07504351437091827,-0.030712250620126724,-0.1056484580039978,-0.2179296314716339,0.3344582915306092,-0.26974117755889887,0.08412955701351164,-0.04274621233344078,0.008811979554593563,0.14017875492572784,-0.06794857978820801,0.22033143043518064,-0.5283634066581726,1.0165126323699951,0.10140369832515717,-0.0018085920019075277,0.1503864824771881,-0.0362100824713707,-0.2166076749563217,0.294596791267395,1.1693580150604248,-0.04682495445013046,0.07373251765966414,-0.045134209096431725
0.06862067431211472,-0.018057143315672874,0.7764320373535155,0.9995183944702147,-0.002658511744812131,-0.016969304531812668,-0.02584549412131309,-0.010858447290956974,0.09763602912425993,0.17725589871406555,0.279156357049942,-0.2437082082033157,-0.08114755153656006,-0.027379790320992466,-0.09921935200691225,-0.2191799432039261,0.32658526301383967,-0.26691821217536926,0.07833141833543777,-0.0481497198343277,0.00909404642879963,0.13680708408355713,-0.06310084462165833,0.22875453531742093,-0.5466854572296144,1.0349748134613037,0.10969026386737823,0.00525013031437993,0.14026130735874176,-0.02172701060771942,-0.1988196223974228,0.28895244002342224,1.1756173372268677,-0.026326505467295647,0.07784321159124374,-0.038168467581272125
0.06848114728927612,-0.02062704600393772,0.7765348553657532,0.9995210766792296,-0.003012996632605791,-0.01652219519019127,-0.02599120512604713,-0.009381620213389395,0.10214213281869888,0.17745566368103027,0.272443950176239,-0.23908758163452148,-0.08623842149972916,-0.025390967726707455,-0.09244370460510254,-0.2185010612010956,0.3196183145046234,-0.262717068195343,0.07330331206321715,-0.05501727387309074,0.010672330856323242,0.13251453638076782,-0.0540471151471138,0.23565065860748288,-0.5591182112693787,1.0465636253356931,0.10978514701128005,0.00915560312569141,0.13000698387622833,-0.0011299732141196728,-0.1798430234193802,0.269023597240448,1.16123628616333,0.024403462186455727,0.06765170395374298,-0.03543677181005478
0.06838249415159225,-0.02288530021905899,0.7766910195350648,0.9995236992835999,-0.003175526857376098,-0.015827246010303497,-0.02630266174674034,-0.009161105379462242,0.10548795014619829,0.17713040113449097,0.26721519231796265,-0.2349124103784561,-0.08916525542736053,-0.02499052509665489,-0.0869256854057312,-0.21737696230411527,0.31365841627120966,-0.2587801516056061,0.06888556480407715,-0.06255190074443817,0.012447849847376347,0.12770810723304749,-0.04330168664455414,0.24159297347068784,-0.5720901489257812,1.0531364679336548,0.11466351896524428,0.01267094537615776,0.1163247749209404,0.0200920719653368,-0.16113069653511047,0.24170975387096405,1.136807918548584,0.09193963557481763,0.04981272667646408,-0.03507452830672264
0.06829062104225159,-0.02486313506960869,0.776844024658203,0.9995105862617492,-0.00307001150213182,-0.015214518643915651,-0.027160443365573883,-0.00880324374884367,0.10784633457660676,0.1776677519083023,0.2624012231826782,-0.23103077709674835,-0.09077815711498259,-0.02604703977704048,-0.08285280317068101,-0.2153572887182236,0.3108865022659302,-0.2570312619209289,0.06513890624046326,-0.06864797323942184,0.013984223827719688,0.12362072616815568,-0.032432567328214645,0.24681913852691648,-0.587411105632782,1.0568563938140867,0.1285686045885086,0.016154639422893524,0.10142206400632858,0.03544212505221367,-0.14560411870479584,0.21834823489189148,1.1124367713928223,0.14107283949851987,0.0344400554895401,-0.036778248846530914
0.06831583380699158,-0.026661824434995648,0.7769666314125061,0.9994747042655946,-0.0028234235942363735,-0.014895460568368433,-0.02864472195506096,-0.007612927351146936,0.109613299369812,0.17907497286796567,0.2577822208404541,-0.22761473059654236,-0.09148239344358444,-0.027734505012631416,-0.0795808508992195,-0.21239307522773743,0.31021901965141296,-0.2568072974681854,0.061649702489376075,-0.0725947692990303,0.015272125601768492,0.1208592802286148,-0.02232683636248112,0.2515230178833008,-0.6018223762512207,1.058557629585266,0.14580292999744415,0.018691537901759148,0.08782024681568146,0.04309014603495598,-0.13538658618927,0.2055282890796661,1.0920884609222412,0.16053391993045807,0.024310631677508358,-0.04073040932416916
0.068518728017807,-0.028413984924554825,0.7770388126373291,0.9994221925735473,-0.00231756130233407,-0.01492344867438078,-0.03045022673904896,-0.005342948716133833,0.11057648807764052,0.18146446347236636,0.25289106369018555,-0.22412745654582977,-0.09125173091888429,-0.03004630282521248,-0.07773318141698837,-0.2095676511526108,0.31202304363250727,-0.2578648030757904,0.05884216725826264,-0.07434216141700745,0.015940798446536064,0.11958833783864974,-0.014027714729309082,0.2554476857185364,-0.6131044626235962,1.0588476657867432,0.16160248219966888,0.0200317557901144,0.07799912989139555,0.04378246143460274,-0.1303609162569046,0.20358258485794067,1.0775266885757446,0.16147610545158386,0.017990337684750557,-0.046749509871006005
0.06868701428174973,-0.029919208958745,0.7770930528640747,0.9993556737899779,-0.0016166758723556995,-0.015238924883306026,-0.03245659917593002,-0.002053268952295184,0.11113211512565611,0.18493336439132688,0.24799805879592893,-0.22058738768100736,-0.0907927080988884,-0.032640185207128525,-0.07696086168289185,-0.20697064697742465,0.31521573662757874,-0.259162038564682,0.05677203461527824,-0.0741141140460968,0.016022318974137306,0.1195707470178604,-0.008339925669133663,0.25800031423568726,-0.6189350485801697,1.0590238571166992,0.17228840291500092,0.02030693367123604,0.07337322831153868,0.03898331522941589,-0.1296255886554718,0.21168470382690427,1.0690699815750122,0.1499336212873459,0.015974784269928932,-0.053896233439445496
0.0685945376753807,-0.031070629134774208,0.7771273851394653,0.9992730617523192,-0.0007681375136598944,-0.015672314912080765,-0.03474384546279907,0.0018169437535107131,0.11142238974571228,0.18899415433406827,0.24290227890014648,-0.2174037992954254,-0.09015205502510071,-0.035607606172561646,-0.07656403630971907,-0.20337335765361783,0.31965017318725586,-0.2605597972869873,0.05565443634986877,-0.07206033170223235,0.015449433587491512,0.12013514339923859,-0.005335771944373846,0.25889164209365845,-0.6185938119888306,1.0595297813415527,0.17629766464233398,0.020401416346430775,0.07338657975196838,0.031603723764419556,-0.1316496580839157,0.2261057049036026,1.0646588802337646,0.13391202688217163,0.017518015578389168,-0.0595114603638649
