0.03246511518955231,-0.0454508401453495,0.779254674911499,0.9999324679374695,0.0035875982139259577,-0.010695665143430231,0.0028041659388691183,-0.13233087956905365,0.04473618045449257,0.013267453759908676,0.31497374176979065,-0.18176479637622836,-0.10629942268133163,0.14131973683834076,-0.032107219099998474,-0.5107517838478088,0.10432871431112288,-0.24087943136692047,0.03848034515976906,0.09871770441532136,-0.0051256213337183,0.16676196455955505,0.2649786174297333,0.4134898483753204,-0.16398616135120392,1.0271867513656616,0.2577815055847168,-0.05324433371424674,0.14214822649955747,-0.04457157850265503,-0.5868746042251587,0.6730164885520935,0.45391306281089777,-0.5185353755950928,0.013919955119490623,0.023864345625042915
0.03502420708537102,-0.04477523267269135,0.7790024280548095,0.9999347925186157,0.002385580446571112,-0.009924461133778095,-0.005119339097291231,-0.1302714645862579,0.05186964198946953,0.02840641885995865,0.32070788741111755,-0.19311454892158508,-0.103440061211586,0.13798370957374573,-0.03163742646574974,-0.4972699582576752,0.10815976560115814,-0.24205109477043152,0.038948092609643936,0.08987913280725478,-0.0060227676294744015,0.1660105288028717,0.26216036081314087,0.40403306484222407,-0.1527916043996811,1.0186874866485596,0.2475702166557312,-0.056319598108530045,0.14788249135017395,-0.02509357593953609,-0.5635775327682495,0.6557309627532959,0.49342685937881464,-0.5062589049339294,0.02002043090760708,0.007825554348528385
0.038520999252796166,-0.04359117150306702,0.7786687016487122,0.9998363852500916,0.0010257335379719734,-0.009869162924587727,-0.015125994570553303,-0.1256377100944519,0.0595548041164875,0.04750347509980202,0.32778447866439814,-0.2039748579263687,-0.0966058298945427,0.13358449935913083,-0.03205905854701996,-0.47851234674453735,0.11546989530324936,-0.24427936971187592,0.03867412731051445,0.07992786914110182,-0.007365961093455554,0.16657190024852753,0.26402217149734497,0.3888086676597595,-0.12942634522914886,1.0092158317565916,0.2365442216396332,-0.06321050971746445,0.15783707797527313,-0.006377968471497296,-0.530259907245636,0.6347084641456604,0.5407675504684448,-0.4759453535079956,0.02175766974687576,-0.012570892460644243
0.04199635609984398,-0.041570425033569336,0.7787384390830994,0.9995594024658205,4.362064282759093e-05,-0.009940982796251772,-0.02796800807118416,-0.11543270200490952,0.06623761355876923,0.0712985172867775,0.3282116651535034,-0.21318840980529785,-0.08900702744722366,0.12725712358951569,-0.034294310957193375,-0.4543021023273468,0.1251000463962555,-0.24515450000762937,0.03809879347681999,0.06815770268440247,-0.01020505279302597,0.16730374097824097,0.26861533522605896,0.3700001835823059,-0.10437533259391785,0.9986913204193116,0.22125518321990967,-0.07015335559844971,0.17129577696323395,0.012175649404525757,-0.4923755824565888,0.6184260845184326,0.5929756760597229,-0.4389937222003937,0.018040718510746956,-0.03235701844096184
0.045411191880702965,-0.03907480090856552,0.7791641354560851,0.9990250468254088,-0.0003758576058316976,-0.009639914147555826,-0.04307981953024864,-0.1016864851117134,0.07130581140518188,0.0988619327545166,0.3214150369167328,-0.21908587217330927,-0.08125015348196028,0.11826645582914352,-0.0379304364323616,-0.4249917566776276,0.1365976184606552,-0.2452802211046219,0.03785477951169013,0.05503752827644348,-0.014278971590101717,0.16801071166992188,0.27161905169487,0.3513784110546112,-0.08747071772813797,0.9879618883132935,0.20355847477912903,-0.07658202946186066,0.1849094182252884,0.031156359240412712,-0.455645740032196,0.6082165837287903,0.6432686448097229,-0.4021585285663605,0.0105167543515563,-0.04529900848865509
0.04873354732990265,-0.03600796312093735,0.7797167301177977,0.9981501698493955,-0.0005043967394158244,-0.009011512622237204,-0.06012260913848877,-0.0844101533293724,0.0750867873430252,0.13007101416587827,0.30758756399154663,-0.22269728779792783,-0.07415126264095305,0.1073693037033081,-0.04215588793158531,-0.39171850681304926,0.14910514652729034,-0.24558404088020325,0.038149133324623115,0.03930307924747467,-0.01893839985132217,0.1691690683364868,0.27207216620445246,0.33597615361213684,-0.0840647891163826,0.975202202796936,0.18880583345890045,-0.08323612064123154,0.1959005743265152,0.05265149474143982,-0.4220715463161469,0.5991729497909546,0.6907790303230286,-0.36550709605216974,0.0020997042302042246,-0.0513642318546772
0.05181523784995079,-0.03257080912590027,0.7802590727806091,0.996920645236969,-0.0006131355767138302,-0.008135902695357798,-0.07799083739519118,-0.06535810232162476,0.07795198261737822,0.16397511959075928,0.28872019052505493,-0.2247619181871414,-0.06832677870988846,0.09488900750875472,-0.04609880968928337,-0.35731133818626404,0.1616956740617752,-0.2461684048175812,0.038758452981710434,0.02102048881351948,-0.023250166326761246,0.1710955798625946,0.2698281407356262,0.3267088532447815,-0.09609269350767136,0.9592621922492981,0.18087930977344513,-0.09016110748052596,0.20406045019626615,0.0756447985768318,-0.3938492238521576,0.5862219929695128,0.7343215942382812,-0.3268932104110718,-0.006303487811237574,-0.05425503849983215
0.0547482818365097,-0.029002446681261063,0.7806626558303834,0.9953446984291076,-0.0006634393939748406,-0.00723737059161067,-0.09610483795404434,-0.04537924751639366,0.07971477508544922,0.200554221868515,0.2672254741191864,-0.22583764791488647,-0.06378825008869171,0.0815277174115181,-0.049986500293016434,-0.32232055068016047,0.17445504665374756,-0.24702198803424835,0.039588097482919686,0.00018017480033449829,-0.02728366293013096,0.1740812510251999,0.2651803493499756,0.3250284194946289,-0.12264801561832428,0.9400783777236937,0.1806340515613556,-0.09757332503795624,0.210607573390007,0.0994476079940796,-0.371747761964798,0.5664206743240356,0.7750146985054016,-0.28487810492515564,-0.014513331465423107,-0.05630749836564064
0.05578349530696869,-0.024568434804677963,0.7809607982635498,0.9933960437774657,-0.0004099858342669904,-0.006618686951696873,-0.11454419791698456,-0.024417513981461525,0.07978048175573349,0.24011285603046417,0.24459421634674072,-0.22629831731319427,-0.05959638953208923,0.06723659485578537,-0.054478932172060006,-0.28660139441490173,0.18881756067276,-0.24940310418605804,0.04069790989160538,-0.021504640579223633,-0.031534019857645035,0.1784832775592804,0.25744757056236267,0.33091291785240173,-0.15828728675842285,0.9191479086875917,0.186127170920372,-0.10574794560670853,0.21530720591545105,0.12228485196828842,-0.3560880124568939,0.5412058234214783,0.8138104677200316,-0.2387116700410843,-0.021885273978114128,-0.05804815888404846
0.05769383907318115,-0.02061286382377148,0.7811183929443358,0.9911649823188781,5.571342990151607e-05,-0.0063251918181777,-0.1324835568666458,-0.003429287578910589,0.07773034274578094,0.2791247069835663,0.22172267735004425,-0.22579963505268097,-0.055694885551929474,0.05335255712270737,-0.05921719595789909,-0.2522469758987427,0.20331643521785736,-0.2524084746837616,0.04184602946043015,-0.04246847331523895,-0.03554445505142212,0.184177964925766,0.24685391783714292,0.34345558285713196,-0.1951967179775238,0.8992106914520263,0.19675104320049283,-0.11374279856681824,0.21796797215938568,0.14290834963321683,-0.3484179675579071,0.514528751373291,0.8478919267654419,-0.193625882267952,-0.02761464193463325,-0.05872262641787529
0.05945875495672225,-0.016580412164330482,0.7812084555625916,0.988682508468628,0.0005331778666004539,-0.00629825983196497,-0.14989009499549863,0.01707417704164982,0.07438163459300995,0.3171999454498291,0.199756532907486,-0.22455498576164243,-0.051881741732358926,0.040510144084692,-0.06329409033060074,-0.21928079426288605,0.21666890382766724,-0.25513550639152527,0.043390002101659775,-0.06086867302656174,-0.03873822838068008,0.19111891090869904,0.2340019792318344,0.3606276512145996,-0.22670921683311465,0.8808295726776123,0.2095889151096344,-0.12014348804950714,0.21964833140373227,0.1609731167554855,-0.3493887186050415,0.49081775546073914,0.874673306941986,-0.1557731330394745,-0.031259454786777496,-0.05697272717952728
0.0611591562628746,-0.012557809241116045,0.7812684774398804,0.9860319495201111,0.0006001671426929532,-0.006248950958251953,-0.1664377748966217,0.03551042824983597,0.0711480900645256,0.3530372679233551,0.18127045035362244,-0.22396759688854215,-0.04855066165328026,0.030197408050298687,-0.06535787880420685,-0.18848955631256104,0.22502803802490237,-0.2557445168495178,0.04476270824670792,-0.07674254477024078,-0.04014075919985771,0.19894671440124512,0.2203073352575302,0.3816052675247192,-0.25094041228294367,0.8628589510917662,0.22158320248126984,-0.12491484731435776,0.2220169007778168,0.17654377222061157,-0.35828936100006104,0.4706236124038696,0.8929489254951477,-0.13026973605155945,-0.03314155712723732,-0.052629638463258736
0.0627179741859436,-0.008685601875185966,0.7813546657562256,0.9833294153213502,0.00037987116957083344,-0.005879888776689768,-0.1817376017570496,0.0506838746368885,0.06820008158683777,0.38559645414352417,0.16665771603584287,-0.2240755558013916,-0.045329343527555466,0.02234989963471889,-0.0657295435667038,-0.16051781177520752,0.22718177735805511,-0.25325003266334534,0.046261195093393326,-0.08971993625164032,-0.03987139090895653,0.2073124796152115,0.20758941769599917,0.404794842004776,-0.2662797272205353,0.8434097766876221,0.23043282330036163,-0.1287849247455597,0.22545781731605527,0.18771620094776156,-0.3727002441883087,0.45308303833007807,0.9030324220657348,-0.11440489441156387,-0.03413219749927521,-0.04657452180981636
0.06413999944925308,-0.004968179855495691,0.7814874649047852,0.9805242419242858,-4.026864189654589e-05,-0.005147359799593687,-0.1963305026292801,0.06361206620931625,0.06566591560840607,0.41622340679168707,0.15482772886753082,-0.22519148886203763,-0.042641106992959976,0.01601862907409668,-0.06507551670074463,-0.1346677541732788,0.22466501593589783,-0.2488277852535248,0.048263318836689,-0.09966856986284257,-0.03800131380558014,0.2158897370100021,0.1976221948862076,0.429904967546463,-0.2743571400642395,0.8202092647552489,0.23792164027690887,-0.13232190907001495,0.23033419251441956,0.19321005046367645,-0.3906614780426025,0.437339723110199,0.9048253893852234,-0.10612716525793076,-0.03518974781036377,-0.040594443678855896
0.06542764604091644,-0.0014726255321875215,0.7815781831741333,0.9776813983917235,-0.0005147660267539321,-0.004137927200645208,-0.21005159616470337,0.07481124252080917,0.06314880400896072,0.444192498922348,0.1455058604478836,-0.2276280373334885,-0.04073470085859299,0.011188303120434284,-0.06417432427406311,-0.11115088313817977,0.21881851553916928,-0.2438081055879593,0.05120854079723358,-0.105941541492939,-0.03471482917666435,0.2245182991027832,0.19262529909610748,0.45650577545166016,-0.27678000926971436,0.7923952341079712,0.24550460278987885,-0.1365991085767746,0.2353931665420532,0.19165872037410736,-0.4104108512401581,0.423845112323761,0.8983739018440247,-0.10301358997821808,-0.0366424024105072,-0.03672318533062935
0.0671682134270668,0.0017917384393513203,0.7815209627151489,0.974871039390564,-0.0008729028631933033,-0.0029255154076963663,-0.2227490395307541,0.08481978625059126,0.060161393135786057,0.46998316049575806,0.1376300752162933,-0.23158994317054749,-0.03977067396044731,0.007702710572630166,-0.06364035606384277,-0.08999640494585037,0.2112684994935989,-0.24040959775447843,0.05538882315158844,-0.10825684666633605,-0.03085905872285366,0.2333897054195404,0.19327268004417417,0.48520123958587646,-0.27541592717170715,0.7596819400787354,0.25346219539642334,-0.14176158607006073,0.24125994741916656,0.18280950188636777,-0.4306610822677612,0.41185444593429565,0.882603645324707,-0.10181980580091476,-0.03739908337593079,-0.036387868225574486
0.06953342258930206,0.0047401702031493196,0.7813105583190918,0.97224223613739,-0.0012352683115750551,-0.0013088544365018606,-0.23396964371204376,0.09255564957857135,0.057375632226467126,0.492664098739624,0.13198357820510864,-0.23726373910903928,-0.03984749317169189,0.00467440579086542,-0.0631311684846878,-0.07158316671848297,0.20389945805072784,-0.2391230016946793,0.06052973493933678,-0.10661371052265169,-0.02663649804890156,0.24223457276821136,0.20105402171611783,0.5159062147140503,-0.27026331424713135,0.7233341336250305,0.2608869969844818,-0.1465369611978531,0.24761663377285004,0.166700541973114,-0.44959893822669983,0.39999023079872126,0.8541236519813538,-0.10046029835939407,-0.03761773183941841,-0.04142376780509949
0.07250629365444182,0.007075649686157704,0.7809481620788574,0.9700665473937987,-0.0015679652569815516,0.0007733635720796883,-0.2428329437971115,0.0969775542616844,0.05534138530492783,0.5104586482048035,0.12961076200008392,-0.24440012872219083,-0.04007553681731224,0.0033886849414557214,-0.06303682923316956,-0.058661464601755135,0.1949572116136551,-0.23928938806056976,0.06635084003210068,-0.10040464997291564,-0.022800341248512268,0.250871866941452,0.2186189293861389,0.5479393601417542,-0.26084768772125244,0.6852931976318359,0.26716792583465576,-0.14999060332775116,0.25351524353027344,0.144767165184021,-0.4654724597930908,0.3872272670269013,0.810274302959442,-0.10245345532894135,-0.036712951958179474,-0.054110713303089135
0.07598231732845305,0.008808077313005922,0.7804993391036987,0.9684128165245056,-0.0019960049539804454,0.003608864033594728,-0.2493181824684143,0.09812763333320616,0.05497976392507553,0.5235211849212646,0.130166694521904,-0.25261345505714417,-0.04093179479241371,0.005508496891707182,-0.06294561922550201,-0.05112328007817268,0.18053364753723145,-0.23851023614406583,0.07373584806919099,-0.08862867951393126,-0.019800838083028797,0.25930592417716974,0.24959720671176913,0.5815289616584778,-0.24692472815513608,0.6415879726409912,0.2705216705799103,-0.150362491607666,0.2547685503959656,0.11917965859174728,-0.4788491427898407,0.37392503023147583,0.747430920600891,-0.11355219036340712,-0.03366348147392273,-0.07498608529567719
0.07988423109054565,0.00984995998442173,0.7799847722053527,0.9674229621887208,-0.0021043312735855575,0.00745302764698863,-0.2530470788478852,0.09480349719524384,0.056152023375034325,0.531747579574585,0.1345289796590805,-0.2620574533939361,-0.04227219894528389,0.011097039096057417,-0.06390277296304703,-0.04987765103578568,0.15933655202388763,-0.23690000176429749,0.08289333432912825,-0.07001559436321259,-0.019170494750142097,0.26749357581138605,0.29498061537742615,0.6172826886177063,-0.2278092950582504,0.5854589343070984,0.27147164940834045,-0.14599089324474335,0.24890804290771484,0.09135210514068605,-0.49191376566886896,0.36111220717430115,0.6648728847503662,-0.13994337618350983,-0.02598978392779827,-0.10267884284257887
0.08435180038213731,0.010028277523815632,0.7793558835983276,0.9674263596534728,-0.0014371710130944848,0.012767842970788479,-0.2528263032436371,0.08320938050746916,0.05915454030036926,0.5328173637390137,0.14708569645881653,-0.2741738855838776,-0.04431137815117836,0.018684703856706616,-0.06684737652540207,-0.05702516436576843,0.132747545838356,-0.23617327213287356,0.09413168579339981,-0.04425628855824471,-0.022350266575813293,0.2762907445430756,0.3506781756877899,0.6556611061096193,-0.20473876595497129,0.5083836913108826,0.2703073620796204,-0.13709525763988495,0.2372247278690338,0.06260038167238235,-0.50808185338974,0.34989100694656367,0.5678302645683289,-0.1825813800096512,-0.012161639519035816,-0.13328391313552856
0.08931666612625122,0.009318014606833458,0.7784472107887267,0.968710958957672,-4.274546154192649e-05,0.019845403730869293,-0.24739690124988556,0.06324034184217453,0.06355182081460953,0.5258129835128784,0.16664019227027893,-0.2883339822292328,-0.04830192029476166,0.02241351641714573,-0.07126730680465698,-0.0730280950665474,0.11263627558946608,-0.24052241444587708,0.1056075319647789,-0.014080477878451347,-0.028958240523934364,0.28711533546447754,0.4088523089885712,0.6966204643249512,-0.17758125066757202,0.40840062499046326,0.2691980004310608,-0.12589262425899503,0.22393557429313657,0.0348050594329834,-0.529504120349884,0.3408505618572235,0.46710455417633057,-0.2309395521879196,0.00596211664378643,-0.16225555539131165
0.09848158061504365,0.005883691832423209,0.7772836089134216,0.9714153409004211,0.0019802758470177646,0.028422875329852104,-0.23567016422748563,0.036134421825408936,0.06858479976654053,0.5099052786827089,0.19161556661129,-0.3030484914779663,-0.05357156321406365,0.02311279997229576,-0.07653546333312988,-0.09914310276508333,0.10177589207887648,-0.2513568699359894,0.1162283644080162,0.016244394704699516,-0.03883063793182373,0.3017868995666504,0.4623295962810516,0.7403972148895263,-0.1466784030199051,0.2893716096878052,0.26961854100227356,-0.11481443047523499,0.2127297967672348,0.014741224236786364,-0.5567938089370728,0.33208081126213074,0.3697487115859985,-0.27756467461586,0.025101423263549805,-0.18578024208545685
0.10558392852544785,0.002584526315331459,0.7758862972259521,0.9754374027252195,0.004461347125470638,0.03836582973599434,-0.21686401963233948,0.0032213060185313225,0.07309634238481522,0.4840284883975983,0.2186839729547501,-0.31699445843696594,-0.059743646532297134,0.02281426452100277,-0.08178555965423584,-0.1369258165359497,0.0990472361445427,-0.2670986354351044,0.12477533519268036,0.04253582656383514,-0.05225173383951187,0.32205095887184143,0.5065154433250427,0.7867560386657715,-0.11257621645927428,0.15255996584892273,0.2697211802005768,-0.10577744245529173,0.20330962538719177,0.00996734295040369,-0.588481605052948,0.3230460584163666,0.2764955163002014,-0.31788721680641174,0.04272197186946869,-0.20449373126029968
0.1148805096745491,-0.0027749910950660706,0.7744150757789613,0.9804239273071288,0.006591253448277712,0.04971807450056076,-0.190403550863266,-0.03517942130565643,0.07770697772502899,0.44446328282356257,0.24846526980400083,-0.33173519372940063,-0.06624864041805267,0.02299181558191776,-0.08507860451936723,-0.1889997571706772,0.10258196294307707,-0.2837159335613251,0.13015300035476685,0.06083885580301285,-0.06770386546850204,0.34746089577674866,0.5315679907798767,0.8347896337509155,-0.0808025375008583,0.004336778074502945,0.26656726002693176,-0.10270285606384276,0.195319339632988,0.027513153851032257,-0.6197843551635742,0.3133852481842041,0.18687444925308228,-0.3456151783466339,0.05941731482744217,-0.22429509460926053
0.12623970210552216,-0.009969038888812063,0.7726856470108032,0.9858698248863219,0.007765803486108781,0.06112563610076904,-0.15576905012130737,-0.07361316680908203,0.08091571927070618,0.3889887630939484,0.2781752645969391,-0.34790512919425964,-0.07319825887680052,0.02645142190158367,-0.08673823624849318,-0.25846293568611145,0.11341580003499983,-0.29790398478507996,0.1316063106060028,0.06491213291883469,-0.08397620171308517,0.378232091665268,0.5206354856491089,0.8800175786018372,-0.06258857995271683,-0.13429725170135498,0.2634281516075134,-0.10858308523893356,0.19309914112091064,0.06345246732234955,-0.640907883644104,0.3059876561164856,0.11432597041130065,-0.35856008529663086,0.07391294091939926,-0.25319913029670715
0.14042851328849792,-0.018696112558245655,0.7701152563095092,0.990990161895752,0.007925380952656269,0.07082895934581757,-0.1133974641561508,-0.1093861535191536,0.0805528312921524,0.3137151300907135,0.3117184042930603,-0.36727052927017206,-0.07807810604572296,0.010086674243211746,-0.09588503837585448,-0.3377703130245209,0.18822018802165985,-0.3317255675792694,0.12539109587669373,0.05109784379601479,-0.10045263171195984,0.4138052463531494,0.4621534645557404,0.9175605773925779,-0.06576158851385117,-0.24431924521923065,0.28002119064331055,-0.11836618185043334,0.20667362213134763,0.10261353105306624,-0.6418009400367737,0.31086495518684387,0.0722898617386818,-0.36008483171463007,0.08712714165449142,-0.3016197979450226
0.1554552465677261,-0.02794339694082737,0.7658459544181823,0.9946683645248413,0.008281932212412357,0.07650095224380493,-0.06865791976451874,-0.14428284764289856,0.0765511468052864,0.2299966514110565,0.36328449845314026,-0.39847081899642944,-0.08072391152381897,-0.06294611096382141,-0.13316680490970612,-0.39475640654563904,0.42466351389884954,-0.4100150167942047,0.09973461925983429,0.02406899444758892,-0.11938176304101944,0.45193058252334595,0.3358484506607056,0.9444047808647155,-0.10603192448616028,-0.3174208998680115,0.3251842260360718,-0.1266988217830658,0.2408437728881836,0.1338248699903488,-0.6257264614105225,0.3465934097766876,0.06264397501945496,-0.35482585430145264,0.0949653461575508,-0.3599640130996704
0.16996008157730103,-0.03690173104405403,0.758540689945221,0.996268093585968,0.005103556904941796,0.08070681989192961,-0.030169203877449036,-0.1937904804944992,0.08100171387195587,0.15016067028045654,0.4530398547649384,-0.4466736614704132,-0.09026275575160979,-0.1632280796766281,-0.17623910307884216,-0.4288397133350372,0.6984885931015015,-0.46920487284660334,0.055184751749038696,-0.004703758750110865,-0.13513675332069397,0.4822868704795837,0.13642354309558868,0.9534769654273987,-0.18418948352336884,-0.3384324014186859,0.3909370601177216,-0.1362998932600021,0.301579624414444,0.13787861168384552,-0.6037818789482117,0.4251265227794647,0.08953726291656494,-0.3385995626449585,0.09595348685979843,-0.41716068983078
0.18353310227394104,-0.04520433768630028,0.7489290237426759,0.996134638786316,-0.0016651379410177467,0.08782389760017395,5.343157317838632e-05,-0.2598147988319397,0.09372922778129576,0.07885968685150145,0.5601943135261536,-0.502737820148468,-0.1064358651638031,-0.27670082449913025,-0.20684097707271573,-0.45735982060432434,0.91779625415802,-0.5138940811157227,0.018990514799952507,-0.03355880454182625,-0.1450827270746231,0.5016726851463318,-0.1172172874212265,0.9306368827819824,-0.2938779294490814,-0.29427289962768555,0.4674943089485168,-0.14185743033885956,0.3745009601116181,0.10119176656007765,-0.5839424729347229,0.5411345362663269,0.15354421734809875,-0.29755657911300654,0.08706725388765335,-0.45019766688346863
0.19648332893848416,-0.05258718878030777,0.738821804523468,0.9948148131370544,-0.003475742880254984,0.09868229180574416,0.024354591965675357,-0.3235096633434296,0.09255322813987733,0.022000687196850777,0.6534239649772644,-0.5522690415382385,-0.12014443427324296,-0.4246807396411896,-0.22845377027988437,-0.44490402936935425,1.053572654724121,-0.5394642353057861,0.02796122618019581,-0.06717149913311005,-0.16243478655815125,0.5130444169044496,-0.41698208451271057,0.8697965741157532,-0.44727212190628046,-0.19721078872680664,0.5416669249534607,-0.14221929013729095,0.44407385587692255,0.029080322012305256,-0.5667411088943481,0.6907076239585876,0.2491603046655655,-0.23544332385063169,0.06575468927621841,-0.4568372666835785
0.2119527906179428,-0.05887527763843536,0.7280731797218322,0.9931684732437133,-0.002544539514929056,0.1096142902970314,0.03993352875113487,-0.37205150723457336,0.08886553347110748,-0.013118080794811249,0.7380335330963135,-0.6030254364013672,-0.1353921890258789,-0.5947988629341124,-0.25468745827674866,-0.4106252491474152,1.1115000247955322,-0.5279874205589294,0.05186417698860168,-0.10268958657979964,-0.17620977759361267,0.5184043049812317,-0.7305648326873779,0.7726132273674011,-0.6190034151077272,-0.07218416035175323,0.6167103052139281,-0.14276576042175293,0.5099223852157593,-0.05827672407031059,-0.5456107258796692,0.8523427248001098,0.3545988202095032,-0.17447322607040405,0.04555733501911163,-0.44943422079086304
0.23099733889102933,-0.06453976780176163,0.7149568200111389,0.9917465448379517,-0.0022771449293941255,0.11961350589990616,0.046111349016427994,-0.4032757878303528,0.09242686629295348,-0.03058536723256111,0.8210545182228088,-0.6606768965721129,-0.15859614312648773,-0.7596337795257568,-0.29882121086120605,-0.3926276564598083,1.103576898574829,-0.47978720068931574,0.06825035065412521,-0.1377505660057068,-0.18230794370174408,0.5243691205978394,-1.0041720867156982,0.6550919413566588,-0.7536059617996215,0.05307477340102196,0.6892603039741516,-0.14782331883907318,0.5787078142166138,-0.1245804727077484,-0.519787073135376,0.9789960980415344,0.43045419454574574,-0.13148313760757446,0.03127550333738327,-0.4462144076824188
0.25420403480529785,-0.06968866288661957,0.7007604837417603,0.9906101822853088,-0.0037589424755424257,0.12852855026721954,0.04645109549164772,-0.40993282198905934,0.10551656782627104,-0.04494214057922363,0.8848124146461488,-0.7206515669822691,-0.18019086122512817,-0.8936357498168945,-0.364128440618515,-0.42572295665740967,1.0524518489837646,-0.42975774407386774,0.05457708239555359,-0.18197888135910037,-0.18705160915851596,0.5272118449211121,-1.2004239559173584,0.5648607611656189,-0.8280622363090515,0.140325129032135,0.7329013347625731,-0.14992971718311307,0.618432879447937,-0.13975150883197784,-0.4988596737384796,1.0221931934356687,0.449381947517395,-0.11679346859455109,0.038734085857868195,-0.4527994692325592
0.28377619385719294,-0.07593340426683427,0.6871364712715149,0.9898514151573181,-0.007556364871561526,0.13451719284057617,0.045191347599029534,-0.387869119644165,0.12829603254795074,-0.05708765238523483,0.9327318072319031,-0.7767139077186584,-0.20482774078845975,-0.9856570959091185,-0.42187485098838806,-0.48910361528396606,0.9725390672683715,-0.38435843586921686,0.03138216212391853,-0.23808085918426516,-0.19061993062496185,0.5265282988548279,-1.3394539356231687,0.5029677748680115,-0.8627146482467651,0.19502936303615567,0.7464963197708131,-0.14421857893466947,0.6187027096748352,-0.09530048072338104,-0.4835607707500458,0.9894740581512451,0.40269997715950007,-0.11312511563301086,0.04996723309159279,-0.4624517560005188
0.320224404335022,-0.08337312191724777,0.6749687194824219,0.9893895387649536,-0.012995501048862934,0.1371132731437683,0.04625483602285385,-0.33510249853134155,0.15660284459590912,-0.0707310289144516,0.9511901736259459,-0.8201462626457214,-0.22386907041072843,-1.0399503707885742,-0.4651317000389099,-0.5625023245811462,0.8816121816635133,-0.3503225147724152,0.01756504364311695,-0.3069809675216675,-0.19256635010242465,0.5239618420600891,-1.430962324142456,0.4577101469039917,-0.8797203302383424,0.2266825884580612,0.7448889017105103,-0.12482807785272598,0.5943882465362549,0.007966849021613596,-0.47322618961334234,0.8987531065940858,0.2817223370075226,-0.12063466012477873,0.06250331550836563,-0.469546914100647
0.3614879846572876,-0.09105530381202696,0.6653316020965576,0.9889823794364928,-0.017183942720294,0.1376277059316635,0.051741618663072586,-0.25308939814567566,0.184854656457901,-0.08700684458017349,0.9242547154426575,-0.8426480293273925,-0.23065085709095,-1.0638184547424316,-0.496023416519165,-0.6181050539016724,0.7919754385948181,-0.3194309175014496,0.034685540944337845,-0.38889992237091053,-0.1893511861562729,0.5204855799674988,-1.4840550422668457,0.4294800758361816,-0.8970733880996704,0.2490815669298172,0.7430884838104248,-0.09433677792549133,0.5670294165611267,0.16437403857707977,-0.4691018760204315,0.7626308202743529,0.0784786269068718,-0.15127697587013245,0.08680872619152069,-0.46836665272712713
0.41102609038352966,-0.1001945585012436,0.6581478118896484,0.9882142543792723,-0.02118042856454849,0.13917742669582367,0.06011350825428963,-0.14929175376892087,0.2144107073545456,-0.09436067938804625,0.8512105345726013,-0.8322012424468994,-0.23479211330413816,-1.0592031478881836,-0.5322112441062927,-0.6765422821044922,0.7281487584114074,-0.31172367930412287,0.06562917679548264,-0.4669753909111023,-0.1621320992708206,0.5142243504524231,-1.50153648853302,0.4109300971031189,-0.9136213064193724,0.29572194814682007,0.741029381752014,-0.06634011864662169,0.539656937122345,0.34997957944869995,-0.4673309028148651,0.6244400143623352,-0.1865555047988892,-0.216450959444046,0.09860869497060776,-0.44600871205329895
0.466884046792984,-0.109858900308609,0.6535158157348633,0.9869135022163392,-0.031562454998493195,0.14669661223888397,0.05903863161802292,-0.026796193793416023,0.2600335478782654,-0.08504440635442732,0.7233381867408752,-0.780693769454956,-0.23106396198272705,-1.0392942428588867,-0.542624294757843,-0.734841525554657,0.7000839114189148,-0.32677677273750305,0.10965655744075777,-0.5275893807411194,-0.0936371088027954,0.4973049759864807,-1.4780563116073608,0.4226938486099243,-0.9333060383796691,0.42016264796257013,0.7339478135108948,-0.03216366469860077,0.5143714547157288,0.5290135145187378,-0.4682888388633728,0.5057735443115233,-0.4801712036132813,-0.32111015915870667,0.0989137589931488,-0.40155863761901855
0.5272520184516907,-0.11945541203022005,0.6496594548225403,0.9840014576911926,-0.04906630516052246,0.16693615913391113,0.03828739374876022,0.08644451946020126,0.30709373950958246,-0.04080179706215858,0.5784609317779541,-0.6842800974845886,-0.22231408953666687,-1.0389456748962402,-0.5008718371391296,-0.7625802159309387,0.7382169961929321,-0.36183321475982666,0.1436125934123993,-0.5569908618927002,0.015848979353904724,0.4605768620967865,-1.4220246076583862,0.48012596368789673,-0.9705737233161926,0.6482528448104857,0.724178969860077,-0.010542666539549828,0.4878784120082855,0.6360279321670532,-0.47250193357467646,0.3966722190380096,-0.7464324235916138,-0.4407688677310944,0.08185301721096039,-0.3288517892360687
0.5911733508110046,-0.12943097949028015,0.6477494239807129,0.9787691235542296,-0.06566362082958221,0.19416289031505585,0.00034681727993302047,0.17682527005672455,0.32314249873161316,0.02719200402498245,0.4722510874271393,-0.5411944985389708,-0.20269259810447687,-1.0427943468093872,-0.4371494948863983,-0.7673749327659608,0.8515030741691588,-0.405996710062027,0.13943567872047424,-0.560616135597229,0.13548189401626587,0.4235968887805938,-1.3266348838806152,0.5861154794692993,-1.061916708946228,0.9190627336502076,0.6753999590873718,-0.007701929192990064,0.4096490144729614,0.6086388230323792,-0.47203129529953,0.30966499447822565,-0.9443127512931824,-0.5388625264167786,0.0548541434109211,-0.2360594719648361
0.6553627252578735,-0.13929370045661926,0.6484513282775879,0.9714557528495789,-0.07488301396369934,0.2189073860645294,-0.052400097250938416,0.23411856591701508,0.30280452966690063,0.12342653423547743,0.4723255336284637,-0.4010358154773712,-0.15730924904346466,-1.0222582817077637,-0.35728964209556574,-0.7513729929924011,0.9453424215316771,-0.3948191106319427,0.09275396913290025,-0.5441522002220154,0.22762732207775116,0.410904198884964,-1.1380823850631712,0.7594436407089233,-1.13528311252594,1.053826093673706,0.5881606340408325,-0.013086543418467045,0.3610027134418488,0.43137168884277344,-0.47309303283691406,0.257666528224945,-1.0459513664245603,-0.5815390348434448,0.03073659539222717,-0.15904296934604645
0.7201361060142517,-0.14941389858722687,0.6496842503547668,0.9636889696121216,-0.07454341650009155,0.23031978309154513,-0.11269260197877884,0.2641759514808655,0.2610641419887543,0.2206776589155197,0.5743662714958191,-0.30980816483497614,-0.1135440394282341,-1.0073399543762207,-0.27437224984169006,-0.6784823536872864,1.0146138668060303,-0.41036221385002136,0.023861339315772057,-0.5015347003936768,0.27976661920547485,0.4253405332565308,-0.8180582523345947,0.9987892508506776,-1.0963774919509888,0.9782328009605408,0.5427982211112976,-0.0604412853717804,0.4045218229293823,0.16739913821220395,-0.5082166790962219,0.2611093819141388,-1.0419368743896484,-0.6094592809677124,0.014860950410366058,-0.14218948781490323
0.7873553037643432,-0.16014237701892853,0.6511489152908325,0.9534231424331664,-0.07251755148172377,0.23388253152370447,-0.17613786458969116,0.23064811527729037,0.2173177599906921,0.26456889510154724,0.7723498344421386,-0.26869308948516846,-0.105562224984169,-0.984179675579071,-0.183379665017128,-0.5814992785453796,1.0604937076568604,-0.4532994329929352,0.004942913539707661,-0.4314830005168914,0.31205523014068604,0.45293170213699346,-0.3728841543197632,1.1826071739196775,-0.9671678543090819,0.8181038498878478,0.539770781993866,-0.1205831840634346,0.461813747882843,-0.1437072902917862,-0.5712153911590576,0.29011270403862,-0.9527121782302856,-0.6367169618606567,0.007466530427336691,-0.18683628737926483
0.8548193573951721,-0.1711301952600479,0.6523880362510681,0.9410625100135804,-0.06746167689561844,0.23477822542190552,-0.2339433878660202,0.11852816492319108,0.1874651461839676,0.26993510127067566,1.061864137649536,-0.2764131426811218,-0.10870322585105896,-0.9420850872993469,-0.11063563078641891,-0.4794086813926697,1.0831447839736938,-0.5088338851928711,0.02696825191378593,-0.3353438973426819,0.32844802737236023,0.474908709526062,0.12938904762268066,1.2368435859680176,-0.7835748195648193,0.7007619142532349,0.5654382109642029,-0.15348057448863983,0.48007804155349726,-0.46495458483695984,-0.6317293643951416,0.34484240412712097,-0.8277764320373534,-0.657757043838501,0.014217334799468516,-0.25076189637184143
0.9193701744079588,-0.18266870081424716,0.6541842222213745,0.9319163560867308,-0.05696980655193329,0.23062655329704285,-0.27403974533081055,-0.04619335383176804,0.19929213821887967,0.2599623501300812,1.3982455730438232,-0.34644076228141785,-0.08698122948408128,-0.8704195618629454,-0.08514174818992615,-0.3860991597175598,1.0889617204666135,-0.572966992855072,0.06870213896036148,-0.23422667384147644,0.333784282207489,0.4832774102687836,0.484890341758728,1.2124464511871336,-0.7076069116592407,0.6570186018943787,0.608284056186676,-0.15567719936370847,0.4728132486343384,-0.7634094953536987,-0.6964643001556396,0.437903106212616,-0.7041178345680237,-0.6594434976577759,0.025847451761364937,-0.28197458386421204
0.9816116094589232,-0.196197122335434,0.6552686095237732,0.92828232049942,-0.0420854426920414,0.22066672146320343,-0.29635611176490784,-0.2582392990589142,0.2761157155036926,0.25245022773742676,1.7344188690185547,-0.4720863401889801,-0.027991982176899907,-0.767358958721161,-0.10755249857902525,-0.3113083243370056,1.080783128738403,-0.6399736404418945,0.11966264247894288,-0.13060003519058228,0.33533531427383423,0.48479807376861567,0.7059069275856018,1.173463463783264,-0.700456976890564,0.6385102868080139,0.6283820867538452,-0.12456458061933516,0.4823785722255706,-1.0687166452407837,-0.7798712253570557,0.5835814476013184,-0.5700658559799193,-0.6365444660186768,0.02038098871707916,-0.3032954037189484
1.0421196222305296,-0.21227531135082245,0.6554246544837952,0.929129123687744,-0.022756474092602726,0.20536190271377563,-0.30663937330245966,-0.5118099451065063,0.3881015479564666,0.24607351422309875,1.998481512069702,-0.6114277839660645,0.04540671035647392,-0.6332862377166748,-0.16999360918998718,-0.26324599981307983,1.0543291568756104,-0.693390965461731,0.17159469425678253,-0.011109263636171816,0.3352024257183075,0.48489964008331293,0.8533608913421632,1.140408992767334,-0.658716082572937,0.6196596622467041,0.6040921807289124,-0.07764814049005507,0.5140087604522705,-1.3667256832122803,-0.8933719992637633,0.7706800103187562,-0.42241415381431574,-0.57606303691864,-0.025461673736572266,-0.3318503797054291
1.1036216020584106,-0.23090694844722748,0.6561381816864014,0.9322679042816162,0.0011032401816919444,0.18478718400001523,-0.3110128939151764,-0.7792212963104248,0.49525794386863703,0.23265607655048368,2.120150089263916,-0.7142499685287476,0.09806179255247117,-0.46626535058021545,-0.2605541944503784,-0.23735170066356656,0.9937236309051511,-0.7190480828285217,0.21435868740081787,0.1205117255449295,0.31736606359481806,0.4728041291236877,1.0202785730361938,1.1155415773391724,-0.5066899657249451,0.5703570246696472,0.5357325673103333,-0.045324280858039856,0.5497134327888489,-1.5948044061660767,-1.0283331871032715,0.9590528011322019,-0.2725312411785126,-0.4676858186721802,-0.07980430126190186,-0.35013115406036377
1.1715083122253416,-0.25419342517852783,0.6576286554336548,0.9343963861465454,0.027792245149612423,0.16951890289783475,-0.3120807111263275,-1.0482046604156494,0.5909998416900635,0.24133421480655673,2.093215227127075,-0.7501436471939088,0.13908252120018005,-0.2690805196762085,-0.35553139448165894,-0.24722066521644592,0.8533934354782104,-0.6867530941963196,0.24600926041603088,0.2499390542507172,0.2616466879844665,0.4322955310344696,1.2597075700759888,1.0481066703796387,-0.2105199843645096,0.4645693898200989,0.45397204160690313,-0.06946016103029251,0.6190305948257446,-1.6838915348052979,-1.196720004081726,1.0821640491485596,-0.1303626000881195,-0.35265684127807617,-0.13096587359905243,-0.390704870223999
1.24933660030365,-0.2816073000431061,0.6602133512496948,0.9343627691268922,0.057170163840055466,0.1698523461818695,-0.30797407031059265,-1.2855584621429443,0.6386520862579346,0.285063773393631,1.9426981210708616,-0.7221285104751587,0.14672811329364777,-0.076303593814373,-0.4325598478317261,-0.2816356420516968,0.6382544636726379,-0.5466504693031311,0.269072026014328,0.3488702476024628,0.15295691788196564,0.3647060096263885,1.457244873046875,0.9138485193252563,0.17099228501319885,0.3099466860294342,0.42033314704895014,-0.1128690391778946,0.7573729753494263,-1.5398815870285034,-1.3947418928146362,1.0665196180343628,-0.006435025949031115,-0.3001360297203064,-0.16182710230350494,-0.48184964060783386
1.3370347023010252,-0.31207704544067383,0.6654499173164368,0.9358139634132384,0.08372177928686142,0.1804821491241455,-0.29097965359687805,-1.426863670349121,0.608805239200592,0.32192686200141907,1.7102341651916504,-0.6427664756774902,0.08464279025793076,0.09919473528862,-0.4838888645172119,-0.33526474237442017,0.4430310130119324,-0.27813565731048584,0.26863449811935425,0.40600600838661194,0.029187824577093124,0.30788952112197876,1.4962787628173828,0.7627323865890504,0.4938509464263916,0.11316251009702682,0.4613226652145386,-0.15072235465049744,0.895857334136963,-1.0549142360687256,-1.5830057859420776,0.790238857269287,0.12160710990428925,-0.3430669903755188,-0.16132335364818573,-0.6226276755332947
1.4295142889022827,-0.34277588129043574,0.6723527312278748,0.942108929157257,0.09323877841234209,0.19112908840179443,-0.25924310088157654,-1.4462838172912595,0.5487602353096008,0.3440046012401581,1.4453749656677246,-0.5405674576759337,-0.006540860049426556,0.20647363364696503,-0.49655419588088984,-0.36801645159721375,0.43887045979499817,-0.041606172919273376,0.2030963897705078,0.43306905031204224,-0.05625858157873154,0.2845919132232666,1.3884534835815427,0.6655274033546448,0.6488316059112549,-0.10220736265182497,0.4600834250450134,-0.1965925693511963,0.9702506065368652,-0.3250660896301269,-1.5966663360595703,0.3041106164455414,0.2637483775615692,-0.4254789054393768,-0.15801604092121124,-0.7591016888618469
1.5197690725326538,-0.37344908714294434,0.6779152750968933,0.9526365399360656,0.08601945638656616,0.19311690330505368,-0.21860970556735992,-1.3701148033142088,0.5065017342567444,0.3712882399559021,1.2069926261901855,-0.4760304391384125,-0.0669185146689415,0.249264732003212,-0.43233594298362726,-0.36259672045707697,0.5885798335075377,0.03884326666593552,0.12442295253276824,0.4601052701473236,-0.10046548396348952,0.3007424771785736,1.1642992496490479,0.6231110095977783,0.6529591083526611,-0.2881254553794861,0.4170170426368713,-0.23184429109096527,0.9588803648948668,0.30093032121658325,-1.3955512046813965,-0.15871506929397583,0.35477393865585327,-0.5262549519538879,-0.1365871429443359,-0.8484543561935424
1.6069968938827515,-0.40472549200057983,0.6792518496513367,0.9650647640228271,0.08248756080865861,0.18886446952819824,-0.1617897003889084,-1.2568187713623047,0.4402826130390167,0.3919010162353516,1.016209363937378,-0.43125033378601074,-0.07759857177734375,0.2580856382846832,-0.3283013105392456,-0.41492423415184015,0.8057595491409301,-0.026253733783960342,0.1151142418384552,0.4525903165340424,-0.16412828862667084,0.3401412665843964,0.8249512910842894,0.6238169074058533,0.5052928924560547,-0.3784110844135285,0.4302530884742737,-0.2501507699489593,0.8916571140289306,0.613008439540863,-1.1150627136230469,-0.3168310225009918,0.34814974665641785,-0.6565375328063965,-0.07006862014532089,-0.8867453932762147
1.6968848705291748,-0.436057984828949,0.6777886152267456,0.9784371256828307,0.07739125192165375,0.17190316319465637,-0.08438408374786377,-1.1124742031097412,0.3212084174156189,0.34139901399612427,0.8972883820533752,-0.35877373814582825,-0.10212685912847518,0.26561182737350464,-0.2499369829893112,-0.5896276831626892,1.065463304519653,-0.17148961126804352,0.08450902253389359,0.38846689462661743,-0.2505398690700531,0.3808657228946686,0.39493605494499207,0.6852147579193115,0.24904464185237885,-0.34971123933792114,0.4876228868961334,-0.25500187277793884,0.7848317027091981,0.7921918630599974,-0.8951040506362915,-0.24661049246788025,0.2064676135778427,-0.8330889344215393,0.04261814430356026,-0.9295875430107117
1.788402795791626,-0.4635545015335083,0.6727614402770996,0.9855603575706482,0.08213061094284058,0.14793330430984497,0.006407798733562231,-1.0043834447860716,0.17500510811805725,0.23141679167747495,0.928345501422882,-0.3194589912891388,-0.13667014241218567,0.23179578781127927,-0.2729117274284363,-0.8210090994834901,1.424443244934082,-0.397502988576889,0.030219815671443936,0.26067623496055603,-0.37753626704216,0.433078408241272,-0.021072555333375927,0.7480713129043579,-0.03301471844315529,-0.23010556399822235,0.5552806258201599,-0.2275855541229248,0.6749700903892517,0.9242781996726989,-0.8780529499053955,-0.2178048938512802,-0.06952555477619171,-0.9605866074562072,0.08380285650491713,-1.0180851221084595
1.8764162063598633,-0.485865980386734,0.6679667830467224,0.9814605116844176,0.10599446296691895,0.12936297059059143,0.09362488240003584,-0.900631308555603,0.027544321492314335,0.1428624391555786,0.9781273007392883,-0.35319411754608154,-0.1862853765487671,0.1096653938293457,-0.4104722738265991,-0.983102798461914,1.83032751083374,-0.629218339920044,-0.013433975167572498,0.08159925788640976,-0.525090754032135,0.4792851209640503,-0.36218082904815674,0.7566653490066528,-0.301379531621933,-0.037480562925338745,0.63337504863739,-0.1887638121843338,0.619600474834442,1.0313889980316162,-1.0905823707580566,-0.3884565532207489,-0.3388262987136841,-0.9417673349380493,0.035551946610212326,-1.1608840227127075
1.9631346464157104,-0.5043700337409973,0.6655272841453552,0.9762598872184752,0.1067577674984932,0.11044372618198393,0.15271404385566711,-0.773229718208313,-0.03121548146009445,0.035106219351291656,1.0173759460449219,-0.4407890439033508,-0.22158220410346985,-0.081664077937603,-0.5710276961326599,-1.012486696243286,2.081170320510864,-0.7516849637031555,-0.014577130787074564,-0.06201577559113503,-0.5802971124649048,0.5001863837242126,-0.579860270023346,0.6816820502281189,-0.49377563595771784,0.18990823626518247,0.7628527283668518,-0.18127848207950592,0.6221674084663391,1.1023061275482176,-1.4120523929595947,-0.685834527015686,-0.38982698321342474,-0.8321714401245117,-0.03568088263273239,-1.2947754859924316
2.0510516166687007,-0.5226289629936217,0.6651667952537537,0.9742079377174376,0.08254752308130264,0.09278949350118637,0.1884010136127472,-0.6314064264297485,0.036068834364414215,-0.05998598784208298,1.0102686882019043,-0.5370498299598694,-0.2385849356651306,-0.35776260495185846,-0.7446500658988952,-0.9545780420303344,2.106667518615722,-0.7378817200660706,-0.029577087610960007,-0.13859659433364868,-0.5506197214126587,0.499479204416275,-0.6495485901832581,0.5375562906265259,-0.5942326784133911,0.3648549318313599,0.8962339162826538,-0.16587921977043152,0.6552519202232361,1.1718677282333374,-1.6911091804504395,-1.0436246395111084,-0.2921377420425415,-0.7872917652130128,-0.07256413996219635,-1.3223880529403687
2.145120620727539,-0.5420809388160706,0.6659469604492188,0.9683233499526976,0.06349567323923111,0.09202288091182707,0.22327110171318051,-0.496889054775238,0.170322984457016,-0.08596368134021759,0.8911042809486389,-0.5353522896766664,-0.24892534315586087,-0.7916363477706909,-0.8915530443191528,-0.766880989074707,1.9538656473159792,-0.7075004577636719,0.03748979419469833,-0.21374356746673584,-0.5130951404571533,0.473682165145874,-0.5633919239044188,0.4019640386104584,-0.5836116671562195,0.46096324920654297,0.9468347430229187,-0.1542949676513672,0.6943733692169188,1.1890772581100464,-1.8932932615280151,-1.2663034200668335,-0.2295730412006378,-0.7755032181739806,-0.1042703241109848,-1.2430747747421265
2.2457227706909175,-0.5645653605461121,0.6711186766624451,0.9599660634994506,0.04655022546648979,0.10380545258522032,0.25597405433654785,-0.3654340505599976,0.30376195907592773,-0.09889416396617888,0.7088527083396912,-0.3866751194000244,-0.2549706101417541,-1.1209845542907715,-0.8761358857154846,-0.5582706928253174,1.6227657794952393,-0.6679191589355469,0.17834997177124023,-0.26242926716804504,-0.4669954478740692,0.4408219754695892,-0.3724969029426575,0.3104955554008484,-0.4848778545856476,0.49986660480499273,0.8969733119010925,-0.14052176475524902,0.7165254950523376,0.993298292160034,-2.046020746231079,-1.0841779708862305,-0.25415852665901184,-0.7076550126075745,-0.1396232694387436,-1.0829071998596191
2.35378360748291,-0.5879628658294678,0.6780259013175964,0.9577768445014953,0.024604242295026776,0.11555282026529312,0.2621176540851593,-0.23310428857803345,0.41663512587547297,-0.16913503408432007,0.5365673303604126,-0.13130956888198853,-0.2483142614364624,-1.2111022472381592,-0.7264500260353088,-0.4074649214744568,1.1511224508285522,-0.5436586141586304,0.24990302324295044,-0.24059635400772092,-0.3999741673469544,0.4027371108531952,-0.15866248309612274,0.24647556245326996,-0.3310375511646271,0.5873153805732727,0.7565218210220338,-0.1271970123052597,0.6743567585945128,-0.07928448915481566,-1.9593479633331297,-0.16735833883285522,-0.3004148006439209,-0.5807192921638489,-0.16084720194339752,-0.9115121364593504
2.474504232406616,-0.6119828820228577,0.6794212460517883,0.9600895047187805,0.021796682849526405,0.09996268153190611,0.26030847430229187,-0.043231576681137085,0.4859801232814789,-0.242011234164238,0.47587117552757263,0.05405960604548454,-0.21995171904563904,-1.1085591316223145,-0.6041024923324585,-0.2608419358730316,0.6833080053329468,-0.3848033547401428,0.2724684476852417,-0.1933894455432892,-0.34297680854797363,0.3707484006881714,0.07473426312208174,0.20660440623760223,-0.1683397591114044,0.7525814175605774,0.5850512385368347,-0.10830532759428024,0.5243617296218872,-0.8319805264472961,-1.7253365516662595,0.3880890905857086,-0.33227896690368647,-0.4731442034244537,-0.12953662872314453,-0.7933241724967955
2.600280284881592,-0.6340234875679016,0.6718708872795105,0.9626063704490659,0.03733107075095177,0.0705031156539917,0.25889134407043457,0.20328333973884585,0.5119521021842957,-0.2328997105360031,0.5577786564826965,0.0021999937016516924,-0.18827044963836667,-0.9244472384452819,-0.5198902487754822,-0.1173759326338768,0.33553826808929443,-0.22139304876327515,0.278605192899704,-0.13066637516021729,-0.28694456815719604,0.31366267800331116,0.297102689743042,0.2083041965961456,-0.04907717928290367,0.954758644104004,0.37992805242538447,-0.07515947520732878,0.36439359188079834,-1.0720483064651487,-1.562524437904358,0.6193996667861937,-0.3763196170330048,-0.4604848325252533,-0.10385601967573165,-0.7011212706565857
2.721322774887085,-0.6583323478698729,0.6634191870689392,0.9601452350616456,0.05536667630076408,0.0702817365527153,0.26479455828666687,0.31753474473953247,0.5576401948928833,-0.09105607867240904,0.7066042423248291,-0.0588051751255989,-0.14506135880947113,-0.9791937470436096,-0.5047073364257812,-0.012563906610012054,0.5937173366546631,0.04296010360121727,0.28681841492652893,-0.06867138296365738,-0.2220815271139145,0.2261875718832016,0.5137172937393188,0.2888808250427246,0.1214548647403717,1.171721577644348,0.2130235731601715,-0.03525698184967041,0.369532972574234,-1.147940158843994,-1.4546331167221067,0.751472771167755,-0.40347856283187866,-0.45250940322875977,-0.16772149503231049,-0.6485998630523682
2.829514741897583,-0.6829624772071838,0.6647821664810181,0.9536535143852234,0.07292076200246811,0.03194348514080048,0.2901846468448639,0.37139546871185297,0.5632398724555969,-0.049300365149974816,1.044095516204834,-0.1809672862291336,-0.13591422140598297,-0.9422531127929688,-0.44667741656303406,0.03964107111096382,1.0225284099578855,-0.2103043347597122,0.21465592086315155,-0.008860623463988304,-0.11904682219028472,0.21741996705532077,0.6332758069038391,0.47537705302238464,0.3745028972625733,1.338728904724121,0.10040700435638428,0.1009431853890419,0.39754676818847656,-1.1934919357299805,-1.3475804328918457,0.7832205295562744,-0.4207783937454224,-0.37583965063095087,-0.25069802999496454,-0.5737459063529968
2.9110827445983887,-0.7042368054389954,0.6908566951751709,0.9268507957458496,0.08882293850183488,0.014170525595545769,0.36449578404426575,0.1682075411081314,0.5861213803291321,-0.031458701938390725,1.4177204370498655,-0.3231998085975647,-0.12167488038539886,-0.7244142293930053,-0.4872932732105255,-0.0846547856926918,1.1303797960281372,-0.38122895359992975,0.10945178568363188,0.02171121910214424,-0.028805809095501896,0.20343938469886777,0.6716565489768982,0.7311054468154907,0.500872015953064,1.2382324934005735,0.17034462094306943,0.20094703137874603,0.44857823848724365,-1.1171481609344482,-1.2750792503356931,0.6083024740219116,-0.4523951411247253,-0.27126896381378174,-0.3193090558052063,-0.6227149963378905
2.990567207336426,-0.727742075920105,0.7290668487548829,0.8806951642036438,0.09310164302587508,0.018318360671401024,0.4640824496746063,-0.1984276920557022,0.5625623464584352,0.00029194029048085207,1.7439298629760742,-0.42837503552436823,-0.08473617583513261,-0.4717113077640533,-0.5209996104240417,-0.31660476326942444,1.0248115062713623,-0.44912227988243103,-0.01667631044983864,0.02265561930835247,0.041281163692474365,0.18355551362037656,0.6031057238578796,0.9608924388885498,0.45660626888275146,0.9471276402473447,0.3069218099117279,0.22693319618701932,0.5139137506484985,-0.9481158852577208,-1.2821855545043943,0.22597329318523407,-0.5416062474250793,-0.12701308727264404,-0.3751057088375092,-0.8080127835273743
3.082845449447632,-0.7541232109069824,0.7770057916641235,0.8030864000320433,0.08731256425380705,0.01806929148733616,0.5891538858413696,-0.5292698740959167,0.35919511318206787,0.10853432863950728,1.857928276062012,-0.3830090761184692,-0.10845589637756348,-0.1796984225511551,-0.4558529853820801,-0.6382331252098083,0.828051745891571,-0.3298012614250183,-0.16623340547084808,0.007736524567008018,0.08900584280490875,0.15172424912452695,0.5208399295806885,1.1796791553497314,0.4913061261177063,0.524246335029602,0.5234937071800232,0.2599130868911743,0.5296295285224915,-0.6640419363975525,-1.3103682994842527,-0.3112487494945526,-0.6821067929267883,0.05363404750823975,-0.4481439888477325,-1.011296272277832
3.174262046813965,-0.7829797267913817,0.8262275457382202,0.69106525182724,0.09362872689962387,0.008573258295655249,0.716651201248169,-0.7270736694335938,-0.03214894235134125,0.37658900022506714,1.774085521697998,-0.2152923494577408,-0.2156478613615036,-0.17050838470458984,-0.4014245867729187,-0.5774103403091431,0.8823990821838379,0.022552240639925003,-0.29873126745224,-0.04589102044701576,0.07732829451560974,0.1274455189704895,0.46651428937911993,1.4523848295211792,0.7526477575302125,0.049588024616241455,0.6149963736534119,0.3259152173995972,0.46323022246360773,-0.367226779460907,-1.26283061504364,-0.8574786782264708,-0.8480674028396606,0.21195608377456665,-0.6089146137237549,-1.0584921836853027
3.256779432296753,-0.8032708764076234,0.8662801384925841,0.5665931701660156,0.07786307483911514,0.005554725416004658,0.8202918171882628,-0.8268326520919799,-0.3943734467029572,0.5927667021751404,1.6822501420974731,-0.21246030926704407,-0.18271592259407043,-0.13452576100826263,-0.20221211016178128,-0.3691872358322144,0.5242487788200377,0.3577609956264496,-0.12601213157176971,-0.0838319882750511,0.027612628415226936,0.04319055750966072,0.1464252322912216,2.0480587482452393,0.7389706373214722,-0.17097973823547363,0.5076314210891724,0.3580228388309479,0.4714230298995972,-0.1072690337896347,-1.2887881994247437,-1.0947128534317017,-0.860468864440918,0.05373135209083557,-0.6549131870269775,-1.1661300659179688
3.343444585800171,-0.8227638006210326,0.8889241814613342,0.4575128257274628,0.019686747342348095,-0.011957853101193903,0.8889046311378478,-0.9623386263847352,-0.6301720142364502,0.782480776309967,1.685359239578247,-0.23614780604839325,-0.15287522971630096,-0.10078037530183792,-0.05442443490028381,-0.3203669488430023,0.2582041323184967,0.5176601409912108,-0.05047051608562469,-0.038387611508369446,-0.015325595624744892,-0.05425913259387016,-2.46520471572876,1.4302667379379272,-1.43774676322937,0.07531697303056718,0.34721988439559937,0.2776767909526825,0.5515697002410889,0.23327620327472687,-1.3751780986785889,-1.1451735496520996,-0.6008545160293579,-0.36992216110229487,-0.6270056962966919,-1.4184019565582275
3.428278923034668,-0.8406174182891845,0.9015148878097534,0.3450298607349396,-0.03585250303149223,-0.013055170886218548,0.9378158450126649,-1.1041520833969116,-0.8543758988380432,0.9153338670730592,1.579326033592224,-0.1265238970518112,-0.21185293793678284,-0.10135362297296524,0.05919255316257477,-0.3304880261421204,0.119996078312397,0.4602596759796143,0.12885746359825134,0.003052441868931055,-0.04953393340110778,-0.131532222032547,-2.617783069610596,1.04628324508667,-1.4804438352584839,0.4039763808250427,0.2279043197631836,0.1802262514829636,0.5572841167449951,0.3746764361858368,-1.4292889833450315,-0.9892745018005373,-0.1652575433254242,-0.7113243341445923,-0.41301971673965454,-1.6892454624176023
3.506202459335327,-0.8575442433357239,0.9161254167556762,0.16847862303256989,-0.09114671498537064,-0.0013034503208473325,0.9814813137054444,-0.9134587049484254,-1.0653929710388184,0.9266024231910704,1.4132757186889648,0.007051064632833004,-0.215001180768013,-0.1465577334165573,0.17764565348625183,-0.3846648633480072,0.06293728202581406,0.2869943380355835,0.2144646644592285,-0.048312555998563766,-0.09558067470788957,-0.20392285287380216,-2.7068619728088374,0.8014421463012694,-1.7230290174484253,0.740898609161377,0.1370739787817001,0.04124332964420319,0.449348121881485,0.4992817640304565,-1.544901132583618,-0.7814363241195679,0.43002739548683167,-0.8052591681480407,0.07897217571735382,-1.5821071863174438
3.5898351669311523,-0.8791137933731078,0.9669495820999144,-0.13526287674903867,-0.1367330253124237,0.0373140461742878,0.9806200861930848,0.749009668827057,-0.46122676134109497,0.4250829219818115,1.3977704048156738,0.11597949266433716,-0.23629151284694672,-0.38802987337112427,0.03517951816320419,-0.440276712179184,0.3676389753818512,-0.07294226437807083,0.036312524229288094,-0.24869726598262784,-0.17786836624145508,-0.23533676564693448,-2.764228105545044,0.7540441155433655,-1.916712999343872,0.9446357488632202,0.11089663207530975,-0.0943099483847618,0.11229093372821808,0.6647520661354065,-1.696084976196289,-0.5352984666824341,1.1529631614685059,-0.7172050476074219,0.40104085206985474,0.011922567151486872
3.6778042316436768,-0.9072046279907225,1.0115121603012085,-0.3323891758918762,-0.1383116990327835,0.0604712963104248,0.9309836626052856,0.9165631532669068,-0.11873731017112732,0.022082777693867683,1.289154291152954,0.16789981722831726,-0.2386930286884308,-0.6013205647468567,-0.13222531974315643,-0.32646867632865906,0.903690755367279,-0.16218186914920807,-0.01940944418311119,-0.36674556136131287,-0.196498766541481,-0.22463145852088928,-2.759356737136841,0.8827476501464844,-1.7929332256317139,0.9704742431640624,-0.047120582312345505,-0.123264878988266,0.05182367563247681,0.9911949634552002,-1.734398365020752,-0.9365206956863404,1.3629426956176756,-0.9267632961273192,0.5425066947937012,-0.1600508689880371
3.749916076660156,-0.9282023906707764,1.0358622074127195,-0.4793044626712799,-0.12040067464113235,0.05637490004301071,0.8675210475921632,0.7759153246879578,0.284381628036499,-0.1354253441095352,1.12936532497406,0.1632494479417801,-0.1353747546672821,-0.7175037860870361,-0.2075808346271515,-0.28017160296440125,1.4061144590377808,-0.09090113639831544,-0.023336190730333328,-0.4136641025543213,-0.20623710751533508,-0.17640872299671173,-2.6778883934021,0.9544708728790284,-1.561102032661438,0.8506582379341124,-0.17734742164611816,-0.11339887231588364,0.14449334144592285,1.2588540315628052,-1.6587437391281128,-1.619795560836792,1.0707178115844727,-1.8674657344818115,0.6004807353019713,-0.34292328357696533
3.8078193664550786,-0.9440667629241944,1.0405292510986328,-0.5890172719955444,-0.09135754406452179,0.04823403432965279,0.8014898300170897,0.4925310015678406,0.6619324684143065,-0.14345289766788483,0.9862865209579469,0.0999549850821495,-0.07723750174045561,-0.7125370502471924,-0.19144652783870697,-0.27639612555503845,1.7772642374038696,0.009053305722773075,0.03712008148431777,-0.40369465947151184,-0.21795614063739777,-0.10391487181186676,-2.4189310073852535,0.9673194885253905,-1.2190378904342651,0.6219698190689087,-0.2462249994277954,-0.12311261892318724,0.2958226203918457,1.3683786392211914,-1.5758153200149536,-2.031597375869751,-0.24845322966575625,2.0259575843811035,0.012631270103156567,-0.3390846252441406
3.864495515823364,-0.9617659449577332,1.028083324432373,-0.6716716885566713,-0.05836823955178261,0.07753600180149078,0.7344647645950316,0.23396874964237213,0.815170407295227,-0.1111880987882614,0.8578950762748718,0.0888666659593582,-0.09737714380025864,-0.5375273227691649,-0.2124876081943512,-0.32141730189323425,2.0626077651977535,-0.040621168911457055,0.0796831399202347,-0.353071391582489,-0.2825424075126648,-0.017807861790060997,-2.0227410793304443,0.8993632793426514,-0.9727289676666259,0.3786511421203613,-0.20471036434173584,-0.15011511743068695,0.4074732661247253,1.3317375183105469,-1.53090238571167,-1.99254047870636,-0.5059210658073425,0.9108812212944031,-0.27944430708885193,-0.15316343307495117
3.923804521560669,-0.9796839356422424,1.008141040802002,0.7303842902183533,0.03330102562904358,-0.09282808750867844,-0.6758792996406555,0.04869013652205467,0.7888575792312622,-0.0014266869984567163,0.7130012512207031,0.17496421933174133,-0.16509322822093964,-0.35092568397521967,-0.19744692742824557,-0.4567753672599792,2.2329933643341064,-0.11937389522790907,0.08003295958042143,-0.28949350118637085,-0.2896947562694549,0.06654396653175354,-1.6730473041534424,0.7491649985313414,-0.9341407418251036,0.14894121885299683,-0.044037025421857834,-0.19928401708602905,0.49671226739883423,1.1590152978897095,-1.518701434135437,-1.679861307144165,-0.618332028388977,0.47570359706878657,-0.3031887710094452,-0.08919385820627213
3.9930419921875,-0.9970487356185912,0.976332187652588,0.7637093663215637,0.0028706456068903208,-0.08200980722904205,-0.6403234601020813,-0.03822191804647446,0.7553166151046754,0.256812185049057,0.5747373700141907,0.27416208386421204,-0.16562826931476593,-0.36041125655174255,-0.09328549355268478,-0.5571351051330566,2.2266876697540283,-0.10264342278242113,0.06779958307743073,-0.23768240213394165,-0.2058134377002716,0.15884722769260406,-1.4413039684295654,0.6347193717956543,-1.0728142261505127,0.001229995395988226,0.1081262081861496,-0.21350158751010892,0.5664961934089661,0.9231522679328918,-1.533952713012695,-1.296391487121582,-0.690281331539154,0.1875029653310776,-0.2620232105255127,-0.1183595135807991
4.071121692657472,-1.0170004367828367,0.9376893043518065,0.7782825231552125,-0.04146480932831764,-0.06914770603179932,-0.6227163076400757,0.006500221788883209,0.7163061499595642,0.5770635008811951,0.5036990642547609,0.26867145299911493,-0.1424727588891983,-0.5029269456863403,-0.012793308123946188,-0.6037673354148865,2.0803623199462886,-0.01129346154630184,0.018100462853908535,-0.1909738779067993,-0.08190635591745377,0.25752806663513184,-1.2516947984695435,0.5714077949523926,-1.2542057037353516,-0.05475090816617012,0.21629270911216733,-0.22281198203563687,0.5913732051849365,0.7296783328056334,-1.5431371927261353,-0.8958339691162108,-0.7395527958869934,-0.02017587423324585,-0.21752335131168363,-0.10018516331911088
4.148005962371825,-1.0391269922256468,0.8927544951438903,0.7906599640846252,-0.07870323956012726,-0.06311074644327164,-0.6038872599601746,0.05278311297297478,0.617304801940918,0.7650109529495238,0.47219461202621454,0.3055438995361328,-0.1402420550584793,-0.6875174045562744,0.05030708014965057,-0.6441759467124938,1.8406789302825928,0.09055808931589127,-0.03181242570281029,-0.17176739871501923,0.00043834361713379616,0.3430148661136627,-1.1190180778503416,0.5605253577232361,-1.372731566429138,-0.01753409020602703,0.3329874277114868,-0.2469804883003235,0.6029894948005676,0.6549821496009827,-1.5313175916671753,-0.6229131817817688,-0.8178675174713135,-0.1563938558101654,-0.19629916548728943,-0.04823919013142586
4.225695610046387,-1.0655337572097778,0.8359621167182921,0.8178642392158508,-0.10187549144029616,-0.056270841509103775,-0.563518464565277,0.05079917237162591,0.5242521166801453,0.7954503297805786,0.5159033536911011,0.2984761893749237,-0.08957602083683014,-0.925658404827118,0.2078411877155304,-0.6422134041786194,1.6031041145324707,0.21063341200351715,0.032869964838027954,-0.21930545568466184,0.03409828245639801,0.4256249368190765,-1.0892252922058103,0.5970007777214049,-1.409274339675903,0.009358354844152927,0.4409072995185852,-0.2471635937690735,0.6596691608428955,0.6299301981925964,-1.496606469154358,-0.4939276278018952,-0.9071325063705443,-0.1965699791908264,-0.21881036460399628,-0.01638212613761425
4.288303852081299,-1.0918259620666504,0.7766965627670288,0.8530755639076234,-0.11288146674633026,-0.07332052290439604,-0.5041270852088928,0.1482110321521759,0.4518042504787445,0.7497299909591674,0.6291137337684631,-0.3057373166084289,-0.07108940929174423,-1.10411536693573,0.2109550088644028,-0.6087679266929625,1.4931929111480713,0.2510307729244232,0.09864766895771025,-0.31301799416542053,-0.011261031962931156,0.4927223026752472,-1.0992865562438965,0.6336808204650879,-1.362804889678955,0.02122477814555168,0.5039679408073425,-0.2620718479156494,0.7445826530456544,0.6477866172790527,-1.4357955455780027,-0.46377333998680115,-0.9640254974365233,-0.13562092185020447,-0.2609280049800873,-0.012973992154002188
4.345900058746338,-1.122605562210083,0.7319626212120056,0.8906469941139221,-0.088258758187294,-0.08252709358930588,-0.43834644556045527,0.0753476172685623,0.3745612502098083,0.611159086227417,0.8277709484100341,-0.5832568407058716,-0.0666954442858696,-1.2706142663955688,0.1921783536672592,-0.4837064743041992,1.328264832496643,0.24658440053462985,0.18049106001853943,-0.40368506312370306,-0.09041056036949155,0.5056465268135071,-1.127380609512329,0.6762061715126038,-1.324104905128479,0.028940657153725624,0.5789899230003357,-0.24014849960803983,0.8343774080276489,0.6429622173309326,-1.2826082706451416,-0.4517323672771454,-1.0265958309173584,-0.016821056604385376,-0.33581799268722534,0.012038685381412506
4.408423900604248,-1.1506121158599851,0.7028212547302246,0.917592406272888,-0.07193028926849365,-0.0907762125134468,-0.3802760243415833,0.04962028190493584,0.2988205552101135,0.4813977777957916,0.9856395125389101,-0.7460957765579223,-0.05904478207230568,-1.3041965961456299,0.09774033725261688,-0.374717652797699,1.153765559196472,0.1811947524547577,0.1719571053981781,-0.45535150170326233,-0.11682994663715363,0.516934335231781,-1.1376454830169676,0.7370815873146057,-1.296028733253479,0.03162273392081261,0.6051895022392273,-0.22375831007957456,0.8849788904190062,0.6263576745986937,-1.0147223472595215,-0.3318580687046051,-1.073714017868042,0.03933371230959892,-0.34275746345520014,0.0011644350597634912
4.469714641571045,-1.177162528038025,0.6770317554473877,0.9330891370773315,-0.059901531785726554,-0.10541670024394988,-0.33859091997146606,0.10944480448961257,0.22424930334091184,0.393523097038269,1.0853759050369263,-0.849463164806366,-0.05886698141694069,-1.2160841226577759,0.014392167329788208,-0.2978458106517792,0.9281983375549315,0.10703609883785248,0.14559438824653623,-0.4783861637115479,-0.1223311424255371,0.5234854817390442,-1.1155580282211304,0.8676169514656067,-1.2598912715911863,0.07165902107954025,0.5725971460342407,-0.23699407279491425,0.9195017218589783,0.631987690925598,-0.7385360598564149,-0.1469704955816269,-0.9959316849708557,-0.0007776481797918677,-0.34157761931419367,-0.04400482401251793
4.526793003082275,-1.204498052597046,0.6541162133216858,0.94312846660614,-0.05513898283243179,-0.11455702781677246,-0.307156503200531,0.19832397997379303,0.1758393347263336,0.3205147981643677,1.1505253314971924,-0.9048309922218322,-0.07009266316890717,-1.0862634181976318,-0.006503316108137369,-0.22313110530376437,0.6810114979743958,0.07513838261365889,0.14402148127555847,-0.5046401619911194,-0.11589415371418,0.5210970640182495,-1.077049970626831,1.0338221788406372,-1.219632267951965,0.2205084711313248,0.4515865445137024,-0.26322963833808893,0.8884329199790953,0.656356155872345,-0.56533282995224,-0.0328291691839695,-0.7893613576889038,-0.06465893238782883,-0.3301346004009247,-0.07421997189521788
4.5837249755859375,-1.2339365482330322,0.6360700130462646,0.9517103433609008,-0.04943297058343887,-0.11638513207435608,-0.27974674105644226,0.2982805669307709,0.13613149523735046,0.26661795377731323,1.158383011817932,-0.9315455555915833,-0.08793824166059494,-0.9373729228973389,-0.0008961874991655349,-0.14575153589248657,0.4569264352321625,0.0797586739063263,0.1803431659936905,-0.5366495251655579,-0.10917703807353972,0.5103354454040527,-1.014889121055603,1.1592950820922852,-1.176538109779358,0.4869946539402008,0.2110980302095413,-0.2526330053806305,0.7046917080879211,0.673483669757843,-0.4671870470046997,0.01900333724915981,-0.5234431028366089,-0.16097095608711243,-0.26918625831604004,-0.1445798426866531
4.643736362457275,-1.2647759914398191,0.6220535039901732,0.9592244029045106,-0.03644786775112152,-0.1041874587535858,-0.26020193099975586,0.3964434564113617,0.09062498807907104,0.22829020023345947,1.0971776247024536,-0.9056910872459412,-0.10452346503734589,-0.793484330177307,0.0020009016152471304,-0.09627569466829301,0.33481311798095703,0.10577232390642166,0.20606891810894007,-0.5593390464782715,-0.09110338240861891,0.47569167613983154,-0.8561254143714904,1.214392066001892,-1.0676196813583374,0.7839095592498779,0.012265213765203953,-0.2239803224802017,0.502534031867981,0.6872640252113342,-0.399586409330368,0.05322002246975899,-0.2321040630340576,-0.28990668058395386,-0.1690908521413803,-0.26644474267959595
4.709107398986816,-1.2973511219024658,0.6121270656585692,0.9618787765502927,-0.029965853318572044,-0.06778232753276825,-0.263242781162262,0.4619973301887512,0.08238402754068375,0.24291278421878812,1.0207912921905515,-0.8099644184112548,-0.11392223834991456,-0.7430278658866881,0.04924090206623077,-0.055759761482477195,0.36048084497451777,0.33602526783943176,0.2263567745685577,-0.5420135259628296,-0.022882379591465,0.40063229203224177,-0.6056793332099915,1.184043765068054,-0.8439492583274841,1.0332283973693848,-0.14318209886550903,-0.20018832385540009,0.39619165658950806,0.679806113243103,-0.36588481068611145,0.06587497889995575,0.03946558758616448,-0.3672667145729065,-0.06554296612739563,-0.3832147419452667
4.77603816986084,-1.3314334154129028,0.6190742254257202,0.9538387656211853,-0.031045241281390194,-0.04073233902454376,-0.2959200441837311,0.4911775588989258,0.06218530610203743,0.2440959960222244,0.9826539754867551,-0.5742082595825195,-0.1473952084779739,-0.8981391787528991,0.12778079509735107,-0.03648092970252037,0.7231643199920654,0.2670871317386627,0.07587944716215132,-0.4913760721683502,0.041725054383277886,0.3868090510368347,-0.3623453676700592,1.0844714641571045,-0.558290421962738,1.2097790241241455,-0.28900697827339167,-0.1559104025363922,0.36228322982788086,0.6364609003067017,-0.33111467957496643,0.074034683406353,0.2157490998506546,-0.39404118061065674,-0.0030910088680684566,-0.44788116216659546
4.83656644821167,-1.3606081008911133,0.6339724659919739,0.9431908130645753,-0.02443857491016388,-0.03355158492922783,-0.3296485543251037,0.4698226749897003,0.015813840553164482,0.22810889780521393,1.0551751852035522,-0.28005224466323847,-0.1739102303981781,-0.9094222187995911,0.1663953512907028,-0.01233882550150156,0.8735664486885072,0.12951526045799255,0.034474845975637436,-0.4364467859268189,0.058222725987434394,0.406574934720993,-0.14133591949939728,0.9606493115425108,-0.3256635367870331,1.3051519393920898,-0.3834546208381653,-0.09719417989253996,0.38452798128128046,0.5464293360710144,-0.31793561577796936,0.09625975787639618,0.32154422998428345,-0.41792935132980347,0.03437144309282303,-0.4792710840702057
4.8879613876342765,-1.3848240375518799,0.6491285562515259,0.9372953176498413,0.0038242072332650414,-0.03320533037185669,-0.34692975878715515,0.3557320535182953,-0.03115841932594776,0.21326799690723416,1.2617099285125732,-0.07094505429267883,-0.18770036101341248,-0.8949545621871949,0.15289171040058136,0.0390111580491066,0.994614839553833,-0.02346980571746826,0.008976739831268787,-0.38552987575531006,0.02775074355304241,0.401443749666214,-0.008499088697135448,0.8363602757453918,-0.203293576836586,1.3297395706176756,-0.374013751745224,-0.0463264174759388,0.4072838425636292,0.43619936704635615,-0.2765148878097534,0.14637649059295654,0.35528454184532166,-0.4350131154060364,0.053902313113212585,-0.4864178001880646
4.933708190917969,-1.4063167572021484,0.6641135215759277,0.9331796169281005,0.015911445021629333,-0.024845456704497337,-0.35819730162620544,0.17263278365135193,-0.014333893544971941,0.16728080809116364,1.5239474773406982,-0.08672057092189789,-0.1972617655992508,-0.8519389033317566,0.1483061909675598,0.06812623143196106,1.0438368320465088,-0.15044045448303223,0.00019276778039056808,-0.3285045921802521,0.03239242732524872,0.40304791927337646,0.0861811414361,0.716768443584442,-0.16891337931156158,1.3147544860839844,-0.2828091382980346,-0.014460722915828228,0.37582433223724365,0.314231812953949,-0.23897796869277957,0.21491369605064392,0.350869357585907,-0.43013495206832886,0.059459149837493896,-0.4984789490699768
4.974618434906006,-1.426559805870056,0.6797183752059937,0.9299969077110289,0.01933533325791359,-0.02381820417940617,-0.3662849068641663,-0.0294260997325182,0.0284140408039093,0.1047164872288704,1.7204829454421997,-0.16621367633342743,-0.19086405634880063,-0.7739133834838867,0.1381716430187225,0.09362296760082243,1.0620226860046387,-0.2611127197742462,0.003396244486793876,-0.26669594645500183,0.041281998157501214,0.40952330827713007,0.1601206362247467,0.596311628818512,-0.16064195334911346,1.2737820148468015,-0.19357499480247495,-0.0021294949110597368,0.3288227319717407,0.19528409838676447,-0.218614399433136,0.28518193960189814,0.3404931724071502,-0.4016725420951843,0.04694177210330963,-0.510367751121521
5.012978553771973,-1.4476715326309204,0.6918128728866577,0.9293479919433592,0.022263873368501663,-0.031309887766838074,-0.36720067262649536,-0.22399631142616272,0.09593118727207184,0.056393317878246314,1.8255099058151243,-0.24294550716876984,-0.15210123360157013,-0.6799458265304564,0.11190182715654372,0.12102473527193068,1.085538625717163,-0.36912012100219727,0.011738366447389124,-0.2101791799068451,0.03841797634959221,0.41619083285331726,0.22567041218280792,0.4839518666267395,-0.14809387922286987,1.2183812856674194,-0.1337912231683731,-0.009091832675039768,0.2930191159248352,0.09826470911502838,-0.21852582693099973,0.3450066149234772,0.33101081848144526,-0.369472473859787,0.0275803916156292,-0.5031784772872925
5.049763202667236,-1.4700525999069212,0.6999020576477051,0.9305033683776855,0.024417931213974953,-0.04157272353768349,-0.36309635639190674,-0.40874359011650085,0.1886054128408432,0.034513577818870544,1.8303151130676267,-0.3025375008583069,-0.0854155644774437,-0.5771040916442871,0.07981122285127638,0.14160923659801483,1.1079694032669067,-0.47039133310317993,0.021367399021983143,-0.15833789110183716,0.031217804178595543,0.41913503408432007,0.2958972752094269,0.38514235615730286,-0.1305031180381775,1.142996072769165,-0.08721862733364105,-0.018923426046967503,0.26185810565948486,0.023973923176527023,-0.2383757084608078,0.4015396535396576,0.3173636794090271,-0.34298670291900635,0.0151003273203969,-0.4727447032928466
5.086427688598633,-1.4929863214492796,0.7041994333267212,0.9322052597999572,0.024031855165958405,-0.04987819865345954,-0.35767021775245667,-0.5663934350013733,0.2957700192928314,0.05894427746534348,1.7269508838653564,-0.33508467674255366,-0.018227513879537582,-0.4721380174160004,0.05298029631376266,0.14771729707717896,1.1192501783370972,-0.5587542057037354,0.02588537707924843,-0.10835999995470048,0.02805815450847149,0.4150835573673248,0.37025439739227295,0.30100616812705994,-0.11501456797122955,1.0462543964385986,-0.037643037736415856,-0.028699858114123344,0.23213471472263336,-0.029995461925864216,-0.27493688464164734,0.4624620974063873,0.2970966100692749,-0.32296010851860046,0.01220629084855318,-0.4232301712036133
5.124049663543701,-1.516146183013916,0.706348717212677,0.9347589612007139,0.02186303958296776,-0.05285120755434036,-0.35064861178398127,-0.6616255044937134,0.3948771059513092,0.14904604852199554,1.517035961151123,-0.3450365662574768,0.03682802990078926,-0.3701625168323517,0.029791921377182007,0.14137494564056396,1.112112522125244,-0.6308367848396301,0.0282637570053339,-0.06496401876211166,0.03095453046262264,0.3988446295261383,0.4436153471469879,0.23175299167633057,-0.10438254475593566,0.9400840997695923,0.01801781915128231,-0.048954099416732795,0.20361885428428647,-0.06861158460378647,-0.3232068717479706,0.5214677453041077,0.2699624001979828,-0.3146936297416687,0.009730568155646322,-0.365070104598999
5.1655964851379395,-1.5409737825393677,0.7090414762496948,0.9390052556991576,0.018427809700369835,-0.051718913018703454,-0.33949193358421326,-0.6725681424140929,0.4423711597919464,0.3020438253879547,1.2095483541488647,-0.3284141421318054,0.042634140700101845,-0.2558410465717316,0.004210705403238535,0.12374009937047958,1.0667145252227783,-0.6811844706535339,0.03327488154172897,-0.033544886857271194,0.038048528134822845,0.36984652280807495,0.511170506477356,0.1788266897201538,-0.10510572791099548,0.8446013927459716,0.07162532955408096,-0.07414856553077698,0.1800170540809631,-0.08952949196100235,-0.3737795054912567,0.5612522959709167,0.23754665255546567,-0.31415265798568726,0.008282624185085297,-0.3031458854675293
5.214761734008789,-1.5681674480438232,0.7110113501548767,0.9442546963691713,0.012162715196609495,-0.05019624158740044,-0.3251393139362335,-0.6147144436836243,0.3706409931182861,0.40254980325698847,0.7729637622833253,-0.26145294308662415,-0.027470888569951057,-0.11584872007369997,-0.014360038563609123,0.10154380649328232,0.9762598276138305,-0.7068907022476196,0.03899865597486496,-0.008145652711391449,0.05079162865877152,0.33615466952323914,0.5736063718795776,0.14315494894981384,-0.11919773370027542,0.7717723250389099,0.13113541901111603,-0.08973857015371321,0.15948490798473358,-0.08668898791074751,-0.4243133068084717,0.5884639024734497,0.20552645623683927,-0.3232336938381195,0.01684582233428955,-0.2536816895008087
5.26829957962036,-1.5963594913482666,0.7102421522140503,0.9456414580345152,-0.0104465764015913,-0.051657781004905694,-0.3209121823310852,-0.49432423710823054,0.26587381958961487,0.3986140489578247,0.24699158966541288,-0.12039793282747269,-0.15542812645435333,0.06459087878465652,0.010271909646689892,0.09458675235509872,0.8400344252586365,-0.7051727175712585,0.03267332911491394,0.0383424200117588,0.09823987632989885,0.30871960520744324,0.6190825700759888,0.13311858475208282,-0.12746410071849823,0.7302078008651732,0.18282461166381836,-0.1035948023200035,0.13596989214420319,-0.0538315549492836,-0.47493419051170344,0.6045283079147339,0.19073368608951569,-0.3505588471889496,0.025253808125853535,-0.2113235294818878
5.319524288177489,-1.6234678030014038,0.7068952918052673,0.9410682916641235,-0.04337102547287941,-0.04883179813623428,-0.3318507373332977,-0.4896383583545685,0.2810351550579071,0.33650633692741394,0.1036764681339264,-0.08644142746925354,-0.2140836864709854,0.23829807341098783,0.05855028703808784,0.11349936574697495,0.6900642514228821,-0.6512901782989502,0.026533296331763268,0.1039646416902542,0.16742517054080963,0.26422092318534846,0.6525019407272339,0.12249531596899033,-0.1239134892821312,0.7145980000495912,0.2011719048023224,-0.110863097012043,0.11359643191099165,-0.026009477674961087,-0.5250644683837891,0.6215671896934509,0.19399799406528473,-0.37279352545738226,0.04160947725176811,-0.17702384293079376
5.369640350341797,-1.6498379707336424,0.7023907899856567,0.9392707347869872,-0.048556894063949585,-0.04359744861721992,-0.33691540360450745,-0.4946695268154144,0.2740059792995453,0.3433268070220947,0.10001503676176073,-0.05934527143836021,-0.19256076216697687,0.3611365258693695,0.042302507907152176,0.13081446290016174,0.5849499106407166,-0.5884442925453186,0.040292754769325256,0.15031233429908752,0.17074429988861084,0.21121728420257568,0.667103111743927,0.11733803898096085,-0.10903181135654448,0.7262666821479796,0.2034071981906891,-0.1155795082449913,0.10944806039333344,0.004390511196106672,-0.5648897290229796,0.6464318633079529,0.20419198274612424,-0.3765643835067749,0.05561420693993568,-0.1574247032403946
5.418540000915527,-1.6766273975372314,0.6966620087623596,0.9417724013328552,-0.031045353040099144,-0.03520852327346802,-0.3329584002494812,-0.46921461820602417,0.2242043614387512,0.3866276443004608,0.11134909093379974,0.09170997142791747,-0.11789722740650176,0.4283463358879089,-0.0021434680093079805,0.1513085812330246,0.5553652048110962,-0.5403069257736206,0.051725763827562325,0.1751876026391983,0.11895955353975296,0.1515088677406311,0.6580718159675598,0.12878061830997467,-0.0807439386844635,0.7568275928497313,0.17822512984275815,-0.11406808346509932,0.11416327208280563,0.042838145047426224,-0.5911334156990051,0.6548774838447571,0.21758463978767395,-0.362019419670105,0.07612840831279753,-0.1418287009000778
5.466852188110352,-1.7035125494003296,0.6946653723716736,0.9481438994407652,0.010439717210829256,-0.024516038596630096,-0.3167225122451782,-0.5921607613563538,0.1588163822889328,0.3600502014160156,0.3441685438156128,0.2073170095682144,0.06034633144736289,0.4428588151931762,-0.0665212944149971,0.18815451860427856,0.6001918315887451,-0.45414274930953974,0.07125840336084366,0.18641705811023712,0.00934276543557644,0.1054408773779869,0.6168957352638245,0.15499870479106903,-0.04202248901128769,0.8205066919326782,0.13502974808216095,-0.1277039796113968,0.13056522607803345,0.09418864548206328,-0.5926973819732666,0.6324782967567444,0.2498874068260193,-0.320879340171814,0.07654334604740144,-0.13651679456233978
5.512683868408203,-1.7306090593338013,0.7006906867027283,0.9551581144332884,0.034609902650117874,-0.03578519821166992,-0.29188108444213867,-0.6179378032684326,0.10582564771175385,0.34414902329444885,0.5419846773147583,0.13655526936054227,0.12591436505317688,0.480553925037384,-0.08017095178365707,0.22134189307689664,0.6672641038894653,-0.30349889397621155,0.1218983009457588,0.19190639257431033,-0.08423683792352675,0.11194004118442535,0.5401591658592224,0.2143024057149887,-0.021686699241399765,0.9334669709205629,0.07326256483793257,-0.13312922418117523,0.1608411520719528,0.15560978651046753,-0.5482628345489502,0.6096086502075195,0.32589879631996155,-0.265451580286026,0.0701955184340477,-0.15958046913146973
5.551206588745117,-1.7550086975097656,0.7105010747909546,0.959474205970764,0.02319370582699776,-0.04457012936472893,-0.27728113532066345,-0.5812342762947083,0.108830489218235,0.2990523874759674,0.6493580937385559,0.04404306784272194,0.10752400010824203,0.4858593046665192,-0.0406733974814415,0.19833058118820193,0.7808437943458557,-0.13610167801380155,0.1515921801328659,0.1961436867713928,-0.1016218364238739,0.12563271820545197,0.4597850441932678,0.2664600908756256,-0.009785055182874201,1.0499650239944458,0.06161194667220116,-0.09540722519159316,0.19548924267292023,0.16459254920482635,-0.49472242593765253,0.6318216323852539,0.4298233091831207,-0.23955173790454865,0.0608987919986248,-0.15919449925422668
5.582939147949219,-1.773167371749878,0.7224376797676086,0.9596630930900573,0.014751293696463108,-0.04891563579440117,-0.27647146582603455,-0.5167182087898254,0.11559727787971497,0.29169449210166926,0.6671288013458252,-0.025086984038352966,0.08978617936372757,0.41121670603752136,-0.06080526113510132,0.11384731531143188,0.9751810431480408,-0.08230660855770111,0.1235966384410858,0.1978003680706024,-0.10501840710639952,0.134584903717041,0.3937906324863434,0.2934480011463165,-0.018704151734709736,1.0959240198135376,0.07865744084119795,-0.06359399855136871,0.21910537779331207,0.1235407143831253,-0.4666956961154938,0.6976503729820251,0.5269840359687805,-0.27319350838661194,0.05844658985733986,-0.13170725107192993
5.6112189292907715,-1.7870397567749023,0.73505699634552,0.9570445418357848,0.020618990063667297,-0.050446391105651855,-0.28477317094802856,-0.42721080780029297,0.0953841432929039,0.3158028721809387,0.604619562625885,-0.06580638140439987,0.07569015026092529,0.2808368504047394,-0.14454901218414307,0.043994706124067307,1.182240843772888,-0.13971710205078125,0.06576332449913025,0.1972876936197281,-0.11963453143835068,0.1384519338607788,0.3473505675792694,0.2993227541446686,-0.033274855464696884,1.0597275495529175,0.092013843357563,-0.05802251398563385,0.23487994074821472,0.0761917158961296,-0.4646602869033813,0.7651330828666686,0.5890112519264221,-0.31077021360397333,0.05309255421161652,-0.10541223734617232
5.638079643249512,-1.800309658050537,0.7480037212371825,0.9541309475898743,0.026228491216897964,-0.05400017276406288,-0.2933090031147003,-0.325307160615921,0.06510908901691437,0.33503732085227966,0.5120562314987184,-0.08420002460479736,0.060451868921518326,0.14845985174179077,-0.23396313190460205,-0.013037241995334624,1.3294161558151243,-0.21709279716014865,0.0005652133258990945,0.1894993484020233,-0.12792439758777618,0.14461445808410645,0.3232126235961914,0.29679045081138605,-0.04184211045503616,0.9595502614974976,0.09099041670560835,-0.07557972520589827,0.2547816932201385,0.04610269516706467,-0.47601580619812006,0.7936570048332214,0.611904501914978,-0.3012778759002685,0.03902313858270645,-0.09686056524515153
5.665627002716064,-1.816244840621948,0.7596419453620911,0.9535897970199586,0.018949599936604496,-0.06034429371356964,-0.2943907082080841,-0.22788225114345553,0.055375292897224426,0.3273192048072815,0.4398210942745209,-0.09874378144741057,0.039859317243099206,0.053077489137649536,-0.2698351442813873,-0.07415448874235153,1.3818190097808836,-0.26403722167015076,-0.03483317047357559,0.16794052720069885,-0.11340468376874924,0.15454573929309845,0.3117154836654663,0.2985462844371796,-0.051056742668151855,0.822899043560028,0.07938671112060547,-0.09757944941520691,0.2785475552082062,0.032033663243055344,-0.4851225912570953,0.7828270196914672,0.6160608530044556,-0.25461146235466003,0.019315229728817936,-0.09787443280220032
5.690028667449951,-1.8330204486846924,0.7688903212547302,0.9553474187850952,0.006588584277778864,-0.06700132042169571,-0.2877129912376404,-0.14473766088485715,0.05855328217148781,0.30303364992141724,0.389619916677475,-0.11264517158269882,0.01920483633875847,-0.017051927745342255,-0.27058643102645874,-0.13650205731391907,1.3612667322158811,-0.2889710068702698,-0.0306974109262228,0.13609063625335693,-0.09196957200765608,0.16693060100078583,0.29612213373184204,0.31299185752868647,-0.07215335965156555,0.6758858561515808,0.07708246260881424,-0.11324970424175262,0.2968919277191162,0.02277633175253868,-0.4891286492347717,0.7546167969703673,0.6178064942359924,-0.20440107583999637,0.0011911686742678285,-0.09850528836250304
5.710865020751953,-1.8494068384170528,0.77571702003479,0.9582624435424804,-0.00534974317997694,-0.07353444397449493,-0.27621936798095703,-0.07600503414869308,0.06638725847005844,0.27252525091171265,0.35807153582572937,-0.12836460769176483,0.0017997632967308164,-0.06922770291566849,-0.2644589841365814,-0.19520024955272677,1.2878717184066772,-0.29798832535743713,-0.002952390350401401,0.10010446608066557,-0.07301584631204605,0.18148930370807648,0.265798956155777,0.34327763319015503,-0.10447674989700316,0.5392553806304932,0.08544404804706573,-0.11991671472787856,0.3076487779617309,0.013203165493905544,-0.4878908395767212,0.724278450012207,0.6261926293373108,-0.16723842918872833,-0.01202318910509348,-0.09627515822649002
5.729409217834473,-1.8651423454284668,0.7802031040191649,0.9613563418388367,-0.01401764526963234,-0.08004849404096603,-0.2630394995212555,-0.017779771238565445,0.07245286554098129,0.2439728081226349,0.3382461965084076,-0.14584344625473022,-0.011822813190519808,-0.10690171271562576,-0.2722080051898956,-0.2486601918935776,1.180670976638794,-0.29755014181137085,0.020590296015143394,0.06673585623502731,-0.060674503445625305,0.19710534811019895,0.21837428212165833,0.3878395855426788,-0.14467349648475647,0.425945520401001,0.09400950372219084,-0.11924012750387192,0.31253984570503235,0.002705845516175032,-0.48283150792121887,0.6997717618942261,0.6458874940872192,-0.14645224809646606,-0.01985390856862068,-0.09347619861364365
5.7463698387146,-1.880132913589477,0.7827617526054382,0.9645112156867982,-0.019296500831842422,-0.0855822041630745,-0.24904102087020877,0.02959742769598961,0.07592064887285233,0.2185785174369812,0.32710546255111694,-0.16425910592079163,-0.02281474508345127,-0.1294822245836258,-0.2953815460205078,-0.29792293906211853,1.0467891693115234,-0.28703778982162476,0.031784553080797195,0.03851285204291344,-0.054829180240631104,0.211026668548584,0.15828867256641388,0.44129437208175654,-0.1883408725261688,0.34080567955970764,0.09824178367853165,-0.11452002078294754,0.3121826648712158,-0.006418791599571705,-0.4739372432231903,0.6816800832748413,0.6770450472831726,-0.1378953456878662,-0.022093957290053368,-0.09098447114229202
5.7621703147888175,-1.8942375183105469,0.7841249108314513,0.967893362045288,-0.022032586857676503,-0.08912447094917297,-0.2339954972267151,0.06647244095802307,0.07817330956459045,0.1928533762693405,0.3203289210796356,-0.1816347986459732,-0.03385140374302864,-0.1386648267507553,-0.3190135061740875,-0.3355183005332947,0.88968163728714,-0.25829836726188654,0.03520690277218819,0.014418339356780052,-0.053646624088287354,0.22063148021698,0.09453269839286803,0.494890421628952,-0.2301167845726013,0.28437122702598566,0.09857936203479767,-0.10985424369573592,0.3075568974018097,-0.0116791520267725,-0.4616630375385285,0.6678678393363953,0.714472770690918,-0.13642911612987518,-0.01952840015292168,-0.08847296983003616
5.7778401374816895,-1.9081231355667116,0.7846629023551941,0.9715770483016968,-0.022739410400390625,-0.09030106663703918,-0.2176388651132584,0.09435036778450012,0.0799194946885109,0.1645667999982834,0.314847856760025,-0.19651633501052856,-0.045155588537454605,-0.13796885311603546,-0.32654166221618647,-0.3427553474903106,0.7129091620445251,-0.20220048725605008,0.04373259097337722,-0.007233415264636278,-0.05524752661585808,0.22457095980644223,0.03475700318813324,0.5413157939910889,-0.2683309614658356,0.2522914409637451,0.09877849370241165,-0.10621418058872222,0.3016703724861145,-0.011503150686621664,-0.4479503333568573,0.6558824181556702,0.7521513104438781,-0.13761278986930847,-0.013171064667403696,-0.08636012673377991
5.794440269470215,-1.923156261444092,0.7848355770111085,0.9755773544311523,-0.022247733548283577,-0.08927976340055466,-0.19945676624774927,0.11482102423906326,0.08317000418901443,0.1336766332387924,0.3097255527973175,-0.20842091739177704,-0.05674385279417037,-0.13110473752021787,-0.3164242804050445,-0.3026033341884613,0.5395143032073976,-0.12131395190954208,0.06313269585371017,-0.02775920741260052,-0.05676630139350891,0.22299316525459287,-0.01567067764699459,0.5758090019226073,-0.3047153353691101,0.23761238157749176,0.101339191198349,-0.10297580808401108,0.2963609993457794,-0.004529596772044897,-0.4357466995716095,0.6433875560760498,0.7846720814704894,-0.13924987614154816,-0.0052814665250480175,-0.08479093015193939
5.811031818389893,-1.9394586086273196,0.7852036952972413,0.9796523451805114,-0.021952591836452484,-0.08677946776151657,-0.17963463068008423,0.12899541854858398,0.0908275470137596,0.09976904094219208,0.30563178658485407,-0.21798075735569,-0.06995155662298203,-0.12219733744859695,-0.2945215702056885,-0.21542558073997495,0.4063527286052704,-0.027423063293099403,0.09695937484502792,-0.04656505212187767,-0.055307120084762566,0.2182427942752838,-0.052137039601802826,0.5978825092315674,-0.3383188843727112,0.23053576052188876,0.1076892390847206,-0.1011531949043274,0.29246255755424494,0.00924059096723795,-0.4268665015697479,0.629203736782074,0.8054907917976379,-0.14212533831596375,0.00013937980111222714,-0.0833231881260872
5.825981616973877,-1.956489443778992,0.7856948375701904,0.9834201335906982,-0.02344825305044651,-0.08404815942049025,-0.15896828472614288,0.13965925574302673,0.10512301325798035,0.06069794297218322,0.3043254017829895,-0.2260801047086716,-0.08649671822786331,-0.11378884315490723,-0.270943820476532,-0.1285610198974609,0.34550291299819946,0.054290205240249634,0.13270746171474457,-0.0629027709364891,-0.04891309887170792,0.21417267620563507,-0.07079537212848663,0.6101505160331726,-0.3670298159122467,0.22373993694782257,0.119218610227108,-0.10367298126220705,0.28733062744140625,0.028480377048254013,-0.42064541578292847,0.6131361722946167,0.8106487989425659,-0.15028479695320127,0.002323004649952054,-0.08448374271392822
5.840039730072021,-1.9737647771835327,0.7862755060195923,0.9867581129074096,-0.02653460018336773,-0.0813363641500473,-0.1377996057271957,0.1495388150215149,0.12552091479301453,0.016948839649558067,0.303229957818985,-0.2319757044315338,-0.1081266850233078,-0.09772496670484544,-0.24757039546966553,-0.08384675532579422,0.33691552281379694,0.11811767518520357,0.17241166532039642,-0.0779748186469078,-0.03844153508543968,0.20991225540637967,-0.07171007245779037,0.6195363998413086,-0.3933971524238586,0.21164934337139127,0.13854548335075378,-0.11223857104778288,0.28219074010849,0.05410949513316154,-0.4159005284309387,0.5963462591171265,0.7999578118324279,-0.15496401488780975,0.0011023749830201268,-0.08973047137260437
5.851594924926758,-1.990073561668396,0.7858155965805053,0.9898730516433715,-0.026321055367589,-0.07802695035934448,-0.11562991142272948,0.16001690924167633,0.14231137931346893,-0.02138785645365715,0.29009953141212463,-0.23224283754825592,-0.13138161599636075,-0.0633636936545372,-0.24586643278598783,-0.108536958694458,0.3460277616977692,0.07701738178730011,0.19779731333255768,-0.09069983661174774,-0.034606486558914185,0.20104262232780457,-0.05272579565644264,0.6304404139518738,-0.420921802520752,0.19585463404655457,0.1694401204586029,-0.11624857038259506,0.26903092861175537,0.08546819537878035,-0.41121014952659607,0.5763003826141356,0.7795740962028502,-0.16763167083263397,0.004511374048888683,-0.09714146703481674
5.8613338470458975,-2.004779815673828,0.7851064205169677,0.9923415780067443,-0.025554560124874115,-0.07313346117734909,-0.09621157497167587,0.16617074608802795,0.16051621735095975,-0.052333757281303406,0.27433475852012634,-0.2299157679080963,-0.15594351291656494,-0.03056306578218937,-0.2439595311880112,-0.15746240317821503,0.34131935238838196,0.029252752661705017,0.2088193893432617,-0.09528182446956633,-0.03202402591705322,0.1901226043701172,-0.02616521716117859,0.6434122920036316,-0.43887886404991144,0.17206284403800964,0.21387420594692233,-0.120050810277462,0.2501481771469116,0.11393629014492034,-0.40805163979530334,0.5628494620323181,0.7567617893218994,-0.1822186708450317,0.006679766811430454,-0.10271073877811432
5.869319438934326,-2.0181450843811035,0.7838413119316101,0.9942693114280701,-0.024421337991952896,-0.06729185581207275,-0.07939779758453369,0.1659715324640274,0.17817252874374387,-0.07945821434259415,0.259693443775177,-0.22738116979599,-0.1811426430940628,-0.0024118877481669188,-0.23911605775356287,-0.206399604678154,0.3281550705432892,-0.015869585797190666,0.21558344364166257,-0.0943138152360916,-0.030117347836494442,0.1804479509592056,0.013365542516112328,0.6564723253250122,-0.4446197152137756,0.14183932542800903,0.26734402775764465,-0.12016336619853972,0.22682881355285645,0.1383784711360931,-0.4083734452724457,0.5558670163154602,0.7294793128967285,-0.20025490224361417,0.008262679912149906,-0.10983555763959885
5.875132083892822,-2.03003478050232,0.7822134494781494,0.99568772315979,-0.023045457899570465,-0.06146339327096939,-0.06555216759443283,0.15988269448280334,0.19364009797573087,-0.09889505058526991,0.25220924615859985,-0.22527389228343964,-0.20416001975536344,0.019261149689555168,-0.2323228418827057,-0.24450016021728516,0.31172114610672,-0.05694403871893882,0.2215670198202133,-0.09031136333942413,-0.028428388759493828,0.17507430911064148,0.05929522216320038,0.6640471816062927,-0.4406723082065582,0.11421768367290495,0.3193404674530029,-0.11362750083208084,0.2027088701725006,0.15515048801898956,-0.4128523468971253,0.5523362159729004,0.6999746561050415,-0.22109796106815335,0.011846865527331827,-0.11758213490247726
5.879433631896973,-2.0400824546813965,0.7816737890243529,0.9967315793037415,-0.023035926744341847,-0.0556863397359848,-0.05380113795399666,0.1486605852842331,0.21171775460243225,-0.09418553113937378,0.2504451274871826,-0.21468931436538696,-0.2233325690031052,0.038197048008441925,-0.22101004421710968,-0.2783368229866028,0.2905327975749969,-0.08383554220199585,0.22433204948902127,-0.08296799659729005,-0.022970279678702354,0.173506960272789,0.10212846845388412,0.6634208559989929,-0.4346514344215393,0.09717818349599838,0.3744747936725616,-0.10563133656978609,0.18395638465881348,0.1633594036102295,-0.4202248752117157,0.5481929183006288,0.6717652082443237,-0.23761542141437528,0.009930109605193138,-0.1233515739440918
5.883274555206299,-2.048994779586792,0.7817829847335814,0.9975258111953736,-0.022322870790958405,-0.04965486377477646,-0.04447948560118675,0.13698118925094604,0.2308538109064102,-0.024067835882306095,0.24536848068237305,-0.20091186463832852,-0.23045355081558228,0.054105449467897415,-0.21008729934692383,-0.30286598205566406,0.26083651185035706,-0.0976191833615303,0.22534193098545077,-0.07614990323781966,-0.01726583018898964,0.17216749489307404,0.1388605386018753,0.6532170772552489,-0.42606166005134577,0.09584470093250273,0.42345014214515686,-0.0920301005244255,0.16623927652835843,0.16595150530338287,-0.42920449376106257,0.5430836081504822,0.6527453064918518,-0.2442115694284439,0.010062593966722488,-0.13007192313671112
5.886401653289794,-2.056321144104004,0.7822996973991394,0.998170256614685,-0.02194195240736008,-0.04334844276309013,-0.035995014011859894,0.12654003500938416,0.2522798180580139,0.08851285278797148,0.240505576133728,-0.18827082216739652,-0.2361515909433365,0.07067354768514633,-0.19795958697795868,-0.3268892168998718,0.22094617784023285,-0.0994637906551361,0.22819970548152924,-0.07012812793254852,-0.010225267149508,0.17087526619434357,0.17002950608730316,0.6402950882911682,-0.4164293706417084,0.10791128873825072,0.464491069316864,-0.0817512571811676,0.15262681245803833,0.16260623931884763,-0.44048935174942017,0.5383801460266113,0.6425077319145203,-0.2406624406576157,0.012072708457708359,-0.12916132807731628
5.88849639892578,-2.0615005493164062,0.7826363444328307,0.99863064289093,-0.02255234494805336,-0.03728469088673592,-0.028950661420822144,0.12018799781799316,0.2711360454559326,0.20203246176242828,0.2345430701971054,-0.18403778970241544,-0.2397471219301224,0.08409944921731949,-0.18292486667633057,-0.34792762994766235,0.17844022810459137,-0.09538464248180387,0.22883382439613345,-0.06509780138731003,-0.0019135039765387771,0.16941791772842407,0.19953143596649167,0.6276029348373413,-0.40320754051208496,0.1283692568540573,0.4906148612499237,-0.07860279828310013,0.14811238646507263,0.15627004206180573,-0.4533692002296448,0.533696174621582,0.6437308192253113,-0.2373221963644028,0.008762208744883537,-0.12602542340755463
5.890100479125977,-2.06561017036438,0.7826739549636842,0.9989532232284544,-0.021155077964067456,-0.03261348232626915,-0.02411117032170296,0.1141197085380554,0.27674612402915955,0.28199514746665955,0.23568426072597504,-0.1883690655231476,-0.22999610006809235,0.08852227032184602,-0.17794309556484222,-0.36146533489227295,0.15739504992961884,-0.09458546340465544,0.22994035482406616,-0.05746707320213318,0.0005299497861415148,0.1703435182571411,0.21864591538906095,0.6183875799179077,-0.3864225149154663,0.15436476469039917,0.5051441788673401,-0.07492003589868546,0.1326793134212494,0.1428762972354889,-0.46465164422988886,0.5354887247085571,0.6464527845382689,-0.23514743149280548,0.0117806289345026,-0.1208023726940155
5.891602039337158,-2.068615198135376,0.7826241254806519,0.9991697669029235,-0.020274944603443142,-0.02866529487073421,-0.02066267281770706,0.10596019774675368,0.2804233431816101,0.317903608083725,0.23948766291141513,-0.19380000233650208,-0.211452841758728,0.08771541714668275,-0.17485609650611875,-0.37125408649444575,0.14299766719341278,-0.09215717762708665,0.22591038048267365,-0.05143827199935913,0.0034530754201114178,0.17028002440929413,0.24030113220214844,0.6123576760292053,-0.365305632352829,0.17821727693080902,0.5056200623512268,-0.07141074538230896,0.12213983386754988,0.13361898064613342,-0.473810076713562,0.5355744957923889,0.655093252658844,-0.233870729804039,0.011162569746375084,-0.11708594113588332
5.892096996307373,-2.070685148239136,0.7824084758758546,0.9992467761039732,-0.022557601332664486,-0.02518685348331928,-0.01904524490237236,0.10059963911771774,0.28710541129112244,0.31638550758361816,0.23268139362335205,-0.19101855158805847,-0.21707709133625033,0.08636615425348282,-0.16544578969478607,-0.3780908584594727,0.13174979388713837,-0.08953913301229477,0.2204270511865616,-0.044990524649620056,0.011385047808289528,0.16987185180187225,0.2596426606178284,0.6102733612060547,-0.34500062465667725,0.20039674639701843,0.5073021054267883,-0.07211843132972717,0.11624860763549805,0.12559731304645538,-0.480938732624054,0.5310264229774475,0.6591036319732666,-0.23412445187568665,0.009334541857242584,-0.11645435541868208
5.891587257385254,-2.071829319000244,0.7821869254112244,0.9992781877517699,-0.02489960566163063,-0.021744519472122192,-0.018715856596827507,0.09923228621482848,0.29165422916412354,0.31446370482444763,0.217140793800354,-0.18710793554782867,-0.22324872016906736,0.08169012516736984,-0.15770088136196136,-0.38051667809486395,0.12509407103061676,-0.08742626756429672,0.21405059099197388,-0.03943382576107978,0.018039040267467495,0.1684706211090088,0.2769835889339447,0.6069113612174988,-0.32696905732154846,0.22257079184055328,0.5053157210350037,-0.07291814684867859,0.11319243907928465,0.12112163752317429,-0.4833250343799591,0.5221734046936035,0.6595238447189331,-0.23266153037548065,0.008627964183688164,-0.11654549092054368
5.890554904937744,-2.07204270362854,0.7823092341423034,0.9993477463722227,-0.025063948705792427,-0.018384702503681183,-0.01838082261383533,0.09920942038297652,0.2893584370613098,0.31681177020072937,0.197491317987442,-0.17907261848449707,-0.22598113119602203,0.0749194473028183,-0.1570340096950531,-0.3808109164237976,0.12301740795373917,-0.08675449341535568,0.21068796515464783,-0.03614449128508568,0.018664203584194183,0.1666857749223709,0.28957182168960566,0.6015300750732422,-0.31286510825157166,0.24797439575195312,0.504040539264679,-0.07295036315917967,0.11022265255451202,0.11833852529525755,-0.4809648096561432,0.5120276808738708,0.656240701675415,-0.2321365475654602,0.00775400549173355,-0.11541047692298888
5.88951539993286,-2.071476936340332,0.7827278971672058,0.9994314908981324,-0.02399170957505703,-0.015378176234662533,-0.018013902008533474,0.09930723905563353,0.2830063998699188,0.32010239362716675,0.17833749949932098,-0.1688944399356842,-0.22682365775108335,0.06794402003288269,-0.16018693149089813,-0.3802581429481506,0.12180204689502716,-0.08477793633937836,0.2092612981796265,-0.03437191620469093,0.015425477176904678,0.16510233283042908,0.2965041399002075,0.5952773094177246,-0.30157074332237244,0.27322503924369806,0.5034725666046144,-0.07278507947921753,0.1075964942574501,0.11619167029857635,-0.4752246737480164,0.5037973523139954,0.6500758528709412,-0.23167832195758817,0.006240988615900278,-0.1132141575217247
5.888657569885254,-2.0703675746917725,0.7831835746765136,0.9994884729385377,-0.02288924530148506,-0.013011518865823744,-0.018154582008719444,0.0991532877087593,0.2764073610305786,0.3231954276561737,0.16420526802539823,-0.16093884408473969,-0.22725909948349,0.06189367175102234,-0.16386613249778748,-0.3789419829845429,0.11966747045516968,-0.08104293793439865,0.20893132686614993,-0.03258267790079117,0.011595591902732847,0.16411691904067993,0.29892534017562866,0.5895635485649109,-0.29231977462768555,0.29531002044677734,0.5004289150238037,-0.0733618140220642,0.10613100975751875,0.11382154375314713,-0.4684509336948394,0.5000402927398682,0.6429424285888672,-0.23169803619384763,0.003818205324932933,-0.1110417991876602
5.887727737426758,-2.0687828063964844,0.7834445238113403,0.9995151758193968,-0.02209232747554779,-0.01136180106550455,-0.01876969262957573,0.09925545752048492,0.270854651927948,0.3271370530128479,0.15476128458976743,-0.1566781848669052,-0.22773349285125727,0.05692744627594948,-0.16749754548072815,-0.377238392829895,0.11805543303489684,-0.07769231498241425,0.20931430160999295,-0.0306258387863636,0.008343125693500044,0.16376835107803345,0.29845768213272095,0.5849339962005615,-0.2851622700691223,0.3138238489627838,0.49504771828651434,-0.07471271604299545,0.10568174719810484,0.11132650077342988,-0.46196186542510986,0.5007383227348328,0.6361366510391235,-0.23175717890262604,0.0005325530073605478,-0.10876820981502532
5.886512279510497,-2.066925287246704,0.7835314273834227,0.9995293617248536,-0.02128412574529648,-0.010265754535794258,-0.01956104300916195,0.09936031699180604,0.2657849192619324,0.3314243257045746,0.1487952172756195,-0.15479129552841187,-0.22709770500659943,0.05323890969157218,-0.17159460484981537,-0.37567123770713806,0.11756281554698944,-0.07596855610609055,0.21003539860248563,-0.0288427509367466,0.005101235117763281,0.16384382545948029,0.29635089635849,0.5813038349151611,-0.28034403920173645,0.3290959596633911,0.48991015553474426,-0.07562983781099318,0.10571599006652832,0.1088561564683914,-0.4559916853904724,0.504292368888855,0.6304299831390381,-0.23163494467735288,-0.0025187972933053966,-0.10713399201631546
5.884939670562744,-2.064889907836914,0.7835213541984558,0.9995374679565427,-0.020502289757132527,-0.009405711665749548,-0.02039645053446293,0.09897232800722122,0.26106947660446167,0.33541420102119446,0.14482828974723816,-0.1541513353586197,-0.22548776865005493,0.04987473413348198,-0.17576240003108978,-0.3741059899330139,0.11798154562711716,-0.07490164041519165,0.21051053702831268,-0.027503700926899907,0.0019566232804208994,0.16369925439357755,0.2933779060840606,0.5777319073677063,-0.2768140137195587,0.34170356392860407,0.4859931170940399,-0.07518141716718674,0.1055714413523674,0.10646020621061324,-0.45048531889915466,0.509394645690918,0.6259731650352478,-0.23058250546455383,-0.005185479298233986,-0.10623031854629517
5.883301258087158,-2.062767267227173,0.78347247838974,0.999542772769928,-0.01970763504505157,-0.008635891601443289,-0.02124291844666004,0.09840922057628632,0.2566260099411011,0.33907046914100647,0.14144966006278992,-0.1535216122865677,-0.22327557206153867,0.04649820923805237,-0.17988824844360352,-0.37269461154937744,0.11886718124151228,-0.07393590360879898,0.2110401391983032,-0.026561457663774487,-0.0010740908328443763,0.1633703112602234,0.28940385580062866,0.5739992260932921,-0.27399009466171265,0.35182592272758484,0.48269262909889216,-0.0732206255197525,0.10523569583892822,0.10388020426034927,-0.44542729854583746,0.514650285243988,0.6231006383895874,-0.22854509949684143,-0.006588365882635117,-0.1062840148806572
5.881892681121825,-2.060744047164917,0.7835053205490112,0.9995510578155516,-0.018911227583885193,-0.00794674176722765,-0.021837886422872543,0.09721036255359648,0.25235703587532043,0.34148946404457087,0.1386022716760635,-0.15306854248046875,-0.22037361562252045,0.04277299717068672,-0.184098944067955,-0.3717604279518128,0.12041621655225752,-0.07287595421075822,0.21127910912036893,-0.02615614980459213,-0.003876165952533484,0.1629078984260559,0.2839498221874237,0.5701567530632019,-0.27250397205352783,0.3594098091125488,0.47975036501884466,-0.07029679417610168,0.10431551933288574,0.10152573138475418,-0.440601110458374,0.5193631649017334,0.6218183040618896,-0.2263008505105972,-0.007077629212290049,-0.10666029900312424
5.88115930557251,-2.0589599609375,0.7836425304412842,0.9995660781860352,-0.017993245273828506,-0.007158242166042328,-0.022195659577846527,0.09539856016635895,0.24786901473999023,0.34311139583587646,0.135625883936882,-0.15198922157287595,-0.21715575456619263,0.03883934020996094,-0.18841201066970825,-0.37088823318481445,0.1211179420351982,-0.0708228126168251,0.21202608942985532,-0.02596420422196388,-0.006608380936086178,0.16215848922729492,0.2770301699638366,0.5661747455596924,-0.2725725471973419,0.36322361230850214,0.47673827409744257,-0.06714850664138794,0.1028965339064598,0.09937438368797302,-0.435661107301712,0.5236536860466003,0.6228191256523132,-0.22509215772151947,-0.007344445213675499,-0.10644444078207016
5.88116979598999,-2.0577592849731445,0.7838494777679443,0.9995854496955872,-0.016983559355139732,-0.006381090730428696,-0.02235499210655689,0.09336937218904497,0.24331589043140409,0.34394413232803345,0.13279102742671967,-0.15073104202747345,-0.21389019489288327,0.034941691905260086,-0.19271636009216309,-0.37038874626159674,0.12127329409122468,-0.06800509989261627,0.21320137381553647,-0.025462526828050613,-0.009168878197669985,0.16136348247528076,0.2688225209712982,0.5622511506080627,-0.2750050127506256,0.36263522505760193,0.474046528339386,-0.06458251178264618,0.10085144639015196,0.09781829267740248,-0.43075084686279297,0.5278558135032654,0.6256881356239319,-0.22415651381015775,-0.007887931540608406,-0.10578460991382597
5.881879806518555,-2.0574789047241206,0.7840860486030578,0.9996047019958496,-0.015943799167871475,-0.005826735403388739,-0.02241242676973343,0.09171962738037107,0.23907484114170077,0.3445596992969513,0.13011157512664795,-0.14950411021709442,-0.210908517241478,0.031498998403549194,-0.19686684012413025,-0.37010928988456726,0.12150783091783524,-0.06523746252059937,0.21460862457752228,-0.024760477244853973,-0.01147312205284834,0.1607189178466797,0.2605273425579071,0.5588520765304564,-0.27946630120277405,0.35828739404678345,0.47163140773773193,-0.06321309506893158,0.09959091246128082,0.09633877128362656,-0.42668852210044866,0.532925546169281,0.6298370361328125,-0.2235570251941681,-0.008962700143456459,-0.10529734194278716
5.882969379425049,-2.057513475418091,0.7843473553657532,0.9996230602264403,-0.01498105376958847,-0.0054369946010410794,-0.02235379628837109,0.09067586809396744,0.23533953726291656,0.3445061445236206,0.12757064402103424,-0.1480976641178131,-0.20848248898983,0.02819848619401455,-0.20061910152435303,-0.369968980550766,0.12271918356418608,-0.06254277378320694,0.2165971398353577,-0.024397321045398712,-0.013461224734783173,0.16024740040302277,0.25244092941284174,0.5562633872032166,-0.2854641377925873,0.3507820665836334,0.4715807437896729,-0.06233729049563408,0.09977357089519501,0.09462495893239976,-0.4229474067687988,0.5389419198036194,0.634828507900238,-0.2231793999671936,-0.009710680693387983,-0.10413910448551177
5.883607864379883,-2.0574076175689697,0.7845917940139769,0.9996376037597656,-0.014095279388129711,-0.005284588318318129,-0.02231725119054317,0.090982548892498,0.23235516250133517,0.34386277198791504,0.12512029707431793,-0.1465694159269333,-0.20647667348384857,0.02527694031596184,-0.2037858068943024,-0.3692423701286316,0.1260862648487091,-0.06122241169214249,0.21915970742702484,-0.024443233385682103,-0.015346745960414408,0.15999260544776917,0.2448022812604904,0.5537782311439513,-0.29190030694007874,0.3415633738040924,0.473710298538208,-0.06033395603299141,0.10244878381490707,0.0930199846625328,-0.4193737804889679,0.5451174378395081,0.640518069267273,-0.22210228443145752,-0.008093585260212421,-0.1008925810456276
