0.025518927723169327,-0.04212848097085953,0.7903687953948975,0.9917369484901427,0.09212833642959593,0.08882281184196472,0.008981226943433283,-0.6170650124549866,0.106812983751297,0.23207068443298337,0.8981502056121825,-0.039520591497421265,-0.25871655344963074,-0.3366858959197998,-0.12172813713550568,0.06064823642373085,0.43793582916259766,-0.281225711107254,0.02202313207089901,0.04600471258163452,-0.06251725554466248,0.08772647380828857,-0.02238905057311058,0.3143950402736664,-0.5759623050689697,1.2827329635620115,-0.17268601059913635,-0.06850016117095947,0.056055638939142234,0.051607664674520486,-0.3996020257472992,0.5921279788017273,1.080719232559204,0.05113035067915917,-0.05955512821674346,-0.2169101536273956
0.024055942893028256,-0.042749650776386254,0.7895809412002563,0.9913578033447265,0.09416773170232771,0.09108594805002211,0.006740937009453773,-0.5982692241668701,0.09463096410036088,0.24476274847984317,0.9101877212524414,-0.03801139444112778,-0.25102803111076355,-0.34681096673011774,-0.123670756816864,0.06303206831216812,0.44693994522094727,-0.28767165541648865,0.026601146906614304,0.042105622589588165,-0.055976610630750656,0.08817360550165176,-0.027766926214098927,0.31333383917808527,-0.5726733803749084,1.2848379611968994,-0.17046254873275757,-0.06340461969375609,0.05049246549606323,0.056594833731651306,-0.418961763381958,0.5811954140663146,1.0979777574539185,0.06150811910629272,-0.05822186172008514,-0.22265608608722687
0.02331826277077198,-0.04284306988120079,0.7887586355209351,0.9913324713706969,0.09396488219499587,0.09172991663217545,0.004018367733806372,-0.5618983507156372,0.07581666857004164,0.2473830282688141,0.9000745415687562,-0.02874286286532879,-0.24986010789871213,-0.3488866984844208,-0.1205768883228302,0.06590913981199265,0.4473472535610199,-0.29191699624061584,0.028427965939044952,0.038262620568275445,-0.04457560181617737,0.0885956883430481,-0.03375755250453949,0.3115414679050445,-0.5647518038749695,1.2857773303985596,-0.1703931838274002,-0.06015923619270325,0.046385720372200005,0.05572168529033661,-0.4377972185611725,0.5667961239814758,1.1312978267669676,0.07065564393997192,-0.05306987836956978,-0.22690196335315704
0.023627750575542446,-0.042912423610687256,0.7878212928771972,0.9916183352470398,0.09107065200805664,0.09164292365312576,-0.0009738546214066445,-0.505649209022522,0.06099233776330948,0.24918755888938904,0.8665868043899536,-0.023490494117140766,-0.2517412602901459,-0.344499409198761,-0.11000335216522215,0.07066641002893448,0.4403729140758514,-0.29183080792427063,0.02562391385436058,0.0349627286195755,-0.030172174796462056,0.08614257723093034,-0.04077312350273132,0.3115733861923218,-0.5529879927635193,1.2833921909332275,-0.1728377342224121,-0.05652761831879616,0.04746630042791367,0.051688652485609055,-0.4530281126499176,0.5536719560623169,1.1733866930007935,0.07724243402481078,-0.043620705604553216,-0.2260926067829132
0.02460024319589138,-0.04333743080496788,0.7865576148033142,0.9920637011528016,0.08678591251373291,0.09072592109441757,-0.006835259962826967,-0.4400691092014313,0.053620897233486176,0.2507579028606415,0.8275389671325684,-0.023623863235116005,-0.25100329518318176,-0.3373380899429321,-0.09517802298069,0.07660400122404097,0.4336759150028229,-0.2926470637321472,0.018958197906613346,0.031125513836741447,-0.017395462840795517,0.0806029289960861,-0.049171902239322655,0.3154347538948059,-0.5400855541229248,1.2771958112716675,-0.17596611380577087,-0.05409688875079154,0.05538390949368477,0.04873042553663254,-0.4620771706104279,0.5414732694625854,1.2084479331970215,0.08085481822490691,-0.033386778086423874,-0.2219402343034744
0.0261088777333498,-0.044306036084890366,0.7851397991180421,0.9926370382308961,0.08196299523115158,0.08836794644594193,-0.012034605257213116,-0.3698837757110596,0.055171612650156014,0.25455763936042786,0.7965176105499268,-0.02163247019052505,-0.24618372321128845,-0.3278159499168396,-0.07857027649879454,0.08186572045087814,0.4321810305118561,-0.295354425907135,0.008788280189037323,0.025382541120052338,-0.008544467389583588,0.07282283902168275,-0.05761146545410156,0.32448726892471313,-0.5267226099967957,1.2653889656066895,-0.17755286395549774,-0.05408388376235962,0.06937726587057114,0.0489797368645668,-0.4626610279083252,0.5300025343894958,1.2295910120010376,0.08171599358320236,-0.02763162925839424,-0.21678556501865384
0.027963280677795407,-0.04573865979909897,0.7836909294128419,0.9932910203933715,0.07782759517431259,0.08399965614080429,-0.016120733693242073,-0.2987940013408661,0.06089670583605766,0.2571932077407837,0.7743993401527405,-0.01673183962702751,-0.2374799996614456,-0.31659021973609924,-0.06351659446954727,0.08526996523141861,0.43929952383041376,-0.3025139272212982,-0.0025165935512632127,0.01781056635081768,-0.006292452104389668,0.06443068385124207,-0.06468732655048369,0.33769658207893366,-0.5150589942932129,1.2460455894470215,-0.17440906167030334,-0.05717989429831505,0.089483842253685,0.0528191365301609,-0.45394447445869446,0.5215995907783508,1.2354446649551392,0.0778796449303627,-0.02727390266954899,-0.21342210471630096
0.029961055144667625,-0.0475161038339138,0.7824198007583617,0.9940128922462464,0.07423418760299681,0.07782132923603059,-0.019274700433015823,-0.23193699121475217,0.06791196763515472,0.254190057516098,0.7568398118019104,-0.011099870316684246,-0.2317489981651306,-0.3030175268650055,-0.04979208111763,0.0878845751285553,0.45068472623825073,-0.31207510828971863,-0.01371521595865488,0.009683307260274889,-0.009430420584976671,0.05550677701830864,-0.0692250058054924,0.3521666526794433,-0.5059962272644042,1.218109130859375,-0.16581818461418152,-0.06313423067331314,0.11479970067739485,0.06092499941587448,-0.4378500580787658,0.5184329748153688,1.2279577255249023,0.07063690572977066,-0.03126049414277077,-0.21114458143711087
0.03117552399635315,-0.0490383580327034,0.7817104458808899,0.9947594404220579,0.07073333859443665,0.07076024264097214,-0.021057762205600735,-0.18633581697940824,0.08022605627775192,0.24461770057678223,0.7611482739448547,-0.007852991111576557,-0.2272600084543228,-0.28664490580558777,-0.03756185993552208,0.08930488675832748,0.45729324221611023,-0.3185294568538666,-0.022650929167866703,0.0025792503729462624,-0.01482909359037876,0.04729929566383362,-0.07064981758594513,0.36385712027549744,-0.5009199976921082,1.1866167783737183,-0.15673622488975525,-0.07124538719654083,0.14045970141887665,0.07151473313570023,-0.41798579692840576,0.5222873687744141,1.2136518955230713,0.06335148215293884,-0.0373060218989849,-0.20892216265201569
0.03150739520788193,-0.05039761587977409,0.7818500995635985,0.9955188632011411,0.06724271178245544,0.06304643303155899,-0.021112604066729546,-0.17270933091640472,0.09915734827518465,0.23178459703922272,0.8039349317550659,-0.0001524249091744423,-0.22542563080787656,-0.26649248600006104,-0.027339803054928776,0.0903823897242546,0.4534566700458527,-0.31794604659080505,-0.029029760509729385,-0.0027548174839466806,-0.01968502812087536,0.042513418942689896,-0.07016207277774811,0.36986613273620605,-0.49812090396881104,1.158781886100769,-0.15315859019756317,-0.07923959195613861,0.1619829684495926,0.08363843709230424,-0.397630512714386,0.5304414629936217,1.2000281810760498,0.05789397656917572,-0.043237566947937005,-0.20607441663742063
0.03007069230079651,-0.05119334161281586,0.7830669283866881,0.9963259696960448,0.06363042443990707,0.05429406836628914,-0.018381768837571144,-0.1995933502912521,0.12198951840400696,0.207207053899765,0.9016274809837341,0.011989333666861056,-0.2248244136571884,-0.24005816876888275,-0.019641082733869553,0.08943431824445724,0.436585545539856,-0.30750161409378046,-0.034242790192365646,-0.007277118507772685,-0.02262991853058338,0.04464620351791382,-0.07052233815193176,0.3709639608860016,-0.49827396869659424,1.1382261514663696,-0.1554565727710724,-0.08540381491184233,0.17727495729923248,0.09616029262542723,-0.3782470226287842,0.5386216640472412,1.1891143321990967,0.05787428468465805,-0.0475412905216217,-0.20238706469535828
0.026485474780201912,-0.05121949315071105,0.7849770784378051,0.9970681667327882,0.06097325682640076,0.04449303820729256,-0.01255680713802576,-0.26891064643859863,0.14314408600330353,0.17138983309268951,1.053441286087036,0.02440675720572472,-0.22499866783618927,-0.20854313671588895,-0.016803985461592674,0.0856437236070633,0.40932896733284,-0.29054123163223267,-0.039639800786972046,-0.011432895436882973,-0.02551111578941345,0.05662751570343971,-0.07373611629009248,0.36855188012123113,-0.5004299879074097,1.1260218620300293,-0.1602056920528412,-0.08687988668680191,0.18358279764652247,0.10564048588275908,-0.36223477125167847,0.547006368637085,1.180364727973938,0.0649387389421463,-0.048777472227811806,-0.19852150976657867
0.02056882716715336,-0.050368569791316986,0.7865473628044128,0.9975779056549072,0.060269616544246674,0.03436588495969772,-0.004994305782020092,-0.37298598885536194,0.16484403610229492,0.14317944645881653,1.2318360805511475,0.020628413185477257,-0.2229719310998917,-0.180303618311882,-0.019798344001173973,0.0804447829723358,0.3848972022533417,-0.27615764737129206,-0.046202827244997025,-0.014625432901084425,-0.03017317876219749,0.08003744482994078,-0.08132553845643997,0.36454322934150696,-0.5033405423164368,1.1199992895126343,-0.16241425275802612,-0.08471901714801788,0.18294534087181089,0.10742106288671492,-0.3520984649658203,0.5563092231750488,1.1733889579772947,0.08059395104646681,-0.04851670190691948,-0.19873560965061188
0.012515660375356674,-0.04903651773929596,0.7875502109527587,0.9978094100952147,0.06118207052350044,0.02491970546543598,0.003476280951872468,-0.5089088678359985,0.17607262730598447,0.12070541828870772,1.400079369544983,-0.0004423003701958805,-0.22212564945220947,-0.16162821650505063,-0.02667766436934471,0.0749361366033554,0.3729555606842041,-0.26699113845825195,-0.05287231504917145,-0.016505196690559387,-0.03529491648077965,0.11324641108512878,-0.09373001009225843,0.3601001501083374,-0.5086426138877869,1.1165683269500732,-0.16481606662273407,-0.08554525673389433,0.18284223973751068,0.09857769310474397,-0.34731176495552063,0.5615760087966919,1.1701740026474,0.09630011767148973,-0.046936407685279846,-0.20502513647079468
0.0033796988427639008,-0.047800209373235696,0.7882681488990783,0.9978208541870115,0.06314653158187866,0.01492174994200468,0.011977496556937695,-0.6649937033653259,0.17934527993202207,0.11186161637306212,1.5166746377944946,-0.020613800734281536,-0.22147159278392792,-0.14679712057113647,-0.03520551696419716,0.07178251445293427,0.36695256829261774,-0.26047030091285706,-0.05597541108727455,-0.017002902925014496,-0.04030337557196617,0.156823992729187,-0.11101910471916197,0.35300362110137934,-0.5188708901405334,1.1195918321609497,-0.17141123116016388,-0.08861608803272246,0.18596310913562772,0.0815381109714508,-0.3460386395454407,0.5637361407279968,1.1701114177703855,0.10071112960577012,-0.0426226370036602,-0.21456816792488095
-0.006024218164384365,-0.047181714326143265,0.7885246276855469,0.9978345036506653,0.0631670132279396,0.0006602753419429064,0.01832540147006512,-0.8092058897018432,0.20783378183841705,0.13219399750232697,1.5460617542266843,-0.04745006561279297,-0.21245877444744113,-0.12173978239297865,-0.0386810414493084,0.0673803985118866,0.3583599627017975,-0.25331398844718933,-0.058876466006040566,-0.013779841363430023,-0.04162966459989548,0.2147740721702576,-0.13253866136074066,0.3441491723060608,-0.5350946187973022,1.1357760429382324,-0.18447136878967285,-0.09025557339191437,0.19207635521888727,0.06411702185869217,-0.34437650442123413,0.5688241124153137,1.1717561483383179,0.09816114604473114,-0.03520013764500617,-0.22063580155372617
-0.01577322743833065,-0.04667871817946433,0.7895625829696654,0.997601330280304,0.06334396451711655,-0.01674029976129532,0.0223362036049366,-0.9230716824531555,0.2642863392829895,0.19455696642398837,1.464744210243225,-0.05558281764388085,-0.1685285121202469,-0.0948590487241745,-0.042044244706630714,0.06255635619163513,0.3577783405780792,-0.2469086050987244,-0.06134762242436409,-0.009014067240059376,-0.04339170828461647,0.2835782468318939,-0.15604932606220245,0.3365818560123444,-0.5598396062850952,1.164794683456421,-0.20499442517757413,-0.09347803145647049,0.19599866867065427,0.046231478452682495,-0.3415174186229706,0.5802613496780396,1.1725287437438965,0.09333235025405885,-0.027664648368954655,-0.21052987873554227
-0.025536064058542248,-0.04580119997262955,0.7907091975212097,0.9969730973243712,0.06395469605922699,-0.035399433225393295,0.026482025161385536,-1.006903886795044,0.27960267663002014,0.2577570974826813,1.272223711013794,-0.04653447866439819,-0.1018521636724472,-0.07049361616373062,-0.04665133357048035,0.055702395737171166,0.362034410238266,-0.2419033497571945,-0.05485361069440842,-0.005109419580549002,-0.0438309833407402,0.35669955611228943,-0.17918869853019714,0.3314138650894165,-0.5959474444389343,1.1931197643280027,-0.2061486691236496,-0.10152330249547958,0.19612900912761688,0.023464923724532127,-0.3431925475597381,0.6015914082527161,1.169224739074707,0.07809432595968246,-0.01854121685028076,-0.179880753159523
-0.03335431218147278,-0.04409301280975342,0.7895322442054749,0.9962726235389708,0.0564357154071331,-0.05972060561180115,0.02625356428325176,-1.048583984375,0.22933954000473025,0.25196748971939087,0.9920586943626403,-0.115897037088871,-0.07940760999917984,-0.02698833681643009,-0.03277377039194107,0.04321089386940002,0.36085507273674006,-0.24077336490154264,-0.04200726747512817,0.001771763083525002,-0.02389848791062832,0.42954072356224066,-0.18529608845710757,0.3326164186000824,-0.6458410620689392,1.196041703224182,-0.1823703497648239,-0.11213263124227524,0.18111008405685425,-0.0018844127189368007,-0.35860061645507807,0.6281813383102417,1.1563034057617188,0.05596502125263214,-0.005133050959557295,-0.1482512205839157
-0.03755790740251541,-0.042546097189188,0.7871707677841185,0.9953027367591858,0.04171627387404442,-0.08521398901939392,0.019255513325333595,-1.015366792678833,0.18213303387165067,0.23399844765663144,0.6377028226852417,-0.19578453898429873,-0.11126527190208436,0.038222532719373696,-0.0027276661712676287,0.023930618539452553,0.3335871696472168,-0.23818971216678617,-0.030726952478289604,0.016981787979602814,0.0143661517649889,0.4896631240844727,-0.1693027764558792,0.34179624915122986,-0.6883554458618164,1.1703464984893799,-0.14046742022037506,-0.11513883620500565,0.15920405089855194,-0.014662221074104307,-0.3881660401821136,0.6375470757484436,1.1277308464050293,0.04444557428359985,0.008694550022482872,-0.1364414542913437
-0.039858750998973846,-0.04198913648724556,0.783585250377655,0.9944155812263488,0.01881297677755356,-0.10331057012081146,0.01051696203649044,-0.9406394362449646,0.1868943423032761,0.26560726761817927,0.3115892708301544,-0.18538376688957212,-0.14287778735160828,0.09494994580745696,0.045905701816082,0.0056665525771677485,0.29037854075431824,-0.22073958814144132,-0.028779607266187668,0.04035688191652297,0.06967832893133163,0.5189380049705504,-0.14332859218120575,0.35034024715423584,-0.7028273344039917,1.150119662284851,-0.10132937133312224,-0.10888420790433884,0.15060774981975555,-0.0075607001781463614,-0.42588058114051813,0.6283436417579651,1.0880643129348755,0.04951512813568115,0.013419690541923046,-0.13921327888965607
-0.04228682070970535,-0.04136628657579421,0.7802746295928955,0.9937418103218079,-0.0009751606849022207,-0.1113777533173561,0.008436513133347034,-0.8739100098609923,0.1708152741193771,0.29300299286842346,0.10037431865930556,-0.15881013870239255,-0.1641283482313156,0.1189790591597557,0.08601601421833038,-0.008851510472595692,0.27127188444137573,-0.20585928857326508,-0.024193724617362022,0.06422796100378036,0.11354108154773712,0.5244532227516174,-0.12251106649637222,0.35825231671333313,-0.6991378664970398,1.1436487436294556,-0.07647860050201416,-0.098992682993412,0.15523847937583923,0.011765438131988049,-0.46369522809982294,0.6017732620239258,1.0431113243103027,0.05797870829701424,0.017152970656752586,-0.15478938817977905
-0.04491389542818069,-0.04110363498330116,0.7784861326217651,0.9936129450798034,-0.008116669952869414,-0.11164755374193192,0.014221243560314178,-0.8172743320465088,0.12134800851345062,0.29800400137901306,0.011802969500422476,-0.1469501107931137,-0.17163093388080597,0.11312848329544067,0.09596270322799681,-0.02577837184071541,0.28180429339408875,-0.2039586454629898,-0.014956407248973846,0.07827840745449066,0.12917853891849515,0.5199596881866455,-0.10883918404579163,0.3642275929450989,-0.6882955431938171,1.1447964906692505,-0.05948211625218392,-0.08538972586393356,0.15476898849010468,0.034109052270650864,-0.48865845799446106,0.5646016597747803,1.0109586715698242,0.055323254317045205,0.017351970076560974,-0.17043159902095795
-0.04747617244720458,-0.04081720113754272,0.7779489755630493,0.9937191009521484,-0.01169015746563673,-0.10844623297452927,0.025003455579280853,-0.7560763359069824,0.07026015967130661,0.28421688079833984,-0.009498562663793566,-0.1349201202392578,-0.18524727225303647,0.1036594659090042,0.0979791060090065,-0.04591936990618706,0.28329282999038696,-0.1994393020868301,-0.010549047030508518,0.08176381140947342,0.1391015499830246,0.5088152885437012,-0.09382595121860504,0.36817434430122375,-0.6804134249687195,1.1394331455230713,-0.051788214594125755,-0.07458361238241196,0.13621868193149567,0.06000157818198204,-0.49449473619461054,0.5239204168319702,0.9966620206832884,0.044345635920763016,0.01558995060622692,-0.1776924580335617
-0.05014496669173241,-0.04071110114455223,0.7774261236190797,0.9941691160202025,-0.012803968973457812,-0.09917332231998445,0.040354564785957336,-0.6916174292564392,0.03252163529396057,0.2943836748600006,-0.002463807351887226,-0.09982173144817352,-0.19145873188972476,0.08302614092826843,0.09303563833236694,-0.07084354758262634,0.27767911553382874,-0.19530113041400907,-0.011781794019043444,0.07137007266283035,0.14037354290485382,0.48532941937446594,-0.07545777410268782,0.37217777967453,-0.6723856925964355,1.1243314743041992,-0.053719375282526016,-0.07163964956998825,0.11477455496788024,0.08158805221319199,-0.48298060894012446,0.48832106590271,0.9981964826583862,0.028852898627519608,0.015349888242781162,-0.1766557544469833
-0.05342257022857665,-0.04149419069290161,0.7772419452667235,0.994868516921997,-0.0073096239939332,-0.0806027203798294,0.06071639806032181,-0.6566495299339294,0.0016024399083107708,0.3228228688240051,0.06527524441480637,-0.03830628469586372,-0.1663418710231781,0.03759392350912094,0.07141599804162979,-0.10045260190963744,0.28204110264778137,-0.1959198862314224,-0.011410068720579147,0.04957405477762222,0.1176726147532463,0.44392463564872736,-0.059866417199373245,0.38026306033134466,-0.66167813539505,1.1024146080017088,-0.06726200133562088,-0.07948607951402664,0.10256390273571014,0.08956961333751678,-0.4536209404468536,0.46080622076988226,1.0150935649871826,0.009984257631003857,0.015221437439322472,-0.1700780838727951
-0.0568377897143364,-0.04323962703347206,0.77726411819458,0.9950448870658873,-0.001270304317586124,-0.05946118384599686,0.0796769931912422,-0.6788971424102783,0.005991062615066768,0.3306133449077606,0.2630743086338043,0.023846551775932312,-0.15075871348381042,-0.014708956703543665,0.04747885465621948,-0.1267023533582687,0.28878089785575867,-0.1955651342868805,-0.008605911396443844,0.024090349674224854,0.08504289388656616,0.39360618591308594,-0.04704442620277405,0.39407324790954584,-0.6487022638320923,1.074176788330078,-0.0884508341550827,-0.0939362496137619,0.09645464271306992,0.0862438529729843,-0.40975674986839294,0.4464642405509949,1.0397924184799194,-0.004261354450136423,0.012666036374866962,-0.1652090549468994
-0.058316908776760094,-0.04500960931181908,0.777070164680481,0.9949783086776732,-0.0007338338182307779,-0.04685149341821671,0.08844518661499022,-0.6939032673835753,0.03606677800416946,0.3013773262500763,0.4825100004673004,0.06606817245483398,-0.16165494918823242,-0.040948789566755295,0.04109089821577072,-0.14205659925937653,0.2766238749027252,-0.18674202263355252,-0.008282040245831011,0.009071425534784794,0.06577768921852112,0.35568058490753174,-0.03636053577065468,0.408141165971756,-0.63627952337265,1.0493240356445312,-0.09814352542161939,-0.099925197660923,0.09457630664110184,0.08072829991579054,-0.365595668554306,0.4479521811008453,1.0614943504333496,-0.011641683988273144,0.009896150790154932,-0.1668528914451599
-0.05865434557199478,-0.04602918028831482,0.7767744660377502,0.9948034882545472,-0.0011253218399360776,-0.03935680165886879,0.09389259666204451,-0.6777188777923584,0.05714898556470871,0.26434084773063654,0.642606794834137,0.01868395321071148,-0.16822071373462677,-0.05697938427329064,0.03860250487923622,-0.15028576552867887,0.2691989541053772,-0.18315626680850983,-0.010400050319731236,-0.0011526998132467268,0.0541263222694397,0.3268091678619385,-0.03248690813779831,0.41530314087867737,-0.6300731301307678,1.0411919355392456,-0.09464733302593233,-0.09776323288679123,0.0966656506061554,0.07955076545476913,-0.3329058587551117,0.45775651931762695,1.075706124305725,-0.013760603964328764,0.005216869059950112,-0.16821493208408356
-0.0586744099855423,-0.04647981747984886,0.7771530151367188,0.9945539832115171,-3.666526754386723e-05,-0.033026527613401406,0.09885169565677641,-0.6498637795448303,0.0811799019575119,0.24156568944454196,0.766557216644287,-0.05556274205446243,-0.1624336838722229,-0.07329808175563811,0.032543085515499115,-0.15498380362987518,0.2723112404346466,-0.18531262874603271,-0.013026334345340729,-0.011501282453536987,0.042804237455129616,0.30166977643966675,-0.03628908097743988,0.41660800576210016,-0.6264935731887816,1.0460846424102783,-0.08554220199584961,-0.09371355175971983,0.09679339081048963,0.08153312653303145,-0.30991414189338684,0.4701627194881439,1.081289291381836,-0.01079888455569744,0.0005317367031238973,-0.16671428084373474
-0.05837395787239075,-0.04632353037595749,0.7781296968460083,0.9942286014556884,0.0018848724430426955,-0.027749387547373768,0.10361459851264952,-0.6169864535331726,0.1065683290362358,0.22094513475894928,0.8677133917808532,-0.11877678334712982,-0.15814395248889923,-0.08950414508581161,0.024190720170736313,-0.1589788049459457,0.2827906906604767,-0.1900610327720642,-0.014169040136039255,-0.022149330005049706,0.03203023597598076,0.28011980652809143,-0.04726755991578102,0.41343292593955994,-0.6238095164299011,1.0589599609375,-0.07712142169475555,-0.0906568542122841,0.0964079424738884,0.08388296514749528,-0.29297369718551636,0.482276439666748,1.082620859146118,-0.00910972710698843,-0.0032295000273734327,-0.1645355522632599
-0.057836636900901794,-0.04543149471282959,0.7791529297828673,0.9938796162605283,0.0025525453966110945,-0.024054754525423046,0.107787624001503,-0.5811840295791626,0.1336616426706314,0.197573646903038,0.946358323097229,-0.17305719852447507,-0.1568121761083603,-0.09826726466417313,0.01866837963461876,-0.1631128489971161,0.2884175479412079,-0.19300819933414456,-0.01406383141875267,-0.03180854767560959,0.025824958458542824,0.2630665600299835,-0.0621086023747921,0.40595501661300654,-0.6233394742012024,1.0732010602951048,-0.07413019239902496,-0.08826562762260437,0.09890944510698318,0.0844481736421585,-0.28019747138023376,0.4918195903301239,1.0833263397216797,-0.009721995331346989,-0.0066382745280861855,-0.16224749386310575
-0.05720899999141693,-0.04384301602840424,0.7799953818321229,0.9935449361801149,0.0018376446096226569,-0.02119583822786808,0.1114264279603958,-0.5447172522544861,0.16317039728164673,0.17593435943126678,0.9965720176696776,-0.2170310020446777,-0.15463988482952115,-0.1011580005288124,0.01649112068116665,-0.1662364900112152,0.28855568170547485,-0.1935529857873917,-0.013326957821846008,-0.04026314243674278,0.024532128125429157,0.249410942196846,-0.07685030251741409,0.3953560888767242,-0.6223671436309814,1.0835109949111938,-0.07769341021776198,-0.08705611526966096,0.10592789202928544,0.08216341584920883,-0.27087196707725525,0.4961465895175934,1.0850378274917603,-0.011749153956770895,-0.009006612934172153,-0.1622760146856308
-0.0564592108130455,-0.04178564250469208,0.780699610710144,0.9932648539543152,0.0018416618695482607,-0.019064607098698616,0.11427123844623564,-0.5049496293067932,0.19348978996276853,0.16244375705718994,1.0121474266052246,-0.2477057874202728,-0.1499616503715515,-0.10029001533985137,0.013152950443327425,-0.16597221791744232,0.2865762710571289,-0.1935696452856064,-0.010605877265334128,-0.04721210524439812,0.02393541857600212,0.23842868208885193,-0.08960186690092087,0.38362795114517206,-0.6196818947792053,1.0857733488082884,-0.08590484410524368,-0.08840849995613098,0.11510044336318968,0.07804278284311295,-0.2648429572582245,0.4927972853183746,1.087104082107544,-0.011695906519889832,-0.010428578592836857,-0.16693633794784543
-0.05577263981103897,-0.03932104259729385,0.7814058661460876,0.9930790066719056,0.0028144449461251497,-0.017150595784187317,0.11615484207868576,-0.46361392736434937,0.2164108008146286,0.15053777396678925,0.9877984523773192,-0.26381030678749084,-0.14952053129673004,-0.0981738194823265,0.007857736200094223,-0.1631964147090912,0.2824154496192932,-0.19198094308376312,-0.007015567738562822,-0.0525532215833664,0.02274046279489994,0.2287374138832092,-0.09930495172739029,0.3732735216617584,-0.6181382536888123,1.081123113632202,-0.09739377349615096,-0.09321075677871704,0.1250805705785751,0.07210178673267363,-0.26123228669166565,0.4848207235336304,1.0893324613571167,-0.0035916185006499286,-0.011322375386953352,-0.1739540696144104
-0.05549413710832596,-0.03641347587108612,0.7819295525550841,0.9930707216262816,0.002918347949162125,-0.015018214471638203,0.11651813238859177,-0.4231847524642944,0.22747790813446045,0.12816251814365387,0.9196754693984984,-0.26378172636032104,-0.1634761095046997,-0.09656325727701187,0.0044839149340987206,-0.15866754949092865,0.2757303118705749,-0.1883392184972763,-0.0037972119171172385,-0.05534762144088745,0.024184782058000565,0.219299778342247,-0.1063842624425888,0.3656228184700012,-0.6217427849769592,1.0770869255065916,-0.10445663332939148,-0.09841742366552354,0.13114051520824432,0.06327525526285172,-0.25866684317588806,0.4741743803024292,1.094966173171997,0.014030135236680508,-0.012627972289919851,-0.18140360713005063
-0.055544443428516395,-0.03324059769511223,0.7821431756019592,0.9931690692901612,0.001354437554255128,-0.012570081278681757,0.11599738895893096,-0.3794008791446686,0.22766283154487607,0.09269566833972931,0.8008880615234374,-0.2418706268072128,-0.19224159419536593,-0.09682116657495497,0.0050939223729074,-0.15305407345294952,0.2681555151939392,-0.18304494023323056,-0.001940317451953888,-0.05697156861424446,0.028735622763633728,0.2097720801830292,-0.1110967993736267,0.3607085347175598,-0.6274887919425964,1.0794986486434937,-0.10285709798336028,-0.10002154111862183,0.1327187865972519,0.05103354901075363,-0.25597420334815973,0.4661964476108551,1.1048412322998047,0.03425728529691696,-0.013600160367786884,-0.18696729838848117
-0.055502887815237045,-0.029491564258933067,0.7818307280540465,0.993216395378113,-0.00113409711048007,-0.009341667406260967,0.11589927971363068,-0.3234100937843323,0.2307602912187576,0.07162204384803772,0.6296055316925049,-0.1872351765632629,-0.2266803681850433,-0.10163292288780212,0.005712280049920081,-0.14893200993537903,0.2649586796760559,-0.18018461763858795,0.0008895247592590749,-0.05899032577872276,0.03397887945175171,0.1980554759502411,-0.11237596720457076,0.35658645629882807,-0.6334215998649597,1.0929679870605469,-0.09769357740879059,-0.09889325499534608,0.131894052028656,0.03654185682535172,-0.2528599500656128,0.4658772349357605,1.1173739433288574,0.05067965388298035,-0.012444433756172655,-0.1858908832073212
-0.055291447788476944,-0.024743061512708664,0.7817533612251282,0.9931038618087769,-0.00242369482293725,-0.00541384145617485,0.11708780378103256,-0.2588256895542145,0.23084399104118347,0.07591262459754944,0.45329537987709045,-0.1313752681016922,-0.25872179865837097,-0.1097918152809143,0.0010239435359835625,-0.14340978860855103,0.268766313791275,-0.18348941206932068,0.008955427445471287,-0.06067808344960213,0.036229759454727166,0.18235439062118527,-0.1134846806526184,0.34938606619834894,-0.6328125596046448,1.1155707836151123,-0.08565784990787506,-0.09507585316896439,0.13107521831989288,0.021047225221991536,-0.2503986060619354,0.47572675347328186,1.1304911375045776,0.06224308907985687,-0.011345998384058475,-0.17696517705917358
-0.05515571683645248,-0.01929004117846489,0.7812082171440125,0.9930387735366819,-0.004877397324889897,-0.0028970518615096807,0.11765117943286896,-0.2136300504207611,0.2304571568965912,0.0967310145497322,0.3604263365268707,-0.12995381653308868,-0.2562702000141144,-0.11090342700481413,-0.0014319363981485367,-0.13836818933486938,0.26392167806625366,-0.18510231375694275,0.020189857110381126,-0.06327042728662491,0.04090682789683341,0.16992928087711334,-0.11202692985534668,0.3388984501361847,-0.6399906277656555,1.1450681686401367,-0.10072246193885805,-0.08850134909152985,0.12462180852890015,0.0042395805940032005,-0.2516164183616638,0.49699974060058594,1.1427371501922607,0.061188876628875725,-0.012230639345943928,-0.16382543742656708
-0.05583333224058151,-0.01410380657762289,0.7817273139953613,0.9930455088615416,-0.004573612939566374,-0.00017076257790904492,0.11764190346002577,-0.2014193683862686,0.2224695384502411,0.10962897539138793,0.329667866230011,-0.12138476222753523,-0.25213944911956787,-0.1118592545390129,-0.010679070837795734,-0.13318705558776855,0.2579835951328277,-0.18276953697204587,0.03071725368499756,-0.0620458610355854,0.041970819234848016,0.15978208184242249,-0.112885020673275,0.32878753542900085,-0.6567659974098206,1.1694304943084717,-0.10450906306505205,-0.08283788710832596,0.11532620340585709,-0.0140166487544775,-0.25491490960121155,0.5167255401611328,1.1481157541275024,0.04980764165520668,-0.015840360894799232,-0.15508222579956055
-0.05602424591779709,-0.008734290488064289,0.7832968831062317,0.9930468797683715,-0.0016208927845582364,0.0015718608628958464,0.11769799888134003,-0.19079795479774475,0.2084157466888428,0.12167184054851532,0.30904605984687805,-0.10551799088716506,-0.24774198234081268,-0.10727839916944504,-0.02440826222300529,-0.1269233524799347,0.24525307118892667,-0.17418164014816284,0.039795763790607445,-0.05774612724781036,0.037757672369480126,0.14994747936725616,-0.11236973106861115,0.32210245728492737,-0.6858539581298828,1.1831579208374023,-0.08781895041465758,-0.07636424899101257,0.10283683985471724,-0.02380463294684887,-0.2592945992946625,0.5377817749977112,1.1426002979278564,0.03580731153488159,-0.017576802521944046,-0.1489739716053009
-0.055771447718143456,-0.003213672898709774,0.7847993969917297,0.9932350516319275,-0.00023486321151722225,0.002902271691709757,0.11608470976352692,-0.1736116260290146,0.19792981445789337,0.13559836149215698,0.2812638580799103,-0.09709157794713973,-0.24772250652313232,-0.100294791162014,-0.03342611342668533,-0.117691732943058,0.22718022763729093,-0.1610179990530014,0.04703475162386894,-0.04989324510097504,0.03797481954097748,0.13920271396636963,-0.10820457339286804,0.3196846842765808,-0.7111902832984924,1.186523199081421,-0.06358406692743301,-0.07870271056890486,0.09454015642404556,-0.029590059071779248,-0.27037498354911804,0.564046323299408,1.1310346126556396,0.02428990229964256,-0.021101998165249825,-0.13678987324237823
-0.055202387273311615,0.0023839063942432404,0.7861995100975037,0.993394434452057,0.001515458687208593,0.0040204329416155815,0.114669032394886,-0.1509379595518112,0.18498554825782773,0.1511153131723404,0.24320879578590396,-0.08898624032735825,-0.2464412599802017,-0.0926194041967392,-0.04371000081300736,-0.10835206508636475,0.21018937230110168,-0.15081143379211423,0.05476086586713791,-0.04287891834974289,0.038532331585884094,0.1293853372335434,-0.09917999058961868,0.31996217370033264,-0.7206564545631408,1.1858124732971191,-0.04920205846428871,-0.08442176133394241,0.0918917879462242,-0.03510701656341553,-0.28801217675209045,0.5844374895095825,1.1207380294799805,0.022228896617889404,-0.02697281166911125,-0.12564696371555328
-0.05434700474143028,0.00800831150263548,0.7876839637756348,0.9933382868766784,0.004219594411551952,0.005169000010937452,0.11504137516021729,-0.12693780660629272,0.16719599068164823,0.16197980940341947,0.19811409711837769,-0.07262155413627625,-0.2419940084218979,-0.08339352160692216,-0.05706463381648064,-0.10177047550678252,0.1937788128852844,-0.14355328679084775,0.06239712610840797,-0.03822549059987068,0.03721261024475098,0.12102949619293212,-0.08903944492340087,0.3202604055404663,-0.7156221866607666,1.1872789859771729,-0.04945516958832741,-0.08616812527179718,0.09358646720647812,-0.0375882163643837,-0.3077642619609833,0.5907043814659119,1.1157565116882324,0.031043678522109985,-0.03050944954156876,-0.12667930126190183
-0.05360722914338112,0.013710778206586836,0.7883173823356627,0.9930601716041566,0.0049132322892546645,0.005377780646085739,0.11738132685422896,-0.10555949807167052,0.15353159606456757,0.16631315648555756,0.15866783261299133,-0.06160393729805946,-0.2367086410522461,-0.0718950629234314,-0.06705792248249054,-0.10146671533584593,0.17703936994075775,-0.13827480375766754,0.06745272874832153,-0.03603064641356468,0.03992532193660736,0.11468631774187088,-0.07748891413211823,0.31926363706588745,-0.7022612690925598,1.191498041152954,-0.05863171070814133,-0.08524250239133833,0.09599642455577849,-0.038052383810281754,-0.32463449239730835,0.586493968963623,1.1187664270401,0.04322919622063637,-0.03136753290891647,-0.13802269101142883
-0.05299030244350433,0.019380241632461548,0.7881405353546143,0.9926287531852721,0.003988255746662617,0.005240950733423233,0.12101534754037856,-0.09262258559465408,0.14428798854351044,0.16549134254455566,0.13644979894161224,-0.061434373259544366,-0.2289551347494125,-0.06095553562045097,-0.07438158988952637,-0.1044785976409912,0.16324709355831146,-0.1342860162258148,0.07291911542415619,-0.03577354922890663,0.04586294665932655,0.10887213796377182,-0.06530233472585678,0.3170405924320221,-0.6890817284584044,1.197221279144287,-0.07142689824104309,-0.08247976005077362,0.09692325443029405,-0.037379659712314606,-0.3370186686515808,0.5782577991485596,1.1274900436401367,0.04641171544790268,-0.03028464503586292,-0.1529930830001831
-0.0524006187915802,0.025002751499414444,0.7877273559570312,0.9921581745147704,0.002353363437578082,0.005356516689062119,0.12485118210315704,-0.08556140959262848,0.1376858651638031,0.16210611164569855,0.12532898783683777,-0.06757724285125732,-0.22087430953979487,-0.05038664489984512,-0.07959837466478348,-0.10792310535907744,0.14896909892559052,-0.13020633161067963,0.07946210354566574,-0.03577844798564911,0.05251794680953026,0.1026613563299179,-0.054346926510334015,0.3144676685333252,-0.6816062927246094,1.2050272226333618,-0.08257126063108444,-0.07914110273122787,0.0935346782207489,-0.03494284301996231,-0.34416806697845453,0.5689714550971985,1.1409964561462402,0.04010903462767601,-0.02822484448552132,-0.1675386130809784
-0.05168187990784645,0.030437722802162167,0.7876256108283997,0.9917118549346925,0.0016452133422717452,0.0062346854247152805,0.12832023203372955,-0.08269721269607544,0.1294224113225937,0.1581329107284546,0.12003516405820847,-0.07274678349494934,-0.21048861742019653,-0.04190433770418167,-0.08649682998657225,-0.11030930280685423,0.13705119490623474,-0.12711402773857117,0.08751436322927475,-0.03559214621782303,0.0558018833398819,0.09501285851001741,-0.04658830538392066,0.311572402715683,-0.6814276576042175,1.2170323133468628,-0.09208232164382935,-0.07398378849029541,0.08553098142147064,-0.03026526048779488,-0.3451744616031647,0.558249294757843,1.158292531967163,0.03155970573425293,-0.02476524002850056,-0.17983242869377136
-0.050595011562108994,0.03547488898038864,0.7878230810165405,0.9913821816444398,0.0017061103135347366,0.007159777916967869,0.13079482316970825,-0.08058153837919235,0.12052639573812483,0.1549055129289627,0.1171133667230606,-0.07558000832796095,-0.20099014043807983,-0.03544493764638901,-0.09399622678756714,-0.11093346029520033,0.12913383543491364,-0.1246671825647354,0.09512875974178314,-0.03461169078946113,0.05637394636869431,0.08672183752059937,-0.0413321889936924,0.3081965744495392,-0.6842323541641235,1.2322399616241455,-0.09614519774913789,-0.06605788320302963,0.06994841992855072,-0.022443635389208797,-0.33791691064834595,0.5432637333869934,1.1785700321197508,0.025048537179827687,-0.0185584370046854,-0.1863103955984116
-0.04911361634731293,0.04014768451452255,0.7881889939308167,0.9912157654762269,0.00231413240544498,0.007875148206949234,0.13199979066848755,-0.07703910022974014,0.1119147539138794,0.15384067595005035,0.1141640692949295,-0.07626197487115861,-0.19399270415306089,-0.030842166393995285,-0.10129050910472868,-0.10932134091854095,0.12513232231140137,-0.12237964570522308,0.10178310424089432,-0.03244806453585625,0.05504770949482918,0.07825401425361633,-0.03638666868209839,0.3040483891963959,-0.6848549842834473,1.2471215724945068,-0.09233447164297104,-0.05656308308243752,0.04897265136241913,-0.013513377867639065,-0.32186076045036316,0.5256876945495604,1.1995353698730469,0.018429920077323917,-0.007023547310382128,-0.1839299499988556
-0.04745936393737793,0.0442693755030632,0.7885432243347168,0.9912036061286926,0.00311378319747746,0.008563959039747715,0.13203184306621552,-0.07361193746328355,0.10414837300777437,0.1546362340450287,0.11238840967416765,-0.07690762728452681,-0.18806929886341092,-0.028796445578336716,-0.10787010192871092,-0.1060577407479286,0.1253667026758194,-0.12098532170057295,0.10645975917577744,-0.02944038435816765,0.05270690098404884,0.07046579569578171,-0.031023161485791206,0.29982301592826843,-0.6800980567932129,1.2575559616088867,-0.0832337588071823,-0.048982474952936166,0.029908306896686557,-0.004187572281807661,-0.30005890130996704,0.5121147036552429,1.2132734060287476,0.00809741672128439,0.0054852901957929134,-0.1734439879655838
-0.04580571129918098,0.04779188334941864,0.7886549830436705,0.9912331104278563,0.0037570770364254713,0.009248999878764153,0.13174718618392944,-0.07142230123281479,0.09794003516435625,0.15617187321186063,0.11234208196401596,-0.07901014387607574,-0.18260608613491056,-0.02793905138969421,-0.11334620416164398,-0.10274550318717957,0.1271929144859314,-0.12141091376543044,0.10964689403772354,-0.02653375267982483,0.04935021698474884,0.06376179307699203,-0.024875959381461143,0.2973150312900543,-0.670914888381958,1.2623515129089355,-0.0756080150604248,-0.046712085604667664,0.018671197816729546,0.0061254454776644715,-0.277764230966568,0.5069452524185181,1.2107425928115845,-0.003485642373561859,0.009429394267499447,-0.1605534255504608
-0.044195506721735,0.05071186274290085,0.7885211706161499,0.9912588000297545,0.004296163097023964,0.009908477775752544,0.1314890831708908,-0.07051976770162582,0.09306740760803223,0.15767905116081235,0.11340515315532684,-0.08285631239414215,-0.1765403300523758,-0.028036514297127724,-0.11804993450641632,-0.09980331361293791,0.130153551697731,-0.12394667416810988,0.11147214472293852,-0.024135224521160126,0.04481638967990875,0.057584211230278015,-0.018318638205528256,0.29648023843765253,-0.6587660908699036,1.2626583576202393,-0.07215103507041931,-0.04997709020972252,0.015723051503300667,0.017350399866700172,-0.25804969668388367,0.5104829072952272,1.1927301883697508,-0.010234186425805092,0.0006179343326948583,-0.14937035739421844
-0.04254735633730888,0.05314268171787261,0.7882232666015626,0.991273522377014,0.004923931788653135,0.010527961887419224,0.13130785524845123,-0.06948292255401611,0.08888788521289825,0.1590886116027832,0.11437013000249863,-0.08730735629796982,-0.17015857994556427,-0.02846400067210197,-0.12246904522180556,-0.0969271883368492,0.13397476077079773,-0.12802903354167938,0.1123419776558876,-0.02262926660478115,0.03889719024300575,0.051877617835998535,-0.011612736620008944,0.2966091632843017,-0.6463279128074646,1.260168433189392,-0.07419776171445847,-0.05581218749284744,0.019922543317079544,0.02875407226383686,-0.2422427088022232,0.5200397968292236,1.1684972047805786,-0.007547172252088785,-0.016722965985536575,-0.14319688081741333
-0.04099969193339348,0.0550537183880806,0.7878980040550232,0.9912833571434021,0.005537757184356451,0.011023728176951408,0.13116808235645294,-0.06735759228467941,0.08552339673042297,0.15980491042137146,0.11463437974452972,-0.09081130474805833,-0.16484902799129486,-0.028702886775135997,-0.1263351738452911,-0.09459467977285384,0.13826826214790344,-0.13296787440776825,0.11253011226654051,-0.022411106154322624,0.03231418877840042,0.04703858122229576,-0.005761225242167711,0.2967955768108368,-0.6352654099464417,1.2580262422561643,-0.07941612601280211,-0.060732703655958176,0.027074456214904785,0.03792581707239151,-0.2303776443004608,0.5294898152351379,1.149320125579834,0.0007151802419684827,-0.03071329556405544,-0.14364849030971527
-0.03947183862328529,0.0564243420958519,0.7876795530319213,0.9913391470909119,0.00598007719963789,0.0114763043820858,0.13068732619285583,-0.06453493237495422,0.08344119042158128,0.16004459559917447,0.1142379567027092,-0.09310891479253769,-0.16105917096138,-0.028571484610438343,-0.12872396409511566,-0.09195370227098465,0.14119009673595428,-0.13675731420516968,0.11246813088655472,-0.022524109110236168,0.025993494316935536,0.04310145229101181,-0.0018604679498821497,0.2965642213821411,-0.6263002157211304,1.2580132484436035,-0.08399672806262971,-0.06361114233732224,0.03304869309067726,0.04406588152050972,-0.22209353744983676,0.5380660295486449,1.1386231184005735,0.008737216703593731,-0.03651362285017967,-0.14666596055030823
-0.03798777610063553,0.05729309469461441,0.7876341938972473,0.991435468196869,0.00621772138401866,0.012002477422356604,0.1298958659172058,-0.06163666397333145,0.08262637257575987,0.16002917289733887,0.11372765898704527,-0.09462101012468338,-0.15804336965084076,-0.028490057215094566,-0.12965127825737,-0.08912726491689682,0.14297543466091156,-0.13924112915992737,0.11257924139499664,-0.022361336275935173,0.020263973623514172,0.03998993337154389,-0.00035381014458835125,0.29587858915328974,-0.6181511878967285,1.2598198652267456,-0.08603310585021971,-0.06502723693847656,0.037240173667669296,0.04781578853726387,-0.2167107462882996,0.5472061038017273,1.1336485147476196,0.013324116356670856,-0.0370195172727108,-0.14916270971298215
-0.036584492772817605,0.05771444737911224,0.7876912355422973,0.9915661811828611,0.006202977150678635,0.012599047273397444,0.12883815169334412,-0.05927424877882004,0.08337721228599548,0.1607186645269394,0.11360352486371994,-0.09635626524686813,-0.15646435320377347,-0.02779766172170639,-0.12901660799980164,-0.08667128533124924,0.14219893515110016,-0.14019858837127683,0.11260022222995758,-0.02174247056245804,0.015318679623305796,0.03748394548892975,-0.0004204579163342714,0.2950740158557892,-0.6108976602554321,1.2622616291046143,-0.08669820427894592,-0.0657266303896904,0.04031762108206749,0.04962699115276337,-0.21356220543384552,0.5556396842002869,1.1312952041625977,0.014969724230468271,-0.03529451787471771,-0.15042333304882047
-0.03521966189146042,0.0577336847782135,0.7877862453460692,0.9917220473289488,0.005986902862787248,0.013362165540456772,0.12756532430648804,-0.05784957855939865,0.08537783473730086,0.16171914339065552,0.11389188468456268,-0.09807547181844713,-0.15604838728904724,-0.027080489322543144,-0.12725037336349487,-0.08464086800813675,0.14005956053733823,-0.14026398956775665,0.11242207139730452,-0.021018160507082936,0.011187057010829449,0.03541578724980354,-0.0012545553036034107,0.29458755254745483,-0.6040793657302856,1.264245867729187,-0.08711552619934082,-0.06632844358682632,0.0424794927239418,0.04967959597706795,-0.2122720032930374,0.5632147192955017,1.129622220993042,0.015152369625866411,-0.03289461135864258,-0.15083442628383636
-0.03395185247063637,0.05750894546508789,0.7878500819206237,0.9918859601020814,0.005683088209480047,0.014165225438773632,0.12621137499809265,-0.05715091153979301,0.08808767050504684,0.16279339790344238,0.11461567878723145,-0.09964987635612488,-0.15651115775108335,-0.02656580321490765,-0.12481828033924101,-0.08279366046190262,0.13758999109268188,-0.13995777070522308,0.11234955489635468,-0.020196858793497086,0.007993794977664948,0.033970247954130166,-0.0023047730792313814,0.29464527964591974,-0.5989903807640076,1.2655584812164307,-0.08776184171438217,-0.06711241602897644,0.043612640351057046,0.04856079444289208,-0.2127211391925812,0.5695030689239502,1.1271560192108154,0.015554900281131268,-0.031039929017424583,-0.15072709321975708
-0.03263270854949951,0.05698930472135544,0.7878971695899963,0.9920479655265808,0.0053002098575234404,0.014968611299991608,0.12485472857952117,-0.05728408694267273,0.09146567434072495,0.16328528523445127,0.1160697266459465,-0.10102977603673934,-0.15745607018470764,-0.026085589081048965,-0.1218271106481552,-0.08160658180713652,0.13503281772136688,-0.139560729265213,0.11198025941848753,-0.019530916586518288,0.005408702418208121,0.03313732519745827,-0.003741269465535879,0.295391321182251,-0.5954447388648987,1.2667038440704343,-0.08886841684579849,-0.0680076852440834,0.0448467805981636,0.04691677913069725,-0.21464040875434875,0.5745102763175964,1.1236340999603271,0.01815318502485752,-0.029752040281891823,-0.14991861581802368
-0.031177589669823647,0.056117888540029526,0.7879186272621154,0.9921878576278687,0.004807850811630488,0.015726415440440174,0.12366433441638947,-0.05818888545036316,0.09537975490093233,0.1630190908908844,0.11839160323143004,-0.10246144235134123,-0.15842722356319427,-0.0256841741502285,-0.11820820719003676,-0.08065495640039445,0.13278073072433472,-0.13928310573101044,0.11058393865823744,-0.019099902361631397,0.0036271419376134872,0.03282469883561134,-0.005922605749219656,0.2970007061958313,-0.5932820439338684,1.2680416107177734,-0.08965901285409926,-0.06927179545164108,0.04626402258872986,0.045164365321397774,-0.21774798631668088,0.5780972838401793,1.1200194358825684,0.022956369444727898,-0.02889120765030384,-0.1491459310054779
-0.029644321650266647,0.05480985343456268,0.7879208922386169,0.9922914505004883,0.004193266853690147,0.016465291380882263,0.1227559670805931,-0.05976001173257828,0.09986523538827896,0.16209650039672852,0.12198056280612944,-0.10399720817804337,-0.15967777371406555,-0.025417499244213104,-0.1138874739408493,-0.07961876690387724,0.1308774501085281,-0.13905474543571472,0.10835114866495132,-0.019080599769949916,0.002673760522156954,0.033021438866853714,-0.008643181994557379,0.2995994985103607,-0.592872679233551,1.2692594528198242,-0.08880963921546936,-0.07057429105043411,0.04836564511060715,0.043320175260305405,-0.22136090695858,0.5804645419120789,1.1172246932983398,0.029307685792446136,-0.027722548693418503,-0.148976132273674
-0.028167810291051865,0.05306210368871689,0.7878739237785339,0.9923754334449768,0.003487535985186696,0.01713995449244976,0.12200433760881424,-0.06196271255612373,0.10501987487077712,0.16091813147068024,0.12729567289352417,-0.10609913617372511,-0.1613413393497467,-0.02516561560332775,-0.10895723849534988,-0.07825525850057603,0.1292018890380859,-0.13915805518627167,0.1061750128865242,-0.019060831516981125,0.0024585339706391096,0.03382163867354393,-0.011924525722861288,0.30264154076576233,-0.5932166576385498,1.2695729732513428,-0.0865635946393013,-0.07164166122674942,0.05106760561466217,0.04149278998374938,-0.2252541035413742,0.5821536183357239,1.11503267288208,0.035974014550447464,-0.026469839736819267,-0.14917166531085968
-0.02680780738592148,0.051119521260261536,0.7877993583679198,0.9924594759941101,0.002628736663609743,0.017733635380864143,0.1212550103664398,-0.06542536616325377,0.11086247861385344,0.15948429703712463,0.1356138288974762,-0.10933483392000198,-0.16313296556472778,-0.025230789557099342,-0.1035965159535408,-0.07705092430114746,0.1280959844589233,-0.13931499421596527,0.10384273529052734,-0.018855344504117966,0.0031506584491580725,0.03493242710828781,-0.01464345958083868,0.3055934309959412,-0.5929694771766664,1.2681421041488647,-0.08284436166286467,-0.07209821790456772,0.05406335741281509,0.03982527554035186,-0.22924110293388367,0.5836858749389648,1.1133838891983032,0.04067682474851608,-0.025436006486415863,-0.14914800226688385
-0.025437237694859505,0.0489983893930912,0.7876806259155273,0.9925481081008912,0.0015584202483296394,0.018234677612781525,0.12047109007835388,-0.070652537047863,0.11765449494123457,0.1571553498506546,0.14816506206989288,-0.1148923560976982,-0.1653512418270111,-0.02502148225903511,-0.09762901067733763,-0.07635170966386795,0.1270492523908615,-0.1396498680114746,0.10122939944267272,-0.018913576379418373,0.004676979500800371,0.03612431511282921,-0.0154280299320817,0.3082844913005829,-0.59071147441864,1.2640585899353027,-0.07880976796150206,-0.0730772614479065,0.05714501813054085,0.0385950431227684,-0.23339419066905973,0.5840261578559875,1.111985683441162,0.04337939247488976,-0.02432349696755409,-0.1485426127910614
-0.023950407281517982,0.04687368869781494,0.7875286340713502,0.9926313161849976,0.0003242820384912193,0.018735768273472782,0.11971604824066162,-0.0776703581213951,0.12508420646190643,0.15421217679977417,0.16449902951717377,-0.12264467030763626,-0.1678718775510788,-0.02455051615834236,-0.091297447681427,-0.07603053748607635,0.12575893104076383,-0.14014379680156708,0.09824375808238985,-0.01925879903137684,0.006916631013154984,0.03701450303196907,-0.01390197966247797,0.3102933168411255,-0.5862307548522949,1.257347583770752,-0.0755048468708992,-0.07482563704252243,0.06080227345228195,0.03804762661457062,-0.23747205734252927,0.5824686884880066,1.1108187437057495,0.045376293361186974,-0.023573679849505424,-0.148442804813385
-0.0223018079996109,0.04500627517700195,0.7873260974884033,0.992700755596161,-0.0010348460637032984,0.019137699156999588,0.11907096952199936,-0.08487242460250854,0.13277773559093475,0.15127521753311157,0.18142832815647125,-0.1312297284603119,-0.17047655582427979,-0.023342303931713104,-0.08479727059602737,-0.07622808218002318,0.12399948388338088,-0.14089313149452207,0.09509545564651488,-0.01996631361544132,0.009743212722241879,0.03756042197346687,-0.010135982185602188,0.3110128045082092,-0.5801060795783997,1.2492996454238892,-0.07401447743177414,-0.07773040235042573,0.06518029421567917,0.0388888455927372,-0.2412022054195404,0.5776554942131041,1.1096487045288084,0.04857449978590012,-0.023559277877211567,-0.14955930411815643
-0.020368797704577443,0.04341693222522736,0.7870939970016478,0.9927708506584167,-0.0023485408164560795,0.019457874819636345,0.11841442435979845,-0.09079738706350327,0.1401282697916031,0.14873012900352478,0.19638849794864652,-0.13920795917510986,-0.1723840981721878,-0.02159617841243744,-0.07858025282621382,-0.07630181312561035,0.12201631814241408,-0.1418546885251999,0.0920836254954338,-0.020801806822419167,0.0126682473346591,0.03773771598935127,-0.005438079591840506,0.31047114729881287,-0.5737216472625732,1.241965413093567,-0.07443250715732574,-0.08129733055830003,0.06978891789913177,0.04116182029247284,-0.24422627687454224,0.5695330500602721,1.1089801788330078,0.05320010334253311,-0.02367226593196392,-0.15206000208854675
-0.018176108598709103,0.042058810591697686,0.7868586182594299,0.9928389191627502,-0.0035222722217440605,0.01960979588329792,0.1177876964211464,-0.09448144584894179,0.1466555893421173,0.1462746411561966,0.20833937823772433,-0.14619915187358856,-0.17384003102779388,-0.0193408876657486,-0.07286833971738814,-0.07618506997823715,0.12031063437461852,-0.14307370781898499,0.08971258997917174,-0.021978767588734623,0.015376544557511806,0.03759102523326874,-0.0008864330011419952,0.30883127450943,-0.5685553550720215,1.2377837896347044,-0.07594436407089233,-0.08505571633577347,0.07384578138589859,0.044963616877794266,-0.2459035366773605,0.5588725805282593,1.1093389987945557,0.05953672155737877,-0.023303816094994545,-0.15548594295978546
-0.015814095735549927,0.040924154222011566,0.7865932583808899,0.9929097890853882,-0.004374703858047724,0.0195371825248003,0.11717172712087633,-0.09570218622684479,0.15182170271873474,0.14385583996772766,0.2172515094280243,-0.15224140882492063,-0.17525523900985715,-0.01641710288822651,-0.06822490692138672,-0.07603760808706284,0.11908548325300217,-0.1449731737375259,0.08810769021511078,-0.02339044772088528,0.017355995252728462,0.03720204532146454,0.0022349345963448286,0.30641525983810425,-0.5668135285377502,1.238693118095398,-0.0778901129961014,-0.0875324234366417,0.07640060037374496,0.04971729218959808,-0.2459895759820938,0.5480419993400574,1.11136794090271,0.06546466052532196,-0.021960876882076263,-0.15918895602226257
-0.013416167348623276,0.04008864983916283,0.786307394504547,0.9929867982864381,-0.00484562013298273,0.019251408055424687,0.11654677242040634,-0.0947173461318016,0.155629500746727,0.14191985130310059,0.22368943691253665,-0.1573789417743683,-0.17688189446926117,-0.012769900262355804,-0.06488915532827377,-0.07582457363605499,0.11823354661464693,-0.14745497703552246,0.0872182697057724,-0.0250476635992527,0.018259339034557343,0.03672814741730689,0.0034419947769492865,0.30362629890441895,-0.5684060454368591,1.2455227375030515,-0.0795912817120552,-0.08817633241415024,0.07722208648920059,0.05419525504112244,-0.24435970187187195,0.539863348007202,1.1151453256607056,0.06848923861980438,-0.019726030528545376,-0.16127079725265503
-0.01102713868021965,0.03953273966908455,0.7860667109489442,0.9930632710456848,-0.004940242972224951,0.018835784867405888,0.1159573346376419,-0.09193628281354904,0.15808284282684326,0.14067760109901428,0.22794632613658905,-0.16147096455097198,-0.17848791182041168,-0.008544259704649448,-0.06269325315952301,-0.07528293132781982,0.11790781468153,-0.15059609711170197,0.08685025572776793,-0.02672565169632435,0.017949940636754036,0.03617502003908157,0.002410392742604017,0.3005162477493286,-0.572945773601532,1.2577558755874632,-0.08207927644252777,-0.08720811456441878,0.07625897973775862,0.05815184488892555,-0.2411382645368576,0.5360040068626404,1.1200834512710571,0.06623438000679016,-0.016669657081365585,-0.1602311134338379
-0.008536156266927719,0.03914206102490425,0.7858607769012451,0.9931362867355346,-0.00477748503908515,0.018393004313111305,0.11540882289409636,-0.0883098840713501,0.15952283143997192,0.1401488333940506,0.23107215762138367,-0.16473704576492307,-0.18026240170001984,-0.0042450143955647945,-0.06144718080759048,-0.07423117756843568,0.11834558844566344,-0.15417268872261047,0.08665204048156738,-0.02838752046227455,0.01689423620700836,0.03549109771847725,-0.0006920979358255863,0.2975111305713653,-0.5805003046989441,1.2726472616195679,-0.08515831083059312,-0.08470175415277481,0.07382320612668991,0.060850560665130615,-0.23737165331840515,0.5376745462417603,1.1251536607742307,0.057777803391218185,-0.013738294132053852,-0.15643714368343353
-0.005928937345743179,0.03890972584486008,0.7856779098510742,0.9932035207748413,-0.004407885950058699,0.017886990681290627,0.11492331326007844,-0.08434131741523743,0.16005147993564603,0.13963313400745392,0.23371893167495728,-0.16726256906986237,-0.18184204399585724,0.00016815951676107943,-0.06108751520514488,-0.07288326323032379,0.11944510787725449,-0.15799926221370697,0.08641288429498672,-0.029835045337677,0.015564965084195135,0.03488760814070701,-0.005332102999091148,0.2947131395339966,-0.589783787727356,1.2869877815246582,-0.08877096325159071,-0.08135455101728438,0.06964371353387833,0.06233587861061096,-0.23379097878932953,0.5422019362449646,1.1292650699615479,0.04756946861743927,-0.012317684479057789,-0.1517745703458786
-0.003353375941514969,0.03891901299357414,0.7855350375175475,0.9932662844657898,-0.0037999546620994806,0.017361653968691822,0.11448220163583755,-0.08031357824802399,0.15954189002513883,0.13912828266620636,0.2362515330314636,-0.16927410662174225,-0.1826481819152832,0.00445072865113616,-0.06169622391462327,-0.07136233150959015,0.1212237924337387,-0.16185136139392853,0.08651066571474075,-0.03126297518610954,0.014175711199641228,0.03432832658290863,-0.010505663231015204,0.29204893112182617,-0.599083423614502,1.2985813617706299,-0.09159696847200392,-0.07802683115005493,0.06473509967327118,0.06276176124811172,-0.2305675595998764,0.5473396182060242,1.132359266281128,0.03814694657921791,-0.011846939101815224,-0.14801229536533356
-0.0008959993720054625,0.03927319496870041,0.785416305065155,0.993313193321228,-0.0031017421279102564,0.016924958676099777,0.11416131258010864,-0.07621096819639206,0.15822124481201172,0.13846443593502045,0.23775841295719144,-0.1709371656179428,-0.18304601311683652,0.008314121514558792,-0.06279179453849792,-0.06983397901058197,0.12340117245912552,-0.1654279977083206,0.08708025515079498,-0.0323416069149971,0.013013810850679874,0.0337052159011364,-0.015941042453050613,0.28958770632743835,-0.6068997979164124,1.3064045906066895,-0.09264820069074631,-0.0754772499203682,0.05994861945509911,0.06271708756685257,-0.2277309596538544,0.550918698310852,1.1340723037719727,0.03295440599322319,-0.0116101810708642,-0.1458381861448288
0.001451052725315094,0.0398734025657177,0.7853307127952575,0.99333518743515,-0.002469944069162011,0.016546161845326424,0.1140407994389534,-0.07206936925649643,0.1567258387804031,0.13772138953208923,0.23827290534973145,-0.1724945455789566,-0.1833176761865616,0.01198921538889408,-0.06391591578722,-0.06871285289525986,0.12536676228046417,-0.16876120865345,0.0876726359128952,-0.03273169323801994,0.012241948395967484,0.03301280364394188,-0.02088210172951221,0.2873925268650055,-0.6105608940124512,1.3106663227081299,-0.0930345430970192,-0.07467684894800186,0.05644655227661133,0.06301990896463394,-0.22515495121479037,0.5530030131340027,1.1339722871780396,0.03031221218407154,-0.011344224214553831,-0.1441928893327713
0.0035505667328834534,0.04053945094347,0.7852873206138611,0.9933345913887026,-0.0020118847023695707,0.01621854491531849,0.11410176753997801,-0.06883157789707184,0.15547215938568115,0.13678193092346191,0.23904024064540863,-0.1743674278259277,-0.18331992626190183,0.01547270268201828,-0.06486111879348755,-0.06813570857048035,0.12654228508472443,-0.1714933067560196,0.08821801841259001,-0.03236282616853713,0.011885774321854115,0.032378070056438446,-0.02579248696565628,0.28567329049110407,-0.6101744174957275,1.3124244213104248,-0.09569287300109865,-0.07560629397630692,0.05529242753982544,0.06401338428258896,-0.22301268577575684,0.5549978017807007,1.1321001052856443,0.030173439532518383,-0.011745767667889597,-0.14276333153247833
0.005385305732488632,0.04120805114507675,0.7852560281753539,0.9933162927627565,-0.0017012885073199868,0.015882771462202072,0.11431363224983215,-0.0670514926314354,0.15448682010173795,0.13586504757404327,0.24113562703132627,-0.1767379492521286,-0.18266110122203824,0.018818678334355354,-0.06579102575778961,-0.0679459199309349,0.12683002650737762,-0.1736072152853012,0.08885684609413147,-0.03134388476610184,0.01191412191838026,0.03206311911344528,-0.030946755781769753,0.2844580113887787,-0.6075317859649657,1.3129141330718994,-0.10176433622837067,-0.07804356515407562,0.056968264281749725,0.06520099192857742,-0.2218373119831085,0.5584092140197754,1.1289231777191162,0.02916763722896576,-0.012823499739170074,-0.1416976898908615
0.006927326321601868,0.041860558092594154,0.7851873040199279,0.993287205696106,-0.0014647915959358215,0.015558278188109396,0.11461357027292252,-0.06669744104146957,0.1535592824220657,0.1349622458219528,0.24559456110000608,-0.17991334199905396,-0.18132625520229337,0.021864010021090508,-0.0669398233294487,-0.06825114041566849,0.12696079909801483,-0.1754828691482544,0.08953171223402022,-0.030022095888853077,0.012447756715118883,0.03215483948588371,-0.036532528698444366,0.28341665863990784,-0.6045283675193787,1.3131150007247925,-0.11069995164871216,-0.08116692304611206,0.06050422042608261,0.06579350680112839,-0.22192642092704767,0.5638047456741333,1.1257498264312744,0.0261171106249094,-0.013767446391284464,-0.14081798493862152
0.008223142474889755,0.042623743414878845,0.7850131988525391,0.9932618141174316,-0.0013108617858961225,0.015172514133155344,0.1148868054151535,-0.06714338809251785,0.15282827615737915,0.1342577040195465,0.25241315364837646,-0.18399325013160703,-0.1800740361213684,0.024868911132216454,-0.06816332787275313,-0.06849557906389236,0.12720614671707153,-0.1774613261222839,0.09023944288492201,-0.028607487678527832,0.013761378824710844,0.032873980700969696,-0.04319155216217041,0.2823518216609955,-0.6037900447845458,1.3139272928237915,-0.11954613775014876,-0.08379567414522171,0.06397874653339386,0.06529403477907181,-0.2236085832118988,0.5719229578971863,1.1233844757080078,0.02168089523911476,-0.014441277831792831,-0.14007949829101562
0.009274173527956009,0.04350893571972847,0.784785270690918,0.993249773979187,-0.0012711796443909407,0.014704686589539053,0.11505231261253356,-0.06778200715780258,0.15233056247234344,0.13353204727172852,0.26065340638160706,-0.1886578053236008,-0.17909787595272064,0.027625102549791336,-0.06917732954025269,-0.06856570392847061,0.12760138511657715,-0.17931526899337769,0.09121354669332504,-0.027524588629603382,0.015824193134903908,0.03414299339056015,-0.05004505813121796,0.28141906857490534,-0.6070291996002197,1.3155460357666016,-0.12508974969387054,-0.08515381067991255,0.06690219044685364,0.06299632787704468,-0.2265721559524536,0.5811707973480225,1.1226704120635986,0.017161646857857704,-0.014187833294272423,-0.13989102840423584
0.01017342135310173,0.04447467625141144,0.7845395207405089,0.993259072303772,-0.0013652645284309983,0.014135297387838364,0.115042082965374,-0.06859910488128662,0.15207906067371368,0.13266554474830627,0.2697443962097168,-0.19378051161766047,-0.17817337810993195,0.030310476198792458,-0.06982986629009247,-0.06847301125526428,0.1279921531677246,-0.18104065954685208,0.09200355410575865,-0.02677030861377716,0.018353138118982315,0.03614526242017745,-0.05687723681330681,0.2809641659259796,-0.6146938800811768,1.317570686340332,-0.12692037224769592,-0.08476702868938446,0.0684753954410553,0.058454766869544976,-0.23057875037193296,0.5905644297599792,1.123576521873474,0.014516613446176052,-0.013144277967512608,-0.14021477103233335
0.011001184582710266,0.045412514358758926,0.7843512892723083,0.9932909607887267,-0.0015314554329961538,0.013554486446082592,0.11483452469110488,-0.06940613687038422,0.15201835334300995,0.1317394971847534,0.27850356698036194,-0.19843660295009613,-0.1773173063993454,0.03273124247789383,-0.07016982138156891,-0.06801722943782806,0.1285085529088974,-0.18246756494045255,0.0925099402666092,-0.026284404098987576,0.02081240341067314,0.03870224952697754,-0.06275857985019684,0.28132164478302,-0.6252718567848206,1.3196889162063599,-0.12494901567697524,-0.08295308798551558,0.06929080188274384,0.05230297893285751,-0.23534545302391047,0.5978408455848694,1.1252211332321167,0.012507456354796886,-0.011455199681222439,-0.14063166081905365
0.011726293712854384,0.046157002449035645,0.7842475175857544,0.9933182597160339,-0.001694918959401548,0.013237664476037024,0.114632748067379,-0.07050573080778122,0.15185153484344482,0.13080132007598877,0.2858221232891083,-0.20175164937973025,-0.17636162042617795,0.03427721932530403,-0.07049258798360825,-0.06742014735937119,0.12922461330890656,-0.18347741663455963,0.0927482396364212,-0.02624502778053284,0.022835150361061096,0.04120297357439994,-0.06748092919588089,0.2824874520301819,-0.6363379955291748,1.32156240940094,-0.12117775529623032,-0.08064173907041548,0.06922606378793716,0.04561352729797363,-0.24018530547618863,0.6020963788032532,1.1264333724975584,0.011760390363633633,-0.00945579167455435,-0.14095063507556915
0.012244421988725662,0.04673192650079727,0.7842078804969788,0.9933262467384337,-0.001860399032011628,0.013186757452785969,0.11456698179244997,-0.07211150228977203,0.15151666104793549,0.1296906620264053,0.2917785942554474,-0.20410382747650144,-0.1756538599729538,0.03503216803073883,-0.07089288532733917,-0.067092165350914,0.12994572520256042,-0.18403322994709012,0.09274453669786452,-0.02645429596304893,0.02448743768036365,0.04339449852705002,-0.07128974050283432,0.2843298614025116,-0.6468058824539185,1.3229986429214475,-0.11621219664812088,-0.07881437242031097,0.0678190216422081,0.03955524414777756,-0.2447558343410492,0.6046534180641174,1.1262037754058836,0.012165697291493416,-0.008208481594920158,-0.1413011997938156
0.012570317834615707,0.04713267460465431,0.7842373847961426,0.99331796169281,-0.0019968990236520767,0.013321279548108576,0.1146211177110672,-0.0737610012292862,0.15107201039791107,0.1288030743598938,0.2965142428874969,-0.20565801858901975,-0.17505726218223572,0.03528039902448654,-0.07142816483974457,-0.06715787202119827,0.13043853640556335,-0.18385261297225952,0.09265054017305374,-0.0266936793923378,0.025801151990890503,0.04534752666950226,-0.07452993094921112,0.2871138453483581,-0.6559135913848877,1.3237996101379395,-0.1106382831931114,-0.07822910696268082,0.06605599075555801,0.034637201577425,-0.24893486499786377,0.6063324809074402,1.124602437019348,0.012864618562161922,-0.008038070052862166,-0.1417466104030609
0.012723878026008604,0.047543305903673165,0.7843334674835205,0.9933062195777891,-0.002120812889188528,0.013634315691888332,0.11468420177698135,-0.07513988018035889,0.15053993463516235,0.1283390372991562,0.29937154054641724,-0.2063414007425308,-0.1742928177118301,0.03477580472826958,-0.07193176448345184,-0.06733527034521103,0.13078323006629944,-0.18317340314388275,0.09244070947170256,-0.026722192764282223,0.026843462139368057,0.04676593095064163,-0.07719051092863081,0.29092019796371454,-0.66371750831604,1.324401617050171,-0.10646075010299683,-0.07877622544765472,0.06420190632343292,0.031339798122644424,-0.2526226043701172,0.6068447828292847,1.1227877140045166,0.014347949996590614,-0.008228618651628494,-0.14276549220085144
0.01272304356098175,0.04796040430665016,0.7844802141189574,0.9932836890220642,-0.0022112575825303793,0.014068792574107645,0.11482498794794083,-0.07614071667194366,0.1498369425535202,0.1280752271413803,0.30026790499687195,-0.20628987252712247,-0.17318715155124664,0.033857353031635284,-0.07246263325214387,-0.06752645969390869,0.1307992935180664,-0.18244242668151853,0.092228002846241,-0.02666991949081421,0.027445692569017407,0.04769527167081833,-0.0793185606598854,0.2955003082752228,-0.6705513596534729,1.3254156112670898,-0.1033504009246826,-0.07989341765642166,0.06281594187021255,0.029357897117733955,-0.2554726004600525,0.6068621277809143,1.1213146448135376,0.01618793234229088,-0.008718742989003658,-0.1439460515975952
0.0125763863325119,0.04836638271808624,0.7846072912216185,0.993265390396118,-0.0022872071713209152,0.014504489488899708,0.11492756754159927,-0.07655105739831923,0.14919278025627136,0.1281231939792633,0.299241304397583,-0.2056457847356796,-0.17215676605701447,0.03294069319963455,-0.07292857766151427,-0.06734810769557953,0.13040390610694885,-0.1819183379411697,0.0920501798391342,-0.026280812919139866,0.027633942663669583,0.04844975471496583,-0.08109004795551299,0.3002593517303467,-0.6764808297157288,1.32692813873291,-0.10090944170951845,-0.08085206151008606,0.06235271319746971,0.02832655981183052,-0.25735363364219666,0.6065974235534668,1.1202800273895264,0.018748499453067776,-0.009070260450243948,-0.145096555352211
0.012457411736249924,0.048837810754776,0.7847128510475159,0.9932482838630675,-0.0023852218873798847,0.014904841780662537,0.11502175778150558,-0.07654881477355957,0.14876434206962583,0.12814553081989288,0.2970077693462372,-0.20461970567703247,-0.17142550647258759,0.03220536932349205,-0.07326918840408325,-0.06690125167369843,0.1296897977590561,-0.1813085377216339,0.09193867444992064,-0.025687156245112416,0.02740626409649849,0.04914775863289833,-0.08257514238357544,0.30495938658714294,-0.6817238926887512,1.32874858379364,-0.09848644584417345,-0.08127589523792265,0.06256725639104843,0.027875404804944992,-0.2582463324069977,0.6063745617866516,1.1197844743728635,0.021657196804881092,-0.009091333486139774,-0.14578859508037567
0.012418441474437712,0.04935813695192337,0.7848180532455443,0.9932320713996888,-0.002473990432918072,0.015283530578017235,0.11511004716157912,-0.07634029537439345,0.14832592010498047,0.1278950273990631,0.2939660847187042,-0.203546404838562,-0.1705305129289627,0.03162844106554985,-0.07361050695180894,-0.06655346602201462,0.1289142370223999,-0.18046042323112488,0.09209187328815459,-0.025140848010778427,0.026776695623993877,0.04980792105197906,-0.08369741588830948,0.3091534972190857,-0.685727059841156,1.3305319547653198,-0.09651117771863936,-0.08102928847074509,0.06307556480169296,0.027639238163828846,-0.25811061263084406,0.6063560247421265,1.119463324546814,0.024406058713793755,-0.008639258332550526,-0.14605741202831268
0.012400314211845396,0.04977397620677948,0.7849036455154419,0.993225872516632,-0.002541526220738888,0.015578726306557655,0.11512267589569092,-0.07579866796731949,0.1479635387659073,0.1277690827846527,0.2907438576221466,-0.20251640677452087,-0.1694101244211197,0.031110428273677822,-0.07383084297180174,-0.06601794064044952,0.1281852424144745,-0.17953212559223175,0.09233734011650083,-0.024559708312153816,0.025872148573398594,0.05050494521856308,-0.08431700617074966,0.31249189376831055,-0.6891096830368042,1.3317651748657227,-0.09589216113090515,-0.08086072653532028,0.06366954743862152,0.027279796078801155,-0.25719797611236567,0.607642412185669,1.1191900968551636,0.026024555787444115,-0.008317244239151478,-0.14582504332065582
0.01235828548669815,0.05008300393819809,0.7849825024604796,0.993229568004608,-0.002571988850831985,0.015811864286661148,0.11505813151597977,-0.07506052404642105,0.1475280523300171,0.12764155864715576,0.287748247385025,-0.20149473845958707,-0.16803154349327087,0.030551757663488388,-0.07405264675617218,-0.06549288332462311,0.12751267850399017,-0.17850545048713684,0.09261737763881683,-0.0241874810308218,0.02473011054098606,0.05115792527794837,-0.08432540297508238,0.31506776809692383,-0.6911564469337463,1.3322418928146362,-0.0963047742843628,-0.08093664795160292,0.06429221481084824,0.02671508491039276,-0.25562769174575806,0.6098481416702272,1.118854284286499,0.02601128257811069,-0.00785098783671856,-0.14536383748054504
0.012225762009620667,0.05027781054377556,0.785049557685852,0.993245244026184,-0.00258890469558537,0.015952814370393753,0.11490282416343688,-0.07452470809221268,0.147040456533432,0.1275747716426849,0.2858128547668457,-0.20077143609523773,-0.16673807799816132,0.02991567365825176,-0.07424485683441162,-0.06486954540014267,0.12710164487361908,-0.17758978903293607,0.09287165105342865,-0.02399547211825848,0.023485038429498672,0.05177884921431541,-0.08415041863918304,0.31671211123466486,-0.6924407482147217,1.332072615623474,-0.09769464284181593,-0.08097629994153976,0.06471604853868484,0.026118867099285126,-0.2538391649723053,0.61299067735672,1.1186424493789673,0.02443159930408001,-0.007557343691587448,-0.14445950090885162
0.011974018067121504,0.05045389011502266,0.7851225733757019,0.9932667613029481,-0.0025584781542420387,0.016064200550317764,0.11470213532447814,-0.07404005527496339,0.1464049220085144,0.1276521235704422,0.28418114781379694,-0.20006191730499268,-0.16573216021060944,0.029026949778199196,-0.0745966136455536,-0.06414233893156052,0.126970574259758,-0.17699328064918518,0.09324299544095992,-0.02396749332547188,0.02219482325017452,0.052342694252729416,-0.08404523134231566,0.3172687888145447,-0.6935787200927734,1.3314259052276611,-0.09731333702802658,-0.08136788755655287,0.06480008363723755,0.025453552603721615,-0.25206056237220764,0.6166001558303833,1.118430972099304,0.02232816256582737,-0.007475308608263731,-0.14349493384361267
0.011615462601184843,0.05068910866975784,0.7852196693420409,0.9933037161827089,-0.0025036497972905636,0.016061430796980854,0.11438338458538055,-0.0733840763568878,0.14582446217536926,0.1281917095184326,0.28260308504104614,-0.19931833446025848,-0.16529567539691925,0.028310406953096386,-0.07504652440547942,-0.06305330991744995,0.1268951445817947,-0.17646977305412292,0.09384957700967789,-0.024071883410215374,0.021013796329498288,0.05295853316783905,-0.08385363221168518,0.31685143709182734,-0.6951686143875122,1.3303337097167969,-0.0960877537727356,-0.08190336078405379,0.06475707143545151,0.024682380259037014,-0.25053948163986206,0.6200831532478333,1.1180574893951416,0.020356735214591023,-0.007839017547667025,-0.14275166392326355
0.011195730417966843,0.0510101392865181,0.7852817177772523,0.9933631420135498,-0.002379832323640585,0.01598036102950573,0.11387989670038225,-0.0724223330616951,0.14510340988636017,0.12922228872776031,0.2807267904281616,-0.1987406015396118,-0.16494277119636536,0.027837662026286125,-0.07576678693294525,-0.06152678653597832,0.12697044014930725,-0.17605113983154297,0.09444675594568253,-0.024209361523389816,0.01985231786966324,0.053619302809238434,-0.08389803022146225,0.31566160917282104,-0.6980832815170288,1.3286464214324951,-0.0952422097325325,-0.08254437148571014,0.06421639770269394,0.02407877705991268,-0.24957840144634247,0.6234143376350403,1.1171599626541135,0.018656190484762192,-0.008335171267390251,-0.1425851285457611
0.010719232261180876,0.05141143500804901,0.7853015661239624,0.9934486150741576,-0.0021864541340619326,0.015803689137101173,0.11316052824258804,-0.07074210047721863,0.14423507452011108,0.13086047768592834,0.2779901325702667,-0.19787386059761047,-0.16460736095905304,0.027625538408756256,-0.07665952295064926,-0.05954396352171898,0.1274123340845108,-0.1759256273508072,0.09493350237607957,-0.024478210136294365,0.018639611080288887,0.05435667932033538,-0.0843164250254631,0.31398317217826843,-0.7021828889846802,1.3266061544418335,-0.09418877214193344,-0.08323345333337782,0.06346509605646133,0.023528233170509335,-0.24893563985824585,0.6261147856712341,1.11611008644104,0.017259951680898666,-0.008400557562708855,-0.14282317459583282
0.01022406294941902,0.05185584723949432,0.7853058576583862,0.9935619235038755,-0.001968038734048605,0.015609292313456535,0.11219292879104614,-0.0684230774641037,0.14325442910194397,0.1330791562795639,0.2744217813014984,-0.19694669544696808,-0.16413338482379913,0.027129745110869408,-0.07756605744361877,-0.057037353515625,0.1282380074262619,-0.17581313848495483,0.0953615829348564,-0.02469541132450104,0.01741676591336727,0.054971888661384576,-0.08509930968284608,0.31202232837677,-0.7067946195602417,1.3248543739318848,-0.09353569895029071,-0.08411174267530441,0.06321495771408081,0.023324435576796528,-0.24836188554763797,0.6277519464492798,1.1149756908416748,0.01621127314865589,-0.008069398812949657,-0.14350321888923645
0.009658396244049072,0.05228284001350402,0.785323977470398,0.9936940073966981,-0.0017657174030318856,0.01543914433568716,0.11104357242584229,-0.06573517620563507,0.14236637949943542,0.13574679195880887,0.2703675925731659,-0.19580896198749545,-0.16357825696468353,0.026147771626710888,-0.07825039327144624,-0.05387490987777709,0.1292339265346527,-0.17545698583126068,0.09577973932027815,-0.024973150342702866,0.016283176839351654,0.05525064095854759,-0.08610308915376662,0.30998700857162476,-0.7117484211921692,1.3237926959991455,-0.09217415750026704,-0.08473220467567444,0.06297837942838669,0.023297032341361042,-0.24760527908802032,0.6285045742988585,1.113826274871826,0.01539792213588953,-0.007410972844809293,-0.14475086331367493
0.008930873125791548,0.05261638760566712,0.7853813171386719,0.993830680847168,-0.0015684692189097404,0.015322184190154076,0.10983311384916304,-0.06364598870277405,0.141518697142601,0.13829319179058075,0.2669459283351898,-0.19488483667373657,-0.1629268378019333,0.02458425424993038,-0.07881695032119752,-0.050535764545202255,0.130460724234581,-0.17510434985160828,0.09627987444400787,-0.025548988953232765,0.015231342054903507,0.05506803467869759,-0.08708325028419495,0.3080873787403106,-0.7155845761299133,1.3234323263168335,-0.09115835279226304,-0.0850633829832077,0.06276657432317734,0.02378332242369652,-0.2466324120759964,0.6274679899215697,1.112467646598816,0.015693744644522667,-0.006727694533765316,-0.1463371366262436
0.008126690983772278,0.052936047315597534,0.7854770421981812,0.9939526319503784,-0.0013883444480597973,0.015226902440190315,0.10874030739068984,-0.062416158616542816,0.14064176380634308,0.14020027220249176,0.26434683799743647,-0.19427350163459775,-0.1619824171066284,0.02261926978826523,-0.07944656163454054,-0.04758285358548164,0.13180379569530487,-0.17490291595458984,0.09663518518209456,-0.026478173211216927,0.01434181910008192,0.054688964039087296,-0.08823973685503006,0.30650395154953,-0.7182513475418091,1.3236569166183472,-0.09108766913414,-0.08500654250383377,0.06258166581392288,0.02503996342420578,-0.24557706713676447,0.6242631077766417,1.1112927198410034,0.016047952696681023,-0.006260523106902838,-0.14798976480960843
0.007310889661312102,0.053292330354452126,0.7856138944625854,0.9940518736839294,-0.0011924316640943289,0.015175904147326946,0.10783837735652924,-0.06190322712063789,0.1397517621517181,0.14164747297763824,0.2625882029533386,-0.19363220036029813,-0.161074697971344,0.020659213885664936,-0.08021712303161621,-0.04501283913850784,0.13293226063251495,-0.1748117059469223,0.09705162048339844,-0.027682391926646233,0.013579958118498324,0.05442913994193077,-0.08978770673274995,0.30510070919990534,-0.7196502089500427,1.3242559432983398,-0.0922386199235916,-0.08483045548200606,0.06291284412145615,0.026708383113145828,-0.2445378601551056,0.6195115447044373,1.1106467247009275,0.016366232186555862,-0.005842527374625206,-0.14949755370616913
0.0064734965562820435,0.05362444743514061,0.7857596874237059,0.9941323399543761,-0.0010259113041684031,0.015086134895682333,0.10710825771093369,-0.061869893223047256,0.13896334171295166,0.14270195364952087,0.26183658838272095,-0.1933205872774124,-0.1603708416223526,0.01906415075063705,-0.08096940070390701,-0.042728707194328315,0.13377368450164795,-0.17458558082580566,0.09722235798835753,-0.02892393991351128,0.013068832457065582,0.054572150111198425,-0.09219882637262344,0.30385756492614746,-0.7208940982818604,1.3244874477386475,-0.09288835525512695,-0.08506873995065689,0.0639963150024414,0.028843473643064495,-0.2435909807682037,0.6136472225189209,1.1112550497055051,0.01682497188448906,-0.005568986292928456,-0.15045125782489777
0.00559837743639946,0.05387039482593536,0.7859050035476685,0.9942009449005128,-0.0008993528317660093,0.014891866594552992,0.10649821907281876,-0.062034662812948234,0.1383460164070129,0.14359150826931,0.26217204332351685,-0.1936083137989044,-0.16006164252758026,0.017964763566851616,-0.08170998096466064,-0.04113281145691872,0.13450156152248383,-0.17400187253952026,0.09725750982761384,-0.0301833339035511,0.012864801101386549,0.05514530465006828,-0.09530358016490936,0.3028466999530792,-0.7219760417938232,1.3243947029113767,-0.09230893105268478,-0.08629366755485535,0.06544670462608337,0.031013300642371178,-0.2429035156965256,0.606808066368103,1.1138683557510376,0.016703469678759575,-0.005466198548674584,-0.15045736730098724
0.004764579236507416,0.054037906229496,0.7860216498374939,0.9942731857299805,-0.0007266703760251402,0.014627708122134209,0.10586035996675491,-0.062141943722963326,0.13763011991977692,0.14460819959640503,0.2630436420440674,-0.1937253028154373,-0.15993282198905945,0.017093975096940994,-0.08258718997240065,-0.039855696260929115,0.13551320135593414,-0.17336170375347135,0.0976223349571228,-0.031240414828062057,0.012744019739329813,0.056033052504062646,-0.09942228347063065,0.30215924978256226,-0.7238446474075316,1.323815941810608,-0.09000493586063385,-0.08759569376707077,0.06615340709686279,0.03301837295293808,-0.24259035289287567,0.5993876457214355,1.118485927581787,0.017203669995069504,-0.005515183322131634,-0.14948569238185883
0.004084058105945587,0.054193306714296334,0.7861081957817077,0.9943580627441406,-0.0005722338682971895,0.014328908175230026,0.10510146617889404,-0.06218346208333969,0.13690078258514404,0.14570923149585724,0.2641967833042145,-0.19328625500202176,-0.15996040403842926,0.016447680070996284,-0.08335679024457932,-0.03846793994307519,0.13633127510547635,-0.17235010862350464,0.0983240529894829,-0.03190929442644119,0.012718667276203632,0.057013634592294686,-0.10372724384069441,0.30198028683662415,-0.7265737652778625,1.3227622509002683,-0.0881694108247757,-0.08847010880708694,0.06646672636270523,0.03489771485328674,-0.24272899329662323,0.5915923714637756,1.1243438720703125,0.017031926661729813,-0.005256122909486294,-0.14828073978424072
0.003466032445430756,0.05437057465314865,0.7861737012863158,0.9944348335266112,-0.0004934411845169961,0.01404453068971634,0.10441195964813232,-0.06230944395065308,0.13625450432300568,0.1466238498687744,0.26553821563720703,-0.19280147552490237,-0.15949219465255737,0.01595933362841606,-0.08383689820766449,-0.03703569993376732,0.136728435754776,-0.17139893770217896,0.09888879954814912,-0.03261697664856911,0.012751240283250809,0.05783898383378983,-0.1075126901268959,0.30260834097862244,-0.7292119264602661,1.321468710899353,-0.08721324801445006,-0.08930986374616624,0.06637342274188995,0.03627300262451172,-0.24347269535064697,0.5825737714767456,1.130220890045166,0.016916226595640182,-0.0043323859572410575,-0.1470927596092224
0.0029490627348423004,0.054563704878091805,0.7862340211868286,0.9945005178451538,-0.0005415856139734387,0.01379834208637476,0.1038168966770172,-0.06256028264760971,0.1358527839183807,0.14696916937828064,0.26708197593688965,-0.1925427168607712,-0.15863175690174103,0.015553554520010948,-0.08387559652328491,-0.03555859252810478,0.13669084012508392,-0.17071940004825592,0.09914644807577133,-0.03371039777994156,0.012832827866077425,0.05839995667338371,-0.11034875363111496,0.3041783571243286,-0.7310757040977478,1.3199348449707031,-0.08651623129844666,-0.09008076041936873,0.06638982892036438,0.037138499319553375,-0.24520756304264069,0.5706541538238524,1.1357702016830444,0.019158871844410896,-0.0028225264977663755,-0.1470399796962738
0.002565629780292511,0.05488154292106629,0.7862953543663026,0.9945530891418456,-0.0007430120022036134,0.013603312894701956,0.10333696752786636,-0.06308683753013611,0.13586503267288208,0.14669780433177948,0.26912307739257807,-0.19320501387119293,-0.15787608921527863,0.015216438099741936,-0.08347196131944656,-0.03417095169425011,0.1361604630947113,-0.17034944891929626,0.0992739126086235,-0.03535590320825577,0.012923646718263626,0.05851487815380096,-0.11195671558380126,0.3066929876804352,-0.7318655848503112,1.3180521726608276,-0.08578472584486006,-0.09099086374044417,0.06709997355937958,0.03779476508498192,-0.24790115654468536,0.5545674562454224,1.1403958797454832,0.026509085670113564,-0.001539391465485096,-0.14888975024223328
0.0023443363606929775,0.05519844591617584,0.7863625884056091,0.9946070313453673,-0.001082742353901267,0.013336414471268652,0.10284837335348128,-0.06342145800590515,0.13644003868103027,0.1461943686008453,0.2718248963356018,-0.19491177797317505,-0.15751685202121735,0.015185779891908169,-0.0826461985707283,-0.03282194584608078,0.13566558063030243,-0.17029766738414764,0.09895925223827362,-0.03772848471999168,0.013008736073970795,0.058616358786821365,-0.11249946057796478,0.3101526200771332,-0.7314805388450623,1.3160136938095093,-0.08541503548622131,-0.0921727865934372,0.06891139596700668,0.03825867176055908,-0.25139868259429926,0.5311318635940552,1.143896460533142,0.03912816196680069,-0.0006935031269676983,-0.15372829139232635
0.0022277571260929108,0.05547506362199783,0.7864329814910888,0.9946576356887816,-0.0014609587378799915,0.013144518248736858,0.102378211915493,-0.06421863287687302,0.13723522424697876,0.14556743204593658,0.27529269456863403,-0.19671405851840967,-0.1573808789253235,0.015125698409974577,-0.08175510913133621,-0.031506795436143875,0.13551640510559082,-0.17023274302482605,0.09867906570434569,-0.04104118049144745,0.01285005360841751,0.05850885808467865,-0.11255834251642229,0.3145709335803985,-0.730531632900238,1.3143606185913084,-0.08638009428977966,-0.09314462542533873,0.07206804305315018,0.039322756230831146,-0.25531986355781555,0.4989447295665741,1.1462271213531494,0.05641664192080498,-0.0007839055033400655,-0.16251955926418304
0.0022877342998981476,0.055665601044893265,0.7864825725555421,0.9946927428245544,-0.001809252076782286,0.013103996403515337,0.10203594714403152,-0.06566032022237778,0.13801398873329163,0.14507432281970975,0.27891793847084045,-0.1982959508895874,-0.15755589306354523,0.015033922158181667,-0.08099550753831862,-0.030393119901418682,0.1355244666337967,-0.17008435726165771,0.09854526817798615,-0.04503684118390083,0.012515246868133543,0.058045610785484314,-0.1122470423579216,0.3191860616207123,-0.7295048236846925,1.3138447999954224,-0.08885151147842406,-0.09359658509492874,0.07600025832653044,0.04188405349850655,-0.2587155997753144,0.4622966945171356,1.1471998691558836,0.07655907422304153,-0.0028124295640736814,-0.17463132739067075
0.002505276352167129,0.05575793236494064,0.7865018844604493,0.9946976304054259,-0.002091826871037483,0.013089722953736782,0.10198484361171722,-0.0672740712761879,0.13863098621368408,0.1444634646177292,0.28248029947280884,-0.19989241659641263,-0.15772706270217896,0.015287245623767376,-0.08054322004318237,-0.0300764013081789,0.13544926047325134,-0.170144721865654,0.09868036210536957,-0.049476757645606995,0.0120600126683712,0.057469528168439865,-0.11149933189153673,0.323598176240921,-0.728041410446167,1.3143372535705566,-0.09177651256322861,-0.09393472224473952,0.0798371285200119,0.046566404402256005,-0.2611617147922516,0.4272794723510742,1.146561622619629,0.09476474672555923,-0.006267786491662264,-0.18713164329528809
0.002855222672224045,0.05584324523806572,0.7864648103713989,0.994682490825653,-0.0022882232442498207,0.013076914474368095,0.10213027894496916,-0.06876716017723083,0.1390748620033264,0.14380741119384763,0.2857401967048645,-0.20168800652027127,-0.15786665678024292,0.0158346276730299,-0.0804174393415451,-0.030414093285799023,0.1350317150354385,-0.17053855955600739,0.09908650815486911,-0.05351323634386063,0.011639012023806572,0.05687368288636208,-0.11089512705802916,0.32735258340835566,-0.7259265184402467,1.3159000873565672,-0.09525725245475768,-0.09427779912948608,0.08323150128126144,0.053163878619670875,-0.2628069221973419,0.3979993760585785,1.1447409391403198,0.10828013718128204,-0.010093512013554571,-0.19664594531059265
0.0032491311430931087,0.056047026067972176,0.7863498330116272,0.9946600794792176,-0.002404574304819107,0.012995155528187752,0.10235524922609328,-0.06959614902734756,0.13932469487190247,0.14316429197788239,0.2884385585784912,-0.20365656912326807,-0.15786069631576538,0.01671932265162468,-0.08048082888126373,-0.030978959053754807,0.13452324271202087,-0.17117828130722043,0.09970797598361969,-0.05657709389925003,0.011456492356956003,0.056603871285915375,-0.11089830845594406,0.3299311101436615,-0.7242620587348939,1.3184773921966553,-0.09905790537595749,-0.0950351133942604,0.0862952396273613,0.060577459633350365,-0.2636292576789856,0.37777221202850336,1.1436824798583984,0.11627613008022308,-0.012713631615042686,-0.20126022398471832
0.003595422953367233,0.05639998614788056,0.7861753702163696,0.9946368932724,-0.002420254051685333,0.012770657427608967,0.1026083528995514,-0.06962209194898605,0.13940612971782684,0.14298999309539795,0.29041263461112976,-0.2056671679019928,-0.15737327933311462,0.017919352278113365,-0.08084581792354582,-0.031672295182943344,0.1342112421989441,-0.17210188508033752,0.10044667124748229,-0.05836101993918418,0.011586274951696396,0.05689633637666702,-0.11167775094509123,0.3308496177196502,-0.7228815555572509,1.3215975761413574,-0.1042078286409378,-0.09616121649742126,0.08857133984565735,0.06753535568714142,-0.2636667191982269,0.3675210177898407,1.1448993682861328,0.1185937225818634,-0.01346839964389801,-0.200735405087471
0.003909651190042496,0.05688735842704773,0.7859824895858765,0.9946287274360656,-0.002293617464601993,0.012415436096489428,0.1027337908744812,-0.0689055547118187,0.1392231285572052,0.14330452680587769,0.29193297028541565,-0.20738469064235687,-0.15645261108875275,0.019254835322499275,-0.08161893486976622,-0.03240243345499039,0.13425821065902707,-0.17306865751743317,0.1013433039188385,-0.05888601019978523,0.011981506831943989,0.05787908285856247,-0.1131201833486557,0.33000117540359497,-0.7225329279899597,1.3248780965805051,-0.108918696641922,-0.0973922461271286,0.08972380310297011,0.07317914068698883,-0.2628040909767151,0.3671391010284424,1.1494810581207275,0.1168677881360054,-0.012499376200139523,-0.19624532759189603
0.00413692370057106,0.05744139105081558,0.7858334779739379,0.9946461915969848,-0.0020105289295315742,0.011931516230106352,0.10262835025787352,-0.06753053516149521,0.13874389231204987,0.14420172572135925,0.2933681011199951,-0.20870317518711087,-0.15528030693531036,0.020725546404719353,-0.08267173171043397,-0.032681647688150406,0.134596049785614,-0.1739094704389572,0.10244179517030716,-0.05802330374717712,0.01269146241247654,0.05951116234064102,-0.11489030718803404,0.32734546065330505,-0.7225952744483948,1.3278687000274658,-0.1130954623222351,-0.09876205772161485,0.0896696224808693,0.07669315487146378,-0.2611713409423828,0.37722799181938166,1.157203197479248,0.1083897203207016,-0.009052524343132973,-0.18857939541339877
0.004281565546989441,0.05790120735764504,0.7857652902603148,0.9946933388710021,-0.0016605907585471869,0.011395985260605812,0.10223794728517532,-0.06572321802377701,0.13807182013988495,0.14551247656345367,0.2943853735923767,-0.20942382514476776,-0.15428079664707184,0.02221144735813141,-0.08368064463138579,-0.032318711280822754,0.1350012868642807,-0.17420673370361328,0.10373981297016144,-0.05578391253948212,0.01386155467480421,0.06137847900390625,-0.11645096540451048,0.322976678609848,-0.7227322459220886,1.3304224014282227,-0.11645571142435072,-0.09963048994541168,0.0879506766796112,0.07797674089670181,-0.2591422498226166,0.39572659134864807,1.1658713817596436,0.09216391295194624,-0.0038993896450847383,-0.17865407466888428
0.00427640974521637,0.05826964229345322,0.7857438325881958,0.9947502613067627,-0.0013008652022108436,0.010935820639133452,0.10173810273408888,-0.06383273005485535,0.1372077316045761,0.146644189953804,0.29445910453796387,-0.2094058990478516,-0.15365071594715118,0.023446796461939808,-0.08457569032907486,-0.031493183225393295,0.13531401753425598,-0.1739891618490219,0.10496163368225096,-0.05274634435772896,0.015404721722006796,0.06306527554988861,-0.11764729768037796,0.31734761595726013,-0.7223902344703673,1.332392692565918,-0.11908039450645445,-0.10006087273359297,0.08534211665391923,0.07696793228387833,-0.2573271989822388,0.41958346962928766,1.1725252866744995,0.07079434394836426,0.00142945465631783,-0.16807511448860168
0.004235617816448212,0.05855331942439079,0.7857102155685424,0.9947941303253172,-0.0009288567816838622,0.010610227473080158,0.10134684294462204,-0.0621974803507328,0.136024072766304,0.14711710810661316,0.2938263416290283,-0.2089402824640274,-0.15321889519691467,0.024107106029987332,-0.08543670177459715,-0.030717095360159877,0.1357712596654892,-0.17401401698589325,0.10575897246599196,-0.04958989843726158,0.01707594469189644,0.0642775148153305,-0.1181473359465599,0.3112328350543976,-0.7219185829162597,1.3338576555252075,-0.12103452533483504,-0.10028489679098128,0.081960029900074,0.07446964830160142,-0.2562938630580902,0.4431656301021576,1.174312710762024,0.05056442692875862,0.004887909162789583,-0.1593802124261856
0.0042584389448165885,0.05884336680173874,0.7856980562210083,0.9948041439056396,-0.0005669535021297634,0.0104136960580945,0.10127202421426772,-0.06083947792649269,0.13463366031646729,0.14689737558364868,0.29245224595069885,-0.20797809958457944,-0.15298791229724884,0.0243103951215744,-0.08628583699464798,-0.03021518513560295,0.13637876510620117,-0.17431285977363586,0.10623156279325484,-0.04701579734683037,0.018718698993325237,0.06505604833364487,-0.11795371770858765,0.30532360076904297,-0.7207713723182678,1.3348619937896729,-0.12116844952106476,-0.10061359405517578,0.0779402032494545,0.07081214338541031,-0.25622239708900446,0.4644702076911926,1.1710957288742063,0.0337899811565876,0.006053423974663019,-0.15290535986423492
0.004309721291065216,0.059198856353759766,0.7857231497764587,0.99478542804718,-0.000133017631014809,0.010254732333123684,0.10147297382354736,-0.05968232452869415,0.13305257260799408,0.14643098413944244,0.29056096076965326,-0.20648039877414703,-0.152835875749588,0.02434038184583187,-0.08733769506216049,-0.02994958870112896,0.13723498582839963,-0.17505203187465668,0.10670042783021925,-0.04504770785570145,0.020106906071305275,0.06577193737030029,-0.11710915714502335,0.29993325471878046,-0.719618558883667,1.3354345560073853,-0.11872420459985732,-0.1009089946746826,0.07349977642297743,0.06629645824432373,-0.25720176100730896,0.4836731255054474,1.1641205549240112,0.0211687833070755,0.005244977306574583,-0.14852967858314514
0.004389356821775436,0.05948447436094284,0.7857410311698914,0.994765818119049,0.0003362864663358778,0.01003694161772728,0.10168657451868056,-0.05860981345176697,0.13155239820480347,0.1460842788219452,0.2887266278266907,-0.20477509498596191,-0.1526823043823242,0.02436463721096516,-0.08836128562688828,-0.029511410742998123,0.1384992003440857,-0.1760053038597107,0.10699235647916792,-0.04334999993443489,0.021280163899064064,0.06675602495670319,-0.115345798432827,0.29565963149070734,-0.7180984616279602,1.3355412483215332,-0.11535762250423431,-0.10107700526714324,0.0695251002907753,0.061367977410554886,-0.2590033710002899,0.4997355937957764,1.155763030052185,0.013880698941648006,0.0035034329630434517,-0.14621953666210175
0.004428111016750336,0.059699773788452155,0.7857761979103088,0.9947553873062132,0.0007895715534687041,0.00969793554395437,0.10181862115859984,-0.05759568512439728,0.13032156229019165,0.1459577977657318,0.2875088155269623,-0.2030339986085892,-0.1525251865386963,0.024585139006376263,-0.08932797610759734,-0.028927696868777275,0.13999533653259277,-0.1768527776002884,0.1072445511817932,-0.0418000966310501,0.02235558070242405,0.06802751868963242,-0.11299076676368712,0.29268091917037964,-0.7160657644271851,1.3353134393692017,-0.11160403490066528,-0.1008668467402458,0.065963514149189,0.05645374953746796,-0.2613070607185364,0.5119500756263733,1.1475327014923096,0.010657887905836104,0.0015144695062190294,-0.14585652947425842
0.004481188952922821,0.05982779711484909,0.7858130931854248,0.9947486519813536,0.001213453011587262,0.009222803637385368,0.10192418843507765,-0.05640590190887451,0.12926702201366425,0.14605136215686798,0.2865151166915893,-0.20151494443416595,-0.15230621397495267,0.025057394057512283,-0.09023251384496687,-0.028341287747025486,0.1415298581123352,-0.1777016669511795,0.10738525539636612,-0.04032675549387932,0.023341331630945206,0.06955650448799133,-0.11045823991298676,0.29066309332847595,-0.7137311100959778,1.3350989818572998,-0.10891220718622208,-0.10011181980371477,0.06260962784290314,0.051770690828561776,-0.2638828158378601,0.5205670595169067,1.1400578022003172,0.01077434793114662,-0.000418306706706062,-0.1466725617647171
0.004587002098560332,0.059943728148937225,0.7858140468597411,0.9947328567504883,0.0015173191204667091,0.008688762784004211,0.10212154686450958,-0.05555387586355209,0.128545343875885,0.14610490202903748,0.28627786040306086,-0.2005777806043625,-0.15195561945438385,0.025483822450041767,-0.09090856462717056,-0.027972497045993805,0.14301270246505737,-0.17867229878902435,0.10725906491279602,-0.03895789012312889,0.024282954633235928,0.07117265462875366,-0.10815148055553436,0.2894432842731476,-0.7120308876037598,1.335224151611328,-0.1074676364660263,-0.09916942566633224,0.06019335985183716,0.047809310257434845,-0.2662818431854248,0.5255957245826721,1.1339315176010132,0.0126548670232296,-0.0018781308317556975,-0.14825782179832458
0.004637278616428375,0.06005043536424637,0.7857504487037658,0.9946901798248291,0.0016952934674918652,0.008085668087005615,0.10258251428604125,-0.05505692213773728,0.12806348502635956,0.1456983387470245,0.28657522797584534,-0.20039789378643036,-0.151586651802063,0.026077808812260628,-0.09150386601686476,-0.02825970388948917,0.14438405632972717,-0.17991475760936737,0.10689788311719894,-0.037889115512371056,0.02512716129422188,0.07273004204034805,-0.10615161061286926,0.28892582654953,-0.7109702825546265,1.3354660272598267,-0.1074639782309532,-0.09827337414026259,0.058572325855493546,0.044739242643117905,-0.26863092184066767,0.5281155109405518,1.128813862800598,0.01525247935205698,-0.002864840906113386,-0.15004295110702515
0.004618201404809952,0.060138512402772897,0.7856339216232301,0.9946328401565552,0.0017504184506833551,0.0074432934634387484,0.10318445414304732,-0.05465429648756981,0.1277753114700317,0.14479590952396393,0.28739476203918457,-0.2010595053434372,-0.15090519189834595,0.02703930251300335,-0.09197400510311127,-0.029032625257968903,0.1452789157629013,-0.18113312125205996,0.10654032975435256,-0.03709337115287781,0.02584664523601532,0.07419202476739883,-0.10461939126253128,0.2887490391731262,-0.710421621799469,1.3360671997070312,-0.1090053543448448,-0.09785858541727066,0.05784394592046738,0.04248744249343872,-0.27080968022346497,0.5296106934547424,1.1245839595794676,0.016967354342341423,-0.003415000857785344,-0.1515543907880783
0.004585791379213333,0.06016241759061813,0.7855514287948608,0.9945778250694275,0.0017727218801155686,0.006887796800583601,0.10375119745731352,-0.05415056273341178,0.12754613161087036,0.14375238120555875,0.28798341751098633,-0.2018285095691681,-0.15018050372600555,0.02820281311869621,-0.09232132881879807,-0.029842834919691082,0.14569438993930817,-0.18220092356204984,0.10640837252140044,-0.0364592783153057,0.026361966505646706,0.0754399448633194,-0.10330119729042052,0.2886107861995697,-0.710175633430481,1.336859941482544,-0.11092419922351836,-0.09786820411682129,0.05725489184260368,0.04051045328378677,-0.2724977731704712,0.5306665897369385,1.121377944946289,0.017649482935667034,-0.0035662385635077958,-0.15245424211025238
0.004575569182634354,0.060180209577083595,0.7855162620544434,0.9945469498634337,0.0017720634350553155,0.00639827735722065,0.104078508913517,-0.05333508923649788,0.12744705379009247,0.14299726486206055,0.28814861178398127,-0.20242273807525635,-0.14957036077976227,0.029412146657705307,-0.09248871356248856,-0.03035195544362068,0.14581289887428284,-0.18270002305507657,0.10654423385858536,-0.03583903983235359,0.02689286321401596,0.07661869376897812,-0.102114699780941,0.288377046585083,-0.7098448872566223,1.3375393152236938,-0.11241357773542404,-0.09836342185735703,0.05675655603408813,0.038270119577646255,-0.2736039459705353,0.5322754383087158,1.1197457313537595,0.017755120992660522,-0.0031876638531684875,-0.15251821279525757
0.00463886559009552,0.06028108298778534,0.785541832447052,0.9945368170738221,0.001792696537449956,0.006046874914318323,0.10419613122940063,-0.05250760167837143,0.12731069326400757,0.14250163733959198,0.287605881690979,-0.20227406919002527,-0.14909668266773224,0.030261456966400143,-0.0927424058318138,-0.030708478763699528,0.14590390026569366,-0.1828319281339645,0.1068734899163246,-0.03534340113401413,0.02740255370736122,0.07751044631004332,-0.10120950639247894,0.2881041467189789,-0.7089278101921082,1.3378840684890747,-0.11333045363426208,-0.0986926853656769,0.05653421580791473,0.03592914715409279,-0.2739951014518738,0.5343053936958313,1.1194541454315183,0.017702825367450714,-0.002479976043105125,-0.15216535329818723
0.004696901887655257,0.06049507111310959,0.785596191883087,0.9945464730262755,0.0018191288691014047,0.00578947551548481,0.1041177362203598,-0.05163655430078506,0.12716472148895264,0.14254970848560333,0.28648462891578674,-0.20158050954341888,-0.1487644612789154,0.030543934553861615,-0.09294891357421875,-0.030523471534252167,0.1460580676794052,-0.1826724857091904,0.10705331712961196,-0.034924980252981186,0.0279016625136137,0.07826980948448181,-0.10036922991275787,0.28775569796562195,-0.7086353898048401,1.337951421737671,-0.11405505239963531,-0.09862234443426131,0.05623253807425498,0.033835116773843765,-0.27372202277183527,0.5372428894042969,1.1196938753128052,0.017236705869436264,-0.001621460891328752,-0.151375874876976
0.004699207842350006,0.06084751337766647,0.7856571078300477,0.9945630431175234,0.0018558119190856812,0.00564901065081358,0.10396651923656464,-0.05084163323044777,0.1268807053565979,0.142740860581398,0.28472569584846497,-0.20068104565143585,-0.14847172796726227,0.030148146674036976,-0.09309071302413939,-0.029636722058057785,0.14639577269554138,-0.18236032128334043,0.10722658038139345,-0.03463097661733627,0.028344670310616493,0.07878520339727402,-0.09953001886606216,0.28743943572044367,-0.7077301144599915,1.337763786315918,-0.11519180983304976,-0.09813860803842545,0.05526772141456604,0.03218182548880577,-0.2729255259037018,0.5402024388313292,1.1201035976409912,0.01569073460996151,-0.0006821379065513611,-0.1501673012971878
0.004662804305553436,0.06126870959997177,0.7857096791267395,0.99457848072052,0.0019175844499841328,0.00564594054594636,0.10381698608398436,-0.05036121234297752,0.12635059654712677,0.14272268116474152,0.2828614115715027,-0.1997497230768204,-0.14810116589069366,0.02913470938801765,-0.09328231960535048,-0.028508694842457768,0.14694522321224213,-0.182126447558403,0.10727709531784056,-0.034389086067676544,0.028667259961366653,0.07900863140821457,-0.0990324020385742,0.28729510307312006,-0.7066556811332704,1.3379207849502563,-0.1163078397512436,-0.0976315587759018,0.054052066057920456,0.0310271829366684,-0.2715929746627808,0.5422449707984924,1.1207228899002075,0.013608910143375397,0.00013082836812827736,-0.1489545851945877
0.004624068737030028,0.06168060377240181,0.7857582569122313,0.9945892095565795,0.001977580366656184,0.005674881394952536,0.10371196269989012,-0.05017783120274544,0.12560266256332395,0.14212870597839355,0.2810804843902588,-0.19895540177822116,-0.14785626530647275,0.02813544310629368,-0.0935862585902214,-0.027759648859500885,0.14721934497356415,-0.18192315101623532,0.10720551013946532,-0.03442692756652832,0.028790656477212902,0.07918275147676467,-0.09906353801488876,0.287241131067276,-0.7054153084754944,1.338297963142395,-0.11694781482219696,-0.09730565547943117,0.052645664662122726,0.03014070726931095,-0.2696513235569,0.5436908006668091,1.1214854717254639,0.011214907281100748,0.0006510367966257036,-0.14766323566436768
0.004597339779138565,0.062039680778980255,0.7857822775840758,0.9945950508117677,0.0019945062231272455,0.005695404950529337,0.10365421324968338,-0.04991905391216278,0.12493152171373367,0.14169538021087646,0.27944374084472656,-0.1985168308019638,-0.14762291312217712,0.027308281511068344,-0.09382535517215727,-0.02732863090932369,0.1475313305854797,-0.1818181872367859,0.10718879848718645,-0.034665271639823914,0.02874559536576271,0.07932195067405699,-0.09959695488214493,0.2873891294002533,-0.7045684456825256,1.3390133380889893,-0.11751986294984816,-0.09724896401166916,0.05166128650307655,0.029392914846539497,-0.26727771759033203,0.5447805523872375,1.1222926378250122,0.009454914368689058,0.0009233088931068778,-0.1468951106071472
0.004451163113117218,0.06231788545846939,0.7857909798622131,0.994598150253296,0.001990321557968855,0.005707103293389082,0.10362427681684494,-0.04969355091452599,0.12450268119573592,0.1415051370859146,0.27784416079521174,-0.19813098013401031,-0.1475343555212021,0.02681667730212212,-0.09389477968215942,-0.02699331380426884,0.1476588398218155,-0.18177466094493863,0.10736596584320068,-0.035063426941633224,0.028486505150794983,0.07950117439031601,-0.10011318325996398,0.28758665919303894,-0.7042850852012633,1.3394659757614136,-0.11791850626468658,-0.09712591767311096,0.05094275623559952,0.028902022168040276,-0.2648606300354004,0.5462949872016907,1.1228529214859009,0.008622135035693645,0.0008167517371475695,-0.14637772738933563
0.004121903330087662,0.06254476308822632,0.785787045955658,0.9946109056472777,0.001930053113028407,0.0057661691680550575,0.10349930822849272,-0.04949412494897842,0.12435591220855712,0.14172883331775665,0.2759459614753723,-0.1977842003107071,-0.14764535427093503,0.02625451795756817,-0.09359166771173476,-0.026122640818357468,0.1476803421974182,-0.18156662583351132,0.10746996849775314,-0.03568820282816887,0.028164414688944817,0.07954218983650206,-0.10024513304233552,0.2876489758491516,-0.7039132118225098,1.3392982482910156,-0.118643119931221,-0.0964527428150177,0.05062472075223923,0.02840961143374443,-0.2625085413455963,0.548545241355896,1.1236371994018555,0.008227207697927952,0.0007567901047877966,-0.14588291943073273
0.0037448592483997345,0.06274521350860596,0.7857680320739746,0.9946383237838744,0.001864331657998264,0.005880394019186497,0.10323047637939452,-0.049506526440382,0.12434971332550047,0.1421755999326706,0.2738969027996063,-0.19728183746337888,-0.1476774513721466,0.02539986558258533,-0.09321682155132291,-0.024881262332201004,0.1476978063583374,-0.18115834891796112,0.10771603882312775,-0.03631934523582458,0.02765635959804058,0.07967257499694824,-0.10033071041107176,0.2876255214214325,-0.7036422491073608,1.338275671005249,-0.11899393051862717,-0.09521403163671491,0.050260741263628006,0.028060846030712128,-0.26040446758270264,0.5511929988861084,1.1242871284484863,0.008035226725041866,0.0007754846592433751,-0.14511050283908844
0.0034161433577537537,0.06295966356992722,0.7857820987701416,0.9946690797805786,0.0018050137441605327,0.006110674235969782,0.1029214933514595,-0.05002198740839958,0.12424229830503464,0.1424381136894226,0.27196669578552246,-0.19672651588916776,-0.1472715586423874,0.024098671972751617,-0.09291908890008926,-0.023727672174572945,0.1475040465593338,-0.18036326766014096,0.10780329257249832,-0.03711562231183052,0.027018429711461067,0.07977453619241713,-0.10067936033010481,0.28771427273750305,-0.7030734419822693,1.33642578125,-0.11901966482400894,-0.09356535971164703,0.04957119375467301,0.02751101367175579,-0.25858840346336365,0.5534360408782959,1.1251341104507446,0.007843743078410625,0.001078194356523454,-0.1440998613834381
0.0031562596559524536,0.06314040720462799,0.7858467102050781,0.9946934580802915,0.0017293384298682213,0.006357028614729642,0.10267208516597748,-0.05073443427681922,0.12404193729162216,0.14212648570537567,0.2703897058963776,-0.1959642171859741,-0.14675298333168027,0.022604444995522496,-0.09253011643886566,-0.02277286723256111,0.14716985821723935,-0.17915651202201843,0.10763492435216904,-0.03792193531990051,0.026374679058790207,0.07992224395275117,-0.10151080042123795,0.2880111336708069,-0.703417956829071,1.3340851068496704,-0.11781761050224304,-0.09198419004678726,0.04806945100426674,0.027118019759655,-0.25702205300331116,0.5546555519104004,1.1263437271118164,0.007474631071090697,0.001192176714539528,-0.14287014305591583
0.002988062798976898,0.06322064250707625,0.7859553098678589,0.9947196841239928,0.001623154617846012,0.0066460398957133284,0.102401003241539,-0.05173813551664352,0.1239384114742279,0.1417357176542282,0.2692123055458069,-0.1952222436666489,-0.14623235166072843,0.020640408620238304,-0.09203409403562544,-0.022090913727879524,0.1470832526683807,-0.1778254210948944,0.10708799213171004,-0.0386481024324894,0.025764476507902145,0.08007593452930449,-0.10252431035041808,0.28881034255027765,-0.7039481997489929,1.3312299251556396,-0.11565452069044112,-0.09063065797090529,0.04606950283050537,0.02677605114877224,-0.2559950053691864,0.5543148517608643,1.1276310682296753,0.007242752239108085,0.0010012028506025672,-0.14225174486637115
0.0028644688427448273,0.0631377249956131,0.7860708832740783,0.9947505593299864,0.0015335254138335583,0.006856371648609638,0.10208822786808013,-0.05273885652422905,0.12402942776679993,0.14190968871116638,0.2684508264064789,-0.19449076056480408,-0.14574535191059113,0.01838952861726284,-0.09144427627325058,-0.021598180755972866,0.14768511056900024,-0.1767061948776245,0.10643684864044188,-0.03920163214206696,0.02504607103765011,0.08052049577236174,-0.10362663120031355,0.2903940677642822,-0.7052920460700989,1.3277857303619385,-0.11324676871299744,-0.08958156406879425,0.04378769546747208,0.026520069688558575,-0.25596606731414795,0.5529741644859314,1.1285330057144165,0.008581379428505898,0.0003831363283097744,-0.14323164522647855
0.002630621194839477,0.06304468214511871,0.786171555519104,0.9947932958602904,0.0014725911896675823,0.007080929353833199,0.10165605694055556,-0.05354289337992668,0.12442750483751296,0.14308567345142365,0.26748624444007874,-0.19315923750400543,-0.14538712799549103,0.015936927869915962,-0.09071148186922072,-0.0206401702016592,0.1483803540468216,-0.17548838257789612,0.106225848197937,-0.039519455283880234,0.02411404252052307,0.08118695765733719,-0.10491373389959335,0.292428582906723,-0.7066743969917296,1.3239647150039673,-0.1105620190501213,-0.08937714248895645,0.04241994395852089,0.026655819267034527,-0.25685879588127136,0.5525557994842529,1.1286078691482544,0.01055951602756977,0.00024513673270121217,-0.14491252601146698
0.002128414809703827,0.06292811781167984,0.7862853407859801,0.99485182762146,0.00142849946860224,0.007411973085254431,0.10105860233306883,-0.054327555000782006,0.12504324316978455,0.1446453034877777,0.26591116189956665,-0.19108867645263672,-0.14507460594177246,0.013444897718727589,-0.08980605751276016,-0.018761776387691494,0.1488472670316696,-0.17400431632995603,0.10636958479881287,-0.039601676166057594,0.02291489765048027,0.08191082626581192,-0.10622769594192503,0.29432347416877747,-0.7077935934066772,1.3203084468841553,-0.10903860628604888,-0.08962798863649368,0.04220953211188316,0.027558045461773872,-0.2582739293575287,0.5533104538917542,1.1281070709228516,0.015194880776107311,0.0005671124090440571,-0.14613664150238037
