0.02576441876590252,-0.027567025274038315,0.7834261655807494,0.9998088479042051,0.00685553066432476,-0.01829983666539192,0.000608125701546669,0.019271291792392727,0.01781848631799221,0.11335804313421248,0.1838642656803131,-0.18097858130931851,-0.04488182067871094,0.13749103248119354,-0.07470886409282684,-0.4416058957576752,0.11652256548404692,-0.21248582005500796,0.06388750672340393,-0.01809726469218731,-0.03469334542751312,0.12386325746774672,0.06648732721805573,0.3235462009906769,-0.5202592611312865,1.0449039936065672,0.23587694764137268,-0.02833511866629124,0.1319664567708969,0.054583221673965454,-0.3058752119541168,0.7173762321472168,0.9277740716934205,-0.1824154555797577,-0.005054360721260309,-0.05492384359240532
0.0244524460285902,-0.026695650070905685,0.7832023501396179,0.999834656715393,0.005727322772145271,-0.017253883183002472,-0.00039718893822282553,0.006558142602443695,0.021455068141222,0.11640357971191406,0.20153690874576569,-0.1895800232887268,-0.04420823231339455,0.13275383412837982,-0.07394339144229889,-0.43924620747566223,0.11974957585334776,-0.21208207309246063,0.06554065644741057,-0.017429037019610405,-0.033117979764938354,0.12584634125232697,0.06966414302587509,0.3236680924892425,-0.50485759973526,1.0372648239135742,0.23219409584999084,-0.028991810977458957,0.13523319363594055,0.05904290825128555,-0.3067695498466492,0.7064036726951599,0.9223650693893432,-0.17676156759262085,-0.005274563562124968,-0.05834636464715004
0.02289961278438568,-0.02549106068909168,0.7827653884887694,0.9998606443405152,0.0037716771475970745,-0.016183363273739815,-0.001606421428732574,-0.011372224427759647,0.026398129761219025,0.11808931827545166,0.2296781539916992,-0.20170265436172485,-0.041296560317277915,0.1256800889968872,-0.07262106984853745,-0.43683609366416926,0.1257958859205246,-0.21197058260440824,0.06637773662805557,-0.01863049156963825,-0.029736049473285675,0.13038930296897888,0.07601528614759445,0.3212319910526276,-0.47745686769485474,1.026242971420288,0.2263231575489044,-0.032701004296541214,0.1441674828529358,0.06533858180046082,-0.3059408962726593,0.6884738206863403,0.9170923829078673,-0.16362394392490387,-0.005723326466977596,-0.06544848531484604
0.021068766713142395,-0.023769836872816082,0.7823405265808105,0.999883234500885,0.001027926686219871,-0.0147585142403841,-0.0038296666461974382,-0.0322989784181118,0.032934393733739846,0.12069223821163176,0.26227372884750366,-0.21622540056705475,-0.03719398006796837,0.11439819633960724,-0.07091941684484482,-0.43252962827682495,0.13609269261360168,-0.21205607056617737,0.06612906605005264,-0.02088936232030392,-0.025071848183870316,0.13598857820034027,0.08531749993562697,0.31622090935707087,-0.44006010890007013,1.0135706663131712,0.21513982117176053,-0.0369693711400032,0.1588786095380783,0.07343804836273193,-0.3024889528751373,0.6655995845794678,0.9130640625953673,-0.14699043333530426,-0.0076890396885573855,-0.07422960549592973
0.01903443783521652,-0.02182537503540516,0.781952977180481,0.999893605709076,-0.0021079934667795897,-0.012734831310808659,-0.006789966952055693,-0.054754849523305886,0.03983324393630028,0.12321692705154418,0.29482516646385193,-0.23052644729614255,-0.03196355700492859,0.09850064665079117,-0.06953795254230499,-0.4263742864131928,0.1514119654893875,-0.21369868516922,0.06529313325881958,-0.02472778409719467,-0.02005297876894474,0.14196306467056274,0.09349981695413587,0.31000572443008423,-0.40449756383895874,1.0017515420913696,0.19963178038597104,-0.04158841446042061,0.1755177229642868,0.08269006013870238,-0.2963513433933258,0.6401610970497131,0.9103141427040099,-0.12844346463680267,-0.011405145749449728,-0.0825742557644844
0.016726791858673096,-0.019432935863733288,0.7814854383468629,0.9998841285705566,-0.005422587972134352,-0.010119815357029438,-0.009993047453463076,-0.07800349593162537,0.04600278660655022,0.12430201470851898,0.3254551291465759,-0.24356552958488464,-0.0261104516685009,0.0785907506942749,-0.06917649507522583,-0.42043867707252497,0.17177192866802216,-0.21812494099140167,0.06432162970304489,-0.03220763057470322,-0.015487427823245524,0.149037703871727,0.09812784194946288,0.30559685826301575,-0.38097578287124634,0.9898681640625,0.1863059252500534,-0.04616031423211098,0.1892792135477066,0.09377958625555038,-0.28741592168807983,0.6098341941833496,0.9085769653320312,-0.10796714574098588,-0.01660791225731373,-0.09082905203104019
0.0142573993653059,-0.016683826223015785,0.7808929681777954,0.9998518824577332,-0.008596890605986118,-0.007090803701430559,-0.013114115223288536,-0.10051434487104416,0.05098079517483711,0.12497738748788832,0.35119906067848206,-0.25443363189697266,-0.02073064260184765,0.05545925721526146,-0.07038849592208862,-0.4158387184143066,0.1964537352323532,-0.22525161504745483,0.06292744725942612,-0.0443330816924572,-0.012129412963986397,0.1576632708311081,0.09808872640132904,0.30596888065338135,-0.3755734860897064,0.9765544533729552,0.180459126830101,-0.05144082009792328,0.19918949902057648,0.10627226531505583,-0.2760926485061645,0.5728588700294496,0.9084969758987426,-0.08242440223693846,-0.024169061332941052,-0.09963165968656543
0.011635126546025276,-0.01357869990170002,0.7801400423049927,0.9998056292533873,-0.011079322546720505,-0.0039594992995262155,-0.01582259126007557,-0.1214149221777916,0.05400541797280312,0.12738841772079468,0.371162474155426,-0.2624498307704925,-0.016565527766942974,0.030133269727230072,-0.07459744811058044,-0.41197875142097473,0.22538384795188904,-0.2341901808977127,0.06128532439470291,-0.061949975788593285,-0.011250879615545273,0.16850338876247406,0.09346546977758408,0.31292685866355896,-0.3907285630702973,0.9617518186569213,0.18196940422058103,-0.05931945517659187,0.2060764580965042,0.12033874541521072,-0.2631730139255524,0.5280150175094604,0.9115953445434569,-0.04657208919525146,-0.034453704953193665,-0.10930301994085312
0.008616484701633453,-0.009928261861205101,0.7793682813644409,0.9997639060020447,-0.011934337206184864,-0.0014674027916043997,-0.01809849217534065,-0.13795794546604156,0.0528988279402256,0.13235260546207428,0.38350158929824824,-0.265965074300766,-0.012576043605804443,0.004355716053396463,-0.08380649238824844,-0.4075160622596741,0.2583628296852112,-0.24395698308944705,0.059816021472215646,-0.08387426286935806,-0.014538748189806938,0.18192876875400543,0.08434657752513884,0.3267027735710144,-0.4220231175422669,0.9483503699302672,0.1898647099733353,-0.07006841152906418,0.20815521478652957,0.13552318513393402,-0.250772625207901,0.4787284433841705,0.9182515740394592,0.00012524257181212306,-0.046100329607725136,-0.11842556297779085
0.0058544292114675045,-0.006028008647263049,0.7787672281265258,0.999724805355072,-0.010806543752551079,8.709328540135176e-05,-0.020821709185838696,-0.14709430932998657,0.04699260741472244,0.14124435186386108,0.38504025340080256,-0.26399788260459894,-0.008687836118042469,-0.020667579025030136,-0.0979236662387848,-0.40022051334381104,0.2931880056858063,-0.2522949278354645,0.05881677195429802,-0.1074451133608818,-0.0217890739440918,0.1966487020254135,0.07175013422966003,0.34557926654815674,-0.4573957622051239,0.9386233687400816,0.20052622258663175,-0.08038582652807236,0.20485977828502652,0.15174584090709686,-0.24270212650299072,0.4313713312149048,0.9251679778099059,0.04894155263900757,-0.056452114135026925,-0.12521107494831085
0.0031466116197407246,-0.0017532277852296827,0.7785732150077821,0.9996440410614013,-0.008619101718068121,0.0008979086996987462,-0.02523184940218925,-0.14885619282722473,0.03927167132496834,0.1559576839208603,0.3767790794372559,-0.2580049335956573,-0.004619073122739792,-0.043958909809589386,-0.11300458759069441,-0.38761183619499207,0.32449522614479065,-0.256303995847702,0.05780427157878876,-0.1302334815263748,-0.030273254960775372,0.2112474590539932,0.058890145272016525,0.3673094511032104,-0.4854322671890258,0.9314300417900083,0.20815281569957733,-0.08776187151670456,0.1992569714784622,0.1692449152469635,-0.24266362190246585,0.389988899230957,0.9279547333717345,0.08985276520252228,-0.06451333314180374,-0.12934331595897675
0.00044787523802369833,0.0028122123330831528,0.778991460800171,0.9994496703147888,-0.0073595261201262465,0.001529177534393966,-0.03230796381831169,-0.14588655531406403,0.03507387638092041,0.17636291682720184,0.36251118779182434,-0.24953176081180567,-0.00031220156233757734,-0.06336067616939545,-0.12175624072551729,-0.36923915147781367,0.34250473976135254,-0.25155824422836304,0.054013609886169434,-0.1515846699476242,-0.035560376942157745,0.22527743875980377,0.05144264176487923,0.39128333330154413,-0.498024582862854,0.9225469827651976,0.21032936871051788,-0.09370659291744232,0.19612114131450653,0.18793976306915283,-0.25306808948516846,0.35212957859039307,0.9231913089752195,0.11663726717233656,-0.06981031596660614,-0.13143274188041687
-0.002195035805925727,0.00738477986305952,0.7802159190177916,0.9990586042404176,-0.007493324112147091,0.0022627748548984528,-0.04266953095793724,-0.13928405940532684,0.035155221819877625,0.20107364654541013,0.34260940551757807,-0.23625317215919492,0.0075692692771553985,-0.0775761678814888,-0.12098104506731032,-0.3424381613731384,0.3436408042907715,-0.23748435080051425,0.04680195823311806,-0.1703794151544571,-0.03661287575960159,0.2385134845972061,0.05512383952736855,0.41599500179290766,-0.48931470513343805,0.9063048958778381,0.208093985915184,-0.09934083372354509,0.20217670500278473,0.2033907175064087,-0.2739899456501007,0.316301554441452,0.9078603386878968,0.12578342854976654,-0.07293500751256943,-0.13084828853607175
-0.0045498376712203034,0.011785715818405151,0.7818619012832642,0.9983336329460144,-0.008233433589339256,0.0025072975549846888,-0.0570603683590889,-0.1268663853406906,0.036887027323246,0.22930012643337247,0.3178132474422455,-0.2213877886533737,0.019085166975855827,-0.08919233083724974,-0.11324888467788696,-0.30391424894332886,0.33675670623779297,-0.21766969561576843,0.04043695330619812,-0.1848078817129135,-0.035031728446483605,0.25000494718551636,0.07370994985103606,0.44183871150016785,-0.463583618402481,0.879094660282135,0.2028237730264664,-0.1056971400976181,0.2190785109996796,0.2122538238763809,-0.3051360547542572,0.2826377749443054,0.8803332448005676,0.11563214659690856,-0.07453406602144241,-0.13234083354473114
-0.006254217587411404,0.016017653048038483,0.7839561700820922,0.9972690343856813,-0.009331558831036089,0.0010558479698374867,-0.07325457781553267,-0.10649879276752472,0.04157692566514015,0.26347601413726807,0.28941118717193604,-0.20712342858314517,0.027120398357510567,-0.09570006281137465,-0.10226129740476608,-0.2649787366390228,0.33115789294242853,-0.21271930634975436,0.02969997562468052,-0.19359399378299716,-0.030442716553807255,0.2623183727264404,0.10276269167661665,0.4651099443435669,-0.4246348142623901,0.8360036611557008,0.18687276542186737,-0.11294160783290864,0.23294204473495483,0.2123935520648956,-0.3446557819843292,0.250114381313324,0.841825783252716,0.09915126860141754,-0.07955302298069,-0.14008846879005432
-0.007285077590495349,0.020035913214087486,0.7854331135749818,0.995721399784088,-0.008945940993726254,-0.0025120796635746956,-0.09193802624940872,-0.0772406980395317,0.04060056433081626,0.2983249425888061,0.25330013036727905,-0.19339381158351895,0.031016480177640915,-0.10422487556934357,-0.10017114877700804,-0.24163517355918884,0.3732686936855316,-0.24450327455997467,0.009542384184896946,-0.19709067046642303,-0.026765089482069012,0.275612473487854,0.14249998331069946,0.49046432971954346,-0.37706694006919855,0.7820379734039306,0.18307751417160037,-0.12517955899238586,0.24806012213230133,0.2033777981996536,-0.3865676522254944,0.21440798044204712,0.7935963869094848,0.09103015065193176,-0.08241735398769377,-0.15281783044338226
-0.008054438978433609,0.02389081567525864,0.7862717509269713,0.993600845336914,-0.006931700743734837,-0.007087319623678923,-0.11251280456781387,-0.04488680139183998,0.03394486755132675,0.33408758044242853,0.21722616255283356,-0.18142396211624143,0.032531868666410446,-0.11560044437646864,-0.11263445019721983,-0.24897964298725128,0.4563814103603363,-0.30460986495018005,-0.023811956867575645,-0.18959413468837735,-0.024961087852716442,0.28781712055206293,0.1882204562425613,0.5166279673576354,-0.32215747237205505,0.7220100164413453,0.18821804225444796,-0.13792745769023895,0.2639253437519073,0.1862807273864746,-0.427388608455658,0.1788368970155716,0.7380400896072388,0.09209381043910979,-0.08424655348062515,-0.1744251251220703
-0.00903591513633728,0.02711682021617889,0.786450445652008,0.9909298419952391,-0.004272026475518942,-0.01107784267514944,-0.13385483622550964,-0.01832684315741062,0.027587948366999623,0.3728340566158295,0.1923118084669113,-0.17417950928211212,0.03259872645139694,-0.12086659669876099,-0.130905881524086,-0.2836595177650452,0.53706294298172,-0.35312509536743164,-0.06276983767747879,-0.16938361525535583,-0.023178614675998688,0.2965913414955139,0.24079658091068268,0.5447319746017456,-0.2566204071044922,0.6607881188392639,0.19002400338649747,-0.14904168248176575,0.2821929454803467,0.16555875539779663,-0.46367874741554255,0.14237911999225616,0.6758948564529419,0.09419796615839005,-0.08565528690814973,-0.20437934994697568
-0.010528568178415298,0.029515085741877556,0.7857540249824525,0.9876871705055236,-0.001845507533289492,-0.01340642012655735,-0.1558551788330078,-0.0022698689717799425,0.027070693671703335,0.4156423807144165,0.183300256729126,-0.17429539561271667,0.030728077515959736,-0.11449591070413588,-0.1395844668149948,-0.325259268283844,0.5745052695274353,-0.3520103991031647,-0.08637084066867827,-0.1354937106370926,-0.020237188786268238,0.30075287818908686,0.29845583438873285,0.5745140314102173,-0.17499370872974396,0.5967717170715332,0.1822315603494644,-0.15765132009983063,0.2969629764556885,0.14397777616977692,-0.49577727913856506,0.11040811985731123,0.6097658276557921,0.09292058646678925,-0.08614818751811981,-0.23708404600620267
-0.012562077492475508,0.030858257785439488,0.7829575538635254,0.9841824769973754,0.002748072845861316,-0.013452867977321148,-0.17662489414215088,-0.0032773877028375864,0.028643015772104263,0.45560890436172485,0.1916847825050354,-0.18318597972393036,0.02180611900985241,-0.07915671169757843,-0.13575397431850433,-0.37223732471466064,0.5113649368286133,-0.3023628890514374,-0.045412059873342514,-0.09124131500720976,-0.021232085302472115,0.2988961338996887,0.35657873749732966,0.6007297039031982,-0.0748685672879219,0.5259323716163635,0.18106913566589355,-0.16263847053050995,0.3116233944892884,0.11911851167678832,-0.5297448039054872,0.09290334582328796,0.541061282157898,0.07845073938369752,-0.08268879354000092,-0.2753317952156067
-0.015489283949136734,0.03081180527806282,0.7793682217597961,0.9818115234375,0.00987373199313879,-0.012185136787593365,-0.18920917809009552,-0.028547149151563644,0.03485695645213127,0.48264098167419434,0.24236278235912323,-0.2070200741291046,0.010751671157777308,-0.01961735635995865,-0.12048817425966261,-0.40781810879707336,0.3570215702056885,-0.33068764209747314,-0.0050321025773882875,-0.04496640712022781,-0.029362650588154793,0.29223567247390747,0.4048880934715271,0.6337158679962158,0.02616930194199085,0.44699668884277344,0.19215530157089236,-0.1605328619480133,0.3450460433959961,0.10855668783187866,-0.5602160096168518,0.08486457169055937,0.4761139750480652,0.04958205670118332,-0.07544966787099838,-0.31222033500671387
-0.019718483090400692,0.03049115650355816,0.7784661054611206,0.9806581735610962,-0.002222892362624407,-0.008247883059084414,-0.19554203748703,-0.07549889385700227,0.09087768942117692,0.47355693578720087,0.33590009808540344,-0.24421048164367676,-0.01835078932344913,-0.01117610465735197,-0.07765095680952072,-0.4066075086593628,0.3036319315433502,-0.29142773151397705,-0.012386474758386612,-0.00068039377219975,0.0053060357458889484,0.3005806505680084,0.42832961678504944,0.6623970866203308,0.12906210124492645,0.36049830913543696,0.19563002884387967,-0.165298193693161,0.38728037476539606,0.09046600759029388,-0.5958713889122009,0.0847308412194252,0.4312920868396759,0.022830259054899212,-0.07337857782840727,-0.3537739217281341
-0.023880086839199063,0.028632257133722305,0.7780348062515258,0.9814592599868774,-0.01201301347464323,-0.006060883402824402,-0.1911979764699936,-0.11830085515975952,0.12736794352531433,0.43349617719650263,0.40456679463386536,-0.2619737684726715,-0.06183123216032982,-0.003199224360287189,-0.05271552875638008,-0.4305098950862885,0.27666956186294556,-0.2563477456569672,-0.007329164072871208,0.03124111704528332,0.035834066569805145,0.3132927715778351,0.4372726380825042,0.6921266913414001,0.21789830923080444,0.2677017748355865,0.21316835284233093,-0.16668808460235596,0.4353964924812317,0.07989484816789627,-0.633355975151062,0.09406112134456633,0.41884779930114746,-0.0014539201511070132,-0.07505302876234055,-0.3913983404636383
-0.027635050937533375,0.02539365366101265,0.7782636880874634,0.9848780035972595,-0.011589620262384415,-0.0060931914485991,-0.17275357246398923,-0.14779935777187347,0.13715068995952606,0.39734214544296254,0.44706782698631287,-0.25844189524650574,-0.08795412629842758,0.012034258805215359,-0.05022861436009407,-0.46663147211074824,0.253106027841568,-0.24628533422946927,0.0015392336063086987,0.04585817828774452,0.04014215990900993,0.320499449968338,0.4216763377189636,0.7323992252349852,0.27354896068573,0.15754652023315427,0.24272312223911283,-0.1596660315990448,0.46260949969291687,0.09406647086143491,-0.6560691595077515,0.11327117681503296,0.426430344581604,-0.04090171679854393,-0.07124228775501251,-0.4111514091491699
-0.03021284565329552,0.020815499126911163,0.7794767022132874,0.9891977906227114,-0.009192743338644505,-0.006580319721251726,-0.1461501270532608,-0.17560811340808868,0.15178309381008148,0.37619417905807495,0.5053480267524719,-0.25672677159309387,-0.0871361568570137,0.04125497490167618,-0.045857883989810944,-0.5117024183273315,0.21033091843128204,-0.229611337184906,0.007990743964910507,0.04907681047916412,0.036339834332466125,0.3231331706047058,0.38771590590476984,0.7776529788970947,0.2961024940013885,0.030247991904616356,0.2656008005142212,-0.15945731103420255,0.4737025499343872,0.1277315318584442,-0.6602712869644165,0.1327008306980133,0.44786387681961054,-0.07427985221147537,-0.06890745460987091,-0.4237614870071411
-0.031140565872192383,0.015718255192041397,0.780924916267395,0.9930369257926942,-0.006034811493009329,-0.007750587537884712,-0.11739295721054076,-0.1924423724412918,0.15880440175533295,0.35010978579521174,0.5557838678359985,-0.25482904911041254,-0.07907859236001968,0.0754719004034996,-0.04065656661987305,-0.5602811574935913,0.16462290287017822,-0.2115495055913925,0.013636579737067223,0.04565579816699028,0.02725006267428398,0.32304298877716064,0.33638930320739746,0.819144368171692,0.28995493054389954,-0.10015607625246048,0.27551132440567017,-0.15837642550468445,0.4700357913970947,0.16652700304985046,-0.64215087890625,0.15544667840003967,0.48800840973854065,-0.0898926854133606,-0.06921660900115967,-0.43474215269088745
-0.030848862603306767,0.010690057650208471,0.7818317413330078,0.996029794216156,-0.0023346140515059233,-0.00833155494183302,-0.08859886229038239,-0.1989682763814926,0.14915581047534943,0.3127066493034363,0.5886448621749878,-0.2531581521034241,-0.06682609766721725,0.10243085771799088,-0.039081037044525146,-0.6087056994438171,0.13425631821155548,-0.20487447082996368,0.020602401345968246,0.03628167510032654,0.013311383314430712,0.31976592540740967,0.2681998610496521,0.8490356802940368,0.26414144039154047,-0.22015561163425443,0.29166194796562195,-0.14927391707897186,0.4629021883010864,0.1993456929922104,-0.602048397064209,0.18366193771362305,0.5413529872894287,-0.09050707519054413,-0.07119444012641907,-0.4399229884147644
-0.02961177192628384,0.006583336740732193,0.7814183831214904,0.9981424808502195,-0.0002473747590556741,-0.008171282708644867,-0.06037202849984169,-0.19577395915985107,0.12948791682720184,0.2709515988826752,0.5973146557807921,-0.2606741189956665,-0.040725458413362496,0.12109500914812088,-0.038462065160274506,-0.6527877449989319,0.12314461171627045,-0.21367760002613068,0.03209003433585167,0.022222448140382767,-0.0009666293044574559,0.3147280216217041,0.17790280282497406,0.8601003289222717,0.22038209438323972,-0.31790199875831604,0.32911792397499084,-0.14083731174468994,0.4609996378421784,0.22581717371940607,-0.5486508011817932,0.2218046188354492,0.5912424921989441,-0.07763725519180298,-0.07228640466928482,-0.4409999549388885
-0.028066549450159073,0.0034490618854761124,0.7794191241264342,0.9993802309036256,-0.0046771629713475696,-0.007754781749099493,-0.03401833772659302,-0.1765109896659851,0.11176258325576782,0.2217312604188919,0.5449706315994263,-0.27681347727775574,-0.0312822163105011,0.13497222959995267,-0.029466040432453156,-0.7038825750350952,0.12174361199140547,-0.2252873927354813,0.04593302682042122,-0.0016409470699727535,-0.00349133275449276,0.3087954521179199,0.06694132834672928,0.8446489572525024,0.1458510309457779,-0.3804497718811035,0.38728016614913935,-0.12262048572301865,0.47043824195861816,0.24741776287555692,-0.497063010931015,0.2630692422389984,0.6304714679718018,-0.06482408940792084,-0.0785931348800659,-0.4326657056808472
-0.027600031346082687,0.0017125774174928663,0.7762702107429504,0.9998893737792968,-0.010032682679593565,-0.00647357851266861,-0.00886794738471508,-0.15357472002506256,0.09715826064348221,0.17433440685272217,0.468898743391037,-0.2973265051841736,-0.03598422557115555,0.12873999774456024,-0.034290019422769547,-0.7511368989944458,0.15865871310234067,-0.24980901181697843,0.05389133095741272,-0.03378871828317642,-0.005861171055585146,0.30748626589775085,-0.08036492019891738,0.7979800105094909,0.026653043925762177,-0.40533584356307983,0.4602173268795013,-0.10695411264896391,0.48824766278266907,0.2515952587127685,-0.4525817036628723,0.30436208844184875,0.6649390459060669,-0.04454128816723824,-0.08288809657096863,-0.4116727411746978
-0.030164849013090134,0.0021857321262359615,0.7740098237991333,0.9998878240585328,0.0009610907873138784,-0.00658416748046875,0.013415893539786339,-0.1595091074705124,0.05233180150389671,0.14255911111831665,0.4427996277809143,-0.2789646685123444,-0.020438743755221367,0.06730717420578003,-0.12827558815479279,-0.7726753950119017,0.3472553491592407,-0.3215165138244629,0.0696318969130516,-0.06653226912021637,-0.03828693553805351,0.3189225196838379,-0.25993081927299494,0.7259900569915771,-0.1315740942955017,-0.38155543804168707,0.5447770953178406,-0.1000100001692772,0.5261871814727783,0.2286851108074188,-0.41490101814270014,0.3527575135231018,0.6945280432701111,-0.027393622323870655,-0.0890454351902008,-0.37298634648323054
-0.035263944417238235,0.0048082880675792685,0.7715958952903748,0.9995751976966858,0.014240252785384657,-0.009798042476177216,0.023465599864721295,-0.1636289656162262,0.009753900580108164,0.13260038197040555,0.4416184425354004,-0.26653826236724854,-0.00673217186704278,-0.02720278315246105,-0.2508856952190399,-0.732059121131897,0.6029808521270752,-0.3739782869815826,0.07902872562408446,-0.09357121586799619,-0.06768045574426651,0.3439100682735443,-0.4353232681751251,0.63707435131073,-0.2872588634490967,-0.31469932198524475,0.6305167078971863,-0.0972102731466293,0.5693527460098267,0.19120900332927704,-0.39489999413490295,0.40829405188560486,0.714275598526001,-0.005998536013066769,-0.09252938628196716,-0.3255824744701385
-0.041396845132112496,0.007811740040779114,0.7690922021865844,0.9994969367980957,0.01825510151684284,-0.013204926624894142,0.022320967167615887,-0.17552334070205688,-0.0026664184406399727,0.1362764537334442,0.4648400843143463,-0.27163824439048767,-0.005470751784741879,-0.13609302043914795,-0.32585209608078,-0.6456735730171204,0.8198638558387756,-0.37549379467964167,0.08488781750202179,-0.11042497307062148,-0.07326679676771165,0.3711045980453491,-0.6001412868499756,0.551235556602478,-0.4049322009086609,-0.2116146832704544,0.7007312178611755,-0.09564159065485,0.6251615881919861,0.1419108808040619,-0.3935191333293914,0.4614458978176117,0.7192930579185486,0.01475664135068655,-0.0996779128909111,-0.2899063527584076
-0.0469287782907486,0.010042965412139893,0.7664027214050293,0.9995685815811155,0.017857052385807037,-0.01349816657602787,0.019014544785022732,-0.194339856505394,-0.002532334998250008,0.1392468363046646,0.4894612729549408,-0.2792457938194275,-0.005703279748558998,-0.22686505317687988,-0.37451198697090154,-0.5989625453948976,0.9786260724067689,-0.39877331256866455,0.07195256650447845,-0.13066144287586212,-0.07458873093128204,0.3908060491085053,-0.7259433269500732,0.48280775547027593,-0.47910118103027344,-0.09628888964653017,0.7512641549110413,-0.09174732863903043,0.6682783365249634,0.10086668282747269,-0.3957657217979431,0.48780250549316406,0.698991060256958,0.025057286024093628,-0.09963273257017136,-0.2703635394573212
-0.05083456262946129,0.011109320446848868,0.7657082676887512,0.9996302127838135,0.01528021041303873,-0.011116854846477509,0.019553150981664658,-0.21019981801509857,0.0001786451321095228,0.13410770893096924,0.49632769823074335,-0.2761940062046051,-0.005116031970828772,-0.28748488426208496,-0.41139036417007446,-0.5920613408088684,1.0839431285858154,-0.43845316767692566,0.04309386387467384,-0.1631740629673004,-0.07915375381708145,0.398373544216156,-0.7957439422607421,0.42848891019821167,-0.5226714611053467,0.0172102153301239,0.7922033071517944,-0.08464746922254561,0.6896273493766785,0.0836460143327713,-0.39062085747718805,0.47411060333251953,0.63701993227005,0.01723133772611618,-0.08722103387117386,-0.26210856437683105
-0.052621904760599136,0.01118684560060501,0.7678309082984924,0.9996724724769592,0.009593457914888857,-0.0098816966637969,0.02157071605324745,-0.2088836431503296,0.009389317594468592,0.12452731281518936,0.48183792829513544,-0.2632550895214081,-0.00586904538795352,-0.3278495967388153,-0.41364786028862,-0.5772904753684998,1.1332335472106931,-0.4432857930660248,0.027686817571520805,-0.20224097371101377,-0.08191987872123718,0.39474606513977045,-0.8098442554473877,0.3778427541255951,-0.5460099577903748,0.12242081761360168,0.8276308178901672,-0.07740651816129683,0.6947793960571289,0.0926988273859024,-0.3786996603012085,0.4379264712333679,0.5252938866615297,-0.010169485583901404,-0.0724426880478859,-0.2646622657775879
-0.05208316072821617,0.010617876425385475,0.7714754939079284,0.9997544884681699,0.0030907343607395887,-0.010111738927662373,0.019472744315862652,-0.18811309337615967,0.023308405652642247,0.1210816577076912,0.44970816373825073,-0.24791173636913297,-0.008954294957220554,-0.3503795266151428,-0.38556826114654547,-0.5450612902641296,1.1328226327896118,-0.4171026051044464,0.04744679480791092,-0.23791547119617465,-0.07989168167114259,0.3821240663528442,-0.7737761139869691,0.334658145904541,-0.5493291616439819,0.21428351104259488,0.842628002166748,-0.06549729406833649,0.6876387596130371,0.11741332709789276,-0.36844751238822937,0.405702918767929,0.37110671401023854,-0.05785692483186722,-0.06264322251081467,-0.2702276408672333
-0.04923432320356369,0.009317295625805855,0.7756938338279725,0.9998759627342224,-0.002610211493447423,-0.010270815342664719,0.011653406545519829,-0.15824779868125916,0.038928236812353134,0.12703631818294525,0.4073865413665771,-0.23225681483745572,-0.0136348744854331,-0.3460195064544678,-0.3544152081012726,-0.521542489528656,1.1023584604263303,-0.3959589600563049,0.06947710365056992,-0.2640817761421204,-0.07160578668117523,0.3635018169879913,-0.700256884098053,0.304625540971756,-0.5389062166213989,0.3058713972568512,0.8263200521469117,-0.05233131721615791,0.6733129024505615,0.14591895043849945,-0.36667874455451965,0.38578274846076965,0.18889468908309937,-0.12053630501031876,-0.05457082763314247,-0.27064606547355646
-0.04436274245381355,0.007029486820101738,0.7798364758491517,0.9999132752418518,-0.007740328088402749,-0.010514012537896631,-0.001709065749309957,-0.12328729778528212,0.058283548802137375,0.14464938640594482,0.3633550703525543,-0.2206202447414398,-0.019501876085996628,-0.3114810287952423,-0.32364684343338007,-0.5084631443023682,1.0407514572143555,-0.3837334215641022,0.08022584021091461,-0.2765812575817108,-0.056393258273601525,0.34156784415245056,-0.6058785319328308,0.2881750166416168,-0.5229281187057495,0.4156762063503265,0.7836034893989563,-0.04015753045678139,0.6622046828269958,0.16718289256095886,-0.3729210197925568,0.37926498055458074,-0.002953824121505022,-0.18161593377590177,-0.04588544368743896,-0.27420321106910706
-0.038712359964847565,0.0036618802696466446,0.7825847864151002,0.9996942281723022,-0.011146167293190956,-0.01057774294167757,-0.019373752176761627,-0.09078214317560197,0.07880448549985884,0.17469801008701324,0.3324664533138275,-0.2240029573440552,-0.027820633724331852,-0.2559074461460113,-0.2898099720478058,-0.49421924352645874,0.9431060552597044,-0.36936619877815247,0.0828673467040062,-0.2741204798221588,-0.03836321085691452,0.3181178867816925,-0.5018867254257202,0.28671637177467346,-0.5116634368896484,0.5464154481887816,0.7483227849006653,-0.02590738609433174,0.655488133430481,0.16897742450237274,-0.38076105713844294,0.3779659271240234,-0.18614257872104645,-0.23401249945163727,-0.042233292013406754,-0.296499639749527
-0.033579204231500626,-0.00041507743299007416,0.7824472784996032,0.9990657567977904,-0.00996236316859722,-0.00941178109496832,-0.04098512977361679,-0.06842584908008575,0.09332048892974851,0.21708476543426516,0.32624518871307373,-0.2472579330205917,-0.037776704877614975,-0.1907736510038376,-0.2637920677661896,-0.481467068195343,0.8136996626853943,-0.3311505913734436,0.086920365691185,-0.25492653250694275,-0.02552071586251259,0.29377079010009766,-0.39406365156173706,0.2978672683238983,-0.508709728717804,0.6655178070068359,0.7366387248039244,-0.00996808335185051,0.6465518474578857,0.14241707324981687,-0.3844033479690552,0.37216398119926447,-0.338748037815094,-0.2858659625053406,-0.05088210105895996,-0.3443099856376648
-0.02949573285877705,-0.0050362981855869285,0.7789077758789062,0.997798204421997,-0.0038241615984588866,-0.005754995159804821,-0.06596186012029648,-0.06631781160831451,0.1056498736143112,0.2671743631362915,0.3563392162322998,-0.2873963713645935,-0.05091836676001549,-0.11308131366968154,-0.233535498380661,-0.4758826196193695,0.6295396089553833,-0.28541600704193115,0.12284903973340988,-0.21931368112564087,-0.02034580893814564,0.27020499110221863,-0.26903125643730164,0.3238420784473419,-0.49294012784957886,0.7218462824821472,0.7199838757514954,-0.009896988049149512,0.6601362824440001,0.07881087064743043,-0.3829877972602844,0.35495227575302124,-0.44457495212554926,-0.3424111306667328,-0.054529137909412384,-0.4121757745742798
-0.02789783477783203,-0.009686152450740336,0.7720499038696289,0.9956443309783936,0.001354805426672101,-0.002215410117059946,-0.09319634735584259,-0.09011298418045045,0.13083921372890472,0.31983458995819086,0.44338902831077576,-0.34571757912635803,-0.06385450810194016,-0.07074186205863953,-0.20161829888820648,-0.4724245965480805,0.5021312832832336,-0.34709668159484863,0.12285993993282318,-0.1670497953891754,-0.012237685732543468,0.2617727816104889,-0.11215857416391373,0.35768812894821167,-0.4278670251369476,0.6730538606643677,0.6862297654151917,-0.028805933892726895,0.7167990207672119,-0.026572512462735176,-0.3814183473587036,0.31821343302726746,-0.4737749993801117,-0.40574100613594055,-0.05083158984780312,-0.49791845679283137
-0.029305510222911835,-0.012452611699700356,0.7666131854057312,0.992233633995056,-0.013930534943938255,0.0008994094096124173,-0.12360226362943648,-0.14385028183460236,0.21539930999279025,0.3501375913619995,0.5954830646514893,-0.4062850177288056,-0.08944673091173173,-0.07436435669660568,-0.13540400564670563,-0.4372288584709168,0.46331545710563654,-0.35164630413055414,0.08559903502464294,-0.09975965321063997,0.044379465281963355,0.2861388325691223,0.0762229859828949,0.3811355233192444,-0.29667022824287415,0.5099825859069824,0.6258915662765503,-0.07966027408838272,0.7840248346328734,-0.16148197650909424,-0.4084196984767914,0.286967933177948,-0.4019925892353058,-0.4256103038787842,-0.05320412293076515,-0.568728744983673
-0.033694446086883545,-0.014835918322205544,0.7627952098846436,0.9892529845237733,-0.02356028743088245,0.0010475356830284,-0.14429959654808044,-0.2264191061258316,0.29834216833114624,0.3604822754859924,0.8055188059806823,-0.41545745730400085,-0.10154401510953905,-0.10623792558908463,-0.10887642949819563,-0.4138845503330231,0.5034869909286499,-0.35656613111495966,0.05155390128493309,-0.03457491472363472,0.09073204547166824,0.3180485963821411,0.2752804756164551,0.3956002295017242,-0.1470993459224701,0.293383926153183,0.4953359067440033,-0.1490837037563324,0.8354960083961488,-0.2827334403991699,-0.46988645195961,0.2759718596935272,-0.26094922423362726,-0.4115895330905914,-0.06171345338225365,-0.6265588998794556
-0.03882698714733124,-0.018215997144579887,0.7608751654624939,0.9897076487541199,-0.018819829449057576,-0.003173622768372297,-0.1418255865573883,-0.33536118268966675,0.34520161151885986,0.344999760389328,1.0417745113372803,-0.37402668595314026,-0.09370475262403488,-0.12206997722387312,-0.1313457489013672,-0.4269917011260986,0.55671489238739,-0.37889602780342096,0.03108457289636135,0.015348914079368114,0.1039338931441307,0.346714049577713,0.4424382448196411,0.4174289405345917,-0.03458618372678757,0.09896993637084961,0.3615125119686127,-0.2076563984155655,0.8544459939002991,-0.34966567158699036,-0.551292061805725,0.280605286359787,-0.09675607085227966,-0.3841968774795532,-0.07741602510213853,-0.6605117917060852
-0.0425998643040657,-0.022022094577550888,0.7601997256278991,0.992462694644928,-0.008877777494490145,-0.007080998737365008,-0.12201966345310213,-0.4490852355957031,0.3986225128173828,0.35892608761787415,1.2944130897521973,-0.3729859590530396,-0.04203688725829125,-0.12165774405002593,-0.17432725429534912,-0.4683496952056885,0.5974560976028441,-0.40570232272148127,0.01916631869971752,0.05358310788869858,0.1066313311457634,0.36839514970779413,0.584425687789917,0.4531177878379822,0.06183341518044472,-0.0643816590309143,0.26157909631729126,-0.24841542541980743,0.8517708778381348,-0.35994458198547363,-0.6451850533485413,0.28850516676902765,0.06409493088722229,-0.33438870310783386,-0.08735878020524977,-0.6838764548301697
-0.04444286972284317,-0.026209149509668354,0.7604537606239319,0.9955830574035645,-0.0002398323267698288,-0.00964497309178114,-0.09338761121034622,-0.5378445982933044,0.4555355310440064,0.385328084230423,1.5241857767105103,-0.4344491958618164,0.031926244497299194,-0.10462282598018646,-0.21226452291011808,-0.5235661864280701,0.6151843070983887,-0.4239796996116638,0.014627709984779356,0.08696161210536957,0.11435750871896744,0.38192233443260193,0.6991754770278931,0.5017380118370056,0.16472940146923065,-0.19070258736610407,0.20222450792789456,-0.27887117862701416,0.8417165279388428,-0.31435674428939814,-0.7399758100509644,0.29218822717666626,0.2109501510858536,-0.25800228118896484,-0.10125477612018584,-0.7018319964408875
-0.044431492686271674,-0.03085028938949108,0.7625023126602173,0.9980835914611816,0.005887374747544527,-0.011409417726099493,-0.06053348630666733,-0.5900184512138367,0.4737781584262848,0.39584866166114807,1.6816022396087646,-0.510786235332489,0.07619316130876541,-0.06983682513237,-0.235578715801239,-0.5867031216621399,0.6043897867202759,-0.42761871218681335,0.01349937543272972,0.11732086539268492,0.12489410489797592,0.3837944269180298,0.7886977791786195,0.5589331388473511,0.27763259410858154,-0.2793063521385193,0.19354169070720673,-0.300840824842453,0.8406985998153687,-0.21599850058555603,-0.8093997240066528,0.280274361371994,0.3308363258838653,-0.18138587474823,-0.11913958191871644,-0.7157287001609801
-0.04274110123515129,-0.03600671887397766,0.765750527381897,0.9995615482330321,0.01033935323357582,-0.012183266691863537,-0.024927128106355667,-0.6056128740310669,0.459854394197464,0.4005655348300934,1.7571147680282593,-0.5699994564056396,0.0939259976148605,-0.022277662530541417,-0.24515585601329803,-0.6575024724006653,0.5701131224632263,-0.4226299226284027,0.014989701099693775,0.144973024725914,0.1302775591611862,0.37095773220062256,0.8528850078582764,0.6154032945632936,0.3889448344707489,-0.33128851652145386,0.22522419691085813,-0.3159143328666687,0.8581782579421997,-0.08191455900669099,-0.8316685557365417,0.2484186142683029,0.4322652518749237,-0.12068842351436614,-0.13406890630722043,-0.7267170548439027
-0.03928696364164352,-0.04156465083360672,0.7693676948547363,0.999751091003418,0.014420167542994022,-0.011256447061896324,0.012773532420396805,-0.5901501774787903,0.42423325777053833,0.40494257211685186,1.7462843656539917,-0.5988157987594604,0.0955522805452347,0.03141546994447708,-0.24423120915889737,-0.7346468567848204,0.5212056040763855,-0.41257593035697937,0.01801955886185169,0.1711156815290451,0.1235012412071228,0.34501105546951294,0.8798480033874511,0.6580365896224976,0.48205456137657166,-0.34724944829940796,0.27352324128150934,-0.3266504406929016,0.8889085650444031,0.05895589664578438,-0.8011958003044128,0.20643953979015353,0.540827751159668,-0.06760074198246002,-0.143418550491333,-0.7359455823898315
-0.033708903938531876,-0.047423474490642555,0.7726821899414062,0.9982944130897522,0.018864085897803303,-0.00824011769145727,0.05463197082281113,-0.5406669974327089,0.3811150789260864,0.4243076741695404,1.6397187709808347,-0.597133219242096,0.08771795779466629,0.08941622078418732,-0.23346562683582303,-0.8181676864624022,0.461114913225174,-0.4001504480838776,0.023423248901963237,0.19188944995403287,0.10025284439325333,0.31085312366485596,0.8614882826805114,0.6819362640380859,0.5397973656654358,-0.33106687664985657,0.31579798460006714,-0.33400797843933105,0.9294391870498656,0.18514896929264069,-0.7237640619277954,0.1647343933582306,0.6664410829544067,-0.009520194493234158,-0.1472485065460205,-0.7412559986114502
-0.026204543188214306,-0.05346459150314331,0.774880588054657,0.9943792819976807,0.021338243037462234,-0.0019844351336359978,0.10368502140045166,-0.46524631977081293,0.3461638987064361,0.468278169631958,1.4450581073760986,-0.570820689201355,0.07747928798198701,0.14785876870155334,-0.20527821779251096,-0.9123794436454773,0.3846084773540497,-0.3842917680740357,0.0311921127140522,0.19979196786880493,0.06427086144685745,0.2727002501487732,0.7998096346855164,0.6894823908805847,0.5564552545547485,-0.27510732412338257,0.3295854330062866,-0.3367670178413391,0.970621347427368,0.2857678234577179,-0.612339198589325,0.12980420887470245,0.7974804639816285,0.06532758474349976,-0.14945188164710999,-0.7402128577232362
-0.01694056950509548,-0.059129748493433,0.7753292918205261,0.9865114688873293,0.019408786669373512,0.007389037869870663,0.16236941516399384,-0.3682418167591095,0.3417680263519287,0.5728645324707031,1.1919375658035278,-0.535905122756958,0.0846293121576309,0.2041141539812088,-0.1504548341035843,-1.0292837619781494,0.28032258152961725,-0.3603009879589081,0.047061488032341,0.18668790161609647,0.02029216662049293,0.23501959443092343,0.695026695728302,0.6781764030456543,0.5350061655044556,-0.14850971102714539,0.27949392795562744,-0.33155834674835205,0.9731948971748352,0.3637065887451172,-0.4855801463127136,0.10829712450504302,0.9054929614067075,0.16685087978839874,-0.14486217498779297,-0.7311540842056273
-0.006950944662094116,-0.06307525932788849,0.7735638618469238,0.9723650217056273,0.017169784754514694,0.017992526292800903,0.23213742673397064,-0.25230464339256287,0.34106606245040894,0.7641897797584533,0.9107075333595277,-0.4671629071235657,0.1045430600643158,0.24844345450401303,-0.08670362830162048,-1.1729953289031982,0.16959448158740997,-0.33541890978813166,0.0884522870182991,0.1499781757593155,-0.03536912798881531,0.2031734436750412,0.5417220592498779,0.6592640280723572,0.49245405197143555,0.07216261327266693,0.13052207231521606,-0.3259110748767853,0.9226822257041932,0.4351083040237426,-0.36588558554649353,0.11533991992473602,0.9592683315277101,0.27649617195129395,-0.1360187977552414,-0.7221148610115051
0.003070481121540069,-0.0636325478553772,0.7690634727478027,0.9523689746856688,0.009826652705669405,0.025798335671424866,0.30369594693183893,-0.16158364713191986,0.29537883400917053,0.9151832461357117,0.6427762508392334,-0.3737192451953888,0.07368267327547073,0.2719406187534332,-0.02746536210179329,-1.317068576812744,0.1055621951818466,-0.3294301927089691,0.13082385063171387,0.11024638265371323,-0.0852707102894783,0.17740926146507263,0.382538378238678,0.648219645023346,0.45366865396499634,0.31505331397056574,-0.059717126190662384,-0.3471546173095703,0.8630481362342833,0.5123306512832642,-0.2696903347969055,0.15210507810115814,0.9434432387351988,0.3259824216365814,-0.13226282596588135,-0.726610779762268
0.011190759018063543,-0.0613790787756443,0.7653602361679077,0.93100506067276,0.005140048917382956,0.03582380712032318,0.3632077276706696,-0.16860677301883695,0.22924794256687164,0.8761592507362365,0.5097468495368958,-0.33922728896141047,0.05522363632917404,0.263283908367157,-0.007943535223603249,-1.4241151809692383,0.11606845259666441,-0.3474184572696686,0.15667103230953217,0.08097640424966812,-0.14155088365077972,0.16659571230411527,0.26169127225875854,0.6284811496734619,0.4248602986335754,0.5198100805282593,-0.21220490336418152,-0.3810212016105652,0.8080078959465027,0.5713869333267212,-0.23099251091480252,0.1996340900659561,0.8666136264801025,0.27095821499824524,-0.12336129695177078,-0.7381030917167662
0.01771603152155876,-0.0574655681848526,0.7641122937202453,0.9129590392112734,0.014479209668934344,0.043391648679971695,0.4054792523384094,-0.19291785359382627,0.16699592769145963,0.7973577380180359,0.48428136110305786,-0.31313997507095337,0.05198457837104797,0.2601233124732971,-0.08057586103677748,-1.4764072895050049,0.24599255621433255,-0.3948444128036499,0.1781332790851593,0.07129736244678497,-0.20962725579738617,0.18198378384113312,0.1985342800617218,0.604423463344574,0.39719599485397333,0.7036864757537842,-0.26463180780410767,-0.4033192992210388,0.7920445799827575,0.6181088089942932,-0.2476778030395508,0.22055065631866452,0.7493955492973327,0.1472647786140442,-0.11998132616281508,-0.7661955952644349
0.022996678948402405,-0.05161096155643463,0.7629671692848204,0.9004912972450256,0.018222486600279808,0.03681629151105881,0.43292942643165594,-0.1934658735990524,0.1512765884399414,0.7388863563537597,0.505340039730072,-0.324092298746109,0.02616223320364952,0.2747842371463776,-0.17144405841827393,-1.4308280944824219,0.43052601814270014,-0.43479934334754944,0.1782614141702652,0.08216230571269989,-0.23567627370357516,0.21138447523117063,0.18937747180461884,0.5707380771636963,0.37196165323257446,0.862302303314209,-0.23147453367710116,-0.4049663841724396,0.802236020565033,0.6760410666465759,-0.3017365336418152,0.19316786527633664,0.6132047176361084,0.018637118861079216,-0.12198897451162338,-0.7957295179367065
0.02680373191833496,-0.043916285037994385,0.7630721926689149,0.8935773372650145,0.012422597035765648,0.02299070544540882,0.4481479823589325,-0.18079985678195956,0.17168252170085907,0.7025949358940125,0.5316078662872313,-0.34730038046836853,-0.010842123068869112,0.26408717036247253,-0.26817041635513306,-1.2984379529953003,0.6812573075294496,-0.4632128775119781,0.13862422108650208,0.10309280455112456,-0.22574482858181,0.23319455981254575,0.2314705103635788,0.5222589373588562,0.35675033926963806,0.9631597995758056,-0.13442790508270264,-0.3992232978343964,0.8576304316520691,0.7227705717086792,-0.36665207147598267,0.12667296826839447,0.476319283246994,-0.06393753737211227,-0.12571237981319427,-0.8113491535186766
0.029686646535992622,-0.03764484077692032,0.7637770175933837,0.8872726559638977,0.005254106596112251,0.009391413070261478,0.461119681596756,-0.17349214851856232,0.20259952545166013,0.6836550235748291,0.566705048084259,-0.36817735433578486,-0.01793700084090233,0.20669180154800412,-0.3639121651649475,-1.1349055767059326,0.981108009815216,-0.4898490309715271,0.057654306292533875,0.11967743933200836,-0.21103779971599576,0.24666954576969144,0.29902416467666626,0.4759482741355896,0.31690511107444763,1.0078462362289429,-0.02662789076566696,-0.3783695697784424,0.8957304358482362,0.7328965663909912,-0.43391138315200806,0.06587677448987961,0.3734596371650696,-0.12127061933279036,-0.12882809340953827,-0.81421560049057
0.03299781307578087,-0.033344537019729614,0.7643356919288635,0.8799132704734801,-0.002320388099178672,-0.005759250372648239,0.475093811750412,-0.17102786898612976,0.23881767690181727,0.6495845913887024,0.612810492515564,-0.3851433396339417,-0.020031053572893143,0.08398085087537764,-0.3978711366653442,-0.9277855157852173,1.2424557209014893,-0.4846581518650055,-0.008732505142688751,0.13424234092235565,-0.1908443570137024,0.25613808631896967,0.37316283583641047,0.44195571541786194,0.2545447647571564,1.0359116792678833,0.05853954330086708,-0.33969616889953613,0.8948999047279358,0.7278335094451904,-0.5060468316078186,0.017938459292054176,0.2815873920917511,-0.157798171043396,-0.12504427134990692,-0.7866732478141784
0.03857523947954178,-0.030214034020900726,0.7642222642898558,0.8709705471992493,-0.005453038495033979,-0.016926469281315804,0.4910133183002472,-0.1691155731678009,0.25699952244758606,0.6116647124290465,0.6418808102607727,-0.3944768905639648,-0.019534701481461525,-0.05503502860665321,-0.3719239234924317,-0.735097050666809,1.4028294086456299,-0.48284390568733215,-0.0007620182004757226,0.14863483607769012,-0.1831564903259277,0.2599121928215027,0.4384256303310394,0.42140829563140875,0.19517657160758967,1.066741704940796,0.10607010126113892,-0.3004040718078613,0.8560944199562072,0.7104347944259644,-0.5743957757949829,-0.006368022412061691,0.20752812922000885,-0.1754403859376907,-0.11293369531631468,-0.7446643114089965
0.045204631984233856,-0.027354136109352112,0.7647287845611571,0.8623557686805725,-0.006096320692449808,-0.02463373914361,0.5056664347648621,-0.16386839747428894,0.26225507259368896,0.5754067897796631,0.6486149430274963,-0.39648106694221497,-0.021410482004284855,-0.165419340133667,-0.3445126414299011,-0.5892264246940613,1.4811335802078247,-0.4941591024398804,0.0009312356123700738,0.1656983345746994,-0.18498860299587247,0.2570457458496094,0.4915184676647186,0.4018671214580536,0.14715826511383057,1.0966018438339231,0.14019231498241425,-0.2645040452480316,0.8178619742393493,0.6658989191055298,-0.6351497769355774,0.0003977722080890089,0.1633072793483734,-0.1866893768310547,-0.10026319324970244,-0.7116451263427734
0.05168364942073823,-0.02513763308525085,0.7685287594795227,0.8512431383132935,-0.007834477350115776,-0.030619625002145767,0.523818850517273,-0.15286973118782043,0.25861579179763794,0.5355680584907532,0.6229286789894104,-0.3777498006820679,-0.02438632771372795,-0.2578450739383697,-0.3067268431186676,-0.45345306396484375,1.4700827598571775,-0.46638751029968256,0.015904076397418976,0.17621885240077972,-0.18466545641422272,0.2493143528699875,0.5343356132507324,0.37596043944358826,0.0992528647184372,1.1202788352966309,0.1832692921161652,-0.22531552612781525,0.7714288234710692,0.5993945002555847,-0.6850785613059998,0.04384397715330124,0.13448098301887512,-0.21022875607013705,-0.09151355177164076,-0.6976897120475769
0.05880101025104523,-0.02395709790289402,0.7747471928596495,0.8331136703491211,-0.012493363581597803,-0.034165799617767334,0.5519041419029236,-0.1494859755039215,0.244877964258194,0.4748754501342773,0.5709793567657471,-0.3412245213985443,-0.027278196066617966,-0.3257364332675934,-0.243890643119812,-0.3111092150211334,1.3751914501190183,-0.39972540736198425,0.06382803618907928,0.17169560492038727,-0.17572008073329923,0.23766157031059265,0.5642378330230713,0.3443138599395752,0.03475205600261688,1.137451410293579,0.23179945349693296,-0.18606598675251007,0.6986924409866333,0.5283920764923096,-0.7224147915840149,0.11075924336910248,0.1043250486254692,-0.24664454162120816,-0.08795329183340073,-0.7003967761993408
0.06750132143497467,-0.02373511530458927,0.7823314666748048,0.8029317855834962,-0.02197292447090149,-0.03716874495148658,0.5945050120353699,-0.16619801521301267,0.23058965802192688,0.3798523247241974,0.5139483213424683,-0.2921866774559021,-0.03175452724099159,-0.3451801836490631,-0.1543993502855301,-0.16758674383163452,1.2204184532165527,-0.32712316513061523,0.13501663506031036,0.14657457172870636,-0.15177154541015625,0.228715255856514,0.5762555599212646,0.3173035383224488,-0.05774865671992302,1.1439419984817505,0.27937740087509155,-0.1562138199806213,0.5971301198005676,0.4763180315494537,-0.7457062005996704,0.17091433703899384,0.06418982148170471,-0.28903114795684814,-0.0912025049328804,-0.7001818418502808
0.07704728096723555,-0.02406393550336361,0.7886399626731871,0.7593110203742981,-0.03487319126725197,-0.03921658173203468,0.6486082673072815,-0.20829805731773376,0.22362196445465088,0.2956727743148804,0.48242440819740295,-0.24273613095283508,-0.027110086753964424,-0.31015580892562866,-0.08829792588949203,-0.05705543980002403,1.0593771934509275,-0.2654595971107483,0.1755251586437225,0.10423580557107924,-0.11997599154710768,0.229216992855072,0.5735281705856323,0.30652862787246704,-0.1685817539691925,1.1391147375106812,0.32358816266059875,-0.13921597599983215,0.4947203993797302,0.4549652934074402,-0.7542569637298584,0.20539312064647677,0.019180940464138985,-0.3327387869358063,-0.09492482990026474,-0.6871728301048279
0.08736798167228697,-0.025252375751733776,0.7917428016662597,0.7009636759757996,-0.04670507088303565,-0.034851133823394775,0.7108121514320374,-0.26540073752403254,0.22165991365909576,0.30226266384124756,0.47883772850036627,-0.20132580399513245,-0.02156367152929306,-0.25427410006523127,-0.05082648620009422,0.033637821674346924,0.9361935853958128,-0.20198991894721985,0.2042557001113892,0.04624747484922409,-0.09500081092119217,0.23169904947280884,0.5692780613899231,0.3126378655433655,-0.2831743061542511,1.0967038869857788,0.3517257273197174,-0.13253287971019745,0.40437367558479304,0.45462635159492487,-0.7500596046447755,0.22248318791389465,-0.031775008887052536,-0.37434300780296326,-0.09102904796600339,-0.6679551601409912
0.09879734367132186,-0.026117974892258644,0.7900261282920836,0.6292096376419067,-0.05665594711899757,-0.02571858093142509,0.7747411727905273,-0.3400498628616333,0.20773738622665405,0.3428862392902374,0.5003479719161987,-0.16119201481342316,-0.01622726023197174,-0.19210422039031985,-0.03709542006254196,0.07305321097373961,0.8596214652061462,-0.15766499936580655,0.21450167894363403,-0.01638336293399334,-0.07834300398826598,0.23367217183113095,0.5793035626411438,0.3460966944694519,-0.377932995557785,0.9950804114341738,0.36425644159317017,-0.13313496112823486,0.3373003900051117,0.4603358209133148,-0.7352291941642761,0.22955857217311856,-0.08865024894475936,-0.4079318940639496,-0.07690950483083726,-0.6458808183670044
0.11076826602220537,-0.02631952613592148,0.7813926935195923,0.5535481572151184,-0.06185495480895042,-0.018753118813037872,0.8303052186965942,-0.4276721179485321,0.1735433042049408,0.33910825848579407,0.5606558918952942,-0.16313733160495758,-0.012445660308003424,-0.1225067302584648,-0.04976815357804298,0.027170412242412567,0.789564609527588,-0.15191498398780823,0.1865891069173813,-0.05983548611402512,-0.06876306235790253,0.24196408689022064,0.6225704550743103,0.423810601234436,-0.441409170627594,0.8222704529762269,0.364638477563858,-0.14491741359233856,0.28609830141067505,0.4617186188697815,-0.719049334526062,0.2359964996576309,-0.14135895669460297,-0.4136484861373901,-0.06533662229776382,-0.6259610652923584
0.12197703123092651,-0.02530431002378464,0.7661271691322327,0.48520940542221064,-0.060585618019104,-0.014801987446844576,0.8721709251403807,-0.5139139294624329,0.145943284034729,0.33275163173675537,0.6706751585006714,-0.20125682651996607,-0.027945414185523983,-0.008690416812896729,-0.05082418024539948,-0.04158301651477814,0.6341651678085327,-0.2304459363222122,0.1734614223241806,-0.07302018254995346,-0.07008356600999832,0.2521997988224029,0.6990247368812561,0.5410508513450624,-0.4530303776264191,0.5990764498710632,0.36289635300636286,-0.1734891980886459,0.25243961811065674,0.4460391402244568,-0.7168886065483093,0.24963697791099548,-0.1707324385643005,-0.40574389696121216,-0.06738320738077164,-0.6255781650543213
0.1321091204881668,-0.02368663623929024,0.7494869232177734,0.4395063519477844,-0.058814045041799545,-0.019943043589591977,0.8960900306701661,-0.5938690304756165,0.20374323427677157,0.3852211833000183,0.8600702881813049,-0.2621976435184479,-0.025384381413459774,0.11322009563446044,-0.02471863105893135,-0.11974147707223892,0.45017340779304493,-0.3379381597042084,0.14175540208816528,-0.04272106662392616,-0.06412093341350555,0.26278316974639887,0.7979092001914978,0.6580835580825806,-0.40218523144721985,0.3881974816322327,0.343461275100708,-0.2007319778203964,0.2426861077547073,0.37809190154075617,-0.7522454857826234,0.29381501674652094,-0.1446963846683502,-0.38934385776519775,-0.0638473778963089,-0.6365522146224976
0.13909409940242767,-0.023375730961561203,0.7363099455833435,0.4179786741733551,-0.05829709023237228,-0.021244160830974575,0.9063354134559632,-0.6345334649086,0.34199658036231995,0.5231536030769348,1.0706034898757935,-0.3196285963058472,0.06633689254522324,0.19235485792160037,-0.004647242836654185,-0.17310306429862976,0.3088328540325165,-0.4132011830806732,0.13892295956611633,0.0044925729744136325,-0.06992046535015106,0.2656624019145965,0.8861136436462401,0.720173716545105,-0.29917436838150024,0.2695922553539276,0.30590102076530457,-0.21134801208972928,0.29847437143325806,0.2588106691837311,-0.8278673887252807,0.362945169210434,-0.043120607733726495,-0.36431339383125305,-0.05450369045138359,-0.6418465375900269
0.14126427471637723,-0.022895049303770065,0.7314582467079161,0.4051900207996368,-0.05590775981545448,-0.01179859135299921,0.9124451279640196,-0.5884608626365662,0.4627717733383178,0.6816117763519287,1.2045416831970215,-0.3431185781955719,0.1767801195383072,0.22788290679454803,-0.016878291964530945,-0.20427681505680084,0.2413458675146103,-0.44271063804626465,0.16201014816761017,0.03608461469411849,-0.09276486188173294,0.2643652856349945,0.90052992105484,0.6958649158477783,-0.184170126914978,0.28889596462249756,0.2929210364818573,-0.21162915229797363,0.4378700852394104,0.13344834744930267,-0.8971741795539856,0.42428112030029297,0.10637156665325163,-0.33843967318534846,-0.05103615671396256,-0.6336074471473694
0.1362983137369156,-0.02228318154811859,0.7376324534416199,0.3866219818592072,-0.05511392652988434,-0.004629579372704029,0.9205783009529112,-0.5184634923934937,0.45675095915794367,0.6942480206489562,1.1728608608245847,-0.3169654607772827,0.18277867138385767,0.22084836661815643,-0.03537894785404205,-0.22642815113067624,0.2779831886291504,-0.41719999909400934,0.17588818073272705,0.04768292978405952,-0.09192509204149246,0.26577356457710266,0.8426787257194518,0.6092161536216736,-0.08958129584789276,0.3916755318641663,0.3020815849304199,-0.21775284409523007,0.6451374292373657,0.06826719641685486,-0.9166314601898192,0.40682393312454224,0.23652198910713196,-0.3142384886741638,-0.053092479705810554,-0.6753961443901062
0.1247965171933174,-0.021921880543231964,0.7511664628982544,0.3639568090438842,-0.056858334690332406,0.003331920597702265,0.9296727180480957,-0.42995429039001454,0.33549252152442927,0.624155819416046,0.967796802520752,-0.3243381083011627,0.12409670650959014,0.14992615580558777,-0.0678248479962349,-0.22260916233062744,0.4308431744575501,-0.34286713600158686,0.18186138570308685,0.05530250445008278,-0.07220625877380371,0.26638561487197876,0.7841210961341859,0.5066935420036316,-0.011721011251211166,0.4694584310054779,0.25146496295928955,-0.24306741356849673,0.8088778257369995,0.10419584065675735,-0.8719802498817443,0.2572997808456421,0.2821961641311645,-0.2803126275539398,-0.06137232854962349,-0.7761075496673584
0.11165151000022888,-0.0215898510068655,0.7653559446334839,0.3370042145252228,-0.05708853900432587,0.005683565512299538,0.939753532409668,-0.31481724977493286,0.1979513913393021,0.5593719482421875,0.6866351366043091,-0.34397059679031367,0.07468506693840025,0.02887154370546341,-0.09874795377254486,-0.20385602116584775,0.7029387950897217,-0.25863611698150635,0.1375787854194641,0.04826831445097923,-0.0468609556555748,0.2717053592205048,0.7545851469039918,0.41411030292510986,0.04449490085244178,0.4673801064491272,0.16945399343967435,-0.24934822320938113,0.8405893445014954,0.19455054402351377,-0.7989488840103148,0.09100832790136336,0.2227359116077423,-0.23682916164398196,-0.06267380714416504,-0.829803466796875
0.10060788691043852,-0.020944546908140182,0.7725985050201416,0.30518874526023865,-0.05760396271944047,0.0030895255040377374,0.9505430459976195,-0.2202160805463791,0.10460046678781508,0.5041155815124512,0.45326572656631464,-0.3344419598579407,0.03726156428456306,-0.10922812670469284,-0.10233646631240843,-0.16767801344394684,0.9883631467819213,-0.2040085345506668,0.06749385595321655,0.014953785575926304,-0.0234025064855814,0.27929350733757013,0.7451469898223877,0.3647500574588776,0.049055781215429306,0.4035081565380096,0.12578949332237244,-0.2397959530353546,0.8041052818298339,0.293478399515152,-0.7325798273086547,-0.0033046803437173367,0.08440153300762177,-0.22565366327762604,-0.051483523100614555,-0.8568922281265258
0.09263430535793304,-0.018342472612857815,0.773813784122467,0.2625190615653992,-0.052221722900867455,0.015855373814702034,0.9633822441101073,-0.1753733903169632,0.016948673874139782,0.4427681863307953,0.3375178575515747,-0.2973540127277374,0.05813116952776909,-0.238730862736702,-0.13782086968421936,-0.12316029518842696,1.2487833499908447,-0.27221050858497614,0.017949931323528286,-0.04304124414920807,-0.04275728389620781,0.2911277711391449,0.7026665806770325,0.3772973716259002,0.005356376990675926,0.34690460562705994,0.1583978235721588,-0.230947270989418,0.7512214779853821,0.3862182796001434,-0.6756476163864136,-0.03505939617753029,-0.07195776700973511,-0.250232070684433,-0.02979931049048901,-0.8650916814804077
0.0875360369682312,-0.013160934671759604,0.7734302282333374,0.22150221467018127,-0.04499565064907073,0.015636557713150978,0.9739956855773924,-0.15804970264434814,-0.011031396687030792,0.36891365051269526,0.323416143655777,-0.28899985551834106,0.06417899578809738,-0.3419626355171204,-0.15340936183929443,-0.10065690428018569,1.425731539726257,-0.33955368399620056,-0.04413824155926704,-0.07876016944646835,-0.04232084006071091,0.3076487779617309,0.6305945515632628,0.43868318200111384,-0.051853802055120475,0.32227903604507446,0.20832581818103793,-0.21984794735908508,0.7079259753227234,0.4637869894504547,-0.6228041052818297,-0.018042137846350666,-0.19602037966251373,-0.27174755930900574,-0.019144741818308834,-0.8640884160995483
0.08262485265731812,-0.007616573944687843,0.7748749256134033,0.1901893615722656,-0.0410226508975029,0.010019166395068169,0.9808387756347656,-0.136003315448761,-0.01933237724006176,0.3082740306854248,0.3018493056297302,-0.28338897228240967,0.06913125514984131,-0.4335337579250336,-0.14626413583755493,-0.08755431324243546,1.4787319898605347,-0.3698976635932922,-0.08808486163616179,-0.09006298333406448,-0.032847944647073746,0.3166448175907135,0.5683856010437012,0.49749028682708735,-0.08362816274166107,0.31128948926925654,0.2442327439785004,-0.2135872691869736,0.7124569416046144,0.4934442341327667,-0.5785740017890929,0.04000110179185867,-0.24780976772308347,-0.2899085581302643,-0.0247834175825119,-0.8732653260231018
0.07687402516603468,-0.002851545810699463,0.7771356701850891,0.16440720856189728,-0.039277523756027215,0.0017094627255573869,0.9856088161468506,-0.11781758069992064,-0.014133795164525507,0.259752482175827,0.2871888279914856,-0.2782880961894989,0.0736270099878311,-0.5001236796379088,-0.10951454192399979,-0.07336447387933731,1.396141767501831,-0.36852365732192993,-0.09436184912919998,-0.09163884073495866,-0.019874088466167446,0.31649523973464966,0.5155535340309143,0.5333741903305054,-0.09144590795040129,0.30810028314590454,0.2740919291973114,-0.21701186895370483,0.7588852047920227,0.4916468560695648,-0.544864296913147,0.0970185101032257,-0.2527599632740021,-0.3041982054710388,-0.03541756421327591,-0.9020975232124328
0.06931714713573456,0.0020454786717891693,0.779018461704254,0.1399553418159485,-0.03774018958210945,-0.00402107136324048,0.9894301891326904,-0.1014411374926567,-0.00976062938570976,0.2159367948770523,0.27529576420784,-0.2721591293811798,0.07552680373191833,-0.5254120826721193,-0.08112531900405884,-0.059718608856201165,1.2005316019058228,-0.35419604182243347,-0.06706371903419495,-0.09016821533441544,-0.013496704399585724,0.3139074444770813,0.4774206876754761,0.5568528771400452,-0.07922365516424179,0.3066348135471344,0.30269089341163635,-0.2226843386888504,0.8183378577232362,0.4731282889842987,-0.5264917612075806,0.13628751039505005,-0.2464916557073593,-0.31055569648742676,-0.04542549327015877,-0.935130536556244
0.059761099517345435,0.007735164836049078,0.7801799774169923,0.11724983155727386,-0.03556057810783386,-0.007909435778856277,0.9924340844154357,-0.08241130411624908,-0.007376250345259904,0.1717633306980133,0.2664989531040192,-0.2708372175693512,0.07254272699356078,-0.5084830522537231,-0.055887512862682336,-0.03659936413168907,0.9243400692939758,-0.3124045133590698,-0.028581654652953148,-0.08483814448118211,-0.009204101748764515,0.3080869913101196,0.46508064866065973,0.5794560313224792,-0.05251661688089371,0.2954200208187103,0.331290066242218,-0.22443334758281708,0.8673992156982422,0.4507958590984344,-0.5224923491477966,0.16546618938446045,-0.24505352973937988,-0.30828025937080383,-0.051838070154190063,-0.9719160199165344
0.048275984823703766,0.014923352748155592,0.7805131673812865,0.09512535482645033,-0.030091535300016403,-0.010032416321337225,0.9949597716331482,-0.055121909826993935,-0.008376469835639,0.1253131479024887,0.26011911034584045,-0.2750822305679321,0.06773387640714645,-0.4516415297985077,-0.025125328451395035,-0.0022015876602381468,0.6174057722091675,-0.2323230803012848,0.01013255026191473,-0.07711661607027052,-0.004600371234118938,0.29832223057746887,0.48311018943786627,0.6040209531784058,-0.017703017219901085,0.2709486782550812,0.35488107800483704,-0.2232259958982468,0.8958106040954589,0.4301486611366272,-0.5285598635673523,0.1887384057044983,-0.25077664852142334,-0.29337069392204285,-0.051553603261709206,-1.0081551074981687
0.03559887781739235,0.022055344656109806,0.7802009582519531,0.07161539047956467,-0.019404189661145207,-0.010859589092433453,0.9971844553947448,-0.026657432317733765,-0.008864037692546844,0.07916171848773955,0.2729992866516113,-0.2870028614997864,0.06303795427083969,-0.38337317109107966,-0.00708925211802125,-0.00017179142741952091,0.4030429720878601,-0.13648855686187744,0.03866200149059296,-0.06582731008529663,0.0039038560353219513,0.29005253314971924,0.5326723456382751,0.6297245025634766,0.012457219883799551,0.2233877629041672,0.3752667307853698,-0.22440338134765625,0.9013365507125854,0.41441747546195984,-0.5355544686317444,0.20775924623012543,-0.25050345063209534,-0.26120272278785706,-0.0514971911907196,-1.0388312339782715
0.024192046374082565,0.029176628217101097,0.7786121368408203,0.046060562133789056,-0.0061091030947864056,-0.011204384267330168,0.9988571405410767,-0.013934113085269928,-0.010948706418275831,0.023501966148614883,0.33803758025169367,-0.31847408413887024,0.06360258162021637,-0.3827950656414032,0.009239496663212776,-0.01791323907673359,0.44332396984100336,-0.08010198175907135,0.03217310085892677,-0.04958895966410637,0.021208958700299263,0.2818989157676697,0.5993481278419496,0.6603700518608093,0.030751530081033703,0.1415111273527145,0.395302414894104,-0.23006722331047055,0.8933128714561462,0.3959847986698151,-0.5413435101509094,0.2165491282939911,-0.24391962587833405,-0.22580538690090177,-0.05895904079079628,-1.0570203065872192
0.013727545738220215,0.036007992923259735,0.7733742594718933,0.016446568071842194,0.009782955050468445,-0.00495165167376399,0.999804675579071,-0.022697972133755684,-0.03273905813694,-0.03964455053210258,0.45904234051704407,-0.3631193339824677,0.06841710209846497,-0.395877331495285,-0.013217980973422527,-0.08451953530311584,0.6055682897567749,-0.0877821668982506,-0.0009922742610797286,-0.027091622352600098,0.031300339847803116,0.2747793793678284,0.6764171123504639,0.7024902105331421,0.04630481079220772,0.01594173163175583,0.42687517404556274,-0.23150420188903809,0.8961077928543091,0.3790867626667023,-0.5486028790473938,0.2193664312362671,-0.21636852622032163,-0.19538435339927676,-0.07564479112625122,-1.067633032798767
0.005497660487890244,0.04225907474756241,0.7651119232177734,-0.0156429186463356,0.022413229569792747,0.0044280835427343845,0.9996166229248048,-0.07848815619945526,-0.06546667218208313,-0.0749550312757492,0.6529383063316345,-0.40089389681816096,0.07826248556375502,-0.3708583116531372,-0.07953844219446182,-0.18795359134674072,0.7106435894966124,-0.18759760260581967,-0.08205549418926239,0.0040088533423841,0.037692174315452576,0.27089396119117737,0.7630985975265504,0.7459071874618529,0.07977143675088881,-0.14882558584213257,0.47268587350845337,-0.22537630796432492,0.9115830063819885,0.36696997284889216,-0.562692403793335,0.2079607993364334,-0.16153597831726074,-0.17725747823715207,-0.09079101681709288,-1.0656347274780271
0.0009964704513549805,0.04723922908306122,0.7562931776046754,-0.041926875710487366,0.026987537741661072,0.0077020470052957535,0.9987263679504393,-0.18408139050006864,-0.06805573403835297,-0.04330509901046753,0.9057314395904541,-0.4327730536460877,0.07714695483446121,-0.31571307778358454,-0.11199831962585448,-0.2657332718372345,0.6898224353790283,-0.3184073865413666,-0.09981469064950944,0.0515466146171093,0.05689653381705284,0.2670843005180359,0.8198396563529968,0.778825581073761,0.14421987533569336,-0.33357441425323486,0.5088742971420288,-0.21073041856288907,0.9139015674591064,0.3690961003303528,-0.5868770480155945,0.1753549426794052,-0.07788428664207457,-0.19007164239883423,-0.09237159043550493,-1.0584028959274292
0.0014274343848228455,0.051361337304115295,0.7512486577033997,-0.051061708480119705,0.024133259430527687,-0.0010608065640553832,0.9984033107757568,-0.2936740219593048,0.009420475922524927,0.05267997831106186,1.1778182983398435,-0.49038910865783686,0.07036171853542328,-0.32326126098632807,-0.10361529141664504,-0.2996089458465576,0.7119791507720947,-0.3508642613887787,-0.1163460910320282,0.11415819823741911,0.10350673645734786,0.2650609016418457,0.8093342185020447,0.7654067277908325,0.20329131186008453,-0.5315455794334412,0.49432772397995,-0.19744944572448728,0.8846397399902343,0.3580569922924042,-0.6225461959838867,0.14562560617923737,0.04009895771741867,-0.21273328363895416,-0.07670269161462784,-1.0137815475463867
0.0025629699230194087,0.05563889816403389,0.7521730661392213,-0.05840498954057693,0.017095018178224564,0.0011407786514610052,0.9981459379196168,-0.35616597533226013,0.10169802606105804,0.18648897111415863,1.4283636808395384,-0.5426642298698425,0.08731736242771149,-0.3322423994541168,-0.11978267878293992,-0.3297582268714905,0.7100632190704346,-0.35206127166748047,-0.11575789749622344,0.1610834151506424,0.127414271235466,0.26276376843452454,0.7075918912887573,0.7046303749084473,0.205817312002182,-0.7534350752830505,0.35626858472824097,-0.19242914021015167,0.8018396496772766,0.33505091071128845,-0.6648310422897339,0.1497134119272232,0.18813830614089963,-0.21919593214988708,-0.06242825835943223,-0.9310585260391235
0.003650464117527008,0.059957530349493034,0.7594590783119202,-0.07643681019544601,0.009824502281844618,0.00777940358966589,0.9969956874847411,-0.367224395275116,0.14740459620952606,0.28214970231056213,1.644493579864502,-0.5571036338806152,0.08409088104963303,-0.3099487423896789,-0.1485556960105896,-0.3816767334938049,0.6575002074241638,-0.32752588391304016,-0.10811478644609453,0.17165492475032806,0.133484810590744,0.26286137104034424,0.5131743550300598,0.6242870092391968,0.15118062496185303,-1.005310297012329,0.06343189626932144,-0.21261896193027496,0.6856313347816467,0.3167062699794769,-0.6883029937744141,0.19121503829956052,0.3352223038673401,-0.19654805958271024,-0.05171013623476029,-0.8491411209106445
0.0042153410613536835,0.0639488697052002,0.7689102888107299,-0.10397525876760481,0.002467698650434613,0.012489140965044498,0.9944983720779419,-0.3379460573196411,0.15612748265266418,0.3391976058483124,1.8111914396286009,-0.5531677007675171,0.04994096979498863,-0.2697376608848572,-0.17038585245609283,-0.4418036639690399,0.5814734101295471,-0.29283300042152405,-0.09449517726898192,0.1475393921136856,0.13495250046253204,0.26181039214134216,0.27755799889564514,0.5985040664672852,0.055041033774614334,-1.200927972793579,-0.04613911360502243,-0.2502342760562897,0.5828844308853148,0.3091549575328827,-0.6870257258415222,0.2630511224269867,0.46488684415817266,-0.19165757298469543,-0.03847054019570351,-0.7902572751045227
0.0045457370579242715,0.0675836130976677,0.7770322561264038,-0.13694468140602112,-0.004108521156013012,0.017752155661582947,0.990411102771759,-0.27272140979766846,0.15560182929039,0.38463154435157776,1.91384482383728,-0.5438008308410645,0.011203697882592678,-0.23123823106288907,-0.19550132751464844,-0.5022998452186584,0.5180413126945496,-0.2644064128398895,-0.07624874264001846,0.0959055796265602,0.13025322556495667,0.25548687577247614,0.003965177573263645,0.6659466624259949,-0.10660339891910552,-1.2883492708206177,0.11925749480724333,-0.25986361503601074,0.49889206886291504,0.29840776324272156,-0.6685211658477783,0.3628939688205719,0.5846236944198608,-0.21357510983943936,-0.029492944478988647,-0.7152327299118042
0.004621416330337524,0.07080641388893127,0.7820560932159424,-0.1733155995607376,-0.010807503014802933,0.02498840354382992,0.9844899773597715,-0.18361128866672516,0.17133964598178864,0.43744215369224554,1.9193507432937624,-0.5421934723854065,-0.0029803081415593624,-0.20940060913562772,-0.23328012228012085,-0.5683028101921082,0.4841928482055664,-0.24353758990764615,-0.06239894405007362,0.012775583192706108,0.11198583245277403,0.24629466235637665,-0.29562222957611084,0.8013067841529846,-0.3201075494289398,-1.2222568988800049,0.34205040335655207,-0.27371251583099365,0.4842219948768616,0.2790962755680084,-0.6317101120948792,0.4504550099372864,0.6684669852256775,-0.20864300429821012,-0.020132768899202343,-0.6312930583953857
0.0048789046704769135,0.07373933494091035,0.7852375507354736,-0.20276546478271484,-0.01957784593105316,0.03467759117484093,0.9784172773361206,-0.09001567214727402,0.21721273660659793,0.5185030698776245,1.8132076263427732,-0.553756833076477,0.014347387477755547,-0.2138690799474716,-0.2841895818710327,-0.6306644082069397,0.4861561954021454,-0.23047892749309537,-0.06399977952241898,-0.08645830303430557,0.07752091437578201,0.24557319283485407,-0.5811681151390076,0.9545964002609253,-0.5439204573631288,-1.041844367980957,0.4793014228343964,-0.2258148491382599,0.5271909236907959,0.2523027956485748,-0.5828953385353088,0.4771199524402618,0.697660505771637,-0.17975303530693054,-0.02230917289853096,-0.568260669708252
0.005104392766952515,0.07732878625392915,0.78739595413208,-0.22596931457519528,-0.02949041686952114,0.042192742228508,0.9727733731269836,-0.00580661790445447,0.2666972577571869,0.6036803722381592,1.5958045721054075,-0.5506411194801331,0.021540196612477303,-0.2279471904039383,-0.3357098698616028,-0.6966475248336792,0.5098106265068054,-0.2288157343864441,-0.07992929220199585,-0.18370820581912997,0.04192272946238518,0.25026363134384155,-0.8540805578231812,1.0800023078918457,-0.7839773297309875,-0.7673446536064149,0.4702136218547821,-0.13597264885902405,0.5647925138473511,0.22541515529155728,-0.5266295671463013,0.44848397374153137,0.6786240339279175,-0.13153164088726044,-0.03791732713580132,-0.5135584473609924
0.004740539938211441,0.08197156339883804,0.7869834303855896,-0.24522390961647036,-0.03834442794322968,0.041199225932359695,0.9678313136100768,0.06003466993570328,0.2926486730575561,0.6627758145332336,1.2735862731933592,-0.5137029886245728,-0.01587997004389763,-0.23564755916595456,-0.37046751379966736,-0.7661973237991333,0.5424566268920897,-0.24233131110668185,-0.10402359068393709,-0.2596692740917206,0.02544081211090088,0.24787499010562897,-1.1291590929031372,1.1187564134597778,-1.0710914134979248,-0.3342429995536804,0.34398192167282104,-0.0860304906964302,0.5796230435371399,0.22043903172016144,-0.470587819814682,0.4023962914943695,0.627160370349884,-0.04934323579072952,-0.0578940324485302,-0.4753531813621521
0.003605443984270096,0.08567635715007782,0.7815511226654052,-0.2600122392177582,-0.045083709061145776,0.032004062086343765,0.9640211462974547,0.09737840294837952,0.2871394455432892,0.6629109382629395,0.8811654448509216,-0.40293437242507935,-0.1000385507941246,-0.2517201006412506,-0.3846920728683472,-0.8125033974647523,0.5934782028198241,-0.27362698316574097,-0.12757189571857452,-0.3061319887638092,0.02831440418958664,0.24115432798862457,-1.3320866823196411,1.0680255889892578,-1.349636435508728,0.2189690470695496,0.22673059999942777,-0.07179071754217148,0.5416170954704285,0.24183671176433563,-0.4325781762599945,0.3471146821975708,0.5468349456787108,0.040034469217062,-0.07567902654409409,-0.4832589328289032
0.0036772191524505615,0.08736614882946014,0.7728378176689149,-0.26662707328796387,-0.04734227806329727,0.023763893172144886,0.9623429775238035,0.13044211268424988,0.23624153435230252,0.5633791089057921,0.4741268754005432,-0.2391860634088516,-0.1927267014980316,-0.2763688862323761,-0.39991438388824463,-0.8410193324089049,0.6683568954467772,-0.31910866498947144,-0.13714036345481873,-0.33190017938613886,0.034070391207933426,0.2314657419919968,-1.3868708610534668,0.9993867278099059,-1.4422625303268433,0.7314481735229491,0.16798727214336395,-0.023763626813888546,0.4571902751922608,0.28538253903388977,-0.4164929986000061,0.26364055275917053,0.428663045167923,0.10354159027338028,-0.08451175689697266,-0.5289381146430969
0.004966963082551956,0.08731637895107269,0.76545250415802,-0.265979140996933,-0.04761627689003944,0.02398329228162765,0.9625033140182496,0.20631773769855496,0.1674230992794037,0.47445422410964966,0.13671709597110748,-0.17608819901943207,-0.22620344161987305,-0.29839974641799927,-0.4293910264968872,-0.8583923578262329,0.7392939925193786,-0.36507415771484375,-0.1350075602531433,-0.3240157663822174,0.022860096767544743,0.20960891246795652,-1.338734984397888,0.9719014763832092,-1.3104023933410645,1.093526005744934,0.10607287287712096,-0.005495998077094554,0.5320881605148315,0.36285856366157526,-0.3884177207946777,0.1496838331222534,0.28221631050109863,0.14993153512477875,-0.08218477666378021,-0.6142077445983887
0.005777418613433838,0.08773168176412582,0.7619206309318542,-0.2603562176227569,-0.0447504073381424,0.019617756828665733,0.9642754793167113,0.2204974442720413,0.17378799617290497,0.47621744871139526,0.13451476395130155,-0.22741250693798065,-0.2109220772981644,-0.3085799813270569,-0.42244645953178406,-0.8523584008216859,0.7696855068206787,-0.3836273550987244,-0.13421349227428436,-0.2756037712097168,0.02664293721318245,0.19861239194869995,-1.1735991239547727,1.027110934257507,-1.0522923469543457,1.2019011974334717,0.058548010885715485,-0.024162419140338898,0.6543566584587097,0.4091458320617676,-0.35330414772033686,0.050898753106594086,0.17764157056808472,0.16735950112342834,-0.06411586701869965,-0.688550591468811
0.006605401635169983,0.0883393883705139,0.76371169090271,-0.25765120983123774,-0.04516299068927765,0.011609158478677273,0.9651121497154237,0.17399443686008453,0.20360863208770752,0.45886537432670593,0.220952183008194,-0.2700932323932648,-0.18102301657199857,-0.298098623752594,-0.4009374678134918,-0.8730514645576477,0.7412303686141967,-0.3672910630702973,-0.13421261310577393,-0.20182150602340695,0.03355170413851737,0.186271995306015,-0.8945836424827575,1.119853138923645,-0.7294461131095886,1.1536866426467896,0.01861441507935524,-0.061883050948381424,0.7839701771736146,0.4109595119953156,-0.3351956009864807,0.00260433997027576,0.12084411084651948,0.15756359696388245,-0.023978164419531826,-0.7503129839897155
0.00850500538945198,0.08806655555963516,0.7667185068130493,-0.26186633110046387,-0.04344410076737404,0.0006772822816856204,0.9641256332397461,0.1274230033159256,0.2392171621322632,0.42537784576416016,0.2975863516330719,-0.30116966366767883,-0.1500118523836136,-0.2738344967365265,-0.377722442150116,-0.9139362573623656,0.7045993208885193,-0.3453299403190613,-0.12295235693454742,-0.11388259381055832,0.04366506636142731,0.18114428222179407,-0.5517278909683228,1.1798357963562012,-0.4105901718139648,1.0503898859024048,-0.0022634840570390224,-0.10288643091917037,0.8834290504455566,0.3989381194114685,-0.3527319133281708,-0.007280424237251282,0.09797893464565277,0.12856751680374143,-0.001033544074743986,-0.774658441543579
0.010233927518129349,0.08609117567539215,0.7665599584579467,-0.277198851108551,-0.04442042484879494,0.0020468877628445625,0.9597830176353455,0.1243644431233406,0.2342278361320496,0.428828090429306,0.2837478220462799,-0.29476219415664673,-0.12676408886909485,-0.2719495892524719,-0.4119247198104858,-0.940694510936737,0.7329047918319702,-0.3409671187400818,-0.10649110376834868,-0.03685520961880684,0.02875300124287605,0.17654094099998474,-0.18614645302295685,1.1787408590316772,-0.13471567630767822,0.9398797154426575,-0.03336746618151665,-0.1393042951822281,0.9351195096969603,0.3836475610733032,-0.40998998284339905,0.018176933750510212,0.09059240669012067,0.11223628371953964,-0.00664603291079402,-0.7764604687690736
0.011577442288398743,0.08273329585790634,0.7618005871772766,-0.2980769276618957,-0.04555918276309967,0.004608448129147291,0.9534428715705872,0.1579446643590927,0.20744757354259488,0.44643089175224304,0.1915621757507324,-0.28594234585762024,-0.1547320187091827,-0.27378609776496887,-0.4690727293491364,-0.9640132188796995,0.8094615936279296,-0.3658357858657837,-0.0857204794883728,0.026516664773225784,0.010965071618556976,0.1768490374088287,0.1538749188184738,1.1224632263183592,0.08780557662248611,0.8572298288345338,-0.0445440448820591,-0.1610250622034073,0.994168221950531,0.3765067160129547,-0.4931028187274933,0.053678464144468314,0.07501429319381715,0.10302013903856276,-0.029403921216726303,-0.7612854838371277
0.011774230748414992,0.0802568793296814,0.7572784423828125,-0.3273102641105652,-0.04915001243352889,0.009086261503398418,0.9435940384864808,0.16001605987548828,0.17855428159236908,0.40790972113609314,0.1342880129814148,-0.28220105171203613,-0.16922995448112488,-0.259377121925354,-0.5396811366081238,-1.01336932182312,0.8790359497070312,-0.3920966386795044,-0.0655771940946579,0.07612571120262147,-0.01925980858504772,0.17127372324466705,0.41183409094810486,1.0276062488555908,0.2379188686609268,0.7688333988189697,-0.012603132985532284,-0.15191616117954254,1.074629545211792,0.3703433275222778,-0.5766801834106445,0.08993397653102873,0.06328681111335753,0.09356475621461868,-0.059494826942682266,-0.7300363183021545
0.011397074908018112,0.07826656848192216,0.7583484053611755,-0.3615522384643554,-0.049533341079950326,0.012479033321142197,0.9309515357017517,0.1334124356508255,0.1705479472875595,0.33901798725128174,0.1380215287208557,-0.2632817029953003,-0.1776363104581833,-0.2080096900463104,-0.5787646174430847,-1.0792418718338013,0.8947916030883789,-0.40311655402183527,-0.0442935973405838,0.1149945631623268,-0.043637149035930634,0.16374313831329343,0.5636204481124878,0.8979206681251526,0.3131730854511261,0.6512874960899353,0.03993228450417519,-0.1506570726633072,1.1774121522903442,0.37461298704147333,-0.6275987029075624,0.1225840076804161,0.06232685223221778,0.06522516161203384,-0.09281522780656815,-0.7287060022354126
0.011509988456964493,0.07788686454296112,0.7639912366867065,-0.4008778929710388,-0.04169345647096634,0.002106291241943836,0.9151797890663147,0.05623551085591316,0.21047496795654297,0.25965017080307007,0.26857689023017883,-0.27530235052108765,-0.17290779948234558,-0.13046415150165555,-0.5560473799705504,-1.163753867149353,0.8578769564628601,-0.3817696273326874,-0.02603613398969173,0.149959459900856,-0.02949582971632481,0.15512950718402863,0.6697454452514648,0.7454991936683655,0.34225112199783325,0.5228116512298584,0.09700699150562286,-0.15879175066947937,1.2598624229431152,0.3708305656909943,-0.6448264718055725,0.1623405963182449,0.06418436020612717,0.02205582335591316,-0.12414134293794632,-0.7400904297828673
0.012985046952962875,0.07816752791404723,0.7716147899627684,-0.4498484432697296,-0.03029722347855568,-0.016288019716739655,0.8924422264099121,-0.06820089370012283,0.2632959485054016,0.21599847078323364,0.45556613802909846,-0.2975049316883087,-0.15026190876960754,-0.05011824518442154,-0.5015993118286133,-1.243579626083374,0.7870851755142213,-0.34181034564971924,-0.0005406332202255726,0.17703396081924438,0.009251747280359266,0.14645366370677948,0.7230369448661805,0.6010237336158752,0.29564976692199707,0.4135652780532837,0.1434079259634018,-0.18049375712871552,1.296160101890564,0.3677547872066498,-0.6331326365470886,0.20118921995162964,0.05415448546409607,-0.026056481525301933,-0.14377887547016144,-0.7540838718414306
0.015694744884967804,0.07674224674701689,0.7779994010925294,-0.5093598365783691,-0.02214946039021015,-0.025272246450185772,0.859897255897522,-0.14803278446197507,0.2956356704235077,0.2957597076892853,0.5509065985679625,-0.2904725670814514,-0.11040174961090088,0.028634479269385334,-0.46846640110015864,-1.3175306320190427,0.7062745094299316,-0.30116596817970276,0.03226141631603241,0.1902489811182022,0.03734259679913521,0.14463575184345245,0.7478898763656616,0.4757350981235504,0.2074557989835739,0.33011794090271,0.16715843975543976,-0.1929939836263657,1.2772607803344727,0.36865153908729553,-0.6114123463630676,0.22778666019439697,0.02441720105707645,-0.06584896147251129,-0.15531541407108307,-0.7608404755592345
0.02046576514840126,0.07277712225914001,0.782352328300476,-0.5738033652305603,-0.01892719976603985,-0.02601788379251957,0.8183608651161194,-0.1649029403924942,0.3075207769870758,0.49743875861167913,0.5545219779014587,-0.2634803652763366,-0.05686802417039871,0.10940615087747572,-0.4573222100734711,-1.359444260597229,0.6446856856346129,-0.2666007578372956,0.0389382429420948,0.1900834888219833,0.0530594177544117,0.1461624801158905,0.7751203179359437,0.3784993588924408,0.122586227953434,0.25640869140625,0.1754058003425598,-0.1873725652694702,1.2107185125350952,0.36212435364723206,-0.5967149138450624,0.24891817569732663,-0.01075537409633398,-0.08153461664915085,-0.16754812002182007,-0.7536726593971251
0.027245204895734784,0.06557433307170868,0.7833712697029114,-0.6364113688468933,-0.013737456873059273,-0.02867994457483292,0.7706940174102782,-0.12945254147052765,0.3127202093601227,0.7488448023796082,0.5238663554191588,-0.2766683101654053,-0.004769438877701759,0.20651571452617645,-0.44201773405075073,-1.3629381656646729,0.6170467734336853,-0.23563721776008603,0.0230419896543026,0.1877273321151733,0.07509523630142213,0.1397774368524551,0.8268256783485411,0.3010954260826111,0.06670936197042465,0.1492910534143448,0.1939552873373032,-0.16676843166351318,1.127702713012695,0.3414834141731262,-0.5923176407814026,0.2734033465385437,-0.02474759705364704,-0.08580479025840758,-0.1766032576560974,-0.7331955432891845
0.03522356599569321,0.054349817335605614,0.7821094989776611,-0.6978568434715271,-0.0001351972750853747,-0.03367551043629646,0.7154452204704285,-0.1292656809091568,0.29984068870544434,0.7908209562301636,0.5056249499320984,-0.3182935416698456,0.028600767254829407,0.2963443696498871,-0.4029674232006073,-1.2520527839660645,0.5911240577697754,-0.14591075479984283,0.06253527104854584,0.18674808740615845,0.10739129036664961,0.1222151517868042,0.8991070985794067,0.2484722435474396,0.037630081176757806,-0.006162098608911037,0.21393321454524997,-0.1523754596710205,1.04865300655365,0.3240683674812317,-0.5876739621162416,0.30164504051208496,0.012934407219290732,-0.0807524099946022,-0.1730116903781891,-0.6998291611671448
0.04266128689050674,0.041126105934381485,0.7814218997955321,0.7545223236083984,-0.014794557355344296,0.03243375942111015,-0.6553055047988892,-0.15705177187919617,0.2593035697937012,0.6219574213027954,0.493617594242096,-0.32593196630477905,0.026069369167089462,0.31522634625434875,-0.36221113801002497,-0.9195983409881592,0.6044520139694214,-0.04767453297972679,0.16789555549621582,0.1665513664484024,0.13066405057907104,0.10646595060825348,0.9371194243431091,0.23178841173648837,0.0018053739331662653,-0.20886746048927307,0.21873770654201508,-0.1452089250087738,1.004929780960083,0.3082878291606903,-0.5809198617935181,0.3259812891483307,0.11436834186315536,-0.051778044551610954,-0.17347879707813263,-0.6483027338981628
0.05070353299379349,0.028670603409409523,0.7826324701309203,0.8023501634597777,-0.02539784647524357,0.024141637608408928,-0.595824122428894,-0.157755047082901,0.20206299424171448,0.4687510132789612,0.4743267297744751,-0.3209828734397888,0.01624198630452156,0.2888748347759247,-0.3315818905830384,-0.6060020327568054,0.7709886431694031,-0.07754402607679367,0.21363914012908933,0.14571130275726318,0.14117194712162015,0.104153573513031,0.9104217886924744,0.2498526871204376,-0.04383215308189392,-0.4432074725627899,0.22970661520957944,-0.11394595354795456,0.9631069898605346,0.26765114068984985,-0.5630192756652832,0.3540881872177124,0.2811246514320373,-0.009596010670065882,-0.18046438694000244,-0.5831184983253479
0.05899808183312416,0.018533712252974514,0.7843357920646667,0.840883195400238,-0.0350857712328434,0.013923335820436476,-0.5398987531661987,-0.1432612836360931,0.15264572203159332,0.3455606997013092,0.46033459901809687,-0.3140835165977478,0.010056423023343086,0.27210649847984314,-0.32250192761421204,-0.44288548827171326,1.0680606365203855,-0.17649337649345395,0.18358783423900604,0.12811546027660367,0.15164600312709808,0.11166775226593016,0.8097007274627684,0.29117500782012934,-0.0930449962615967,-0.6874723434448241,0.25289374589920044,-0.05961630120873451,0.8735156655311584,0.19919426739215848,-0.5400341749191284,0.3901417851448059,0.5004922747612,0.029593095183372498,-0.18327456712722776,-0.5044482350349425
0.06641650199890137,0.0105367349460721,0.7857661247253419,0.8737326264381408,-0.045770641416311264,0.004631629679352045,-0.4842259287834168,-0.132608562707901,0.11597896367311476,0.23334474861621857,0.4630196988582611,-0.31108158826828,0.00964867789298296,0.28484076261520386,-0.345838338136673,-0.397038459777832,1.3993771076202393,-0.2855333387851715,0.10757853835821152,0.10702233016490936,0.16637955605983734,0.12475763261318205,0.6377906203269958,0.34612536430358887,-0.12809854745864868,-0.8868600130081176,0.2797392010688782,-0.004657953046262264,0.7469013929367065,0.12679769098758695,-0.5144773125648499,0.4260278642177582,0.7202419638633728,0.07325669378042221,-0.17957405745983124,-0.4358753561973572
0.07245138287544249,0.004264218267053366,0.7868003249168397,0.901771068572998,-0.05516147613525391,-0.0036415839567780495,-0.42866405844688416,-0.12835298478603363,0.08534184843301773,0.13355727493762967,0.4769907593727112,-0.3144262135028839,0.015712052583694458,0.31202933192253113,-0.3768473267555237,-0.38426545262336725,1.715272307395935,-0.3907165229320526,0.035148367285728455,0.08026585727930069,0.17786568403244019,0.13995809853076935,0.4277430176734924,0.4086337089538574,-0.1345158815383911,-0.9989894032478333,0.2772062420845032,0.03635260090231896,0.6332682371139526,0.0780087038874626,-0.49023100733757013,0.4490559995174408,0.8819724321365356,0.12702979147434235,-0.17825335264205933,-0.39999184012413025
0.0771706774830818,-0.0011694773565977812,0.7866840362548829,0.92502361536026,-0.061896439641714096,-0.010070474818348885,-0.37469813227653503,-0.12742920219898224,0.056745976209640496,0.04753296449780464,0.4935166537761688,-0.3220997154712677,0.02662305347621441,0.3293271064758301,-0.3970810770988464,-0.35567358136177063,1.9980220794677732,-0.4748980700969696,-0.01616286300122738,0.04975634068250656,0.18278272449970245,0.15192556381225583,0.21247635781764984,0.4677715599536896,-0.12152260541915892,-1.0402264595031738,0.24624131619930267,0.061801210045814514,0.5558006763458252,0.06057961657643318,-0.472454845905304,0.4554007351398468,0.9700697660446168,0.18250228464603424,-0.17857080698013303,-0.38891297578811646
0.0808665081858635,-0.0067139039747416964,0.7855721712112426,0.9441601634025572,-0.06470151245594025,-0.014308801852166653,-0.3227546513080597,-0.1296469122171402,0.02810496836900711,-0.023985290899872776,0.5089844465255737,-0.32780805230140686,0.039207223802804954,0.32412657141685486,-0.39165791869163513,-0.2882228195667267,2.2422633171081543,-0.5416590571403505,-0.037168342620134354,0.014051196165382862,0.1784101277589798,0.1607683151960373,0.028245801106095317,0.5094621181488037,-0.11399953067302704,-1.0454459190368652,0.21831081807613367,0.0725862607359886,0.5088050961494446,0.07309502363204957,-0.46574419736862177,0.4478894472122192,0.9929779171943665,0.22467803955078125,-0.1761748492717743,-0.3873096108436584
0.08378732204437254,-0.01307803764939308,0.7847514152526854,0.9607093334197998,-0.06416741013526917,-0.017301158979535103,-0.26948246359825134,-0.1330486387014389,-0.0009665682446211576,-0.08278746157884596,0.5261495113372803,-0.330603301525116,0.048863280564546585,0.28339836001396174,-0.3480370044708252,-0.19257050752639768,2.428170680999756,-0.5886163115501404,-0.03181120753288269,-0.03299595043063164,0.16666269302368164,0.16825029253959656,-0.10643748193979265,0.5350561738014221,-0.13201819360256195,-1.0497485399246216,0.2146990597248077,0.06981846690177917,0.48412197828292847,0.11399179697036745,-0.47113150358200073,0.43226036429405207,0.9667818546295166,0.2543641328811645,-0.17034149169921875,-0.391380786895752
0.08764529228210449,-0.020409401506185528,0.7860741615295409,0.9745828509330748,-0.062073059380054474,-0.0222205463796854,-0.21410608291625977,-0.12960749864578247,-0.022765239700675007,-0.1174737587571144,0.5421386957168579,-0.31417638063430786,0.06539332866668701,0.2081169635057449,-0.28760388493537903,-0.10753317922353745,2.527525901794433,-0.593350887298584,-0.017184900119900703,-0.08741168677806854,0.14963260293006897,0.17274463176727295,-0.19402633607387543,0.5486051440238953,-0.16535817086696625,-1.0601789951324463,0.21655257046222687,0.067055843770504,0.46679440140724177,0.17896099388599396,-0.4818572998046875,0.4076021313667297,0.9133351445198061,0.2746632993221283,-0.16430358588695526,-0.3913238048553466
0.09222251176834105,-0.027973020449280735,0.7865984439849852,0.9856922030448912,-0.057437483221292496,-0.028447644785046577,-0.15589271485805511,-0.11345308274030684,-0.03250568360090256,-0.11240414530038832,0.5547797679901123,-0.3026085197925568,0.09399570524692535,0.07613091170787811,-0.21358081698417664,-0.023623509332537648,2.544334888458252,-0.5410820245742798,0.004021552857011557,-0.14759711921215057,0.12665143609046936,0.1796145737171173,-0.2595425546169281,0.5661492347717285,-0.20759110152721405,-1.0792438983917236,0.24150991439819333,0.057392697781324394,0.45952871441841125,0.2675563097000122,-0.5016992688179016,0.38543155789375305,0.8372100591659546,0.2869254946708679,-0.14943769574165344,-0.38860923051834106
0.09671945869922638,-0.03675756603479385,0.787398099899292,0.9931157231330872,-0.04991824179887772,-0.03678074479103088,-0.0993802547454834,-0.0951343849301338,-0.05250878259539604,-0.1295824348926544,0.5585842728614807,-0.2859964370727539,0.12240045517683028,-0.07652564346790314,-0.13067440688610077,0.024043183773756027,2.4754714965820312,-0.48699715733528137,0.03307067230343819,-0.2047774642705917,0.09309909492731094,0.18357524275779724,-0.2993995249271393,0.589543342590332,-0.24657517671585083,-1.0951275825500488,0.2645464837551117,0.05777645111083984,0.4491750597953796,0.36622977256774897,-0.5194355249404907,0.3644061386585236,0.7420436143875122,0.2862725853919983,-0.13315877318382263,-0.3730494379997253
0.10046622157096861,-0.045874856412410736,0.7867184877395629,0.9973018169403075,-0.03875776007771492,-0.04562808200716972,-0.04248560592532158,-0.07199535518884659,-0.08393816649913789,-0.1692621260881424,0.5456799268722534,-0.27689069509506226,0.141863152384758,-0.24135327339172363,-0.06635736674070358,0.04233317449688912,2.3195159435272217,-0.4506903290748596,0.0793241485953331,-0.2607828378677368,0.04776819422841072,0.18972593545913696,-0.3381398916244507,0.6206251978874208,-0.2907305359840393,-1.1043940782546997,0.2767672538757324,0.06044590100646018,0.4283856451511383,0.46592217683792114,-0.5316442847251892,0.356223464012146,0.6339517831802368,0.2481805682182312,-0.11551571637392044,-0.34822291135787964
0.10162238031625748,-0.05386720970273018,0.7860348820686339,0.9982354640960691,-0.028146566823124886,-0.05071917176246643,0.012700236402451992,-0.05354506149888039,-0.10858810693025588,-0.19857200980186465,0.5188631415367126,-0.269909530878067,0.15421099960803983,-0.3919889628887177,-0.0610957108438015,0.024202018976211548,2.1024019718170166,-0.41973668336868286,0.12925222516059875,-0.3155657649040222,0.005418540444225073,0.199532613158226,-0.3921451568603516,0.6470382809638977,-0.3457225561141968,-1.101635456085205,0.27210184931755066,0.058639805763959885,0.4000207483768463,0.5475849509239197,-0.5354426503181458,0.3684699833393097,0.532774031162262,0.1783543974161148,-0.10878708213567732,-0.3301618695259094
0.09931216388940813,-0.05957850068807602,0.787905752658844,0.9968155026435853,-0.022640308365225792,-0.05095095187425613,0.057011310011148446,-0.053400840610265725,-0.11138802766799925,-0.1748536080121994,0.4952822327613831,-0.2425371706485748,0.16128143668174744,-0.5054066181182861,-0.110641211271286,-0.0460069365799427,1.8185805082321167,-0.39553165435791016,0.15228089690208435,-0.35432884097099304,-0.021429680287837986,0.21391426026821136,-0.4586630761623383,0.66901034116745,-0.4081278145313263,-1.084064245223999,0.2576505243778229,0.05045609921216965,0.3705329895019531,0.5993489623069763,-0.5287930369377136,0.3876220285892487,0.46704599261283875,0.08904553949832915,-0.11176080256700516,-0.3136492371559143
0.09500393271446227,-0.06466073542833328,0.7892965078353882,0.9951549768447877,-0.021682461723685265,-0.04601028189063072,0.08413945138454437,-0.06992931663990021,-0.09029295295476912,-0.07392194122076033,0.47600722312927246,-0.21987359225749967,0.1693240702152252,-0.563012957572937,-0.1361941397190094,-0.13965974748134613,1.4542139768600464,-0.34604665637016296,0.18755559623241425,-0.3670438826084137,-0.031183255836367607,0.23222588002681727,-0.5179290771484375,0.6944391131401062,-0.45861080288887024,-1.0487207174301147,0.25320345163345337,0.03618092834949493,0.3500346839427948,0.6135317087173462,-0.5199802517890929,0.40424513816833496,0.44085806608200073,0.008667292073369026,-0.11048348248004912,-0.3014454841613769
0.09082665294408798,-0.0707443580031395,0.7892001271247863,0.9942845106124878,-0.028123810887336727,-0.03965084254741669,0.09505373239517215,-0.07655936479568481,-0.040761880576610565,0.06342685967683792,0.4470096230506897,-0.23693205416202545,0.16774773597717285,-0.5357257127761841,-0.113932304084301,-0.24886493384838104,1.0009946823120115,-0.25120145082473755,0.24720703065395355,-0.3535098135471344,-0.02302057109773159,0.2516004741191864,-0.5609541535377502,0.7211668491363524,-0.4954960644245148,-1.007103681564331,0.27477747201919556,0.028651548549532887,0.34019193053245544,0.6065155267715454,-0.5144945979118347,0.42245087027549744,0.4369193613529205,-0.04358974471688271,-0.09963228553533554,-0.30256593227386475
0.08880441635847092,-0.07912440598011018,0.7835859060287476,0.9947144985198975,-0.03734811395406723,-0.03832852095365524,0.08763065934181213,-0.06317941844463348,0.007706053089350463,0.13711701333522797,0.42364925146102905,-0.2925970256328583,0.1283571571111679,-0.44008988142013544,-0.050619397312402725,-0.41505596041679377,0.5224174857139587,-0.07151900231838225,0.2555559277534485,-0.3030909597873688,-0.012251163832843304,0.2714264988899231,-0.5851655602455139,0.7583984136581421,-0.4966171681880951,-0.975802481174469,0.30121004581451416,0.02528301626443863,0.33043691515922546,0.574988067150116,-0.5105261206626892,0.442139208316803,0.4488999843597412,-0.09047789871692656,-0.06421792507171631,-0.2983609437942505
0.08373581618070601,-0.0871116891503334,0.7759977579116821,0.9960162043571472,-0.022087223827838898,-0.04483328014612198,0.0738501027226448,-0.06598084419965744,-0.0018829053733497856,0.181989386677742,0.4696390330791473,-0.31911149621009827,0.10633881390094756,-0.46571540832519526,-0.051827922463417046,-0.4182368516921997,0.562598705291748,-0.027714619413018223,0.2568480968475342,-0.24975961446762085,-0.05207682773470879,0.30307218432426447,-0.6030709743499756,0.8008759021759033,-0.4844899773597717,-0.9378722310066224,0.3595513701438904,0.01766219176352024,0.3240647614002228,0.5195440053939819,-0.5042018294334412,0.4650607705116272,0.4766409695148468,-0.11915498226881029,-0.058847539126873016,-0.295749694108963
0.07836366444826126,-0.09129707515239716,0.7726475596427916,0.9966285228729248,-0.015317984856665134,-0.05341213196516037,0.06036636605858802,-0.07156016677618027,0.006072315387427807,0.22297176718711853,0.521979570388794,-0.3478491008281708,0.08980239927768707,-0.5462248921394348,-0.10029611736536026,-0.3868597745895386,0.9077592492103576,-0.08576155453920364,0.24544857442379,-0.2113785296678543,-0.06912270188331604,0.336887925863266,-0.5880382061004639,0.8543779850006102,-0.44486063718795776,-0.9027675986289978,0.41995444893836975,0.023610632866621017,0.31305891275405884,0.45172736048698425,-0.5057068467140198,0.4923600256443024,0.513547420501709,-0.14090847969055176,-0.06859712302684784,-0.32457292079925537
0.07343832403421403,-0.09284915030002594,0.7707144021987915,0.9970720410346986,-0.015669532120227814,-0.0577329695224762,0.04763036221265793,-0.07713192701339722,0.02284967713057995,0.2554154098033905,0.5548382997512816,-0.3712543547153473,0.08182127773761749,-0.6107218265533447,-0.1465749442577362,-0.3542569875717163,1.2412712574005127,-0.19369432330131528,0.2130505293607712,-0.18295684456825256,-0.06331750005483627,0.35360994935035706,-0.5262719988822937,0.9129127264022828,-0.38648089766502386,-0.8724058866500854,0.47641992568969727,0.02721114456653595,0.29055988788604736,0.40074622631073,-0.5136973857879639,0.5095906257629395,0.544276773929596,-0.17028407752513883,-0.0780850499868393,-0.3665077388286591
0.06891682744026184,-0.09376949071884157,0.7706418037414551,0.997742772102356,-0.02592559903860092,-0.05340312421321869,0.0313890315592289,-0.1002715528011322,0.05933109298348426,0.27289760112762446,0.5796895027160645,-0.3873935639858246,0.0770346000790596,-0.6473603844642639,-0.16678890585899353,-0.3395774066448212,1.4632813930511475,-0.27963942289352417,0.15687088668346405,-0.15523625910282135,-0.034264300018548965,0.35491296648979187,-0.3890288174152374,0.9506375193595886,-0.3014151155948639,-0.8472451567649841,0.5424324870109558,0.02438835799694061,0.2803550362586975,0.3628230094909668,-0.5190589427947998,0.5003371834754944,0.5594058036804199,-0.18343742191791532,-0.07869832217693327,-0.3982096016407013
0.06537817418575287,-0.09516671299934387,0.7734370231628419,0.9983742237091064,-0.03278490900993347,-0.04322448745369911,0.017480943351984024,-0.11777713894844057,0.08404739946126938,0.2859098017215729,0.568807065486908,-0.3750570416450501,0.0769248455762863,-0.6434029936790465,-0.2157544493675232,-0.34256866574287415,1.5781103372573853,-0.354225754737854,0.09088660776615143,-0.13249331712722778,-0.015466075390577316,0.3474254608154297,-0.19445529580116272,0.9478387236595152,-0.20259772241115567,-0.8225555419921875,0.5950599908828735,0.009528268128633501,0.2985338568687439,0.3331649601459503,-0.5162767171859741,0.473686009645462,0.5474266409873961,-0.1756279617547989,-0.07458667457103729,-0.4171693027019501
0.06430001556873322,-0.09786932170391081,0.7783821821212769,0.9987722635269165,-0.03696956485509872,-0.032235100865364075,0.006945128086954355,-0.11900006234645844,0.0977243036031723,0.2954723536968231,0.5210882425308228,-0.34147781133651733,0.07203857600688934,-0.6067113876342772,-0.2537360191345215,-0.3411067128181457,1.5808238983154297,-0.40688225626945496,0.04526470229029656,-0.11693909019231796,-0.007400523871183395,0.3362484574317932,-0.0014736285666003823,0.9072527289390565,-0.11560657620429993,-0.7800008058547973,0.6262291073799133,-0.017326466739177704,0.34159913659095764,0.3069266974925995,-0.5077338218688965,0.45971035957336426,0.5104243159294128,-0.15410290658473969,-0.0745120272040367,-0.4235769808292389
0.0651923343539238,-0.10136054456233978,0.7842476963996886,0.998831868171692,-0.042013291269540794,-0.02386396192014217,0.0005145506002008914,-0.10925352573394775,0.10933973640203476,0.3006717264652252,0.46040028333663935,-0.3019745945930481,0.060245826840400696,-0.5387357473373413,-0.2553686499595642,-0.3363130390644073,1.4714369773864746,-0.42786747217178334,0.038572002202272415,-0.10996581614017487,0.00032226255279965693,0.3236942589282989,0.15795128047466278,0.8436281085014342,-0.06326374411582947,-0.7081748843193054,0.6228097677230834,-0.04771093651652336,0.38479840755462646,0.2811754047870636,-0.49992427229881287,0.4618238806724548,0.45739111304283137,-0.14937587082386017,-0.08111591637134552,-0.4216346144676208
0.0663880854845047,-0.10573360323905943,0.7886075973510742,0.9987934827804563,-0.045591872185468674,-0.01823337934911251,-0.0006985905347391963,-0.10245595127344131,0.11947927623987196,0.3068382143974304,0.4154185056686401,-0.2749170958995819,0.04416551813483238,-0.44492837786674494,-0.22953760623931885,-0.32971426844596863,1.2589924335479736,-0.4139571189880371,0.06755813211202621,-0.10670146346092224,0.006056472659111023,0.30940255522727966,0.27721574902534485,0.7761154770851134,-0.04368829727172852,-0.5973578095436096,0.5837887525558472,-0.06578193604946136,0.41146594285964966,0.2607875466346741,-0.49254903197288513,0.4640946388244629,0.40163886547088623,-0.15789033472537994,-0.09671562165021896,-0.422562301158905
0.06811115145683289,-0.11036254465579987,0.7896925210952759,0.9988794326782225,-0.04508867114782333,-0.014281134121119976,0.0017206126358360052,-0.11086950451135635,0.12575605511665344,0.31112930178642273,0.41441866755485535,-0.2735203802585602,0.0277191624045372,-0.3193228542804718,-0.19913563132286072,-0.3380274176597595,0.9442706704139708,-0.3420734107494354,0.11232968419790268,-0.10008688271045683,0.005063065327703953,0.29438894987106323,0.3622030019760132,0.720551073551178,-0.04187212884426117,-0.43785804510116577,0.5313289165496825,-0.06711228936910629,0.42214006185531616,0.2535077035427093,-0.48187047243118286,0.4520900845527649,0.34736865758895874,-0.16604092717170715,-0.11687596887350082,-0.4291156828403473
0.0693296417593956,-0.1153811290860176,0.7849884629249572,0.9991763234138488,-0.038236476480960846,-0.011674622073769568,0.006953427102416754,-0.12985803186893463,0.12603552639484403,0.31078359484672546,0.4534592032432556,-0.29612207412719727,0.0007438077009283006,-0.1714000254869461,-0.1644267737865448,-0.355920284986496,0.5719460248947144,-0.2082102447748184,0.15695609152317047,-0.09177597612142563,-0.007531817071139812,0.2802608609199524,0.4202722609043121,0.6803396940231323,-0.05729571729898453,-0.24683658778667447,0.4814482033252716,-0.06493639200925827,0.39947652816772466,0.2553495764732361,-0.4629348516464233,0.4191720187664032,0.2870667576789856,-0.15719659626483917,-0.1397278606891632,-0.44018471240997314
0.06927195191383362,-0.12223908305168152,0.7762572169303894,0.9995062947273254,-0.02414898388087749,-0.01298073213547468,0.01534613501280546,-0.14961494505405426,0.11641399562358856,0.31272652745246887,0.5207576155662537,-0.3315219283103943,-0.04204441234469414,-0.053007207810878754,-0.1586206704378128,-0.38791766762733454,0.3303808569908142,-0.2323046177625656,0.17387793958187103,-0.07660038769245148,-0.03300955519080162,0.2733428478240967,0.42735335230827326,0.6677846312522888,-0.0999085456132889,-0.044226963073015206,0.457150399684906,-0.05622248724102974,0.3719421029090881,0.2783386707305908,-0.4305373430252075,0.3683605194091797,0.22925856709480283,-0.1419847011566162,-0.1561385691165924,-0.4576679766178131
0.06731105595827103,-0.12786102294921875,0.7709928154945372,0.9990797638893129,-0.03877882659435272,-0.0158133152872324,0.009260004386305807,-0.20629471540451047,0.18322874605655673,0.30177685618400574,0.6566079258918761,-0.374694287776947,-0.11886243522167204,-0.06571705639362335,-0.11939602345228197,-0.38294509053230286,0.3526213765144348,-0.2417086213827133,0.12386566400527954,-0.0427408404648304,0.005167820490896702,0.2890450954437256,0.39532637596130366,0.6363539695739746,-0.11808676272630692,0.15694424510002136,0.4636664390563965,-0.052418380975723274,0.34758856892585754,0.2677997648715973,-0.4036627113819122,0.32974135875701904,0.2224207818508148,-0.09603597968816756,-0.15954408049583435,-0.49254482984542847
0.06498502194881439,-0.13010793924331665,0.7704757452011107,0.9991106390953065,-0.04081631824374199,-0.0105572659522295,0.0007087307167239487,-0.24065978825092316,0.21498730778694153,0.32559192180633545,0.706797182559967,-0.36557477712631226,-0.1785190999507904,-0.08983657509088515,-0.10964036732912064,-0.367702841758728,0.36184272170066833,-0.23050864040851596,0.11491104960441588,-0.013570367358624935,0.0173503290861845,0.2870788872241974,0.3681820333003998,0.5798404812812805,-0.10432082414627077,0.33018890023231506,0.4479712545871735,-0.03607940673828125,0.3503155708312988,0.23675645887851715,-0.3911118805408478,0.33222743868827814,0.26982513070106506,-0.06490927189588547,-0.15327997505664823,-0.5081249475479126
0.0640040934085846,-0.13225480914115903,0.7733676433563232,0.999407172203064,-0.03373817354440689,-0.006794295273721217,0.000933016650378704,-0.239282950758934,0.24001979827880857,0.35840272903442383,0.7003637552261353,-0.35401311516761774,-0.1837223917245865,-0.09321608394384384,-0.12083268165588378,-0.3615431487560272,0.35027214884757996,-0.21971644461154935,0.11582054197788239,-0.0015293157193809748,0.007465059868991376,0.27589845657348633,0.3458199799060821,0.5145997405052185,-0.09062498062849043,0.44438853859901434,0.4331953525543213,-0.021978514268994328,0.35867178440093994,0.213385745882988,-0.3892430365085602,0.3621557354927063,0.3397513329982757,-0.06822241842746735,-0.13239766657352448,-0.4855153858661652
0.06451910734176636,-0.13513994216918945,0.7776676416397095,0.9995950460433961,-0.02745893597602844,-0.003770798444747925,0.0064481114968657485,-0.23205119371414185,0.2713987529277801,0.3542097508907318,0.6667742729187012,-0.33939382433891296,-0.1553327739238739,-0.07673007994890213,-0.12776672840118408,-0.3658340275287628,0.3084358274936676,-0.1986800283193588,0.12411954253911972,-0.0017205948242917657,-0.0005534190568141639,0.25775086879730225,0.3285762369632721,0.4627549350261688,-0.10775201022624968,0.5034255385398865,0.42315980792045593,-0.03454647958278656,0.3596920967102051,0.19335052371025083,-0.3912313580513,0.3998091220855713,0.4162738621234894,-0.0718684047460556,-0.12261842191219328,-0.4494164884090424
0.06605991721153259,-0.1368626058101654,0.7820426821708678,0.9996719956398009,-0.02116277255117893,0.0003962210030294954,0.014417652040719984,-0.21781659126281736,0.27945563197135925,0.30250251293182373,0.5796076655387878,-0.2916025221347809,-0.15271726250648499,-0.05706869438290596,-0.13535653054714203,-0.3759217262268066,0.2562978267669678,-0.16956505179405212,0.13909408450126648,-0.00841950811445713,-0.00889164861291647,0.23619818687438965,0.3121009171009064,0.4344483315944672,-0.1576348841190338,0.5361576080322266,0.4230902493000031,-0.05274683237075806,0.3521040081977844,0.18418292701244357,-0.3870478272438049,0.4273417592048645,0.48196902871131897,-0.07294873893260957,-0.12371022254228592,-0.415209710597992
0.06710194051265717,-0.13725067675113675,0.7844845652580261,0.9995677471160888,-0.015295871533453465,0.005232359282672404,0.024555526673793793,-0.1953644901514053,0.28031596541404724,0.2456022351980209,0.4737721979618073,-0.2247665375471115,-0.1726652830839157,-0.04537825658917427,-0.14707171916961667,-0.3889530301094055,0.22683995962142944,-0.153549924492836,0.15246082842350006,-0.01917794905602932,-0.017015842720866203,0.21454235911369324,0.2949675023555756,0.4181454181671143,-0.21032510697841644,0.5641624927520752,0.42763829231262207,-0.057332489639520645,0.34525230526924133,0.18766389787197116,-0.37397721409797674,0.4460924565792084,0.5373958349227905,-0.06607169657945633,-0.12028463929891586,-0.391682356595993
