0.05749044939875603,-0.018444864079356197,0.781577229499817,0.9999332427978516,0.010748296976089476,-0.003857941366732121,0.0017653859686106443,-0.000950803339947015,0.08182679116725922,0.26449215412139887,0.1949995905160904,-0.21087302267551425,-0.0758504569530487,0.0795527771115303,-0.1558823138475418,-0.38100525736808777,0.259626179933548,-0.2720930874347687,0.15913347899913788,-0.0851869285106659,-0.010553461499512196,0.14533878862857819,0.11697851866483688,0.30122724175453186,-0.41502276062965393,0.8698943853378295,0.11124560236930849,-0.1020168289542198,-0.11100341379642487,0.1558220237493515,-0.21073192358016968,0.24648185074329376,0.9008767008781432,-0.21560546755790713,-0.01452375203371048,0.05070616677403449
0.054159350693225854,-0.017789781093597412,0.7801800966262817,0.9999343752861024,0.009482195600867271,-0.001175550860352814,-0.006318479776382446,-0.03736775368452072,0.0962160900235176,0.2748290002346039,0.2585062384605408,-0.2418502867221832,-0.0689927414059639,0.043700043112039566,-0.16186468303203583,-0.3643285036087036,0.310251384973526,-0.2918231189250946,0.1611441671848297,-0.08017465472221375,-0.0047563472762703896,0.1564912647008896,0.11530876904726028,0.2999994456768036,-0.39902204275131226,0.8545602560043336,0.1035437062382698,-0.10683552175760268,-0.1060979664325714,0.1460898518562317,-0.21473346650600436,0.23573823273181915,0.8969641327857971,-0.20763269066810608,-0.015219671651721,0.048432022333145135
0.050321083515882485,-0.01667126454412937,0.7762280702590942,0.9998382925987245,0.008482859469950199,-0.000942794664297253,-0.01582961529493332,-0.08601237088441847,0.10925500094890594,0.2634422779083252,0.35716480016708374,-0.30085527896881104,-0.05439526587724686,-0.009987929835915565,-0.17592133581638336,-0.34315234422683716,0.40877565741539,-0.32987797260284424,0.15538005530834198,-0.0723888725042343,0.0009566746884956958,0.17948128283023834,0.1073586493730545,0.2925744950771332,-0.3767749965190888,0.8475087881088256,0.10957685112953186,-0.11534079164266586,-0.08077256381511688,0.12816408276557922,-0.21637845039367676,0.21941898763179776,0.8965060710906982,-0.18985988199710843,-0.023251270875334736,0.041703280061483376
0.0470639318227768,-0.015026770532131197,0.7671919465065001,0.9995340108871461,0.011591686867177486,-0.007828558795154095,-0.02713099867105484,-0.12576808035373688,0.09003110975027084,0.19648893177509308,0.4635811448097229,-0.3603498339653015,-0.05630108714103699,-0.07172968238592148,-0.2041286379098892,-0.3131307065486908,0.5526812076568604,-0.39459362626075745,0.14602743089199066,-0.06454966962337494,-0.0042374650947749615,0.21039818227291107,0.10305893421173096,0.2842555642127991,-0.3413269817829132,0.8485152721405029,0.12110665440559389,-0.12191297858953476,-0.05677486211061478,0.1082502007484436,-0.21921193599700928,0.2097290605306625,0.8940742611885072,-0.17548678815364835,-0.02903267927467823,0.023210251703858372
0.04398481920361519,-0.01235668919980526,0.7544476389884948,0.9989840984344481,0.016796793788671494,-0.016899248585104942,-0.038249626755714417,-0.16972310841083527,0.08069397509098053,0.18190817534923556,0.5963585376739502,-0.41329625248909,-0.06270640343427658,-0.13558253645896912,-0.23746216297149655,-0.27655303478240967,0.7150795459747313,-0.46634286642074574,0.13132773339748383,-0.062102060765028,-0.013527200557291508,0.23959049582481384,0.09835977852344513,0.26862126588821406,-0.2853067219257355,0.8581281900405883,0.15085522830486295,-0.12545908987522125,-0.01398894377052784,0.08230697363615037,-0.22058717906475067,0.20027837157249448,0.8850054740905762,-0.15956370532512665,-0.03927626088261604,0.0027042380534112453
0.0421191044151783,-0.009065119549632072,0.7382069826126098,0.998159646987915,0.025816207751631737,-0.025518363341689106,-0.0485764741897583,-0.2125120311975479,0.07367298752069473,0.19609545171260837,0.7393541336059569,-0.482611894607544,-0.051275275647640235,-0.2012726068496704,-0.27529776096343994,-0.2329100966453552,0.8768117427825927,-0.5391996502876282,0.12135703861713408,-0.060099367052316666,-0.02977216802537441,0.26179376244544983,0.09301179647445679,0.2509881854057312,-0.21664366126060483,0.8685301542282104,0.18014055490493774,-0.12716300785541534,0.04459512606263161,0.06526745110750198,-0.22220221161842343,0.1797589212656021,0.8574641942977905,-0.12301088124513626,-0.056389350444078445,-0.03124653920531273
0.04116135090589523,-0.006123485043644905,0.7216438055038451,0.9972249269485473,0.03721319511532784,-0.029490299522876736,-0.057339929044246674,-0.25014176964759827,0.06342411786317825,0.22106051445007324,0.8535829186439513,-0.5417040586471558,-0.04172614961862564,-0.26104494929313654,-0.31254410743713373,-0.19115768373012543,1.0051060914993286,-0.6074355244636536,0.12346940487623213,-0.0607566125690937,-0.050656884908676154,0.2690809965133667,0.09318235516548157,0.24066485464572904,-0.15308034420013428,0.8572896122932434,0.1962228566408157,-0.12396052479743956,0.09425540268421172,0.05684798210859299,-0.22304233908653257,0.15401585400104523,0.8150649070739746,-0.07837928086519241,-0.07318418473005296,-0.07081004977226257
0.042146071791648865,-0.004854818806052208,0.7108996510505676,0.9966656565666199,0.04103444516658783,-0.025400118902325634,-0.06579162180423737,-0.28184255957603455,0.07027721405029297,0.24175009131431577,0.9212799668312072,-0.5815956592559814,-0.03821970894932746,-0.3017033636569977,-0.3237026929855346,-0.16902516782283783,1.0629485845565796,-0.6498432755470276,0.1277804970741272,-0.0606442354619503,-0.05637409538030624,0.25875547528266907,0.10730237513780592,0.24412694573402405,-0.10338792204856873,0.8048878312110899,0.19774314761161804,-0.12365174293518066,0.12288086861371994,0.050902944058179855,-0.22723817825317383,0.13408896327018735,0.7692267298698425,-0.044858548790216446,-0.08365222811698914,-0.09711569547653198
0.04402496665716171,-0.004657931160181761,0.7103633284568787,0.996243417263031,0.03727351129055023,-0.01861690543591976,-0.0759161114692688,-0.29150789976119995,0.0906822308897972,0.2577108144760132,0.931244909763336,-0.5888612866401672,-0.03889858722686768,-0.3151026666164398,-0.3079378604888916,-0.16266877949237823,1.0523467063903809,-0.649117112159729,0.12603068351745603,-0.05436721444129944,-0.04673472791910172,0.24325942993164065,0.1393524557352066,0.2632390558719635,-0.07751072198152542,0.7061722874641417,0.18553565442562103,-0.13041852414608,0.1262122243642807,0.05070726573467255,-0.24053892493247983,0.1344459354877472,0.713618278503418,-0.03725763037800789,-0.08518090099096298,-0.09976371377706528
0.046057205647230155,-0.005568310618400574,0.7214022874832153,0.9958416223526002,0.028899962082505223,-0.010031733661890028,-0.08581158518791199,-0.27613013982772827,0.11295500397682189,0.2683756649494171,0.8730358481407164,-0.5513506531715393,-0.04365738853812218,-0.3031504154205322,-0.27489641308784485,-0.17239844799041748,0.9785861372947693,-0.599801540374756,0.11971430480480194,-0.04413387551903725,-0.02528563141822815,0.2251363694667816,0.18961445987224576,0.30113983154296875,-0.07986124604940414,0.5645009279251099,0.15998058021068573,-0.14021605253219604,0.09645669162273408,0.06713566929101944,-0.2662367820739746,0.1494911015033722,0.6369402408599854,-0.04939926043152809,-0.08293655514717102,-0.07712891697883606
0.04714789241552353,-0.0069615887477993965,0.7411715984344481,0.995851457118988,0.01914975605905056,-1.417147086613113e-05,-0.08895619213581085,-0.25092977285385126,0.1290282905101776,0.2701342701911926,0.7697781324386596,-0.46338993310928334,-0.044866234064102166,-0.26586511731147766,-0.23826396465301516,-0.20170600712299344,0.8516703248023987,-0.5087133646011353,0.1062001883983612,-0.037725161761045456,0.0006585032679140568,0.21066007018089292,0.24032084643840787,0.3626300096511841,-0.10342281311750412,0.3919414281845093,0.1346432864665985,-0.15354609489440915,0.049954898655414574,0.10045232623815536,-0.2976257801055908,0.15724031627178192,0.5406814217567444,-0.05713323876261711,-0.08564663678407669,-0.038273662328720086
0.04694888740777969,-0.00937174167484045,0.7642657756805421,0.9966787695884703,0.010143747553229332,0.012330635450780392,-0.0798528343439102,-0.2580045163631439,0.13446246087551117,0.23893891274929047,0.6880990266799927,-0.328201025724411,-0.040037896484136574,-0.2227211892604828,-0.20082493126392365,-0.22941353917121887,0.7026991248130798,-0.3832134008407593,0.09139439463615416,-0.0385076105594635,0.02334198728203773,0.20081563293933868,0.27418041229248047,0.44810527563095087,-0.12914219498634338,0.2266710549592972,0.11629384756088255,-0.17056973278522491,0.002407762920483947,0.1443534642457962,-0.3200531601905823,0.14902935922145844,0.45623350143432617,-0.04493528977036476,-0.0873374342918396,-0.007758582942187785
0.046134460717439645,-0.012898027896881104,0.783573567867279,0.9978243708610535,0.004362659063190222,0.02448110841214657,-0.06105928122997284,-0.2799086272716522,0.11616256833076476,0.16829709708690643,0.6207310557365417,-0.19709880650043488,-0.04692046716809273,-0.17257408797740936,-0.17042210698127747,-0.2548103332519531,0.549640417098999,-0.2600303292274475,0.08859432488679884,-0.04359645769000053,0.03840152919292449,0.19402524828910828,0.288888156414032,0.5470027327537537,-0.14474360644817352,0.0883733481168747,0.1075906679034233,-0.1860644817352295,-0.03265988826751709,0.19450098276138303,-0.32862943410873413,0.12643517553806305,0.39710748195648193,-0.01932686753571033,-0.09434334188699722,0.016756698489189148
0.045716293156147,-0.016093678772449493,0.7951231002807617,0.9987270236015322,0.0038778809830546375,0.03574011474847793,-0.035382818430662155,-0.28263428807258606,0.06728760153055191,0.09132859855890274,0.53522127866745,-0.1148671954870224,-0.08755286782979965,-0.1179669201374054,-0.15620902180671692,-0.29600343108177185,0.4048125147819519,-0.18559195101261136,0.09164012968540192,-0.050814684480428696,0.04214755818247795,0.18508683145046237,0.2725028395652771,0.6467897295951843,-0.15122514963150024,-0.01920769363641739,0.10765614360570908,-0.19999057054519653,-0.05081053450703621,0.24894437193870544,-0.3235493302345276,0.0951518416404724,0.3549310266971588,0.01750676892697811,-0.10799161344766615,0.019685730338096615
0.04555285722017288,-0.01796381175518036,0.7990072965621949,0.9990179538726807,4.215303761156974e-06,0.04365885630249977,-0.007554033305495977,-0.2886225879192352,0.03981506824493408,0.054898444563150406,0.5073268413543701,-0.09475013613700865,-0.1020984798669815,-0.06595420092344284,-0.13620294630527496,-0.3426325917243957,0.2900461256504059,-0.1442323625087738,0.10198120772838593,-0.05882776901125908,0.05311698094010353,0.17818844318389893,0.22652931511402127,0.7241659760475159,-0.1511453092098236,-0.08904962241649628,0.11677876859903336,-0.20999601483345032,-0.06396761536598206,0.30107647180557245,-0.3126615583896637,0.06682456284761429,0.3355778753757477,0.0604732483625412,-0.127150759100914,0.0038327069487422705
0.04574055224657059,-0.017805065959692,0.7984023690223693,0.9986469149589537,-0.006912404671311378,0.048314720392227166,0.01794985495507717,-0.2989570498466492,0.029401713982224464,0.049406066536903374,0.5125607848167419,-0.1004573181271553,-0.0870320200920105,-0.03731940314173698,-0.11978477239608765,-0.390119194984436,0.23913520574569705,-0.1228327378630638,0.12440136075019836,-0.06788504868745804,0.069940946996212,0.17713600397109985,0.15750543773174283,0.7658612132072448,-0.1451048105955124,-0.13748028874397275,0.158056303858757,-0.213325709104538,-0.06871064007282257,0.33795312047004694,-0.3053561747074127,0.039428643882274635,0.3447097241878509,0.09927516430616377,-0.15234294533729553,-0.01901296898722649
0.045627817511558526,-0.015206567011773586,0.7972127199172973,0.9980368614196776,-0.011960672214627264,0.04943503811955452,0.036545567214488976,-0.2767992913722992,0.021061846986413,0.06575069576501846,0.4726882874965668,-0.10962795466184616,-0.04529109224677086,-0.07964280992746353,-0.1442847102880478,-0.40851080417633057,0.36022305488586426,-0.12501513957977295,0.16329115629196167,-0.0806986466050148,0.0779823213815689,0.18385700881481168,0.08891866356134415,0.7649776339530944,-0.12205147743225096,-0.1733812838792801,0.22763368487358093,-0.2109986245632172,-0.06220494210720062,0.3461668193340301,-0.31140398979187006,0.016380148008465767,0.39531064033508306,0.12309664487838744,-0.1746322065591812,-0.029527608305215836
0.04348920285701752,-0.011784035712480543,0.7980449795722961,0.9980098009109496,-0.016160795465111732,0.04619495943188667,0.03976546972990036,-0.23941670358181,0.019206177443265915,0.0751107335090637,0.4107685983181,-0.11575530469417572,-0.007719494402408598,-0.2361096292734146,-0.19764573872089383,-0.3335532248020172,0.6896559000015259,-0.1019720435142517,0.2038570940494537,-0.09364913403987885,0.07801694422960281,0.20259559154510495,0.04493576660752296,0.7277286648750305,-0.06245947256684303,-0.19848226010799408,0.3163161277770996,-0.19728726148605344,-0.05998876318335533,0.32123059034347534,-0.33610865473747253,-0.006828462705016136,0.4536717534065247,0.1234702095389366,-0.17909398674964905,-0.03394213318824768
0.03909597173333168,-0.009145110845565796,0.7987412810325623,0.9985445141792296,-0.024114001542329788,0.03705190122127533,0.030895907431840897,-0.19444420933723447,0.03432326391339302,0.09552936255931854,0.36253660917282093,-0.1400073915719986,0.009227344766259192,-0.4613484144210816,-0.191517174243927,-0.17712987959384918,1.0748326778411863,-0.06918542832136154,0.21805201470851895,-0.11479735374450684,0.08082224428653717,0.2392236143350601,0.026795536279678345,0.6777403950691223,0.0054759252816438675,-0.23465806245803836,0.44105991721153254,-0.18517088890075684,-0.06814419478178024,0.28914308547973633,-0.3722680807113648,-0.033628206700086594,0.47947540879249567,0.11727538704872131,-0.1690748035907745,-0.05111974477767944
0.036499883979558945,-0.009310195222496986,0.7976251840591431,0.9983830451965331,-0.046871401369571686,0.026535943150520325,0.0181721244007349,-0.16841590404510498,0.09374821931123731,0.09867749363183977,0.3656376004219055,-0.20035503804683685,0.00929454620927572,-0.6269215941429137,-0.1209869235754013,-0.09364793449640274,1.363476514816284,-0.12427596002817153,0.19070021808147433,-0.13941654562950134,0.11022571474313736,0.2690945565700531,0.04013923928141594,0.6511419415473938,0.06091488152742386,-0.2680152654647827,0.5632434487342833,-0.155379980802536,-0.0914408415555954,0.27303898334503174,-0.4217905104160309,-0.09222211688756943,0.4633226692676544,0.13703252375125885,-0.1572537124156952,-0.09832173585891725
0.03391733765602112,-0.010735913179814816,0.7971748113632202,0.998050570487976,-0.05960594117641449,0.01641242951154709,0.00853848457336426,-0.15681548416614532,0.13087429106235504,0.09638817608356477,0.39080750942230225,-0.22088469564914703,0.017218574881553646,-0.7610182166099548,-0.12197141349315643,-0.07947482168674469,1.5943288803100584,-0.23409916460514069,0.07958833128213881,-0.16706682741641998,0.1224939227104187,0.28370147943496704,0.0633498951792717,0.6465191841125488,0.08853496611118317,-0.3024446368217468,0.6836785078048706,-0.1367577612400055,-0.1285865008831024,0.2657013237476349,-0.4660685360431671,-0.17299291491508484,0.42955932021141047,0.15356922149658203,-0.14858338236808777,-0.16480495035648343
0.03154563903808594,-0.012077805586159228,0.8003818392753601,0.9981090426445008,-0.060844894498586655,0.007430352270603181,0.004583471920341252,-0.14436976611614227,0.1376037895679474,0.1032298430800438,0.4038501381874085,-0.19042938947677607,0.029231389984488487,-0.8619717359542847,-0.15209001302719116,-0.09122338891029358,1.7105560302734375,-0.3144984245300293,-0.05363873392343521,-0.1941170543432236,0.11108022183179855,0.2926428020000458,0.08424730598926544,0.6395077109336853,0.10426025837659836,-0.3426237106323242,0.7790741324424743,-0.13817445933818817,-0.16632616519927979,0.2629598677158356,-0.4830029308795929,-0.2437172383069992,0.3850240409374237,0.15640468895435333,-0.14059552550315857,-0.2416238635778427
0.03116641007363796,-0.013855405151844025,0.8058997392654419,0.998141348361969,-0.06085222586989402,0.0022571810986846685,0.0024317321367561817,-0.15996177494525907,0.1541405618190765,0.15719518065452576,0.4578249156475067,-0.15940558910369873,0.05912264809012413,-0.9161639809608461,-0.13550570607185364,-0.13569405674934387,1.6618015766143799,-0.313560426235199,-0.1459825336933136,-0.22276902198791504,0.09624609351158142,0.3042583763599396,0.10317488014698029,0.6131739616394042,0.13084247708320615,-0.3924879729747772,0.8185213804244995,-0.15032632648944855,-0.18063417077064517,0.26669633388519287,-0.4660919010639191,-0.2946591377258301,0.302905410528183,0.1623820662498474,-0.1290198713541031,-0.3051012754440308
0.03041431680321693,-0.015641825273633003,0.8087499737739563,0.9986618161201475,-0.05144291743636131,-0.003438579849898815,0.004046836867928505,-0.14223569631576538,0.14223533868789673,0.24886012077331543,0.4865007996559143,-0.16556650400161743,0.08197584003210068,-0.9001586437225341,-0.11702939867973328,-0.2000467479228973,1.4625012874603271,-0.27128252387046814,-0.1854905337095261,-0.25544729828834534,0.0624580942094326,0.31789600849151606,0.1088310182094574,0.5699297785758972,0.14979545772075653,-0.4528048634529114,0.7994258999824525,-0.1566026359796524,-0.14391283690929413,0.2857113778591156,-0.4284379780292511,-0.32475507259368896,0.1750291883945465,0.15913239121437073,-0.10576560348272324,-0.3310619294643402
0.03250252455472946,-0.01767697185277939,0.8048595190048218,0.999015748500824,-0.04145348072052001,-0.01429037656635046,0.006702732760459185,-0.085372693836689,0.08372718840837479,0.26969844102859497,0.4520149230957031,-0.15439973771572113,0.03808560222387314,-0.7923858761787415,-0.06176676228642464,-0.2641392946243286,1.0813214778900146,-0.18403762578964236,-0.14305531978607175,-0.28597965836524963,0.02492720261216164,0.33064910769462585,0.08366673439741135,0.5131837129592896,0.1482459157705307,-0.515234649181366,0.7621427178382874,-0.1547546088695526,-0.048365272581577294,0.3188100755214691,-0.3826902210712433,-0.364515483379364,0.03830194845795632,0.13868018984794617,-0.08060862869024275,-0.37120693922042847
0.03700840100646018,-0.020274896174669262,0.7912524342536926,0.9990461468696593,-0.02209709957242012,-0.0337786041200161,0.016659749671816822,-0.026445213705301285,0.012869934551417828,0.2668640911579132,0.4595654308795929,-0.16769297420978546,0.0792616680264473,-0.6044071912765503,0.01548012439161539,-0.28085511922836304,0.5503494739532471,-0.11034394800662994,-0.026575816795229912,-0.3277065455913544,-0.03387894481420517,0.32853075861930847,0.015971992164850235,0.44109976291656494,0.12258974462747572,-0.5577393770217896,0.7533801794052125,-0.1708899438381195,0.053214937448501594,0.35329148173332214,-0.3417295217514038,-0.42525452375411993,-0.06652715802192688,0.09063444286584854,-0.0602453202009201,-0.4248678386211395
0.04209236800670624,-0.023155260831117633,0.7678384780883789,0.9974840879440308,0.01739761419594288,-0.05702975019812584,0.03834608942270279,0.06876188516616821,-0.09376168251037596,0.24688807129859924,0.4209111332893372,-0.28642162680625916,0.10439328104257584,-0.451402872800827,0.04615815728902817,-0.25242349505424494,0.06986665725708008,-0.04149815440177917,0.13218358159065247,-0.3770480751991272,-0.13363948464393616,0.28950807452201843,-0.10515941679477692,0.3500172793865204,0.08172456175088881,-0.5436310172080994,0.8118812441825866,-0.18896345794200897,0.16819776594638824,0.3898845911026001,-0.2979496419429779,-0.5105613470077515,-0.11781631410121916,0.030749790370464325,-0.04403088614344597,-0.4796307682991028
0.03973867371678352,-0.0254600252956152,0.7398632764816285,0.9937912225723265,0.058571580797433846,-0.07294800877571107,0.06022391095757485,0.10875151306390762,-0.1857531815767288,0.2371173799037933,0.4456737637519837,-0.40426355600357056,0.09683566540479661,-0.5179864764213562,-0.02033455856144428,-0.21112625300884247,0.1617926061153412,-0.12400625646114348,0.20830126106739044,-0.41465070843696594,-0.24043965339660645,0.2663114368915558,-0.24571631848812103,0.2721228301525116,0.040951162576675415,-0.46489942073822016,0.8487550616264342,-0.17745855450630188,0.22928442060947415,0.4008715152740479,-0.23895512521266937,-0.6051537394523621,-0.125511035323143,0.008127100765705107,-0.07330165803432465,-0.489348828792572
0.031499847769737244,-0.02937019802629948,0.719735324382782,0.9940959215164183,0.05739809572696686,-0.06976129114627838,0.060100559145212167,-0.006175445392727852,-0.1583704650402069,0.26264724135398865,0.668316125869751,-0.5244687795639038,0.09342987090349197,-0.5415295362472534,-0.048481907695531845,-0.34020754694938654,0.19347098469734192,-0.07058457285165787,0.22539736330509183,-0.3959445357322693,-0.24976776540279388,0.2745787501335144,-0.37470689415931696,0.22956304252147677,0.024167275056242943,-0.3294646143913269,0.8516775369644165,-0.1611032783985138,0.30226805806159973,0.36583268642425537,-0.19302046298980713,-0.6207961440086365,-0.10589540004730225,-0.04860065877437592,-0.10005821287631989,-0.4889721274375916
0.02333206497132778,-0.03203822672367096,0.7115232944488524,0.9964994192123411,0.025410125032067295,-0.062374889850616455,0.04952455684542656,-0.116304412484169,-0.05789856240153313,0.27069228887557983,0.8435102105140686,-0.6016570329666138,0.07826516032218933,-0.5729356408119202,-0.08113955706357957,-0.4892565011978149,0.36216875910758967,-0.020219648256897926,0.16763940453529355,-0.351291686296463,-0.18390727043151853,0.31207048892974854,-0.47027140855789185,0.21348583698272705,-0.00973778124898672,-0.10918257385492323,0.8048105239868163,-0.1394495815038681,0.35833340883255005,0.32166147232055664,-0.19437201321125033,-0.5745967626571655,-0.04315247759222984,-0.10200732201337814,-0.11779940128326416,-0.45891141891479487
0.018888680264353752,-0.030963465571403503,0.7096146941184998,0.996071994304657,0.01889343932271004,-0.06829482316970825,0.05309869349002838,-0.12100916355848312,-0.04150120168924332,0.27734336256980896,0.8832059502601622,-0.6144458651542664,0.06799010187387465,-0.6983054280281067,-0.1295320689678192,-0.29496520757675165,0.7856773138046264,-0.12517590820789337,0.13230228424072263,-0.33297768235206604,-0.1628788411617279,0.35007238388061523,-0.5343491435050964,0.21578648686409,-0.11008191108703612,0.1737532764673233,0.7192761898040771,-0.11343801766633987,0.371351033449173,0.31846609711647034,-0.2476911693811417,-0.5203325748443604,0.08417084068059921,-0.06082744896411896,-0.1276616007089615,-0.3756484389305114
0.016075389459729195,-0.028583314269781113,0.7175191640853882,0.995992124080658,0.012760756537318228,-0.07081806659698486,0.05312060937285423,-0.10665082931518555,-0.02909107692539692,0.2830474078655243,0.8453603982925414,-0.5863611102104187,0.06885018944740295,-0.7382853031158446,-0.18692852556705475,-0.22667162120342252,1.129520297050476,-0.20814286172389984,0.07448742538690567,-0.31237924098968506,-0.12930667400360107,0.368625283241272,-0.5739718675613403,0.24099637567996976,-0.2567749321460724,0.42873951792716974,0.6668567061424255,-0.0992172956466675,0.2806563079357147,0.3395678400993347,-0.31652590632438654,-0.4584940373897552,0.16291765868663788,0.02747860364615917,-0.1308797150850296,-0.2938796579837799
0.013077124953269958,-0.024774011224508286,0.7336717844009398,0.9973071813583374,0.007217220030725001,-0.0592830665409565,0.04256485402584076,-0.09403681010007858,-0.015220407396554945,0.3091819882392884,0.7420483231544495,-0.5144323110580444,0.07553132623434065,-0.7206901311874389,-0.29006749391555786,-0.23955067992210388,1.4134836196899414,-0.2745554745197296,-0.026279399171471596,-0.2889609634876251,-0.09094652533531189,0.34648630023002625,-0.5578672885894775,0.29313626885414124,-0.34738954901695246,0.4708735942840576,0.5703194737434387,-0.11491195857524872,0.19292451441287997,0.37233528494834894,-0.37645736336708074,-0.3937571048736572,0.11231409013271332,0.09268022328615187,-0.15459109842777252,-0.22844859957695007
0.010677953250706196,-0.02281312085688114,0.7541859745979309,0.9989969134330748,-0.0039407918229699135,-0.04329283908009529,0.010742486454546452,-0.09155288338661194,0.03021878562867641,0.36889210343360895,0.6654527187347412,-0.40730535984039307,0.07998263835906982,-0.6532242298126221,-0.31526064872741694,-0.24610744416713717,1.5880472660064695,-0.27841657400131226,-0.09444913268089294,-0.24687781929969788,-0.041496708989143365,0.31277579069137573,-0.45829793810844416,0.3781445622444153,-0.33798608183860773,0.3405095636844635,0.4201372861862183,-0.14868102967739105,0.13222110271453855,0.39807739853858953,-0.4516274034976959,-0.3143523335456848,0.0038232654333114624,0.14496374130249023,-0.18453629314899445,-0.16418330371379852
0.008834938518702982,-0.024708203971385956,0.7743998765945433,0.9989985823631287,-0.016218967735767365,-0.030580919235944748,-0.02834707126021385,-0.1438138782978058,0.11581432074308395,0.43317162990570074,0.7352837324142456,-0.26398715376853943,0.0923979952931404,-0.559650182723999,-0.22675776481628415,-0.21671696007251737,1.6421942710876465,-0.214995950460434,-0.07878447324037552,-0.19689899682998657,0.003720562672242522,0.28922414779663086,-0.29214951395988464,0.47803619503974915,-0.27072396874427795,0.15856939554214475,0.29821863770484924,-0.1794239729642868,0.09824685007333757,0.40155074000358576,-0.5377799272537231,-0.24730972945690155,-0.080173060297966,0.17497776448726654,-0.1954799592494965,-0.1270388662815094
0.006707530468702316,-0.028813868761062626,0.7926316261291504,0.9973638057708739,-0.028134657070040703,-0.02161518670618534,-0.06329867988824844,-0.2535853981971741,0.23870807886123657,0.47400435805320734,0.9290253520011901,-0.11398138850927352,0.1305464655160904,-0.44390982389450073,-0.08414696902036665,-0.16979746520519257,1.6013295650482176,-0.13420917093753815,-0.01630970649421215,-0.149083212018013,0.03929336741566657,0.27806058526039124,-0.08428262919187546,0.5734611749649048,-0.17859400808811188,-0.008448879234492777,0.2363432943820953,-0.1986417919397354,0.08331784605979918,0.3849391639232635,-0.6165143847465515,-0.2065477818250656,-0.12954553961753845,0.17462801933288574,-0.1906283348798752,-0.10860449820756912
0.005280576646327972,-0.032533224672079086,0.8027291893959044,0.9953129887580872,-0.03159968554973602,-0.011357656680047512,-0.09068968892097472,-0.36499267816543574,0.35171401500701904,0.5348761081695557,1.1023385524749756,-0.05003387853503227,0.21548087894916532,-0.31195759773254395,0.015647806227207184,-0.13953237235546112,1.499943733215332,-0.07662213593721388,0.03502340987324715,-0.11347850412130356,0.05437222123146057,0.2661430537700653,0.14642843604087827,0.6540464162826538,-0.07047736644744873,-0.1489926278591156,0.21061280369758603,-0.21415466070175168,0.08693110197782515,0.3600454330444336,-0.6841835379600525,-0.183208629488945,-0.15329207479953763,0.16979944705963135,-0.1869621574878693,-0.1041889414191246
0.005528619512915611,-0.03490062057971954,0.8065354228019713,0.99342143535614,-0.027467601001262665,0.0015573914861306548,-0.11116164177656172,-0.43125090003013605,0.35884714126586914,0.5866903066635132,1.1014399528503416,-0.07914385944604874,0.20727799832820887,-0.18103863298892972,0.05573350936174393,-0.12429108470678328,1.3119370937347412,-0.00560010364279151,0.05808544158935546,-0.09224450588226318,0.051938995718955994,0.24795545637607572,0.3670198619365692,0.6975085139274597,0.04685261845588684,-0.2546479403972626,0.2014230638742447,-0.22453345358371732,0.10170411318540572,0.32720252871513367,-0.7294491529464722,-0.1779998540878296,-0.1679142713546753,0.1666642725467682,-0.18665686249732968,-0.10375339537858964
0.005461396649479866,-0.03537697717547417,0.803629994392395,0.9917420744895936,-0.02467522025108337,0.016835959628224373,-0.12472168356180192,-0.506720781326294,0.3037876486778259,0.5971856117248535,0.9846605062484739,-0.07414113730192184,0.14252851903438568,-0.04273684322834015,0.0977894812822342,-0.10811566561460496,1.0033583641052246,0.1194581463932991,0.07934692502021788,-0.07734837383031845,0.05143532529473305,0.22750991582870483,0.5756295323371887,0.7080288529396057,0.17020313441753387,-0.3175303041934967,0.1968877613544464,-0.22773553431034088,0.12541627883911133,0.2947387099266052,-0.7519173622131348,-0.1939154416322708,-0.1763029396533966,0.15180207788944244,-0.18806546926498413,-0.10652898997068404
0.004455160349607468,-0.03401067480444908,0.7869312167167662,0.991018295288086,-0.014365472830832005,0.03458915278315544,-0.1283741295337677,-0.5806272625923157,0.20053742825984955,0.6123524904251099,0.7832753658294677,-0.06532585620880127,0.09689454734325409,0.08806579560041428,0.1130254715681076,-0.11226501315832138,0.6786161065101624,0.1529582142829895,0.07291480898857117,-0.07378360629081726,0.0411761961877346,0.20512697100639343,0.7532213926315308,0.7079454064369202,0.2853468954563141,-0.36925071477890015,0.20733624696731567,-0.21872298419475555,0.15317632257938385,0.2721112668514252,-0.7689161896705627,-0.22867095470428464,-0.1827644556760788,0.1308620572090149,-0.1886853277683258,-0.11666508018970488
0.0031615085899829865,-0.03238789737224579,0.7601506114006041,0.9904431104660033,-0.004799645394086838,0.050686925649642944,-0.12818045914173126,-0.6319546103477478,0.06472644954919815,0.6050111055374146,0.4765549600124359,-0.01768338307738304,0.08808000385761262,0.18562377989292145,0.10803594440221786,-0.15844208002090454,0.4883938729763031,-0.03816893324255943,-0.0037663828115910287,-0.06636326760053635,0.04008578136563301,0.19209015369415283,0.8712915778160094,0.7198031544685364,0.37519973516464233,-0.443680465221405,0.2356746345758438,-0.20048819482326508,0.17430551350116727,0.2549998462200165,-0.7954856157302856,-0.2816326916217804,-0.17508886754512787,0.11629094183444975,-0.19887691736221316,-0.12314925342798232
0.0026015378534793854,-0.03173382580280304,0.7283812165260315,0.9886083006858823,-0.01604100316762924,0.06328445672988892,-0.13561517000198364,-0.6770285964012146,-0.021490233018994328,0.48825553059577936,0.21911783516407007,0.031204294413328167,0.052331853657960885,0.2600841522216797,0.14788199961185455,-0.17436668276786804,0.3655451536178589,-0.2478696703910828,-0.06792503595352173,-0.03742334619164466,0.08391203731298447,0.19845741987228396,0.9289720058441162,0.7349737286567688,0.43734824657440186,-0.5348025560379028,0.29712721705436707,-0.18368811905384064,0.1485714614391327,0.23727521300315857,-0.8167199492454528,-0.35507291555404663,-0.13221032917499542,0.10942330956459044,-0.21240928769111636,-0.1396871507167816
0.004857689142227173,-0.034277092665433884,0.6989194750785828,0.9862827062606813,-0.021668994799256325,0.074374258518219,-0.14575767517089844,-0.7747799754142761,-0.0086464062333107,0.4185625612735748,0.30496507883071894,-0.03540270775556564,0.07731281220912933,0.3258123993873596,0.1687210500240326,-0.16405698657035828,0.24740381538867953,-0.40738692879676813,-0.06714913249015808,-0.005705326795578002,0.1151248961687088,0.2038145065307617,0.9254446029663086,0.7571868896484374,0.46474453806877136,-0.6243163347244263,0.3909587860107422,-0.17531445622444153,0.10402767360210417,0.19260689616203308,-0.8209643959999084,-0.38291147351264954,-0.016421429812908173,0.12149211019277573,-0.2128244191408157,-0.16826382279396057
0.011121317744255064,-0.040127165615558624,0.6803891062736511,0.984944760799408,-0.017906110733747482,0.0812903344631195,-0.15150943398475647,-0.9200664162635804,-0.0059388866648077965,0.3207407593727112,0.5725626349449158,-0.07803475111722946,0.13096599280834198,0.37430876493453974,0.16341763734817505,-0.17056752741336823,0.16743309795856476,-0.4958022236824036,-0.064132921397686,0.022191345691680908,0.11841806769371031,0.21289704740047452,0.8812765479087828,0.8052161931991577,0.4662604033946991,-0.7084735035896301,0.46004194021224976,-0.17300230264663696,0.0576053224503994,0.1746636927127838,-0.7909321188926696,-0.3778965175151825,0.14099785685539243,0.1353156417608261,-0.18853893876075745,-0.1969203948974609
0.023489397019147873,-0.04997104778885841,0.6714534163475037,0.9861201047897338,-0.005040445365011692,0.07916789501905441,-0.1458567380905151,-0.9398835301399232,-0.030974529683589932,0.2952916026115417,0.6881614327430725,-0.07563723623752595,0.14740271866321564,0.4133075475692749,0.1473567485809326,-0.20972988009452817,0.141148641705513,-0.5310121178627014,-0.05200371146202088,0.030165646225214005,0.10091256350278854,0.2241945713758469,0.7766230702400206,0.8716192245483398,0.4128071367740631,-0.7879893779754639,0.5289937257766724,-0.168547585606575,-0.02482880838215351,0.18758542835712433,-0.7215935587882996,-0.3060157895088196,0.3424115777015686,0.09019679576158525,-0.1586601287126541,-0.19037912786006927
0.04094701260328293,-0.06098819151520729,0.6730823516845703,0.9886265993118286,0.011442864313721657,0.07182236015796661,-0.1316363215446472,-0.9089193344116211,-0.0682770311832428,0.3013167679309845,0.727734386920929,-0.07515150308609007,0.1686048060655594,0.44133898615837097,0.12716661393642423,-0.2599458992481232,0.16248552501201627,-0.49305713176727295,-0.02665010839700699,0.020880959928035736,0.0772753357887268,0.23373873531818387,0.5166431665420532,0.9229944348335266,0.22860656678676605,-0.8480095863342285,0.6238622069358826,-0.16164109110832214,-0.10527824610471724,0.20242424309253687,-0.6227468252182007,-0.1401628702878952,0.566069722175598,-0.05051689222455025,-0.11675255000591278,-0.11565152555704115
0.06174703687429428,-0.07265530526638031,0.6841685771942139,0.9901394844055176,0.024626534432172772,0.06025832146406174,-0.12404129654169083,-0.8380689620971679,-0.09985139966011047,0.30751654505729675,0.7067859768867493,-0.08256111294031142,0.1880865693092346,0.4140363931655884,0.10166823118925095,-0.27865520119667053,0.32970309257507324,-0.4107789397239685,-0.003498312784358859,-0.009739956818521023,0.057429056614637375,0.24330197274684903,0.16228815913200378,0.8799418807029725,-0.021708108484745026,-0.8819811344146729,0.6749888062477112,-0.16295304894447327,-0.1437128782272339,0.2321849763393402,-0.5100114941596985,0.05691554769873619,0.7157971858978271,-0.21801589429378507,-0.09960676729679108,-0.043908726423978806
0.08237021416425705,-0.08371548354625702,0.6988086104393004,0.9887789487838744,0.03400116413831711,0.04234272241592407,-0.13916634023189545,-0.7382542490959166,-0.10241689532995224,0.3302863538265228,0.6652859449386597,-0.0957358032464981,0.20655688643455505,0.325361967086792,0.0421937108039856,-0.25009533762931824,0.6202505826950073,-0.33057311177253723,0.016220973804593086,-0.057359233498573296,0.03180022910237312,0.2503989040851593,-0.13646095991134644,0.7219707369804382,-0.21018880605697632,-0.9005671143531798,0.5945568084716797,-0.16158467531204224,-0.1545620709657669,0.27769196033477783,-0.4059918522834778,0.20219852030277247,0.7354226112365722,-0.3261556625366211,-0.10496828705072402,-0.030457740649580956
0.1020129770040512,-0.09286372363567352,0.7137050628662108,0.9823227524757384,0.03580474480986595,0.02339200861752033,-0.1822438687086105,-0.6316990256309509,-0.060879532247781754,0.38060799241065973,0.63387131690979,-0.12673388421535492,0.21866892278194427,0.2060866206884384,-0.028724726289510727,-0.22015492618083957,0.9373653531074526,-0.2778829336166382,0.031556230038404465,-0.117836594581604,0.006293963175266981,0.2506674826145172,-0.36756494641304016,0.5173137784004211,-0.27765446901321406,-0.9000844955444336,0.4210505485534668,-0.13827061653137207,-0.11195015907287596,0.32606676220893854,-0.3252525627613068,0.2716512978076935,0.6733317375183105,-0.35210075974464417,-0.10519801080226898,-0.06642816960811615
0.12024860084056854,-0.09779730439186096,0.7287082076072691,0.9659991860389708,0.030930841341614723,0.011879199184477328,-0.2564132809638977,-0.5288647413253784,0.02587510272860527,0.4698756337165833,0.6108981370925903,-0.17575243115425107,0.22070536017417908,0.05448298901319504,-0.10991305112838744,-0.22281108796596527,1.267569661140442,-0.2977750897407532,0.018089277669787407,-0.17542502284049988,-0.013767321594059467,0.25061190128326416,-0.5852707624435425,0.3268184959888458,-0.3127080798149109,-0.8863940834999084,0.31782120466232294,-0.13011880218982697,-0.0032053885515779257,0.3599953055381775,-0.2786529064178467,0.2977314591407776,0.5421909093856812,-0.29902979731559753,-0.10712213069200516,-0.12162669748067856
0.1365201622247696,-0.0976107195019722,0.7450039386749268,0.9353290796279907,0.0181142371147871,0.008248621597886086,-0.3532186448574066,-0.4247266054153442,0.12851844727993011,0.5756228566169739,0.5753628015518188,-0.20973494648933408,0.20534028112888336,-0.09352850914001466,-0.1812082082033157,-0.2484024912118912,1.5357797145843504,-0.3481723666191101,-0.026673519983887672,-0.21029402315616608,-0.018625400960445404,0.25969055294990534,-0.7616825103759765,0.21257504820823667,-0.38841390609741205,-0.8433287739753723,0.3700830638408661,-0.13483375310897827,0.12777858972549438,0.36991053819656367,-0.2747803330421448,0.33769065141677856,0.37196680903434753,-0.2025767117738724,-0.1247205138206482,-0.13093560934066772
0.15366360545158386,-0.09480302780866624,0.7600358724594115,0.8851689696311951,0.004934431053698063,0.006123110186308622,-0.4652032852172852,-0.3067821562290192,0.2159841358661652,0.6633662581443787,0.5338035821914673,-0.2155341804027557,0.1614439487457275,-0.20876275002956393,-0.23560482263565063,-0.28458061814308167,1.7201613187789917,-0.3966403007507324,-0.06219962611794472,-0.20306260883808133,-0.014213398098945616,0.270866334438324,-0.811300754547119,0.188992977142334,-0.49728888273239136,-0.7879684567451477,0.5152596831321716,-0.1547144651412964,0.18674291670322415,0.36188793182373047,-0.2985359728336334,0.4000841677188873,0.2319493591785431,-0.12782526016235352,-0.13728289306163788,-0.09892956912517549
0.17238008975982666,-0.0939665362238884,0.7720491886138915,0.8128647804260254,-0.003440272994339466,0.007452769670635463,-0.5823945999145508,-0.20669545233249664,0.2861156463623047,0.7040873169898987,0.522432267665863,-0.21387417614459991,0.08249232172966003,-0.30017340183258057,-0.28091806173324585,-0.31483650207519526,1.8525991439819331,-0.4434240758419037,-0.07005789875984192,-0.16236326098442075,-0.0007841834449209274,0.2721862494945526,-0.7266420125961303,0.23157742619514465,-0.5864924192428589,-0.7254302501678466,0.6515611410140991,-0.19211985170841217,0.19040000438690183,0.3446861505508423,-0.3448933959007263,0.45994296669960016,0.13028956949710843,-0.09469517320394517,-0.12997759878635406,-0.05448801815509796
0.19181235134601596,-0.09687656909227373,0.7793042063713074,0.7179426550865173,-0.00375832268036902,0.01223808154463768,-0.6959844827651978,-0.11902222037315369,0.3323723077774048,0.7033892869949341,0.5223142504692078,-0.19667299091815948,-0.03672409802675247,-0.41111660003662104,-0.2722867727279663,-0.2898168265819549,1.9395759105682373,-0.46029374003410334,-0.04103589802980423,-0.10698481649160384,0.013380843214690684,0.26760688424110407,-0.5277209877967833,0.3179111182689667,-0.5820326209068297,-0.6556611657142639,0.7370587587356566,-0.23304906487464905,0.1640377789735794,0.31049039959907526,-0.4070795476436615,0.5204998254776001,0.0380014218389988,-0.097270168364048,-0.1044749692082405,-0.0169522725045681
0.2094339281320572,-0.1042073592543602,0.7813382148742675,-0.6080532073974608,0.0009580826153978704,-0.017390968278050423,0.7937051653861998,-0.03450363501906395,0.3637724816799164,0.6959430575370789,0.5406932830810547,-0.18927055597305295,-0.1558564007282257,-0.5118263959884644,-0.23056508600711825,-0.24282087385654447,1.969772696495056,-0.4465773403644562,-0.005895242094993591,-0.04935923963785172,0.02100398764014244,0.26811534166336054,-0.2584767341613769,0.40270268917083746,-0.44847702980041504,-0.5972857475280762,0.7225919961929321,-0.25667059421539307,0.12210022658109664,0.26059412956237793,-0.47585931420326233,0.5681281089782715,-0.06667190790176392,-0.1320442408323288,-0.061193332076072686,0.015680108219385147
0.22370016574859616,-0.11575399339199066,0.7792177796363831,-0.4863677620887756,0.0031258768867701288,-0.02457919344305992,0.8734028339385985,0.04236248135566712,0.40192356705665594,0.6726584434509277,0.607970654964447,-0.22208963334560397,-0.2287577986717224,-0.5815089344978333,-0.21590903401374817,-0.21079082787036893,1.9383766651153564,-0.40655210614204407,-0.01958446577191353,0.007805016823112963,0.029774084687232968,0.27506187558174133,0.057954758405685425,0.43287733197212214,-0.23742367327213287,-0.5303226113319397,0.6546068787574768,-0.24984006583690643,0.08807530999183655,0.1924311071634293,-0.5406526923179625,0.5903277397155762,-0.190234899520874,-0.18445491790771484,-0.0026587278116494417,0.036663666367530816
0.23514737188816073,-0.12900961935520172,0.7738603353500366,-0.36623358726501454,0.0011574950767681003,-0.02384510636329651,0.9302166104316713,0.0989694818854332,0.4017301499843597,0.6029270887374878,0.6675726175308228,-0.24445539712905884,-0.23603627085685727,-0.643297553062439,-0.25475162267684937,-0.16915705800056455,1.835140824317932,-0.3548467755317688,-0.053122349083423615,0.0664028748869896,0.023882027715444565,0.27421021461486816,0.31307682394981384,0.4200410544872284,-0.07696211338043213,-0.4041914641857147,0.6296030282974243,-0.2463664263486862,0.08244997262954712,0.11319772899150848,-0.5766261219978333,0.5725643634796144,-0.30259647965431213,-0.27455133199691767,0.049461666494607925,0.02186163328588009
0.24271823465824127,-0.14242738485336304,0.7651854157447816,-0.2580402195453644,-0.00888669490814209,-0.013925308361649512,0.9659929275512696,0.1613711416721344,0.3297750651836395,0.5173325538635254,0.6201330423355104,-0.25986266136169434,-0.24119220674037933,-0.7121220827102661,-0.29340851306915283,-0.11961466073989868,1.6582356691360471,-0.2975113093852997,-0.06523122638463974,0.1145377606153488,0.005409527104347944,0.2552497982978821,0.47535482048988337,0.40759593248367304,0.008323945105075836,-0.2176312804222107,0.6728167533874512,-0.25397729873657227,0.10433980822563171,0.015398056246340275,-0.5629898309707642,0.5281926989555359,-0.3750167787075042,-0.3805764019489288,0.07328546047210693,-0.013872398063540459
0.2454271465539932,-0.15402555465698242,0.7524588108062744,-0.16619008779525757,-0.02302885614335537,0.003953649196773768,0.9858168959617615,0.23520925641059875,0.19741168618202207,0.4414356350898743,0.473592221736908,-0.27357736229896545,-0.243287056684494,-0.76283860206604,-0.28944164514541626,-0.06731022149324417,1.3999998569488523,-0.21455922722816467,-0.02058899216353893,0.1449512094259262,-0.02470507100224495,0.22185873985290527,0.5533024072647095,0.3928051590919495,0.033415067940950394,0.02758621610701084,0.725742757320404,-0.2594224512577057,0.11808235198259352,-0.08864855021238327,-0.5064577460289001,0.48205494880676264,-0.42128911614418024,-0.48798027634620667,0.05729055032134056,-0.02803691662847996
0.2467095851898193,-0.1621912717819214,0.7373829483985901,-0.09947784990072249,-0.03969290107488632,0.008591494522988796,0.9942106008529664,0.27446141839027405,0.11504475027322768,0.4367038309574127,0.350571870803833,-0.3275516927242279,-0.24182862043380737,-0.7553244233131408,-0.24206899106502527,-0.06556594371795654,1.1094347238540647,-0.09687744081020355,0.05259142816066742,0.14182180166244507,-0.028343921527266502,0.18301062285900116,0.5469375252723694,0.3788189888000488,-0.0025714149232953783,0.3279584050178528,0.7549658417701721,-0.21580323576927185,0.13000941276550293,-0.1746249794960022,-0.4293337762355805,0.4424623250961304,-0.44940847158432007,-0.6361269354820251,0.046396177262067795,-0.01610475964844227
0.2465692162513733,-0.16533240675926208,0.7257884144783021,-0.08295071125030516,-0.06086050346493721,0.021052682772278786,0.9944707155227661,0.2771880626678467,0.06580138951539993,0.4766150414943695,0.2798224091529846,-0.38870316743850714,-0.2276889383792877,-0.7494668960571289,-0.27755561470985407,-0.08719746023416518,1.0370101928710935,-0.2736709117889404,0.0848255529999733,0.08250992745161057,-0.050348091870546334,0.15981525182724,0.4817631244659424,0.3727759420871735,-0.06323915719985962,0.6007699370384216,0.792609453201294,-0.1368238180875778,0.1338289380073547,-0.2320372462272644,-0.35232123732566833,0.41258189082145685,-0.4773645997047424,-0.7936034798622131,0.04511934146285057,0.025062045082449916
0.24597327411174771,-0.16335923969745636,0.7221307754516602,-0.10705407708883284,-0.07730727642774582,0.025453364476561543,0.9909163117408752,0.2158406972885132,0.07081740349531174,0.43672510981559753,0.313132643699646,-0.444767028093338,-0.1887572258710861,-0.7493971586227418,-0.3090493083000183,-0.08529531955718994,1.0335164070129395,-0.364008754491806,0.1350015103816986,0.0053335544653236875,-0.047725744545459754,0.16415543854236603,0.40488234162330633,0.37346610426902765,-0.10484132170677184,0.7789279222488403,0.7920609712600707,-0.08012843132019043,0.1673206388950348,-0.217827633023262,-0.3220776319503784,0.38120219111442566,-0.5478386282920836,-0.8639397025108337,0.03508257493376732,0.09497925639152528
0.2424218952655792,-0.15773634612560272,0.7331796288490294,-0.1527395248413086,-0.0877823233604431,0.021675340831279755,0.9841214418411255,0.1123206689953804,0.11950943619012833,0.3623944520950317,0.44042304158210754,-0.41731432080268854,-0.15437330305576324,-0.6911621689796448,-0.328987330198288,-0.12147130072116852,0.9825327396392822,-0.3829514384269714,0.15179415047168732,-0.04250827804207802,-0.028297835960984234,0.1803647875785828,0.3633927404880524,0.3817698359489441,-0.10496047884225844,0.7908980846405029,0.7123467326164246,-0.06278232485055923,0.16998739540576935,-0.1314454823732376,-0.3313771188259125,0.33824434876441956,-0.5982275605201721,-0.7844930291175841,0.04041781276464462,0.14095081388950348
0.2361772507429123,-0.149412602186203,0.74931401014328,-0.2015137076377869,-0.09169609844684602,0.01511949673295021,0.975066900253296,-0.03386623039841652,0.1821293830871582,0.2730906009674072,0.6447962522506714,-0.310274213552475,-0.11375635117292404,-0.6572365760803223,-0.32460254430770874,-0.1288798302412033,0.9626277089118956,-0.3234868049621582,0.11555740982294083,-0.054492034018039696,-0.00461324118077755,0.21077822148799896,0.34969028830528254,0.3908244669437408,-0.08230052888393402,0.6577843427658081,0.6223064661026001,-0.07630499452352525,0.14318907260894775,-0.02000332064926624,-0.3582501411437988,0.2765953242778778,-0.5695135593414307,-0.6189231276512146,0.0565127357840538,0.1696222871541977
0.2264850735664368,-0.14144951105117795,0.7619988918304443,-0.24938112497329712,-0.08997856825590132,0.007323898375034333,0.9641883969306944,-0.18007037043571472,0.2417224645614624,0.1877945959568024,0.8268796801567077,-0.20113854110240936,-0.0782589316368103,-0.5871107578277588,-0.3143214285373688,-0.15432272851467133,0.8935340642929077,-0.2608867287635803,0.09523510932922365,-0.05202212929725647,0.016633592545986176,0.24062781035900116,0.3661489486694336,0.4048053920269013,-0.07199343293905258,0.43616995215415955,0.578456699848175,-0.1040363609790802,0.09517482668161392,0.08059496432542802,-0.39943191409111023,0.21491482853889465,-0.48201751708984375,-0.4857390224933624,0.06625685095787048,0.17272019386291504
0.21241192519664764,-0.1323147416114807,0.7674270272254944,-0.29464149475097656,-0.07896655797958374,0.015984801575541496,0.9522054195404052,-0.2956264615058899,0.29295459389686584,0.1699615865945816,1.0230895280838013,-0.18076145648956296,0.021609259769320488,-0.4835494458675385,-0.3381296098232269,-0.1895361095666885,0.8360589742660521,-0.2742880582809448,0.09911980479955672,-0.04592731222510338,0.007714721839874982,0.27466773986816406,0.39773172140121454,0.43084743618965143,-0.09145789593458176,0.20018772780895236,0.5441563725471497,-0.13760608434677124,0.05218888446688652,0.15297362208366394,-0.4461495578289032,0.19284483790397644,-0.34227871894836426,-0.42046403884887695,0.0631733238697052,0.17675676941871643
0.19692878425121307,-0.1209452673792839,0.7634949684143065,-0.338035523891449,-0.059536483138799674,0.024557920172810555,0.9389271736145021,-0.3853612542152405,0.3965883255004882,0.18360568583011627,1.2685632705688477,-0.27151399850845337,0.13475683331489563,-0.35637205839157104,-0.35082536935806274,-0.26219215989112854,0.8126252889633178,-0.3743643760681152,0.09345849603414536,-0.03822476789355279,0.00779949314892292,0.3090550899505615,0.4203966557979584,0.4704028964042664,-0.11909233778715132,-0.010561940260231493,0.5107386708259584,-0.16955550014972687,0.02489103935658932,0.2004312127828598,-0.4954275190830231,0.22165447473526,-0.16004513204097748,-0.37674355506896967,0.04917962104082108,0.18572688102722168
0.181967556476593,-0.11078147590160368,0.7525032758712769,-0.38388246297836304,-0.044941816478967674,0.020484266802668568,0.9220601320266724,-0.5250617265701294,0.4894290566444397,0.16274552047252655,1.5162290334701538,-0.3895653784275055,0.21614612638950348,-0.2429593652486801,-0.34992876648902893,-0.39599472284317017,0.7966724634170531,-0.48806893825531006,0.08273766934871674,-0.019211851060390472,0.038150779902935035,0.3204927146434784,0.42186194658279413,0.5082564949989319,-0.11824811995029448,-0.14796012639999387,0.4907825291156769,-0.21198612451553345,-0.005958746653050184,0.24529127776622767,-0.5408673286437988,0.27639511227607727,0.02575663849711418,-0.3323463201522827,0.03670183941721916,0.17490044236183167
0.1696787327528,-0.10645189136266708,0.7468442320823668,-0.42097717523574824,-0.0315781868994236,0.013629889115691183,0.9064188599586487,-0.6429281830787659,0.35854992270469666,0.07854412496089934,1.6001442670822144,-0.3633821904659271,0.15973640978336334,-0.17182058095932007,-0.33522510528564453,-0.4879559874534607,0.8121153712272643,-0.5285529494285583,0.07791113853454588,0.01693849265575409,0.08125019818544388,0.32211270928382874,0.379539281129837,0.5041822195053101,-0.10169071704149246,-0.14871767163276672,0.53565514087677,-0.22346511483192444,-0.006835163105279207,0.2765427827835083,-0.5474295020103456,0.31158527731895447,0.2376816272735596,-0.319624811410904,0.014121378771960735,0.11758895218372344
0.15544559061527252,-0.1045861542224884,0.7512901425361633,-0.4630849957466125,-0.02211290597915649,0.020979372784495357,0.8857895731925964,-0.6707718372344971,0.18308474123477933,0.11142323911190032,1.4844067096710205,-0.22165623307228088,0.07206203788518906,-0.07373730838298796,-0.3410390317440033,-0.5860865712165833,0.7778782844543458,-0.5345419645309448,0.0997135192155838,0.05228192359209061,0.10107184201478958,0.30454161763191223,0.329152375459671,0.42690709233284,-0.06014284864068031,-0.08215323090553284,0.6042645573616028,-0.23383115231990811,0.061699792742729194,0.31872451305389404,-0.48930379748344416,0.30788475275039673,0.46510860323905934,-0.32445624470710754,0.015359305776655672,0.0456642284989357
0.14070743322372437,-0.10594451427459715,0.7593379020690918,-0.5025854706764221,-0.004253644961863756,0.011634705588221548,0.864438772201538,-0.6238049268722534,0.03079393319785595,0.1424199938774109,1.190965175628662,-0.11789165437221528,-0.08439981192350388,0.046413768082857125,-0.28284189105033875,-0.7141909599304199,0.6981995105743408,-0.49275165796279913,0.10063496232032776,0.1020759493112564,0.15605896711349487,0.271198034286499,0.3000440001487732,0.3000088632106781,0.04897412657737732,-0.02560223452746868,0.6111055016517639,-0.22346265614032745,0.15752387046813965,0.3817841708660126,-0.39752045273780817,0.2648261487483978,0.6218498349189758,-0.3048010468482971,0.04236109182238578,-0.00988202169537544
0.12959057092666623,-0.10891126841306686,0.7640775442123413,-0.5372188091278076,0.007650427054613827,-0.0014693535631522536,0.8434069156646729,-0.4840117692947388,-0.06366419792175293,0.2552083730697632,0.7247726321220398,-0.09850239008665085,-0.15534554421901703,0.13177579641342163,-0.2179545611143112,-0.8162847757339476,0.6314418315887451,-0.43873777985572815,0.09021077305078505,0.1393291801214218,0.21031248569488523,0.2336844503879547,0.3052976727485657,0.1615600734949112,0.19614936411380768,-0.021740831434726715,0.47110599279403687,-0.1786440908908844,0.20713543891906736,0.4470972418785095,-0.31176838278770447,0.20097944140434265,0.6793830990791321,-0.26295951008796686,0.05174228176474571,-0.02190743386745453
0.12339373677968977,-0.11195223778486252,0.7630972266197203,-0.5584691166877747,0.02234780043363571,-0.0378168635070324,0.8283614516258239,-0.31435129046440125,-0.12202934175729752,0.36563530564308167,0.19474416971206665,-0.019141266122460365,-0.1992953270673752,0.16625517606735227,-0.0877106338739395,-0.8720407485961914,0.5312601923942566,-0.373394638299942,0.06034639477729797,0.17013150453567505,0.2991446852684021,0.19153365492820737,0.3417611122131348,0.05902326107025146,0.3330058455467224,-0.04962616786360741,0.26660418510437006,-0.1780119091272354,0.22163815796375275,0.5000468492507936,-0.24885417520999908,0.12347952276468276,0.6884889602661133,-0.1982223242521286,0.02708114124834537,-0.017055660486221313
0.11885905265808104,-0.11140231788158415,0.7552515864372252,-0.5665332078933716,0.03948695957660675,-0.07675879448652267,0.8195053935050963,-0.31897056102752686,-0.1442933827638626,0.3615644872188568,0.0818299502134323,-0.06366127729415894,-0.18007898330688477,0.18769726157188413,0.06242236867547035,-0.910122275352478,0.40542227029800415,-0.3338559865951538,0.05204308032989501,0.1904442012310028,0.3816952407360077,0.15208184719085693,0.37731561064720154,-0.007900560274720192,0.4230042994022369,-0.07737277448177338,0.018690818920731544,-0.19441027939319608,0.222617581486702,0.5099776983261108,-0.20855553448200223,0.09174589812755583,0.6721861958503723,-0.12539485096931455,-0.005760102067142725,-0.01509030256420374
0.11263473331928252,-0.11046410351991652,0.7442762851715088,-0.5766656398773192,0.04495103284716606,-0.08769045025110243,0.811015784740448,-0.2868742346763611,-0.1561671197414398,0.42140656709671026,0.06862582266330719,-0.11945252865552902,-0.11299683153629302,0.20458783209323883,0.11707568168640135,-0.9239622354507446,0.36304813623428334,-0.3754914999008178,0.07896433025598526,0.17543278634548187,0.3923865556716919,0.1483963131904602,0.4065901339054108,-0.03442424535751343,0.45179620385169983,-0.10353635996580124,-0.20297901332378387,-0.2184886336326599,0.22543111443519592,0.5119688510894775,-0.1744592785835266,0.08777710050344467,0.6443027257919312,-0.07787507027387619,-0.033520326018333435,-0.012550878338515759
0.1061006486415863,-0.1095631793141365,0.7349185943603516,-0.580758810043335,0.03911884129047394,-0.07561580091714859,0.8096117377281189,-0.23805607855319977,-0.16427281498908997,0.5025745034217833,0.09159772098064423,-0.14892588555812836,0.07286608219146729,0.19780831038951877,0.0756746381521225,-0.9195543527603148,0.43383675813674927,-0.46533229947090154,0.11038552969694136,0.1446084231138229,0.33980095386505127,0.16976352035999298,0.43705227971076965,-0.02674170769751072,0.41517192125320435,-0.13440819084644315,-0.31525719165802,-0.230211079120636,0.23863661289215088,0.5040702819824219,-0.14840026199817655,0.08251764625310899,0.6156849265098572,-0.049351755529642105,-0.04937213659286499,-0.012724890373647211
0.1006445288658142,-0.11051571369171143,0.7277005314826965,-0.5676888823509216,0.03696618229150772,-0.06108485162258148,0.8201411366462708,-0.24816732108592987,-0.15142087638378143,0.5155906677246094,0.1897531151771545,-0.19696511328220367,0.20343272387981412,0.181539922952652,0.015377454459667204,-0.8877211809158325,0.5532819628715515,-0.5406683683395386,0.11896929144859313,0.12390964478254318,0.29207828640937805,0.2007392644882202,0.456689566373825,0.005216097459197044,0.3211600184440613,-0.12872515618801117,-0.27998462319374084,-0.20221760869026184,0.24701461195945737,0.4841025769710541,-0.1361217051744461,0.07793459296226501,0.5933194160461426,-0.020831914618611332,-0.0642189010977745,-0.025027886033058167
0.0964025855064392,-0.111665740609169,0.7238741517066956,-0.5414883494377136,0.036118321120738976,-0.04553922265768051,0.8386965990066528,-0.3094797730445862,-0.110844187438488,0.5420336127281189,0.37300989031791687,-0.23494324088096616,0.2660590410232544,0.1545261591672897,-0.04567242041230202,-0.8245151042938232,0.6704971790313721,-0.5887498259544373,0.10880585759878159,0.1088520660996437,0.25141018629074097,0.23719969391822812,0.4610118567943573,0.06999307125806808,0.17994216084480283,-0.08261351287364958,-0.061395235359668725,-0.12033388763666152,0.2206198126077652,0.4460089802742004,-0.12755273282527924,0.06915745884180069,0.580251157283783,0.05600986257195473,-0.0839761272072792,-0.05900977924466133
0.092914879322052,-0.11303216964006424,0.7257939577102661,-0.507043719291687,0.035650789737701416,-0.03356347233057022,0.8605284094810487,-0.4021355509757996,-0.026440314948558807,0.5720396041870117,0.6220821738243103,-0.22712324559688568,0.2715815007686615,0.12175848335027693,-0.0856671929359436,-0.7474716901779175,0.744400680065155,-0.5873324275016785,0.08785383403301239,0.09598344564437866,0.21594002842903137,0.2709028720855713,0.4541310667991638,0.15695053339004517,0.025023160502314568,-0.07826410233974455,0.2780322134494781,-0.0038185489829629655,0.06592080742120743,0.3979318737983704,-0.11718085408210754,0.06250857561826706,0.5470331907272339,0.2544741928577423,-0.11652950942516326,-0.11168523877859116
0.09092789888381958,-0.1141308546066284,0.7318130135536195,-0.46698498725891113,0.038963813334703445,-0.02894921414554119,0.8829320073127745,-0.5177391171455383,0.0976274162530899,0.5754438638687134,0.8972725272178651,-0.14231744408607483,0.26883435249328613,0.0878397896885872,-0.09872017800807951,-0.663153886795044,0.7951505184173584,-0.542460024356842,0.06559801101684569,0.08725319802761078,0.19260264933109283,0.2935569882392884,0.4777140915393829,0.25309935212135315,-0.1048842966556549,-0.1768701821565628,0.6431402564048767,0.09809327870607376,-0.15231218934059143,0.34685462713241577,-0.11438796669244766,0.08710370957851411,0.47379216551780706,0.5373150706291199,-0.14075101912021637,-0.1619487702846527
0.09109146893024445,-0.11596505343914032,0.7386351227760315,-0.42579251527786255,0.04100777953863144,-0.02556451968848705,0.9035294651985168,-0.6266478300094604,0.19816410541534424,0.5545623898506165,1.113874912261963,-0.04433120042085648,0.27532121539115906,0.04958225786685944,-0.1083599254488945,-0.5867065787315369,0.8381909132003784,-0.4883482158184052,0.05769592523574829,0.0796007364988327,0.1691123992204666,0.31051054596900934,0.571223258972168,0.32900896668434143,-0.14539900422096252,-0.3636137545108795,0.8636413216590881,0.17051677405834198,-0.30501797795295715,0.3114614486694336,-0.12710127234458923,0.1339893341064453,0.3392607271671295,0.8146853446960449,-0.16958758234977722,-0.1581309735774994
0.08935624361038208,-0.11950524151325224,0.7442384362220765,-0.38775134086608887,0.04212076961994171,-0.025212666019797325,0.9204559326171875,-0.7221616506576538,0.25156998634338373,0.5037909150123596,1.2560420036315916,0.007748433388769626,0.2533422112464905,0.05720087513327599,-0.09822271764278413,-0.5470362305641174,0.7927527427673341,-0.45207175612449646,0.07021667063236237,0.0748993381857872,0.15260764956474304,0.3134050667285919,0.7089847922325134,0.38117989897727966,-0.11823590099811553,-0.5701883435249329,0.972615122795105,0.20732602477073667,-0.375709593296051,0.32374808192253113,-0.14649398624897003,0.16871751844882965,0.1572587639093399,1.0572011470794676,-0.22703859210014343,-0.11012044548988342
0.08573105931282043,-0.1259024441242218,0.7461157441139221,-0.3500576913356781,0.04308844357728958,-0.02936764433979988,0.935275673866272,-0.8246494531631469,0.2501015067100525,0.4062488377094269,1.3544670343399048,0.01420564204454422,0.20457014441490173,0.08057479560375212,-0.07928679883480072,-0.5296341180801392,0.7164034843444824,-0.4558870494365692,0.0782918334007263,0.08489207178354262,0.1545412838459015,0.3020097017288208,0.824296474456787,0.4081027209758759,-0.04158521071076393,-0.7380708456039428,1.00245201587677,0.22074517607688904,-0.37081652879714966,0.3739809095859528,-0.1559372991323471,0.1499762088060379,0.007648324128240347,1.2578762769699097,-0.2679908871650696,-0.0820567309856415
0.08235136419534683,-0.13425731658935547,0.7435885071754454,-0.31466221809387207,0.04349908977746964,-0.029798083007335663,0.9477381706237794,-0.9109545946121216,0.22512882947921753,0.3094680607318878,1.4193848371505735,-0.02329985797405243,0.17153762280941007,0.1156475469470024,-0.07320345193147659,-0.5188617706298828,0.6332341432571411,-0.489717572927475,0.09252923727035521,0.09615995734930038,0.16113407909870148,0.2886711955070496,0.8969208002090454,0.4134887158870697,0.05184046551585197,-0.8529161810874939,0.9929714798927309,0.2242436110973358,-0.3381848335266113,0.4218718409538269,-0.15417616069316864,0.09746205061674118,-0.05441496893763542,1.4113690853118896,-0.28604826331138605,-0.09438661485910416
0.0816430002450943,-0.14426583051681519,0.7381630539894104,-0.2855306565761566,0.04503362998366356,-0.028662109747529026,0.9568817615509032,-0.9671309590339661,0.20902092754840848,0.23182980716228485,1.4362258911132812,-0.07414347678422928,0.15698640048503876,0.14101792871952057,-0.08330780267715454,-0.5049132704734801,0.5948758125305176,-0.5310234427452089,0.09615574777126312,0.1038784235715866,0.1739398092031479,0.27998030185699463,0.9253916144371032,0.41210114955902094,0.14348511397838593,-0.9227272272109984,0.9914510250091552,0.2246655076742172,-0.3140312433242798,0.4613912403583527,-0.1449135988950729,0.045124709606170654,-0.03856048732995986,1.4914644956588743,-0.2769229114055633,-0.13818667829036713
0.08441826701164244,-0.15558576583862305,0.7376605272293091,-0.2672421336174011,0.045008335262537,-0.025914900004863736,0.9622288346290588,-0.9851228594779968,0.19901470839977264,0.1832846403121948,1.3740103244781494,-0.07760714739561081,0.14413654804229736,0.14575849473476407,-0.10691111534833908,-0.4845191538333893,0.5923348665237427,-0.5366914868354796,0.09817105531692506,0.101686492562294,0.1844918429851532,0.27386409044265747,0.8869892358779907,0.41733673214912415,0.18918175995349884,-0.9342555999755859,1.009404182434082,0.22575142979621887,-0.2988843023777008,0.5068020224571228,-0.1431805044412613,0.02976616285741329,0.011934008449316025,1.4968613386154175,-0.2560863792896271,-0.17050373554229736
0.0884256362915039,-0.16690330207347867,0.7430451512336731,-0.2585045099258423,0.03403468802571297,-0.01999727450311184,0.9652031660079955,-0.9777463674545288,0.17395368218421936,0.15143358707427979,1.2456661462783811,-0.03205844387412071,0.11171195656061172,0.1314277350902557,-0.1388787031173706,-0.4700779914855957,0.5713970065116881,-0.5046533942222595,0.10659380257129668,0.09404896199703217,0.17890474200248718,0.2595926821231842,0.8000606298446654,0.4217491447925568,0.1896352767944336,-0.9151757359504701,0.9963750839233398,0.2236377149820328,-0.28359949588775635,0.5462027192115784,-0.15349021553993225,0.040812354534864426,0.08279836177825926,1.417546272277832,-0.228200763463974,-0.16863693296909332
0.09186997264623642,-0.1760999709367752,0.7525975704193115,-0.25737398862838745,0.015446855686604977,-0.008500176481902598,0.9661511182785033,-0.9604462385177612,0.13241812586784363,0.12306887656450272,1.1096984148025513,0.06982000917196274,0.08579767495393753,0.1012745052576065,-0.20086669921875,-0.4830873608589172,0.5713515281677246,-0.46494379639625544,0.12808234989643097,0.08274968713521957,0.15000483393669128,0.2463940232992172,0.684636116027832,0.4131430685520172,0.1610234826803207,-0.8537663221359253,0.9268354177474976,0.20237872004508967,-0.24801312386989596,0.5694423317909241,-0.17396576702594757,0.05060264095664024,0.16234342753887177,1.2774388790130615,-0.20154599845409396,-0.13861605525016785
0.0922914668917656,-0.18322807550430295,0.7600722312927246,-0.25787323713302607,0.0026261555030941963,0.0023167268373072147,0.9661723971366881,-0.9143714904785155,0.10960862040519714,0.09673450142145155,1.031250238418579,0.13582254946231842,0.07181040197610855,0.08580584824085236,-0.2812160551548004,-0.5518527030944824,0.6378076672554016,-0.4611703753471375,0.12987378239631653,0.06922221183776855,0.11526945978403091,0.2371990233659744,0.5469197034835817,0.4065922796726226,0.11882927268743516,-0.7362465262413026,0.8114760518074036,0.1662748008966446,-0.20570632815361023,0.5859079360961914,-0.19618429243564603,0.06299027800559998,0.2288351804018021,1.1412736177444458,-0.18463541567325592,-0.08907818049192429
0.08984659612178801,-0.18937331438064572,0.7585277557373047,-0.2523854672908783,0.00435472559183836,-0.004816703498363495,0.9676049947738647,-0.8442409038543701,0.14526991546154022,0.06754084676504135,1.014430284500122,0.16648486256599426,0.059730038046836846,0.12245793640613556,-0.2835701107978821,-0.6290647387504578,0.6427044272422792,-0.4789944589138031,0.12205870449543,0.05721144378185272,0.11505071073770524,0.23388102650642395,0.40992701053619374,0.4151282906532288,0.09580957889556883,-0.5676183700561523,0.6508329510688782,0.12535373866558075,-0.15783825516700745,0.5834296941757202,-0.22519311308860776,0.06757918000221252,0.3037766218185425,0.9900575280189513,-0.1864595413208008,-0.04636302217841148
0.08573897927999496,-0.19712989032268524,0.7465096116065979,-0.2479787319898605,0.010405963286757467,-0.01683378964662552,0.9685633182525634,-0.7486207485198975,0.206254318356514,0.06917125731706619,1.0061665773391724,0.1248580515384674,0.056502804160118096,0.19472374022006989,-0.24016620218753812,-0.6812803149223328,0.5614610314369202,-0.5264185070991516,0.16056878864765167,0.03256510943174362,0.11754631251096724,0.2333441972732544,0.2931378483772278,0.42209360003471375,0.12075633555650712,-0.3874455392360687,0.45161530375480646,0.07187487185001373,-0.09616420418024064,0.5598843693733215,-0.26090678572654724,0.07726894319057465,0.4119628667831421,0.7944827675819397,-0.19401851296424863,-0.0391864888370037
0.08207052946090698,-0.20750620961189273,0.7292839884757996,-0.2409215271472931,0.013606749475002289,-0.042569097131490714,0.9695150852203368,-0.6806657910346985,0.28401246666908264,0.06666716933250427,1.0165740251541135,-0.1739207953214645,0.016827451065182682,0.212201789021492,-0.19210782647132876,-0.6873490810394287,0.5424849390983582,-0.5534923076629639,0.17418272793293,0.0033728876151144505,0.1472794413566589,0.2363000810146332,0.20900726318359372,0.3900666534900665,0.16462136805057523,-0.2780231237411499,0.31227827072143555,0.029088713228702545,-0.02942724898457527,0.49880364537239075,-0.2947128117084503,0.08247578144073486,0.5383731126785278,0.6118491888046265,-0.19450396299362183,-0.05703087151050568
0.08068251609802246,-0.2176872193813324,0.7214323282241821,-0.22854907810688016,0.007037593517452478,-0.045283723622560494,0.9724531173706055,-0.6656637787818909,0.2946673929691314,0.09391345083713533,1.0156497955322263,-0.2726907134056092,0.00015861648716963828,0.19940756261348724,-0.21060484647750852,-0.6706221699714661,0.5453227758407593,-0.5735543370246887,0.1934240013360977,-0.033504076302051544,0.13972844183444977,0.2480039149522781,0.15341807901859283,0.3129540085792541,0.19252799451351163,-0.24797882139682767,0.21438658237457275,0.0031131161376833916,0.056349392980337136,0.420867532491684,-0.3232728242874145,0.08656596392393112,0.6563479900360107,0.4384494721889496,-0.1770387887954712,-0.08616416901350021
0.0845520794391632,-0.22873425483703613,0.7285741567611694,-0.20960372686386108,-0.002042799722403288,-0.038656219840049744,0.9770198464393616,-0.6590048670768738,0.28484562039375305,0.12266042083501816,1.0021729469299316,-0.22541081905364993,-0.022388409823179245,0.16798660159111023,-0.24362170696258545,-0.631639838218689,0.5373682379722595,-0.5320935249328613,0.18437899649143216,-0.06037304922938346,0.1152302399277687,0.2673749923706054,0.0972691625356674,0.26766619086265564,0.17313526570796967,-0.14066538214683533,0.19338910281658167,-0.013504976406693459,0.09314628690481186,0.3505415916442871,-0.33377969264984125,0.06760440021753311,0.7153350710868835,0.2395907938480377,-0.13701361417770383,-0.08322329819202422
0.09118402004241943,-0.2433537393808365,0.7439947724342345,-0.16735826432704923,-0.018608592450618744,-0.02856566570699215,0.9853065013885498,-0.6426949501037598,0.2902734875679016,0.18119290471076965,0.9669948816299438,-0.12531317770481107,-0.05057356506586074,0.06886766850948334,-0.30337756872177124,-0.5515060424804688,0.5723980665206909,-0.4647532999515533,0.15398670732975006,-0.047689236700534814,0.08922194689512253,0.2795861065387726,0.08173616230487822,0.2845081388950348,0.13599179685115814,0.007572400849312544,0.23084966838359833,-0.02848133444786072,0.05216735228896141,0.29375189542770386,-0.3467259407043457,0.0661039724946022,0.6980566382408142,0.07243712246417998,-0.1075545772910118,-0.05217054113745689
0.0983159691095352,-0.25792014598846436,0.7581349015235901,-0.0975246503949165,-0.029158052057027817,-0.025032402947545048,0.9944909214973447,-0.6019428372383118,0.34022000432014465,0.2630745768547058,0.9438421130180359,-0.06519182026386261,-0.06837868690490723,-0.0997781753540039,-0.3342620432376861,-0.4076857566833496,0.706299364566803,-0.4272674024105072,0.09384763240814209,-0.007214741315692662,0.0795624479651451,0.30096468329429626,0.12461498379707336,0.3415935039520264,0.10515375435352324,0.1320876181125641,0.2708242535591125,-0.035124346613883965,-0.014827062375843523,0.2309422045946121,-0.3828717172145844,0.11465369164943696,0.6536266803741455,-0.052925296127796166,-0.10067158937454224,0.012758604250848292
0.10497115552425385,-0.27350765466690063,0.7646958827972413,-0.023062950000166893,-0.04344721138477325,-0.023205621168017387,0.9985198974609376,-0.5921480059623718,0.3880254626274109,0.3061549365520477,0.9609858989715576,-0.04892640933394432,-0.06521112471818924,-0.30788731575012207,-0.35011482238769526,-0.3122820556163788,0.9506163001060484,-0.44361349940299993,0.018625410273671154,0.031233275309205052,0.06120090931653976,0.3137076199054718,0.1965787410736084,0.42162370681762695,0.08150971680879594,0.212190255522728,0.29344531893730164,-0.04298350214958191,-0.06346209347248077,0.1598728448152542,-0.4286033511161804,0.17759710550308228,0.5765126943588257,-0.15660828351974487,-0.1026044115424156,0.06763153523206711
0.10864635556936264,-0.2872588038444519,0.7612004280090333,0.03676787763834,-0.05220522731542587,-0.02085987851023674,0.9977412223815918,-0.5930060744285583,0.3864767253398895,0.26077213883399963,0.9842423796653748,-0.09756096452474594,-0.05924561992287636,-0.4696003794670105,-0.3915743827819824,-0.29524320363998413,1.2837452888488767,-0.5013996958732605,-0.0815097689628601,0.0532355010509491,0.029485309496521946,0.31872737407684326,0.29721197485923767,0.5215415954589844,0.04869640991091728,0.26026588678359985,0.3274708092212677,-0.042265072464942925,-0.10089635103940964,0.10934333503246307,-0.4686617255210877,0.23511189222335813,0.4592855572700501,-0.23446096479892728,-0.1075139194726944,0.10619808733463287
0.10934820026159286,-0.30169540643692017,0.7469902634620665,0.0905737355351448,-0.05993613600730896,-0.02510877698659897,0.9937674403190612,-0.5118837356567383,0.3948507606983185,0.29226556420326233,0.9008662104606627,-0.28519275784492487,-0.12308385223150252,-0.5706303715705872,-0.3746241629123688,-0.25457122921943665,1.5587910413742063,-0.4972131252288818,-0.11942841857671736,0.08210889995098114,0.008784669451415537,0.3055592477321625,0.434164434671402,0.6007602214813232,0.043351661413908,0.26827672123909,0.3933764696121216,-0.019979100674390793,-0.12312407046556471,0.08443210273981094,-0.5074377655982971,0.28051313757896423,0.34059152007102966,-0.30593177676200867,-0.1213482990860939,0.13286636769771576
0.10922598838806152,-0.314370334148407,0.7340269088745117,0.12191652506589888,-0.07463814318180083,-0.007104937452822924,0.9897044897079469,-0.4685997366905213,0.3650443851947784,0.3951930403709412,0.8477061986923218,-0.4375474154949188,-0.08708542585372925,-0.6205905079841614,-0.33070454001426697,-0.1819727718830109,1.6775072813034055,-0.4470589458942413,-0.0007154009654186666,0.10241788625717164,-0.041784517467021935,0.2728206217288971,0.5330253839492798,0.6282179355621338,0.0725831165909767,0.2810671627521515,0.4398021101951599,-0.0030488718766719103,-0.1113155111670494,0.10122478008270264,-0.5404313802719116,0.2812546491622925,0.21331383287906647,-0.3758229315280914,-0.1295093595981598,0.1674957275390625
0.10667607188224792,-0.3207465708255768,0.7363946437835692,0.12055418640375136,-0.07617827504873276,-0.00103938952088356,0.989778995513916,-0.458420604467392,0.3317193388938904,0.4131598174571991,0.8252593874931334,-0.4409221708774567,-0.06343819946050644,-0.5040460228919983,-0.26908436417579645,-0.2133935242891312,1.5498090982437132,-0.44246506690979,0.10950507968664168,0.11767436563968658,-0.04160628840327263,0.26315927505493164,0.5089825987815857,0.5979870557785033,0.08242908120155334,0.333851158618927,0.4418512284755706,-0.0051253396086394796,-0.04144980385899544,0.19135615229606628,-0.525541365146637,0.24008634686470032,0.08873338997364044,-0.4166317284107208,-0.13650885224342346,0.16838514804840088
0.10133500397205351,-0.32684105634689326,0.7471607327461242,0.11375325173139572,-0.06901498883962631,0.0005280131590552628,0.9911088943481443,-0.4093400835990906,0.30072769522666926,0.4292203187942505,0.759063720703125,-0.39624735713005066,-0.0563785694539547,-0.3123314678668976,-0.22549940645694727,-0.30404490232467646,1.2629922628402708,-0.3748140037059784,0.1722530573606491,0.1406031996011734,-0.026301151141524315,0.2630918622016907,0.46984708309173584,0.5385363698005676,0.1098288670182228,0.33978068828582764,0.3818057179450989,-0.01627230830490589,0.02645808272063732,0.26345568895339966,-0.4789291918277741,0.2164156138896942,0.0586823895573616,-0.4360252916812897,-0.1439795345067978,0.15334010124206543
0.09405799210071565,-0.33077630400657654,0.7545410394668579,0.10590915381908415,-0.06827953457832336,0.0014598293928429484,0.992027759552002,-0.3893674314022064,0.2899617850780487,0.4466885328292847,0.7250320911407471,-0.359477162361145,-0.07220759987831116,-0.10022538900375366,-0.1824136972427368,-0.4588266909122467,0.8944019675254821,-0.32199716567993164,0.198945552110672,0.1631682813167572,-0.012975063174962996,0.2479345202445984,0.4678387343883514,0.46954390406608576,0.14022007584571838,0.23219664394855496,0.2907187938690185,-0.043182507157325745,0.04096464067697525,0.30350527167320246,-0.43473473191261286,0.2165728658437729,0.10186325013637541,-0.42786309123039246,-0.14647044241428375,0.14965468645095825
0.08938702195882797,-0.3332459330558777,0.7524955868721008,0.10325469821691512,-0.07371354848146439,0.0026410985738039017,0.9919161796569824,-0.4467479586601257,0.26414501667022705,0.38218623399734497,0.7510761618614196,-0.3662406504154205,-0.10216404497623444,0.08069396018981932,-0.10761608928442,-0.5991228222846985,0.5585497617721558,-0.38983973860740656,0.1641779989004135,0.1957174390554428,-0.008344396017491817,0.22912538051605225,0.49635368585586553,0.40211623907089233,0.16557615995407104,0.028461882844567295,0.22717691957950592,-0.07396271824836731,0.03733769804239273,0.2963203489780426,-0.3979323208332062,0.2239237278699875,0.1878979057073593,-0.38841095566749567,-0.1394909918308258,0.1412707269191742
0.08630739897489548,-0.33507493138313293,0.7423850893974304,0.09723000228404999,-0.0787007063627243,0.009347061626613138,0.9921014308929443,-0.5337035059928894,0.1923243552446365,0.28616735339164734,0.8024424910545349,-0.38016307353973383,-0.13144522905349731,0.19329497218132016,-0.03213844820857048,-0.594519317150116,0.2780364751815796,-0.42328941822052,0.16480399668216705,0.2198040634393692,-0.014741582795977592,0.22740562260150907,0.5139829516410828,0.33919253945350647,0.18079669773578644,-0.19425396621227264,0.18620888888835904,-0.12120398133993147,0.059455446898937225,0.2519804835319519,-0.37133237719535833,0.2319713979959488,0.3146217167377472,-0.3476736545562744,-0.14100024104118347,0.12956975400447843
0.08315160125494003,-0.3372918665409088,0.7307334542274475,0.0912543386220932,-0.08346069604158401,0.010348176583647728,0.992270052433014,-0.5881112813949585,0.18731565773487088,0.3167680501937866,0.8702998161315918,-0.40518695116043085,-0.09058764576911926,0.24554467201232913,0.00437359930947423,-0.5892570018768312,0.1428360491991043,-0.4454570412635803,0.18045495450496676,0.22899895906448364,-0.0074774851091206065,0.23032134771347043,0.5081336498260498,0.2708704471588135,0.19275374710559845,-0.41421142220497126,0.14172819256782532,-0.16240030527114868,0.10106091201305388,0.1865660101175308,-0.3570834994316101,0.23043216764926913,0.4795648753643036,-0.30153146386146545,-0.1483616083860397,0.09885261207818985
0.07767562568187714,-0.3403450846672058,0.7251824736595155,0.09323196858167648,-0.08002957701683043,0.00035258440766483545,0.9924227595329284,-0.5895836353302002,0.2085358500480652,0.3371807932853699,0.9074711799621582,-0.4421470463275909,-0.030556971207261086,0.2515150308609009,0.00695530790835619,-0.5804280638694763,0.18403175473213196,-0.44355443120002747,0.19891913235187528,0.2249416261911392,0.020304003730416294,0.2339801639318466,0.4980180263519287,0.18906983733177185,0.17765900492668152,-0.5961008667945862,0.07640285789966582,-0.20833581686019895,0.14946430921554563,0.12087098509073256,-0.34378498792648315,0.19353912770748136,0.6380445957183838,-0.2500351369380951,-0.16582931578159332,0.07966312766075134
0.06998467445373535,-0.34384244680404663,0.726136028766632,0.09364520758390425,-0.07055659592151642,-0.013917738571763039,0.9930048584938048,-0.556061327457428,0.22648079693317413,0.32232993841171265,0.900520920753479,-0.4670892059803009,-0.0190487802028656,0.2047654688358307,-0.0344766229391098,-0.5682839155197144,0.4148356914520264,-0.42773577570915217,0.19836409389972687,0.1948637813329697,0.05282770097255706,0.23239614069461825,0.47312381863594055,0.12236645817756651,0.1134873479604721,-0.68787682056427,0.034482751041650765,-0.2255414426326752,0.1724286675453186,0.06091658025979996,-0.31570151448249817,0.10578083246946333,0.7746456861495972,-0.17774948477745056,-0.16439850628376007,0.05399350449442864
0.062493409961462014,-0.34895411133766174,0.7322933673858641,0.08441439270973204,-0.06011630967259407,-0.01245462242513895,0.9945376515388488,-0.5003942251205444,0.19337283074855804,0.3176973164081573,0.8382869958877563,-0.4478168189525604,0.010914254933595656,0.0802236869931221,-0.1525360196828842,-0.5498282909393312,0.7973609566688538,-0.37352994084358215,0.1965795606374741,0.1347036510705948,0.052226241677999496,0.2342367321252823,0.4329952001571655,0.0825459137558937,0.02437051385641098,-0.6499693393707275,0.009113525040447714,-0.22314606606960297,0.1856871992349625,0.012156655080616474,-0.276090532541275,-0.050256140530109406,0.8613046407699586,-0.09982983022928238,-0.14727815985679626,0.012003231793642044
0.05569612979888916,-0.35469919443130493,0.7428101897239685,0.07224691659212112,-0.048125579953193665,-0.00641708355396986,0.9962043762207032,-0.42516049742698664,0.14130374789237976,0.3145871162414551,0.7437602281570433,-0.41680794954299927,0.03907966241240501,-0.08554591238498686,-0.29242575168609614,-0.5111181139945984,1.215272545814514,-0.2697577476501465,0.17508059740066528,0.0671430230140686,0.03827442601323128,0.2380826771259308,0.370259165763855,0.09072278439998625,-0.08030219376087187,-0.525810956954956,-0.00847573671489954,-0.2028199136257172,0.21088571846485135,-0.011980922892689703,-0.23446278274059293,-0.22337345778942108,0.8305613398551941,0.03148441016674042,-0.13078393042087555,-0.05635145679116249
0.048772718757390976,-0.35810887813568115,0.7547958493232726,0.06789389252662659,-0.032880496233701706,-0.01234892662614584,0.9970741271972656,-0.34155645966529846,0.1253660023212433,0.3013708889484405,0.6538563370704651,-0.3912827968597412,0.04285820573568344,-0.2187003046274185,-0.41137087345123285,-0.49431154131889343,1.5778465270996092,-0.2821005880832672,0.09239419549703598,0.014553530141711237,0.037721950560808175,0.24852865934371948,0.29389849305152893,0.1416475474834442,-0.18699176609516144,-0.4157328009605408,0.032110974192619324,-0.17358961701393127,0.2177487164735794,0.002556435763835907,-0.21490360796451569,-0.2919157147407532,0.6695263385772705,0.13849377632141113,-0.1396734118461609,-0.10216287523508072
0.04290906339883804,-0.35901886224746704,0.7655357718467712,0.07476479560136795,-0.020551789551973343,-0.024833695963025093,0.9966800212860109,-0.26532092690467834,0.14000433683395383,0.2975436449050904,0.5771015286445618,-0.3624267578125,0.034748371690511703,-0.3394931256771088,-0.5011652708053589,-0.476021021604538,1.8922295570373533,-0.3645521402359009,-0.013699368573725224,-0.02068406902253628,0.04274119064211845,0.26248073577880854,0.225395530462265,0.2038878947496414,-0.2856506407260895,-0.3866938948631287,0.12448722869157793,-0.14430642127990723,0.18915268778800964,0.0347396656870842,-0.2354891747236252,-0.24140788614749908,0.4629537165164948,0.1599319875240326,-0.1536715030670166,-0.10025625675916672
0.0377846397459507,-0.35792964696884155,0.774937629699707,0.08617597818374634,-0.009899556636810303,-0.03642329573631287,0.9955646991729736,-0.19484674930572507,0.16196022927761075,0.3082649409770965,0.5109844207763672,-0.33093971014022827,0.02058263123035431,-0.46224671602249146,-0.5409008860588074,-0.4523264467716217,2.1549205780029297,-0.4415217339992523,-0.07681745290756226,-0.04423189535737038,0.04472997039556503,0.27386176586151123,0.16044460237026215,0.2741412818431854,-0.37104418873786926,-0.4096496403217316,0.2245829254388809,-0.11603567749261856,0.14346098899841309,0.07437085360288621,-0.30106282234191895,-0.12650911509990692,0.25457438826560974,0.10937073826789856,-0.1496671438217163,-0.05259544029831886
0.03355020284652709,-0.35552543401718134,0.7832949757575988,0.0962469205260277,0.0011185697512701152,-0.0452350489795208,0.994328498840332,-0.13644373416900635,0.1807999163866043,0.31931143999099726,0.4650803804397583,-0.29925164580345154,0.007651943247765303,-0.5792955160140991,-0.534455418586731,-0.4465562701225281,2.3425071239471436,-0.4937728941440582,-0.0946868360042572,-0.05768372118473053,0.043707534670829766,0.2879927158355713,0.09012244641780852,0.34875458478927607,-0.4359202682971954,-0.45465898513793945,0.3096577227115631,-0.09325578808784483,0.09909726679325104,0.1128472089767456,-0.4010820984840393,-0.0017330815317109227,0.07533501833677293,0.009732138365507122,-0.1384819597005844,0.012925251387059689
0.03022958151996136,-0.3527612090110779,0.7906963229179382,0.10149986296892166,0.014937098138034344,-0.051855914294719696,0.9933708310127257,-0.09823691099882124,0.2006607800722122,0.32507216930389404,0.46397337317466736,-0.26438385248184204,0.0014356168685480952,-0.6803848147392273,-0.5052180886268616,-0.4657754302024841,2.44460678100586,-0.5209676027297974,-0.09575793892145155,-0.06733252853155136,0.039761275053024285,0.3107443153858185,0.01449007075279951,0.42528784275054926,-0.49563011527061457,-0.4961241781711578,0.3583446145057678,-0.06990808248519897,0.06698623299598694,0.15260109305381775,-0.4991929233074188,0.08329377323389053,-0.047779664397239685,-0.07702600210905075,-0.1293107271194458,0.06340168416500092
0.0294612031430006,-0.3501875102519989,0.7975602149963379,0.1021820157766342,0.02980380319058895,-0.05729809403419495,0.9926669001579284,-0.1082722470164299,0.23254509270191193,0.31882217526435846,0.5480830073356628,-0.2190280258655548,0.004716935567557812,-0.7776528596878051,-0.4707670211791992,-0.5078854560852051,2.4300451278686523,-0.513276994228363,-0.11048334836959837,-0.07762394100427628,0.0329534076154232,0.3456459045410156,-0.05754420533776283,0.5058056712150574,-0.5593324899673462,-0.5204257965087891,0.3846282660961151,-0.04177350550889969,0.0468929000198841,0.1884290724992752,-0.5710820555686951,0.1361917406320572,-0.10476095974445344,-0.13465403020381927,-0.11634696274995804,0.08910966664552689
0.030341399833559986,-0.34778577089309687,0.8034221529960632,0.09867576509714127,0.04275263100862503,-0.061729487031698234,0.9922825694084167,-0.177450031042099,0.28157699108123774,0.314184695482254,0.7296426296234131,-0.15331624448299408,0.03630265593528748,-0.858420193195343,-0.420160174369812,-0.5467360019683838,2.2623167037963867,-0.4797888398170471,-0.14588652551174164,-0.09178505837917328,0.02254791557788849,0.38712731003761286,-0.11189591139554976,0.5882279276847839,-0.6269192099571228,-0.5335177779197693,0.41213151812553406,-0.0148309962823987,0.04368327185511589,0.21279872953891757,-0.602201521396637,0.1842028498649597,-0.09246844053268433,-0.16757066547870636,-0.10101048648357391,0.09936879575252533
0.028398144990205765,-0.3457059860229492,0.8038899302482606,0.0974963828921318,0.052985332906246185,-0.06071594730019569,0.991968035697937,-0.22342969477176663,0.3181116580963135,0.3387322127819061,0.87248557806015,-0.14959269762039185,0.06936320662498474,-0.8911170363426208,-0.34020495414733887,-0.5340318679809569,1.9415409564971924,-0.41254192590713507,-0.16608919203281403,-0.10229308158159256,0.0005525792366825044,0.42493996024131775,-0.1374121606349945,0.6519203186035156,-0.6800668835639954,-0.5399227142333984,0.4134872853755951,-0.00561282504349947,0.0585382767021656,0.22054569423198697,-0.6004664897918701,0.24419213831424716,-0.015652531757950783,-0.18950724601745603,-0.08119048178195953,0.09361398220062256
0.021517347544431686,-0.3448465168476105,0.7984755039215088,0.1035647764801979,0.06258460879325867,-0.04203858599066734,0.9917612075805664,-0.1794639229774475,0.26738765835762024,0.38238057494163513,0.8333153724670409,-0.16320665180683136,0.052438590675592416,-0.8592349886894226,-0.26137426495552063,-0.4670583605766296,1.5236042737960815,-0.3083923161029816,-0.15692801773548126,-0.10098246484994888,-0.0527929812669754,0.43901938199996954,-0.12702736258506775,0.662876546382904,-0.698906660079956,-0.5288873314857483,0.407088428735733,-0.0233578197658062,0.07631705701351164,0.21425786614418027,-0.5718867182731628,0.31445035338401794,0.1322447508573532,-0.21502414345741272,-0.062353044748306274,0.08307386189699173
0.010237615555524826,-0.34420567750930786,0.7843350768089294,0.11339114606380463,0.07162778079509735,-0.013015019707381724,0.9908796548843384,-0.07798410207033157,0.14736419916152954,0.41135480999946594,0.6515308618545532,-0.17868657410144803,0.01469295285642147,-0.7756606340408325,-0.17627668380737305,-0.3629679977893829,1.033082604408264,-0.13757102191448212,-0.09407004714012146,-0.08776872605085374,-0.11899291723966599,0.41907593607902527,-0.08121514320373534,0.6043860912322998,-0.677043855190277,-0.5009635090827942,0.4004698395729065,-0.0578465312719345,0.07447129487991333,0.2100075334310532,-0.5278505086898804,0.38110691308975214,0.32581183314323425,-0.2452898472547531,-0.05023571848869324,0.07327240705490112
-0.000842515379190445,-0.3410164713859558,0.7624378204345702,0.11802957206964491,0.08009043335914612,0.022221587598323825,0.9895254969596863,0.017261231318116188,0.02419450879096985,0.444153755903244,0.5180343985557556,-0.33457034826278687,0.026959374547004696,-0.6346479058265686,-0.13875152170658112,-0.282839298248291,0.5419569611549377,-0.027932133525609967,-0.02504153363406658,-0.07084406167268753,-0.19017814099788663,0.383012592792511,-0.02295156568288803,0.49753680825233454,-0.6112369894981384,-0.4559092819690704,0.4075299203395844,-0.07528064399957658,0.07610984146595001,0.21608065068721768,-0.4890320897102356,0.4352027475833893,0.5125401616096497,-0.2675931751728058,-0.04468299821019173,0.0744427442550659
-0.00582696869969368,-0.3367352783679962,0.7421279549598694,0.11346641182899476,0.07988084107637405,0.06658338755369185,0.9880844950675964,0.03540822118520737,-0.08974296599626541,0.4679520130157471,0.4749505817890167,-0.39675980806350714,0.057287584990262985,-0.553443968296051,-0.16577033698558807,-0.2570505142211914,0.2301196902990341,-0.08516252785921098,0.05253522098064423,-0.06278279423713684,-0.2752656638622284,0.3287483751773834,0.006147213280200958,0.36028409004211426,-0.527256965637207,-0.3591934740543365,0.42090386152267456,-0.05330362915992737,0.09194503724575041,0.22413714230060575,-0.4393036067485809,0.478893905878067,0.6711664795875549,-0.2781277596950531,-0.05506607890129089,0.08044652640819548
-0.0048060342669487,-0.3353312909603119,0.735442876815796,0.13105671107769012,0.07119565457105637,0.05506828054785728,0.9872804880142213,-0.02300663292407989,-0.019555864855647087,0.4949741363525391,0.6047336459159851,-0.454133927822113,0.05904663726687431,-0.5649770498275757,-0.12242664396762848,-0.3345330059528351,0.18256083130836487,-0.03741571307182312,0.01381123624742031,-0.020943380892276764,-0.24384082853794095,0.31468188762664795,-0.006099814083427191,0.22924739122390747,-0.4363629519939423,-0.20780903100967407,0.4381188452243805,-0.034620966762304306,0.07000657916069031,0.18800784647464752,-0.39142581820487976,0.5405544638633728,0.79609477519989,-0.3018147349357605,-0.06331006437540054,0.10187283158302309
-0.0006482377648353577,-0.3357458710670471,0.7343657612800598,0.15677648782730103,0.07002254575490952,0.04715879634022713,0.9840193390846252,-0.034638743847608566,0.02566138282418251,0.5364232659339905,0.6587907075881958,-0.47193002700805664,0.052202723920345306,-0.6925942301750183,-0.09975642710924147,-0.27489036321640015,0.4260709881782532,-0.01956064626574516,-0.014070450328290462,0.010342201218008997,-0.21262161433696744,0.3285774290561676,-0.01786193624138832,0.13807198405265808,-0.35268881916999817,-0.06989915668964386,0.4686904549598694,-0.01422441191971302,0.06109369918704033,0.1139962375164032,-0.3629196286201477,0.6079491376876831,0.8824865221977235,-0.3427203595638275,-0.06415294855833054,0.1555454581975937
0.004304047673940659,-0.3356381952762604,0.738490343093872,0.17061804234981537,0.0696757510304451,0.036709871143102646,0.9821848869323729,-0.03809107095003128,0.06754082441329956,0.550820529460907,0.676897406578064,-0.4599861204624176,0.0351521372795105,-0.8257000446319581,-0.1264775842428207,-0.27235177159309387,0.7539719343185424,-0.05073656886816025,-0.07022502273321152,0.013165179640054703,-0.1855303943157196,0.3524220883846283,-0.04093177616596222,0.11491209268569946,-0.305469810962677,0.06185013055801392,0.4910919964313507,-0.008139480836689472,0.07836850732564926,0.0470845066010952,-0.3492419719696045,0.6200042366981505,0.8932881355285645,-0.34486326575279236,-0.06833606213331223,0.17562294006347656
0.008320106193423271,-0.3333635628223419,0.7465697526931762,0.17408864200115204,0.062257569283246994,0.023922940716147423,0.9824687242507935,-0.04179801791906357,0.10639615356922148,0.5522820353507996,0.645779013633728,-0.42494001984596247,0.018195074051618576,-0.8911850452423095,-0.1973729431629181,-0.3426007926464081,1.0151007175445557,-0.13172762095928192,-0.12507562339305875,0.0022027527447789907,-0.16040346026420593,0.3657056391239166,-0.06617394089698792,0.13859374821186063,-0.300913006067276,0.2173007279634476,0.5074631571769713,0.005099457688629627,0.09403943270444869,0.021420110017061237,-0.33858901262283325,0.5808745622634888,0.8460698127746582,-0.318712443113327,-0.06983093917369843,0.16328871250152588
0.012216748669743536,-0.3289819061756134,0.7559290528297424,0.16843949258327484,0.05089098587632179,0.009128352627158165,0.9843550920486449,-0.04679490998387337,0.14136642217636108,0.5379428863525392,0.5927998423576354,-0.3891443312168121,0.003006681567057967,-0.9600701928138734,-0.23665878176689148,-0.3370391130447388,1.2608076333999632,-0.19395004212856287,-0.15051938593387604,-0.01706462725996971,-0.1349714994430542,0.3664723038673401,-0.07762297987937926,0.18802566826343536,-0.33141008019447327,0.37572303414344793,0.5074174404144287,0.018205581232905388,0.1015482023358345,0.03080362267792225,-0.32808479666709894,0.5135013461112976,0.7517188191413878,-0.31006357073783875,-0.06321506947278976,0.14138334989547727
0.016122648492455482,-0.32269978523254395,0.7638806104660033,0.1568722426891327,0.0396793894469738,-0.0045114122331142426,0.9868111610412595,-0.05737251788377762,0.1718184798955917,0.5135416984558105,0.5452095866203308,-0.36404287815094,-0.008099795319139957,-1.0301892757415771,-0.2288311272859573,-0.2613517343997956,1.5005793571472168,-0.25112369656562805,-0.1307087540626526,-0.038043927401304245,-0.11618591845035552,0.35841307044029236,-0.06758330017328262,0.24401430785655973,-0.37630918622016907,0.5145323872566223,0.4868728518486023,0.02649765834212303,0.08799764513969421,0.06413176655769348,-0.32063814997673035,0.44995081424713135,0.62346214056015,-0.3311209976673126,-0.051541559398174286,0.11890402436256409
0.01955222152173519,-0.31497502326965326,0.7681332230567933,0.1410638988018036,0.03007211722433567,-0.008310597389936447,0.9895087480545045,-0.08080758899450302,0.1811220198869705,0.48176196217536926,0.5154706835746765,-0.34604078531265253,-0.009520341642200947,-1.0845240354537964,-0.2336970567703247,-0.17087975144386292,1.7565685510635376,-0.3565983772277832,-0.11904891580343246,-0.05838116630911827,-0.11871973425149916,0.3415403664112091,-0.046270575374364846,0.2977998554706573,-0.4265929162502289,0.6251102089881897,0.45858410000801086,0.03072357550263405,0.062459681183099754,0.11532993614673615,-0.32212480902671814,0.4030586183071136,0.4738435745239258,-0.3739829361438751,-0.04036648944020271,0.10014668852090836
0.022224970161914825,-0.30515971779823303,0.7679022550582885,0.1210705041885376,0.020493481308221817,-0.009774201549589634,0.9923841953277587,-0.12580733001232147,0.1931307315826416,0.4396302998065949,0.5263487696647644,-0.3460037410259247,-0.013066726736724377,-1.1051959991455078,-0.28806820511817927,-0.10303539782762527,1.9959073066711424,-0.4786655604839325,-0.1403790712356567,-0.07672192901372908,-0.12295988947153091,0.3236525952816009,-0.024620860815048214,0.35300102829933167,-0.4854609668254852,0.7057936191558838,0.44694384932518005,0.030043868348002437,0.035114552825689316,0.18201033771038053,-0.33246833086013794,0.3607532978057861,0.3148804605007172,-0.42232015728950495,-0.03560638800263405,0.08404195308685303
0.02474959567189217,-0.2949574887752533,0.7649129033088685,0.09838481992483139,0.013613995164632796,-0.006947769783437252,0.9950310587882996,-0.1679156124591827,0.19347828626632688,0.3977244794368744,0.5432121157646179,-0.35134342312812805,-0.019359275698661804,-1.0769386291503906,-0.3586530089378357,-0.027513151988387108,2.15738296508789,-0.5558133125305176,-0.13534840941429138,-0.09259896725416183,-0.1301246881484985,0.311215341091156,0.0022622395772486925,0.4079150259494781,-0.5381872057914734,0.7342656254768372,0.4456890225410461,0.021732347086071968,0.016410101205110546,0.2452863901853561,-0.3384181261062622,0.3095489740371704,0.18424060940742487,-0.4520430564880371,-0.034147541970014565,0.054261434823274605
0.02640632539987564,-0.28652051091194153,0.7641049027442931,0.08314664661884308,0.011416083201766014,0.0019349054200574756,0.996470034122467,-0.18075160682201383,0.1745045781135559,0.37579202651977534,0.5329684019088745,-0.33882424235343933,-0.02332262508571148,-1.0021719932556152,-0.41698688268661493,0.043716084212064736,2.172803401947021,-0.5833197236061096,-0.11351477354764938,-0.09117397665977478,-0.14088904857635498,0.3032471537590027,0.03764915093779564,0.4482991099357605,-0.5569565892219543,0.7222830057144165,0.43857771158218384,0.01151689887046814,0.023484116420149803,0.2822990417480469,-0.33239227533340454,0.2659592628479004,0.14281333982944489,-0.4664584994316101,-0.0314718596637249,0.009025902487337588
0.024496819823980328,-0.28045231103897095,0.7670629024505614,0.07818453013896942,0.011140653863549232,0.005438511725515127,0.9968618154525757,-0.1607622504234314,0.16668081283569336,0.3686477243900299,0.49111536145210266,-0.3082924783229828,-0.03263113275170326,-0.8738716840744017,-0.465158075094223,0.051675327122211456,2.011347532272339,-0.5668618679046631,-0.09866790473461153,-0.06922964006662369,-0.13475775718688965,0.294843465089798,0.07359879463911057,0.46461635828018183,-0.5347310304641724,0.7057236433029175,0.4194394648075104,0.006042046472430229,0.03823128715157509,0.2891542911529541,-0.3202504813671112,0.24046316742897036,0.19497184455394745,-0.455213725566864,-0.02512928657233715,-0.039913009852170944
0.019380006939172745,-0.27411356568336487,0.7719643712043761,0.07642184942960739,0.010904549621045588,0.00867289025336504,0.9969781637191772,-0.11665767431259157,0.15493038296699524,0.3713469207286834,0.40989053249359125,-0.26159060001373285,-0.046388179063797,-0.7065058946609497,-0.5020198822021484,0.004501690622419119,1.7130342721939087,-0.5157995223999025,-0.060944058001041405,-0.041692815721035,-0.12393996119499207,0.2772052586078644,0.1078195571899414,0.45671182870864874,-0.4870227575302124,0.6994657516479492,0.39851158857345587,-0.0021832056809216738,0.04574953019618988,0.29089030623435974,-0.3141549825668335,0.22834244370460513,0.2892012596130371,-0.4145220518112183,-0.017586329951882362,-0.05173960328102112
0.01262837741523981,-0.2663255035877228,0.7770271897315979,0.07327532023191453,0.006272388156503439,0.012718702666461468,0.9972109198570253,-0.06862346827983856,0.1373795121908188,0.3739128112792969,0.29955172538757324,-0.20634126663208008,-0.06958642601966858,-0.5132856369018555,-0.496219664812088,-0.06743677705526352,1.2996695041656494,-0.40501514077186573,0.028578840196132656,-0.016736729070544243,-0.11262612044811247,0.2475596219301224,0.13926164805889127,0.4402503967285156,-0.441341370344162,0.6947084069252014,0.39421114325523376,-0.01676587387919426,0.02992474474012852,0.2964748740196228,-0.3132749795913696,0.23081384599208832,0.3971510529518128,-0.3634216487407684,-0.015884879976511,-0.03278370574116707
0.005923982243984938,-0.25578561425209045,0.7786925435066222,0.0685453861951828,-0.0025110673159360886,0.01896746456623077,0.9974645972251891,-0.030115835368633274,0.11496157199144363,0.36359465122222895,0.18342338502407077,-0.15372443199157715,-0.09993612766265869,-0.3119003474712372,-0.4476988613605499,-0.11383158713579176,0.7996641397476195,-0.19691064953804016,0.18107561767101288,0.00677296007052064,-0.10904887318611144,0.2102351039648056,0.1698833853006363,0.43367999792099,-0.4167646169662476,0.6892156004905701,0.38900250196456904,-0.03265100345015526,-0.0006216901238076389,0.2949337363243103,-0.31565028429031367,0.24615201354026797,0.5137544274330139,-0.3231225311756134,-0.023725230246782303,0.01689690724015236
0.0011394007597118616,-0.24234883487224576,0.7758321762084962,0.056985855102539056,-0.013631188310682772,0.027503458783030506,0.9979029893875122,-0.02883713319897652,0.10514144599437712,0.3455356955528259,0.1357773244380951,-0.13313692808151245,-0.13598521053791046,-0.11499228328466415,-0.4325341284275055,-0.22179411351680756,0.39496049284935,-0.14265918731689453,0.25551310181617737,0.019097594544291496,-0.11893898993730544,0.17442606389522552,0.18969775736331937,0.44492924213409424,-0.4057132601737976,0.6792009472846985,0.40650442242622375,-0.028831416741013527,-0.04440450295805931,0.2937191426753998,-0.31522274017333984,0.2681712210178375,0.6147081255912781,-0.29237303137779236,-0.030606830492615696,0.07934002578258513
-0.0014761160127818584,-0.2306960821151733,0.7736434340476989,0.04612766951322556,-0.01876247115433216,0.027290843427181244,0.9983863830566406,-0.05145987495779991,0.12746430933475494,0.326855331659317,0.1571633666753769,-0.1350039839744568,-0.15568219125270844,0.01226789318025112,-0.394594132900238,-0.3193517029285431,0.19088666141033167,-0.1343354880809784,0.26948460936546326,0.026070984080433846,-0.11381715536117552,0.1673554927110672,0.1791629046201706,0.4607445895671845,-0.3944758176803589,0.6937451362609863,0.41562533378601074,-0.026603350415825844,-0.0799817144870758,0.26320427656173706,-0.3009836971759796,0.30610942840576166,0.7307703495025634,-0.2522479295730591,-0.03782552853226662,0.12175521254539488
-0.002360098762437701,-0.2227036654949188,0.7768497467041015,0.05423908680677414,-0.01966649852693081,0.008564750663936138,0.9982975125312803,-0.05298411473631858,0.19288051128387448,0.3329663872718811,0.1799963265657425,-0.14025554060935974,-0.17766082286834717,0.0324191190302372,-0.3270750641822815,-0.3177938759326935,0.14141948521137235,-0.0891733318567276,0.2616090774536133,0.04475412890315056,-0.0625268965959549,0.17103217542171478,0.17615282535552979,0.43486082553863525,-0.35947200655937195,0.7457323074340819,0.4205333888530731,-0.020378321409225464,-0.0772203654050827,0.201553076505661,-0.30457353591918945,0.3867443799972534,0.8580874204635619,-0.2458079308271408,-0.03248310461640357,0.15730819106101987
-0.0037861072923988095,-0.21541273593902588,0.7797178626060487,0.06484521180391312,-0.019140077754855156,0.0017677813302725551,0.9977102279663086,-0.028385994955897328,0.2185911238193512,0.3537045419216156,0.15383124351501465,-0.12306634336709976,-0.1950169652700424,0.0345831923186779,-0.2955918610095978,-0.29795563220977783,0.12699034810066223,-0.06954312324523926,0.25925520062446594,0.05628709495067597,-0.04032818600535393,0.16572780907154083,0.184282585978508,0.37748757004737854,-0.2886924147605896,0.8103662133216859,0.3951726257801056,0.0010754251852631569,-0.05509037151932716,0.1550064980983734,-0.30580565333366394,0.4659792482852936,0.9461541771888734,-0.3005208969116211,0.004549139179289341,0.2229526489973068
-0.0056199259124696255,-0.20815838873386383,0.7803881764411926,0.06308634579181671,-0.01955288462340832,0.0006428328924812376,0.997816264629364,-0.013648479245603085,0.22573578357696533,0.3528572618961334,0.127275288105011,-0.10665122419595718,-0.21346890926361084,0.043005384504795074,-0.28243371844291687,-0.3035122752189636,0.12056191265583038,-0.07604490220546721,0.26144641637802124,0.04722650721669197,-0.03715108335018157,0.15317782759666443,0.1975269168615341,0.3230835497379303,-0.22790695726871488,0.8479925394058228,0.3591797351837158,0.004726040177047253,-0.04316643625497817,0.1388884037733078,-0.2951192855834961,0.4761882126331329,0.9644861221313475,-0.3188023269176483,0.020342400297522545,0.2537818551063537
-0.007708714343607426,-0.20147493481636047,0.7792801260948181,0.057709388434886925,-0.01989321038126945,-0.0004526804841589183,0.9981350898742675,-0.010219797492027283,0.23372860252857208,0.3394211232662201,0.12023396044969557,-0.10409148037433624,-0.23184174299240112,0.05756654217839241,-0.272611141204834,-0.31869015097618103,0.1149362102150917,-0.09180795401334761,0.26006275415420527,0.03299882262945175,-0.035254109650850296,0.142375111579895,0.2120162695646286,0.2827457785606384,-0.19946570694446564,0.8549609780311584,0.33728963136672974,-0.008753565140068531,-0.0441863089799881,0.1426856368780136,-0.2867175936698913,0.43900322914123535,0.9328246712684632,-0.26200470328330994,0.0037337315734475847,0.23667314648628235
-0.010110614821314812,-0.19602426886558527,0.7776792645454407,0.05188048630952835,-0.018928010016679764,0.00015607853129040447,0.998473882675171,-0.006590834353119135,0.23628212511539456,0.3266466856002808,0.11790411919355392,-0.1028059422969818,-0.2413058280944824,0.07302119582891464,-0.27047088742256165,-0.3349965512752533,0.11270254850387572,-0.10767948627471924,0.25814837217330927,0.01898256316781044,-0.035341136157512665,0.13629937171936035,0.22074392437934875,0.25555241107940674,-0.1920833885669708,0.8535594940185546,0.33299282193183893,-0.02398613840341568,-0.046483416110277176,0.15014991164207458,-0.2835661768913269,0.3881282806396484,0.8953602313995361,-0.17578208446502683,-0.03386955335736275,0.18834592401981357
-0.01207092497497797,-0.19231085479259488,0.7767599821090697,0.04796527698636055,-0.017594903707504272,0.0015298844082280991,0.9986928105354307,-0.002646893262863159,0.23673367500305173,0.3205478489398956,0.11843598634004592,-0.10110782086849213,-0.2432561665773392,0.0846760645508766,-0.27066123485565186,-0.343948096036911,0.1116337776184082,-0.11789530515670776,0.25637325644493103,0.012453207746148108,-0.03535836189985275,0.13428540527820587,0.2210872322320938,0.2389926165342331,-0.19000554084777832,0.8552400469779968,0.33592045307159424,-0.0315430648624897,-0.047596525400877,0.15015628933906555,-0.28517085313797,0.3584507703781128,0.8773611783981323,-0.12228135764598846,-0.06083176657557488,0.1516769975423813
-0.01351640373468399,-0.18989023566246033,0.7764173150062562,0.045599713921546936,-0.01664944924414158,0.002407142193987965,0.9988180994987488,-3.144105357932858e-05,0.2377522140741348,0.3187333345413208,0.1196090579032898,-0.09981157630681992,-0.24363236129283905,0.0916106700897217,-0.2699015140533447,-0.3472630977630615,0.11180122941732407,-0.12378203868865965,0.254779577255249,0.012057351879775524,-0.03348178043961525,0.1331721395254135,0.21762414276599884,0.22767890989780423,-0.18712292611598969,0.8606677055358887,0.3364347517490387,-0.03309119492769241,-0.04660063236951828,0.14431694149971008,-0.2888047695159912,0.35118439793586725,0.8774678707122802,-0.10151699930429459,-0.06855180114507675,0.1354152411222458
-0.014662966132164,-0.18815836310386655,0.7762765288352966,0.04366013780236244,-0.0161209125071764,0.0031368688214570284,0.998911440372467,0.0012642531655728817,0.23824188113212583,0.31818124651908875,0.12008079141378401,-0.09876210242509842,-0.24422696232795715,0.09649863094091415,-0.26962101459503174,-0.3501313626766205,0.11237281560897829,-0.12825927138328552,0.2535018920898437,0.01405119989067316,-0.031105078756809235,0.13180968165397644,0.2127971053123474,0.22035568952560425,-0.1836063712835312,0.8656764626502991,0.3348518908023834,-0.03260418400168419,-0.045261364430189126,0.13724002242088315,-0.29320371150970453,0.35652515292167664,0.8884554505348204,-0.09885241091251373,-0.0684087872505188,0.1278536468744278
-0.01566309668123722,-0.18664620816707608,0.7761920690536499,0.041876353323459625,-0.015912150964140892,0.003705708077177405,0.9989892244338989,0.0013789169024676085,0.2385580390691757,0.3178340792655945,0.11999700218439102,-0.09782145917415619,-0.2450280338525772,0.10009854286909103,-0.2694247663021088,-0.3531377911567688,0.11300880461931229,-0.13192926347255707,0.25178021192550654,0.016777342185378075,-0.028625288978219032,0.1302141100168228,0.207986980676651,0.217030331492424,-0.17987270653247833,0.8677632212638856,0.333112895488739,-0.0323888324201107,-0.04450931400060654,0.1303483098745346,-0.2976811230182648,0.36969393491745,0.9061452150344848,-0.10858361423015594,-0.06401605159044266,0.1260220557451248
-0.016550768166780472,-0.18531097471714017,0.7761329412460326,0.040370997041463845,-0.015816567465662956,0.004276106134057045,0.9990503787994384,0.0005723742069676518,0.23837740719318387,0.3174678087234497,0.12056896090507507,-0.09714499861001968,-0.24475699663162231,0.10267075151205061,-0.2696834206581116,-0.3551735281944275,0.1137842908501625,-0.13501180708408356,0.24993175268173215,0.01945018209517002,-0.02657752484083176,0.12869316339492795,0.20380446314811704,0.21641260385513303,-0.17596423625946045,0.8662664890289306,0.33198392391204834,-0.033205047249794006,-0.04408327117562295,0.12512831389904022,-0.3017459809780121,0.3853839337825775,0.9250739812850952,-0.12312572449445724,-0.05799823254346848,0.1274436116218567
-0.01700781285762787,-0.18447163701057437,0.7761235237121582,0.03903337940573692,-0.015812430530786514,0.004815306048840284,0.999101221561432,-0.0007604451384395362,0.23780108988285065,0.31625580787658686,0.12202886492013933,-0.0969882532954216,-0.24412682652473447,0.1048874333500862,-0.2700203061103821,-0.3559175133705139,0.1143687590956688,-0.137872576713562,0.24808090925216675,0.021224509924650192,-0.025128230452537537,0.12746548652648923,0.20081070065498352,0.2176133692264557,-0.17345762252807617,0.8623555302619934,0.33053317666053766,-0.035129576921463006,-0.04325415194034576,0.12283384799957275,-0.30475735664367676,0.39656344056129456,0.9404038190841674,-0.13446129858493805,-0.05342318490147591,0.1294572502374649
-0.01741303876042366,-0.18381449580192563,0.7761403322219848,0.03787408396601677,-0.015955466777086254,0.005192520096898079,0.9991416335105897,-0.0020932846236974,0.23698607087135315,0.3141963481903076,0.1237826496362686,-0.09686853736639024,-0.24376320838928223,0.1066657155752182,-0.27030059695243835,-0.3550775647163391,0.11460400372743607,-0.13951903581619263,0.24718831479549408,0.021837089210748672,-0.023731712251901623,0.12621127068996427,0.19892665743827817,0.22050075232982635,-0.1732853800058365,0.8572207689285278,0.3296556770801544,-0.03655603155493736,-0.0413675494492054,0.12294403463602066,-0.3070882260799408,0.4033148288726807,0.9521849155426024,-0.1418662816286087,-0.05045795440673828,0.1315690279006958
