0.05602583289146423,-0.004426493309438229,0.7795783281326294,0.9999552369117738,0.007507115602493286,0.005702688824385405,-0.0008015139028429986,0.05065655708312988,0.0873221680521965,0.16102179884910583,0.17117837071418762,-0.21229045093059537,-0.09638094156980513,0.03176233172416687,-0.12379296123981476,-0.17615121603012085,0.23132069408893585,-0.2671237289905548,0.1177251562476158,-0.03818937391042709,-0.004779184702783823,0.10499629378318787,-0.052548326551914215,0.2170177847146988,-0.7496305108070372,1.050482988357544,0.21572263538837433,-0.01228353101760149,0.1060512289404869,0.002618040656670928,-0.20613174140453336,0.5293236970901489,1.0415236949920654,-0.1395166516304016,0.022564858198165894,-0.10711739212274551
0.05582701042294502,-0.004346380941569805,0.7795506715774536,0.9999538660049438,0.007611011620610952,0.00576282711699605,-0.0010942723602056503,0.0508309081196785,0.08732205629348755,0.16164749860763547,0.16982536017894745,-0.21303868293762207,-0.09660544246435165,0.03172263503074645,-0.12425573915243147,-0.1761183589696884,0.23159073293209076,-0.26675745844841003,0.11884471029043196,-0.03792034089565277,-0.004820441827178001,0.10425372421741484,-0.05154744163155556,0.2173975557088852,-0.7509202361106871,1.0523207187652588,0.21954675018787384,-0.01148249302059412,0.10395830124616622,0.0036784033291041847,-0.20659442245960236,0.5276215672492981,1.0403964519500732,-0.1427793949842453,0.023958966135978695,-0.10728984326124193
0.055683426558971405,-0.0042880838736891755,0.779423415660858,0.9999523758888244,0.007742692716419696,0.005863092839717865,-0.0009627885883674024,0.05060853436589241,0.08674362301826477,0.160877987742424,0.16891175508499143,-0.21255882084369657,-0.09621814638376239,0.03174085915088653,-0.12490127980709076,-0.17687290906906128,0.23199227452278137,-0.26681146025657654,0.11927943676710127,-0.03868403285741807,-0.004735284950584173,0.10377895087003708,-0.05128803476691247,0.2169722020626068,-0.7521044015884398,1.0555185079574585,0.22375282645225525,-0.011303357779979704,0.10310275852680206,0.003804614767432213,-0.206823006272316,0.5262901186943054,1.039652943611145,-0.14270788431167603,0.024417705833911892,-0.10817770659923552
0.05550446733832359,-0.00422814441844821,0.7792890071868896,0.9999515414237976,0.007845615968108177,0.005894967820495367,-0.0007283682352863251,0.050535548478364944,0.08610630780458449,0.1595996916294098,0.16796495020389557,-0.21204924583435056,-0.09559501707553864,0.03198373317718506,-0.1253407597541809,-0.1777394562959671,0.23216374218463895,-0.26710182428359985,0.11932076513767242,-0.039414990693330765,-0.004652727860957384,0.1034124121069908,-0.05092086642980576,0.21629288792610168,-0.7522860169410706,1.0584862232208252,0.2259996086359024,-0.010346745140850544,0.10347336530685423,0.0040551070123910895,-0.20678597688674927,0.5253093838691713,1.0387672185897827,-0.141864612698555,0.02423400990664959,-0.10923703014850616
0.055253516882658,-0.004204327240586281,0.7791774272918701,0.999951422214508,0.007904404774308205,0.0058747525326907635,-0.00043766750604845583,0.05064091458916664,0.08567974716424942,0.15840278565883636,0.16660648584365845,-0.21174696087837216,-0.09527654200792313,0.032324280589818954,-0.1255371868610382,-0.17813730239868164,0.2319336533546448,-0.26752379536628723,0.11910302937030792,-0.04000576585531235,-0.004473974462598561,0.10318017750978468,-0.05077042803168297,0.21557050943374637,-0.7520036101341246,1.0608456134796143,0.22528086602687836,-0.009156904183328152,0.10478956252336502,0.004415052477270365,-0.2067798227071762,0.5240718722343445,1.0373663902282715,-0.1408207267522812,0.02369880862534046,-0.1097567304968834
0.05504394322633743,-0.004226117394864559,0.7791249752044677,0.999950885772705,0.007939293049275875,0.005935447756201029,-6.518755981232971e-05,0.0503682903945446,0.08528356254100798,0.15694569051265717,0.16536791622638702,-0.21134881675243375,-0.09505542367696762,0.03270968422293663,-0.1255917251110077,-0.17850331962108612,0.23120076954364777,-0.2677331268787384,0.11864955723285676,-0.04070404917001724,-0.004169784020632505,0.10296558588743208,-0.0509670153260231,0.21495799720287323,-0.750864803791046,1.0627154111862183,0.22347743809223172,-0.008166727609932423,0.10587833821773528,0.004873287864029408,-0.20698654651641843,0.5234379172325134,1.0355488061904907,-0.13954904675483704,0.022919276729226112,-0.10984218120574953
0.05487522855401039,-0.004244256764650345,0.7791555523872374,0.999949872493744,0.007977111265063286,0.006049569696187973,0.00025049722171388566,0.04975641518831253,0.08489274233579636,0.15575936436653137,0.16452036798000336,-0.21076709032058716,-0.0948154330253601,0.03299747779965401,-0.12556837499141693,-0.17885231971740723,0.230143278837204,-0.26772162318229675,0.1182347387075424,-0.04124422371387482,-0.003848190186545253,0.10314740985631941,-0.05153944343328476,0.21481798589229584,-0.7492342591285706,1.0638048648834229,0.2224237769842148,-0.007943668402731417,0.10652867704629898,0.004948566667735577,-0.20733603835105896,0.5233771204948425,1.033823013305664,-0.1394061893224716,0.022184746339917183,-0.10990990698337554
0.054720014333724976,-0.004396764561533928,0.7792162895202637,0.9999480843544006,0.007963087409734726,0.0063262623734772205,0.00064003502484411,0.04848574474453926,0.08464397490024567,0.15463821589946747,0.16409263014793396,-0.21005797386169436,-0.094855897128582,0.03313370794057846,-0.125274658203125,-0.17901474237442017,0.2284616380929947,-0.2670770287513733,0.11794648319482803,-0.0418681725859642,-0.003377119777724147,0.10348481684923172,-0.05263613536953926,0.21501842141151428,-0.7475305795669556,1.0641689300537107,0.22197693586349487,-0.008191328495740889,0.10667093843221664,0.005010373890399933,-0.20788429677486417,0.5235637426376343,1.0325005054473877,-0.14038430154323575,0.02152149938046932,-0.1095275431871414
0.05431988090276718,-0.00419128965586424,0.7792843580245972,0.9999456405639648,0.007885174825787544,0.006712600588798522,0.001206622808240354,0.04673431068658829,0.084577277302742,0.15324318408966064,0.16419793665409088,-0.20955818891525269,-0.09482592344284056,0.033234596252441406,-0.12489669770002364,-0.1793716251850128,0.22652339935302732,-0.2661592960357666,0.11765392869710922,-0.042494285851717,-0.002783660078421235,0.1039893850684166,-0.0541529692709446,0.21546292304992676,-0.7466273307800293,1.0639526844024658,0.22202378511428836,-0.008706295862793922,0.10636167228221892,0.004809779580682516,-0.20842070877552032,0.5241731405258179,1.0315394401550293,-0.14163851737976074,0.021127924323081967,-0.10873635858297348
0.053944990038871765,-0.004440122283995152,0.7793601155281066,0.9999425411224365,0.007757981773465872,0.007147821132093668,0.0019104381790384648,0.04489167779684066,0.08455328643321992,0.15153759717941284,0.16424426436424255,-0.20893140137195587,-0.09484034031629561,0.03323681280016899,-0.12458797544240952,-0.18033385276794436,0.2245844453573227,-0.26513916254043574,0.11708725243806838,-0.04310623556375504,-0.0020719366148114204,0.1047527939081192,-0.05621818080544472,0.2160470485687256,-0.746756911277771,1.0633453130722044,0.22216185927391047,-0.00920776091516018,0.10555297881364822,0.004258777480572462,-0.20893517136573792,0.5251944661140442,1.0310385227203367,-0.14136673510074615,0.0208808034658432,-0.10787787288427352
0.05338889360427856,-0.004538320004940033,0.779438078403473,0.9999383687973022,0.007622297387570143,0.007607606705278158,0.002685768762603402,0.042938437312841415,0.08452121913433075,0.14974507689476013,0.16436931490898132,-0.2084606885910034,-0.09463100135326384,0.03302006423473358,-0.12439551204442977,-0.18180775642395017,0.22279950976371765,-0.26410657167434687,0.11635071039199828,-0.04364013671875,-0.0013238597894087432,0.10583334416151045,-0.058846153318881995,0.21686558425426483,-0.7478145956993102,1.0622007846832275,0.22292570769786835,-0.0098207863047719,0.10457196831703186,0.0035520736128091808,-0.2096410095691681,0.5262873768806458,1.0306475162506104,-0.1393226981163025,0.020671822130680084,-0.10706417262554167
0.05274638906121253,-0.004580794833600521,0.7795419096946716,0.9999321103096008,0.007506250403821469,0.008149025961756706,0.0036045841407030817,0.040779687464237206,0.08449465036392213,0.14796163141727448,0.16466963291168213,-0.20795080065727237,-0.09429939836263657,0.03276866301894188,-0.1242704465985298,-0.1837071180343628,0.2209520488977432,-0.26317930221557617,0.11546049267053604,-0.044038623571395874,-0.0006806739838793874,0.1071602776646614,-0.06230834499001503,0.21804204583168027,-0.7493460774421693,1.0605769157409668,0.22453784942626956,-0.010615446604788303,0.10366693139076232,0.0023885283153504133,-0.21052898466587064,0.5275195240974425,1.0307226181030271,-0.13675902783870697,0.020423198118805885,-0.1063271015882492
0.05204064026474953,-0.004594232887029648,0.7796772718429564,0.9999244809150698,0.007404193747788667,0.008717081509530544,0.00449646869674325,0.03877482190728188,0.08446002751588821,0.14631953835487363,0.16473472118377683,-0.20710286498069763,-0.09384815394878387,0.03244130313396454,-0.12396394461393356,-0.1852227598428726,0.21907430887222287,-0.2623021900653839,0.1144057810306549,-0.04423374682664871,-0.00015003014414105564,0.10865122824907301,-0.0660182312130928,0.2193516492843628,-0.7499688267707824,1.058594822883606,0.2267562597990036,-0.01129178050905466,0.10297182202339172,0.0010184099664911628,-0.21137854456901553,0.5286352634429932,1.031524658203125,-0.1348515897989273,0.020926665514707565,-0.10580836981534956
0.051279470324516296,-0.00462826807051897,0.7798499464988707,0.9999157190322878,0.007286504376679658,0.009353562258183954,0.005291256122291088,0.036676403135061264,0.08458473533391953,0.14514483511447906,0.1644437462091446,-0.20596665143966675,-0.09341923147439955,0.03187995404005051,-0.12357549369335175,-0.1864770203828812,0.21693013608455655,-0.26122790575027466,0.11345349252223969,-0.044248424470424645,0.0004498608177527785,0.11021123826503752,-0.06976918876171112,0.22055834531784055,-0.7496290802955627,1.056290626525879,0.23026214540004727,-0.011460055597126484,0.10285373032093048,-0.0007793321274220942,-0.21226139366626737,0.5292404294013977,1.0330731868743896,-0.13345405459403992,0.021584773436188694,-0.10530833154916765
0.050503604114055634,-0.004705543629825115,0.7800515294075011,0.9999060034751891,0.007172198034822941,0.010081086307764052,0.00591299869120121,0.03429163992404938,0.08472456783056259,0.14414159953594208,0.16412732005119324,-0.204940065741539,-0.09290864318609235,0.030716899782419205,-0.12329223752021788,-0.1874498873949051,0.21494874358177185,-0.2603058516979217,0.11267313361167908,-0.044037394225597375,0.0010272427462041378,0.11191389709711073,-0.07319565117359161,0.22163185477256772,-0.7487152218818665,1.0533342361450195,0.23479005694389343,-0.011688529513776302,0.10305451601743698,-0.0028718532994389534,-0.21295033395290372,0.5290592908859253,1.0354621410369873,-0.13245940208435059,0.021934553980827328,-0.10506495833396912
0.0496680960059166,-0.004691505804657936,0.7802709341049193,0.9998958706855774,0.0070894300006330005,0.010856337845325468,0.006331112235784531,0.031580474227666855,0.08467531949281693,0.14293284714221954,0.16412019729614255,-0.2041954696178436,-0.09239105135202409,0.028940651565790176,-0.12319005280733109,-0.18817126750946045,0.2134748548269272,-0.25974011421203613,0.11209422349929808,-0.043713759630918496,0.0015336577780544756,0.1139887049794197,-0.07659496366977692,0.2224409580230713,-0.7475054264068604,1.049957036972046,0.24028608202934265,-0.012218660674989223,0.1033119261264801,-0.0052774399518966675,-0.2135103791952133,0.5280165672302246,1.0383496284484863,-0.1319119930267334,0.02209946326911449,-0.10501647740602492
0.04872351884841919,-0.004587173461914063,0.780486822128296,0.9998872280120848,0.006997850723564625,0.011693793348968027,0.006307800300419331,0.02891396172344685,0.08463504910469054,0.14238256216049194,0.16400164365768433,-0.20366252958774567,-0.09204959124326706,0.02596474066376686,-0.12308057397603989,-0.18798430263996124,0.21306261420249936,-0.2594873607158661,0.11172671616077424,-0.04323521628975868,0.0018677036277949808,0.11618902534246443,-0.07984966784715651,0.2228650152683258,-0.7463294863700866,1.0465025901794431,0.24623899161815643,-0.01293395645916462,0.10363838821649551,-0.007970282807946205,-0.2139649987220764,0.5259894728660583,1.041110277175903,-0.13146266341209412,0.022270260378718376,-0.10505128651857376
0.047702811658382416,-0.004423877224326134,0.7807021141052246,0.9998820424079896,0.006793300621211529,0.012544919736683369,0.005691087804734706,0.026373708620667458,0.08508313447237015,0.14327570796012878,0.16439507901668549,-0.20357415080070493,-0.09204483032226561,0.022037133574485775,-0.1225704401731491,-0.18659453094005585,0.21355272829532623,-0.25926682353019714,0.1117328330874443,-0.04259331151843071,0.0020826407708227634,0.1183878183364868,-0.08280310034751891,0.22316931188106537,-0.744875133037567,1.0433738231658936,0.253681480884552,-0.0136796860024333,0.10417291522026062,-0.011136430315673351,-0.21435123682022092,0.5230844616889954,1.043059229850769,-0.13177581131458282,0.022430047392845157,-0.1054750382900238
0.04673642665147781,-0.0042781904339790336,0.7808939218521118,0.9998804330825805,0.006454488728195429,0.013401059433817863,0.004228569567203522,0.0244262870401144,0.08623374998569489,0.1463749259710312,0.16476331651210785,-0.20418058335781095,-0.09218306839466096,0.0170740969479084,-0.12151017785072327,-0.183358296751976,0.21528470516204837,-0.25947412848472595,0.11234219372272491,-0.04180366545915604,0.0020957430824637413,0.12041278928518297,-0.08475220203399658,0.22333262860774997,-0.7426726222038269,1.040316820144653,0.2657134234905243,-0.01255145389586687,0.10433876514434814,-0.015094475820660593,-0.21480441093444824,0.5182813405990601,1.0440348386764526,-0.1317794919013977,0.022473426535725597,-0.10678639262914656
0.04583192616701126,-0.004180628806352615,0.7810800075531005,0.999877631664276,0.00593293597921729,0.014356879517436028,0.0018371114274486895,0.02280732057988644,0.08820740878582,0.15109695494174957,0.16520187258720395,-0.2064233124256134,-0.09299691766500472,0.0111539950594306,-0.11941408365964888,-0.17747043073177335,0.2178800851106644,-0.2598598301410675,0.11307868361473083,-0.04070829600095749,0.0021651778370141983,0.12206273525953291,-0.08383242785930634,0.22398121654987332,-0.7358678579330444,1.0326143503189087,0.28584909439086914,-0.008503570221364498,0.1029522567987442,-0.01912386156618595,-0.21523278951644895,0.5092589259147644,1.042820692062378,-0.1317439079284668,0.02243013121187687,-0.11034534126520155
0.0448790080845356,-0.00434521958231926,0.781327486038208,0.9998632073402404,0.005529269576072693,0.015548476018011568,-0.0011511520715430379,0.020517190918326374,0.09029047936201096,0.15663303434848783,0.16686728596687317,-0.2098543345928192,-0.094163678586483,0.003670208854600787,-0.11705737560987473,-0.16901227831840515,0.22140046954154968,-0.26052296161651606,0.11336759477853776,-0.03921440988779068,0.0019424898782745004,0.1238272190093994,-0.07731963694095612,0.22658817470073697,-0.7170547842979431,1.0073373317718504,0.31870847940444946,-0.000966180465184152,0.10045297443866728,-0.020719734951853752,-0.21558621525764465,0.49366328120231623,1.0347824096679688,-0.13207978010177612,0.021597180515527725,-0.11784294992685317
0.04386562854051589,-0.004785252735018729,0.7816135287284851,0.9998227357864381,0.0054502193816006175,0.017515579238533974,-0.004235407337546349,0.016044512391090393,0.09217105060815811,0.1632477045059204,0.16937187314033508,-0.2127433866262436,-0.095971941947937,-0.005118578672409058,-0.11529567837715148,-0.1609293669462204,0.22395421564579007,-0.26130154728889465,0.11193405091762541,-0.03682851791381836,0.0013633249327540395,0.1256624460220337,-0.05990813672542572,0.23310574889183044,-0.6739051342010498,0.9383732080459594,0.3662825226783752,0.009462906047701837,0.10241413861513136,-0.015114457346498966,-0.21608062088489527,0.47165027260780334,1.0112073421478271,-0.13495782017707825,0.01914019510149956,-0.13273005187511444
0.0432555079460144,-0.0066261962056159964,0.7818495035171508,0.9997425079345704,0.005474940408021212,0.02100994251668453,-0.006590916775166988,0.005905542057007551,0.09449336677789688,0.16915856301784515,0.17359332740306854,-0.21579195559024808,-0.0987500101327896,-0.016809007152915,-0.11376512050628662,-0.1571628600358963,0.2252720445394516,-0.26219844818115234,0.11010601371526718,-0.03460894525051117,0.0009377943351864815,0.12699364125728607,-0.03025382198393345,0.2441561669111252,-0.6037877798080444,0.7999745607376098,0.42668658494949346,0.01660866290330887,0.11851691454648972,-0.0003767295856960118,-0.21820871531963348,0.4533832371234894,0.966080129146576,-0.13436907529830933,0.01121747214347124,-0.1552646905183792
0.0419926717877388,-0.0077869947999715805,0.7815908789634703,0.9996452331542968,0.005405915901064873,0.02532023750245571,-0.006246330682188272,-0.014063979499042034,0.09853487461805344,0.17058785259723663,0.19033932685852048,-0.22270579636096957,-0.10393504053354265,-0.03459862992167473,-0.11384984105825424,-0.1604185253381729,0.2374962866306305,-0.270066112279892,0.1082555577158928,-0.03595063090324402,0.0005117075052112341,0.13099853694438934,0.00543212378397584,0.2566828727722168,-0.5281195044517517,0.5961904525756836,0.48630812764167786,0.013877909630537031,0.14899994432926175,0.021808333694934845,-0.22423069179058075,0.44657599925994873,0.903344988822937,-0.1321502923965454,-0.0031829648651182647,-0.1761220544576645
0.0397849939763546,-0.008970273658633232,0.7797344923019409,0.9996055364608765,0.004667221568524837,0.027677994221448895,-0.0009553522104397416,-0.054505817592144006,0.1064593195915222,0.1586223989725113,0.25276243686676025,-0.24815858900547028,-0.1093275025486946,-0.06017705798149109,-0.11757959425449371,-0.17549142241477966,0.2831229567527771,-0.29483869671821594,0.10867822170257568,-0.042834002524614334,0.0001987730211112648,0.14665058255195615,0.0318908616900444,0.26564118266105646,-0.4661438763141632,0.3601336181163788,0.5333712697029114,-0.0003784395812544972,0.19007563591003415,0.0454467423260212,-0.23687873780727384,0.45301494002342224,0.8417146801948547,-0.12703076004981995,-0.026242109015583992,-0.18634723126888275
0.0363813191652298,-0.010415997356176376,0.7743690013885498,0.9996716976165773,0.0023350806441158056,0.02407750487327576,0.008444624952971934,-0.1181584745645523,0.12135086208581924,0.13358695805072784,0.3853352665901184,-0.3021866381168365,-0.10580481588840485,-0.10336141288280488,-0.1288926601409912,-0.19702887535095212,0.3955612182617188,-0.3433189392089844,0.10335924476385117,-0.05433280766010285,0.002443077741190791,0.18139968812465668,0.02944602444767952,0.2646463215351105,-0.4190390706062317,0.13145792484283447,0.5698264241218567,-0.021847469732165337,0.23399652540683744,0.059621412307024,-0.2550027370452881,0.46067732572555536,0.8097183704376221,-0.12629243731498718,-0.04358861595392227,-0.1829098612070084
0.031504999846220016,-0.011736370623111725,0.7641534209251405,0.9997402429580688,0.0012661487562581897,0.01257658377289772,0.0189644992351532,-0.1856738179922104,0.12842480838298795,0.09715155512094496,0.5556175112724304,-0.36830309033393854,-0.1005360260605812,-0.15693646669387817,-0.14679080247879028,-0.20900796353816983,0.5759429335594177,-0.422232449054718,0.08389415591955185,-0.06090390309691429,0.002003155183047056,0.23402163386344907,-0.020146191120147705,0.24890753626823425,-0.3872659504413605,-0.05661371722817421,0.6126933693885803,-0.05424341559410095,0.26297205686569214,0.06534568220376968,-0.2722325623035431,0.45825916528701777,0.8286759853363037,-0.11540483683347702,-0.0474458783864975,-0.16494357585906982
0.026274191215634343,-0.013357149437069891,0.7476164102554321,0.9995357990264893,0.00365216750651598,0.001974250189960003,0.030180882662534717,-0.2633444964885712,0.1282932013273239,0.06789658963680267,0.7477043271064758,-0.43826475739479054,-0.09736207872629164,-0.2153686285018921,-0.17629998922348022,-0.21466620266437528,0.7571226358413696,-0.5034067630767822,0.08182413130998611,-0.06514278054237366,-0.006753254681825638,0.28558349609375,-0.12322632223367692,0.23038014769554135,-0.34909531474113464,-0.18480293452739716,0.6752172112464905,-0.10341712832450865,0.3202933967113495,0.04983559995889664,-0.29062172770500183,0.4422967135906219,0.8902572989463806,-0.1098826378583908,-0.05146423354744911,-0.14615105092525482
0.02028506435453892,-0.015532251447439192,0.7279899120330809,0.9990895986557008,-0.00392517726868391,-0.00450226292014122,0.04224177822470665,-0.35591772198677063,0.14304712414741516,0.024966446682810783,0.9446133375167847,-0.501821756362915,-0.09268851578235626,-0.26280295848846436,-0.18720521032810208,-0.23995281755924225,0.8999856114387512,-0.5736936926841736,0.07532984763383865,-0.0662243589758873,0.008247635327279566,0.32436251640319824,-0.26562151312828064,0.21805571019649503,-0.3012249171733856,-0.2226109802722931,0.715411901473999,-0.1313856989145279,0.36555087566375727,0.029767315834760662,-0.31896618008613586,0.41267487406730646,0.9518013596534728,-0.10724510997533798,-0.05372639372944832,-0.13103057444095612
0.016199467703700066,-0.016242574900388718,0.7139081358909607,0.9981219172477721,-0.012694764882326126,-0.008314572274684906,0.059349168092012405,-0.40932613611221313,0.14755433797836304,-0.014227178879082201,1.043344497680664,-0.5572635531425476,-0.1111682578921318,-0.2794073522090912,-0.19849924743175504,-0.2803226113319397,0.9834319353103635,-0.621039092540741,0.0798831507563591,-0.07244161516427994,0.032786279916763306,0.34823867678642273,-0.41080206632614136,0.21300259232521057,-0.2842802405357361,-0.12885555624961853,0.7190684676170349,-0.1241651028394699,0.41454845666885376,0.01757996529340744,-0.3664112985134125,0.3881652355194092,1.0133063793182373,-0.08207523822784422,-0.0675244927406311,-0.13745777308940887
0.016579076647758484,-0.015223126858472824,0.7132411599159241,0.9964411258697508,-0.01367225032299757,-0.007776497397571801,0.08281117677688599,-0.3969763219356537,0.12944528460502625,-0.04006047919392586,0.9931359291076659,-0.5792890191078186,-0.12535955011844635,-0.2558423578739166,-0.22312401235103607,-0.32903242111206055,0.9774218797683715,-0.6331006288528441,0.08837696164846419,-0.09693145006895064,0.04654662683606148,0.35012927651405334,-0.5279330611228943,0.227327898144722,-0.3432828485965729,0.08287262171506882,0.6928243041038513,-0.10865026712417603,0.4644180238246918,0.03193233907222748,-0.4234715402126312,0.3665761351585388,1.0572590827941895,-0.03620928153395653,-0.0768224224448204,-0.1550491601228714
0.01838045194745064,-0.012625161558389664,0.7300608158111571,0.9935787320137026,-0.012063279747962952,-0.0018509244546294208,0.11248272657394408,-0.3766956031322479,0.08842965960502625,-0.08039218932390213,0.8862532377243043,-0.49814713001251215,-0.14537562429904935,-0.2020254582166672,-0.2381400763988495,-0.3927931785583496,0.8792286515235901,-0.5766201019287108,0.094867505133152,-0.1263105869293213,0.058320362120866776,0.33296436071395874,-0.621919810771942,0.25547415018081665,-0.49100676178932184,0.32224512100219727,0.6453758478164673,-0.08928122371435165,0.45161506533622736,0.08280067145824432,-0.4720662534236908,0.3316112458705902,1.0440996885299683,0.03798247873783112,-0.09808191657066344,-0.1670536696910858
0.019979001954197884,-0.007323678582906723,0.7601658701896667,0.990958571434021,-0.0033477479591965675,0.014143873006105421,0.1333782523870468,-0.33028885722160334,0.03871824219822884,-0.10580068081617355,0.6917012333869934,-0.3267359137535095,-0.16706684231758115,-0.16018766164779663,-0.24839834868907928,-0.42822444438934326,0.7228218317031859,-0.434941440820694,0.09960838407278062,-0.1525978147983551,0.055510587990283966,0.2962595522403717,-0.6474263668060303,0.30336266756057734,-0.619041919708252,0.4326741397380829,0.5635390281677246,-0.0831150934100151,0.34578514099121094,0.1655590534210205,-0.5151873826980591,0.3029705584049225,0.9308898448944093,0.1278470009565353,-0.13121530413627625,-0.14858940243721008
0.02038527652621269,-0.0019515976309776304,0.793159246444702,0.9911285638809203,0.002287943847477436,0.033690553158521645,0.12854543328285217,-0.2695211768150329,0.021939752623438835,-0.09223975986242294,0.4508403241634369,-0.09137018024921416,-0.2196819931268692,-0.18248586356639865,-0.24935463070869443,-0.40190237760543823,0.6221778392791748,-0.20696479082107544,0.10875890403985976,-0.15867039561271667,0.06318753212690353,0.25901713967323303,-0.6026046872138977,0.3865213692188263,-0.6722142100334167,0.4176474511623383,0.4635503888130188,-0.10388386994600296,0.2698355317115784,0.24696211516857147,-0.580818235874176,0.2930016815662384,0.7526693344116211,0.1744738221168518,-0.1620616316795349,-0.10095683485269547
0.01874922215938568,0.003555230796337128,0.8209369778633117,0.9938803911209105,0.006375062745064497,0.049924138933420174,0.09832940995693207,-0.17771606147289276,0.03368081524968147,0.011042908765375614,0.24360753595829007,0.0926869660615921,-0.28241229057312006,-0.2801363170146942,-0.2302248179912567,-0.2971639037132263,0.6406065821647644,0.0035947749856859446,0.15876580774784088,-0.14899253845214844,0.07542334496974945,0.23599417507648468,-0.5040777921676636,0.5035724639892578,-0.6491360664367676,0.3483423888683319,0.38896557688713074,-0.13553977012634277,0.24600104987621307,0.3086850941181183,-0.67802894115448,0.2938864827156067,0.5585265159606934,0.1801515817642212,-0.16307222843170166,-0.05657257884740829
0.014933498576283453,0.007735107094049453,0.838495671749115,0.9966888427734376,0.005927423015236855,0.0537625029683113,0.06071112304925919,-0.17325200140476227,0.058771222829818726,0.09713736921548845,0.390243262052536,0.0785953477025032,-0.2662753164768219,-0.38570484519004816,-0.13819248974323273,-0.17064285278320312,0.7295060753822327,0.10316364467144012,0.22222180664539337,-0.14875878393650055,0.08356991410255432,0.2423590421676636,-0.3377670645713806,0.6511418819427489,-0.5682623982429504,0.28683173656463623,0.35335588455200195,-0.17202268540859222,0.2708029150962829,0.3172423541545868,-0.7762694954872131,0.2854489982128144,0.3902384042739868,0.17979943752288818,-0.1442464143037796,-0.035034261643886566
0.011486927978694437,0.01350579410791397,0.8437618017196654,0.9982210993766784,0.007218918297439813,0.05481454357504845,0.022313594818115234,-0.15047258138656616,0.04439281299710274,0.11629878729581831,0.5312022566795349,0.06759847700595856,-0.24272790551185608,-0.4810667037963867,-0.034272387623786926,-0.1145428717136383,0.8284094333648682,0.13359925150871277,0.26488158106803894,-0.1572369933128357,0.07799924910068512,0.251132607460022,-0.10660187900066376,0.8015979528427123,-0.44825342297554016,0.25872185826301575,0.3242419362068176,-0.1991674453020096,0.3141134977340698,0.30350494384765625,-0.8555840849876403,0.25218227505683893,0.25489804148674006,0.19255293905735013,-0.13000771403312683,-0.03634245693683624
0.010724994353950024,0.02116766571998596,0.8388157486915587,0.9980788230895997,0.008486317470669746,0.059656266123056405,-0.014414271339774132,-0.10239747911691664,-0.02876804582774639,0.08581434935331345,0.5581547021865845,0.08301958441734315,-0.23502723872661593,-0.5489746332168579,0.04689767956733704,-0.13966041803359985,0.8275822401046754,0.17148609459400177,0.2769363224506378,-0.17126253247261047,0.06717155873775482,0.24379257857799527,0.16674630343914032,0.9198861718177795,-0.3273407220840454,0.2792579233646393,0.2921949326992035,-0.20952762663364408,0.34032127261161804,0.28080499172210693,-0.9116470217704773,0.1984764188528061,0.1463821828365326,0.21524788439273837,-0.1287880390882492,-0.04301657155156136
0.012250182218849657,0.02995587512850761,0.824228823184967,0.9966611862182616,0.008314238861203194,0.06714348495006561,-0.04570617154240608,-0.052005168050527566,-0.11268206685781477,0.06795905530452728,0.5161275863647461,0.0899345874786377,-0.20707361400127408,-0.5843803286552429,0.11661117523908617,-0.19117413461208344,0.7196105122566223,0.22861763834953308,0.2722958028316498,-0.1906111240386963,0.057143431156873696,0.22369360923767087,0.4782819449901581,0.988114595413208,-0.21601364016532895,0.3345043957233429,0.2735465466976166,-0.20011320710182187,0.33761584758758545,0.26612481474876404,-0.9557470679283142,0.12717048823833463,0.04039522632956505,0.23603112995624545,-0.1379048377275467,-0.05098864808678627
0.014841306954622269,0.037561178207397454,0.799087882041931,0.9947396516799927,0.01206773705780506,0.07533789426088333,-0.06834907084703445,-0.017520828172564507,-0.17381536960601807,0.12804533541202545,0.4663011729717255,0.039042316377162926,-0.08861014991998672,-0.5947648286819458,0.16725437343120575,-0.24561011791229248,0.5622503757476808,0.26846235990524286,0.2576274275779724,-0.212717205286026,0.04464234039187431,0.1973818689584732,0.7591500878334044,1.0012967586517332,-0.14147458970546722,0.40991559624671936,0.2809160053730011,-0.176047682762146,0.30317685008049006,0.273304283618927,-1.0000741481781004,0.03005778230726719,-0.07185786962509155,0.2366967499256134,-0.1493854522705078,-0.06331290304660797
0.016996780410408974,0.04392624646425247,0.7673261761665344,0.9927160143852234,0.014968599192798136,0.08538296073675156,-0.0836692750453949,0.004330960102379321,-0.20843665301799771,0.21694733202457428,0.45468646287918085,-0.1471271514892578,0.17305395007133484,-0.6103558540344238,0.1680600941181183,-0.3712489902973175,0.4725553095340729,0.2614246904850006,0.1901276856660843,-0.22003778815269473,0.04173305630683898,0.17225804924964905,0.9494346976280211,0.9800471663475037,-0.11940941214561462,0.526944935321808,0.30898383259773254,-0.13839641213417053,0.2422301322221756,0.276831567287445,-1.0491974353790283,-0.08163627982139587,-0.15899083018302915,0.24335077404975888,-0.15918235480785367,-0.06684809178113937
0.016310852020978928,0.05068030953407288,0.7305915355682373,0.9898907542228698,0.004742362536489964,0.0954778864979744,-0.10477514564990996,0.01731640100479126,-0.21448259055614471,0.22155398130416873,0.48364880681037903,-0.41822242736816406,0.2290058881044388,-0.7062798142433168,0.1585955023765564,-0.49096044898033137,0.679882287979126,0.04327085241675377,-0.19792380928993225,-0.1855650693178177,0.07029027491807938,0.18472766876220703,1.0355454683303833,0.9240126609802246,-0.10784964263439178,0.6966577768325806,0.3410588800907135,-0.0891720876097679,0.21328870952129364,0.22658586502075195,-1.0853480100631712,-0.19418795406818387,-0.2039826661348343,0.26621192693710327,-0.1496204435825348,-0.09043965488672256
0.016186781227588654,0.05515518039464951,0.6947562098503113,0.9893226623535155,0.021227521821856495,0.09250841289758682,-0.11059976369142532,0.03806447982788086,-0.25959503650665283,0.24789112806320193,0.503818690776825,-0.6224924325942993,0.2291329801082611,-0.765444815158844,0.1733218729496002,-0.40614035725593567,0.8333500623703003,-0.21813072264194489,-0.2212926149368286,-0.1522208601236343,0.04839304089546204,0.20363494753837583,1.0128654241561887,0.8530831336975098,-0.059871796518564224,0.8552997708320618,0.38005736470222473,-0.04016096517443657,0.2470868229866028,0.1450209766626358,-1.102558135986328,-0.28163379430770874,-0.14019764959812164,0.28752732276916504,-0.13613389432430267,-0.1382734775543213
0.019205931574106216,0.0537443496286869,0.6746789216995239,0.9911497235298157,0.02821727283298969,0.0862704887986183,-0.09686797112226486,0.03542933613061905,-0.27002379298210144,0.2257786691188812,0.575584888458252,-0.7418707609176636,0.216661274433136,-0.7616903781890869,0.1470365971326828,-0.4276910126209259,0.9122647643089294,-0.38311514258384705,-0.23420272767543793,-0.11040509492158888,0.04279867187142372,0.21545143425464633,0.978850483894348,0.8079571723937987,0.014837739057838917,0.9232495427131652,0.38872596621513367,-0.022600190714001652,0.35171037912368774,0.07766637951135635,-1.0710759162902832,-0.3068486750125885,0.031683750450611115,0.32674917578697205,-0.11084122210741044,-0.22618034482002256
0.028973620384931564,0.046271011233329766,0.669192910194397,0.9947370886802672,0.03252134099602699,0.07605840265750885,-0.06046212837100029,0.06606420129537582,-0.26999548077583313,0.16735760867595673,0.609119176864624,-0.7632509469985963,0.20399540662765503,-0.73749840259552,0.08760749548673628,-0.4709510803222656,0.9920957088470459,-0.45857104659080505,-0.2383219599723816,-0.0545082837343216,0.04262746497988701,0.225036695599556,0.9191075563430786,0.7930971980094909,0.09210407733917235,0.8775912523269653,0.43139097094535833,-0.0105652566999197,0.4828994274139404,0.03254189342260361,-0.9434123635292051,-0.2316649556159973,0.30228522419929504,0.3540472984313965,-0.09499602019786833,-0.3218711018562317
0.046580344438552856,0.03226440027356148,0.6790618896484375,0.9970259666442872,0.03564052656292915,0.06824352592229843,0.0034257539082318544,0.10779569298028945,-0.25130805373191833,0.06762871891260147,0.6037044525146484,-0.7049926519393921,0.18454286456108093,-0.6741950511932373,0.014204827137291431,-0.5364720821380615,1.0030131340026855,-0.49383783340454096,-0.2261795997619629,0.009222879074513912,0.04285790026187897,0.21474795043468475,0.7775033116340637,0.8015316128730774,0.13277123868465424,0.7281712293624878,0.5112597942352295,0.01516536995768547,0.5952084660530089,-0.022143950685858727,-0.7610749006271361,-0.025413112714886665,0.6466484665870667,0.36391013860702515,-0.1113080158829689,-0.3719901144504547
0.06912579387426376,0.014629224315285683,0.6990740299224854,0.9917059540748595,0.04046785831451416,0.06397461146116257,0.10386987030506134,0.13164430856704712,-0.21064472198486328,-0.04686537012457848,0.6040812134742737,-0.5794376134872437,0.15292061865329742,-0.597517728805542,-0.0829993188381195,-0.6164820194244385,0.9642526507377625,-0.490752637386322,-0.23299521207809448,0.06104195863008499,0.03806781023740768,0.19600272178649905,0.5499680638313292,0.7891562581062317,0.11523164808750153,0.513490617275238,0.5783087611198425,0.04279634356498718,0.672760009765625,0.005223965737968683,-0.5906607508659363,0.24813361465930936,0.8098694086074829,0.2905852496623993,-0.15471866726875305,-0.3952505588531494
0.09192894399166109,-0.0026190802454948425,0.7220432162284851,0.9661310315132141,0.04595040529966354,0.054818008095026016,0.24794016778469083,0.10403363406658173,-0.12864103913307187,-0.09672249853610992,0.6625884175300598,-0.4401378631591797,0.1192685067653656,-0.5135443210601808,-0.19078320264816284,-0.6552295088768004,0.9128146171569824,-0.44283315539360046,-0.2386983036994934,0.06431645154953003,0.02716723829507828,0.1828978657722473,0.32950982451438904,0.695029616355896,0.044069968163967126,0.2643045485019684,0.6202993392944336,0.06503286212682724,0.6642003059387207,0.09913519769906995,-0.4359156489372253,0.4384572207927704,0.7483970522880553,0.14120665192604065,-0.1961747705936432,-0.4505199193954468
0.11574650555849075,-0.017503196373581886,0.7426576614379882,0.914536952972412,0.04786229878664017,0.04283978044986725,0.3993694484233856,0.03076792322099209,-0.010829349979758263,-0.0446525365114212,0.7388137578964233,-0.3652069270610809,0.11488593369722366,-0.4596396088600159,-0.28267356753349304,-0.6245101094245912,0.8938230276107789,-0.3465990722179413,-0.21391361951828,0.049380898475646966,0.021098095923662186,0.17326538264751434,0.18797706067562103,0.575488030910492,-0.07643252611160278,0.04568810015916824,0.7114065885543823,0.08694388717412947,0.6141991615295409,0.14472517371177673,-0.33019086718559265,0.5310971140861511,0.7091302871704102,-0.008146222680807114,-0.18658952414989471,-0.4947546124458313
0.139919176697731,-0.029070723801851273,0.7592958807945251,0.8414868712425232,0.04579610377550125,0.03032671846449375,0.5374782085418701,-0.04579797387123108,0.08863291889429091,0.0582730658352375,0.8070149421691895,-0.3677603006362915,0.14395366609096527,-0.435734897851944,-0.3290230929851532,-0.5229280591011047,0.8896703124046325,-0.24024860560894007,-0.16450150310993195,0.02756567671895027,0.02291225455701351,0.16484908759593964,0.11392130702733992,0.480795294046402,-0.22423514723777768,-0.1039069816470146,0.8043315410614013,0.09028989076614381,0.5855481624603271,0.142047718167305,-0.293603777885437,0.5745685696601868,0.6958132982254028,-0.12284325808286665,-0.17592959105968475,-0.5087597370147705
0.16334888339042664,-0.036464303731918335,0.7716007232666015,0.751646339893341,0.0404437817633152,0.01889073848724365,0.6580541133880615,-0.08855854719877243,0.1343592256307602,0.16251949965953827,0.8565825819969177,-0.3369034826755524,0.14382492005825043,-0.39102748036384577,-0.32664382457733154,-0.40039119124412537,0.851780354976654,-0.1879974603652954,-0.0809139534831047,0.006463483441621065,0.026388727128505703,0.1556989699602127,0.07632852345705032,0.4160649478435516,-0.3570438027381897,-0.18574965000152588,0.8834926486015319,0.0739494040608406,0.592585027217865,0.14066165685653687,-0.3128887116909027,0.6071513891220093,0.669640064239502,-0.1884704083204269,-0.17672795057296753,-0.48352485895156866
0.18270166218280792,-0.039705753326416016,0.7779564261436462,0.6490534543991089,0.03180546686053276,0.010684269480407238,0.7600025534629821,-0.09131772071123123,0.14016492664813995,0.26454252004623413,0.8924952149391174,-0.31102797389030457,0.10888156294822691,-0.35674354434013367,-0.2934609949588776,-0.2537992298603058,0.8272440433502197,-0.19632735848426816,-0.004283137619495392,-0.011719457805156708,0.029797405004501343,0.1405403763055801,0.04451855644583702,0.3727680444717407,-0.4537177979946136,-0.21372343599796292,0.9421955943107605,0.05848464369773865,0.62967848777771,0.1591353416442871,-0.3626575171947479,0.6418789029121399,0.6139808893203735,-0.2116841226816177,-0.17655666172504425,-0.4276095032691956
0.20047646760940552,-0.041102468967437744,0.777672290802002,0.5353610515594481,0.018912067636847496,0.004021596163511276,0.8444019556045533,-0.08250848948955536,0.15181872248649597,0.3204644024372101,0.927984118461609,-0.33847731351852417,0.09257379174232483,-0.3345280587673187,-0.24579279124736783,-0.12730160355567932,0.8251587152481078,-0.23290556669235227,0.05639537423849106,-0.0350278802216053,0.03393668681383133,0.123037151992321,0.0003155055455863476,0.35184091329574585,-0.5211201906204224,-0.21238216757774356,0.9854741692543028,0.05457784980535507,0.6637755036354065,0.19978664815425873,-0.4170330762863159,0.6666524410247803,0.5197225213050841,-0.22151359915733335,-0.17469312250614166,-0.3630044162273407
0.2201043367385864,-0.04120811074972153,0.7717958688735963,0.4182756841182709,0.0023620554711669683,-0.006072309333831072,0.908296763896942,-0.0837167128920555,0.16082271933555603,0.28256192803382874,0.9230449199676511,-0.36869829893112177,0.0752594992518425,-0.28934043645858765,-0.2155310809612274,-0.1001180186867714,0.7971417307853698,-0.2765076458454132,0.11958787590265274,-0.05273948982357978,0.04423671215772629,0.11750709265470503,-0.039697345346212394,0.35163506865501404,-0.5735878348350525,-0.19183000922203064,1.0340003967285156,0.04869171977043152,0.686636209487915,0.2517513930797577,-0.4709279835224152,0.6726322174072266,0.4033884704113007,-0.24518686532974243,-0.1706322729587555,-0.31153813004493713
0.24118997156620023,-0.042352195829153054,0.7599048018455505,0.31171903014183044,-0.01264195702970028,-0.019430989399552345,0.9498915076255798,-0.0912214070558548,0.16237013041973114,0.18424516916275024,0.8621584177017213,-0.42201983928680414,0.028926342725753784,-0.26388639211654663,-0.20729653537273407,-0.1372668445110321,0.7923283576965331,-0.33456927537918085,0.14474168419837952,-0.0568849965929985,0.057089813053607934,0.12408608198165892,-0.07161249220371246,0.3630178272724152,-0.6036738753318787,-0.16203227639198303,1.0819627046585083,0.03936422988772392,0.682615339756012,0.3021201491355896,-0.5307416915893555,0.6526421308517456,0.26729300618171686,-0.3045868277549744,-0.15602895617485046,-0.2777198553085327
0.26167061924934387,-0.04549421742558479,0.7449466586112976,0.22950838506221768,-0.021130137145519257,-0.03149472549557686,0.9725674986839294,-0.11430849879980089,0.18044665455818176,0.09480794519186019,0.814302086830139,-0.5395318865776062,-0.017652058973908424,-0.27434468269348145,-0.20694349706172943,-0.15126667916774747,0.8348862528800963,-0.3929794132709503,0.14064559340476987,-0.041841112077236176,0.06646626442670822,0.1448603868484497,-0.0853259041905403,0.3801668584346771,-0.5883504152297974,-0.13786375522613523,1.095888376235962,0.026845216751098633,0.6541875600814819,0.353412389755249,-0.5922011137008666,0.6008527278900145,0.10368258506059647,-0.3816651105880737,-0.12842503190040588,-0.2596992552280426
0.28047215938568115,-0.05009999126195908,0.7312290668487549,0.17535467445850372,-0.0224413238465786,-0.03125107288360596,0.983753263950348,-0.16322818398475647,0.17927247285842896,0.03817139565944672,0.838978111743927,-0.6248006224632263,-0.04777620360255241,-0.3002287149429321,-0.2281046956777573,-0.11535392701625824,0.8892689347267152,-0.45055392384529114,0.1396902501583099,-0.020538771525025368,0.05500201508402824,0.17582546174526215,-0.06787998229265213,0.40180963277816767,-0.5276813507080078,-0.12702736258506775,1.0650216341018677,-0.004122951533645392,0.6142454147338867,0.3905913233757019,-0.6425876021385193,0.5135465264320374,-0.06208111718297005,-0.4577268064022064,-0.09578628838062286,-0.25954973697662354
0.29627212882041926,-0.054138541221618645,0.7207158207893372,0.142487496137619,-0.02234305813908577,-0.029162183403968808,0.9891145825386048,-0.23338013887405396,0.16821423172950745,-0.003373955376446247,0.914594829082489,-0.6599438190460205,-0.06557571142911911,-0.32997882366180414,-0.21856078505516047,-0.03732626885175705,0.8935630917549133,-0.48399201035499567,0.1601707488298416,-0.0026580924168229103,0.04501710087060928,0.21247193217277527,-0.015499375760555267,0.422453910112381,-0.4327197670936584,-0.10353530943393709,1.0158228874206543,-0.03372891619801521,0.5623032450675964,0.37857475876808167,-0.6710118651390076,0.4090847373008728,-0.19371281564235687,-0.5373095870018004,-0.06316918879747391,-0.27529677748680115
0.30781784653663635,-0.05567125231027603,0.715884268283844,0.11953302472829817,-0.019011545926332477,-0.02131031639873981,0.9924194216728209,-0.2768826484680176,0.14184652268886566,-0.023797655478119847,0.9570889472961424,-0.6501407623291016,-0.07331599295139311,-0.3445028066635132,-0.21008560061454767,0.040077686309814446,0.8634827136993408,-0.5025917291641235,0.1881936341524124,-0.0005128123448230326,0.02620796672999859,0.24182066321372983,0.050045400857925415,0.43338692188262934,-0.34424448013305664,-0.02991684339940548,0.9413511157035828,-0.05766221880912781,0.5120301842689513,0.31492820382118225,-0.6565324068069458,0.31445473432540894,-0.2549928724765777,-0.6057138442993164,-0.03905356302857399,-0.2946825325489044
0.3161192238330841,-0.0561537966132164,0.718514621257782,0.09734866023063661,-0.01853354088962078,-0.018190160393714905,0.99491149187088,-0.31240957975387573,0.1273275911808014,-0.04299008101224899,0.9714738130569458,-0.6118971705436707,-0.08438272029161453,-0.3376069664955139,-0.2085696905851364,0.06379657983779907,0.8106683492660521,-0.488352358341217,0.19381259381771088,-0.011474625207483768,0.02206048741936684,0.25371491909027094,0.0917222872376442,0.431270569562912,-0.299148291349411,0.11663855612277985,0.8684703111648558,-0.0618126168847084,0.4654412567615509,0.2219112813472748,-0.6036303639411926,0.2499300986528397,-0.2476638555526733,-0.6466624140739441,-0.01765250973403454,-0.3094326853752136
0.32330092787742615,-0.05647245794534683,0.7266932725906371,0.06737013161182404,-0.02165825851261616,-0.015597887337207794,0.9973710179328918,-0.3443063497543335,0.11707577854394911,-0.05187365040183067,0.9585582613945008,-0.5482644438743591,-0.09260229021310806,-0.308927059173584,-0.2209138125181198,0.05669071525335312,0.7378930449485779,-0.4589873850345612,0.19176527857780457,-0.035524919629096985,0.02315615490078926,0.2519044578075409,0.10724422335624693,0.42707976698875433,-0.3043174743652344,0.2878286838531494,0.8247900605201721,-0.04675978794693946,0.42648711800575256,0.1471751183271408,-0.5360708236694336,0.21771299839019773,-0.20821334421634677,-0.652311384677887,-0.003838574280962348,-0.3192606270313263
0.3283365070819855,-0.05588483810424805,0.7375546097755432,0.031165625900030136,-0.0255974680185318,-0.008325413800776003,0.9991517066955566,-0.35607248544693,0.1246448829770088,-0.016674816608428955,0.9200612902641296,-0.4759982228279114,-0.08643659949302673,-0.24931970238685608,-0.2525902390480041,0.030326714739203453,0.6368774175643921,-0.4326638877391815,0.19865943491458887,-0.05966360867023468,0.015301093459129332,0.2393207997083664,0.10933904349803925,0.4279009401798248,-0.34782880544662476,0.4359281659126282,0.7901999950408934,-0.031222736462950703,0.3851961195468903,0.11762075126171112,-0.4766179621219635,0.20626956224441528,-0.16045780479907987,-0.6354833245277405,-0.006980561185628176,-0.3251630961894989
0.33161258697509766,-0.05470561981201172,0.7484528422355651,-0.003518772078678012,-0.02991802804172039,-0.0005180282751098275,0.9995460510253905,-0.34557488560676575,0.17117314040660858,0.0545290932059288,0.8727762699127197,-0.4062559008598328,-0.05582351237535477,-0.17079754173755643,-0.2866155505180359,-0.020518546923995015,0.5145093202590942,-0.40017604827880854,0.20728854835033417,-0.06922613084316254,0.0031467503868043423,0.21839556097984317,0.11301102489233016,0.42736896872520447,-0.39287203550338745,0.5336733460426331,0.7400171756744384,-0.021676955744624134,0.34315100312232966,0.12892775237560272,-0.4352921843528748,0.21068155765533447,-0.10092946141958235,-0.6067231297492981,-0.01324599701911211,-0.3055831491947174
0.33333399891853327,-0.05399427935481072,0.756807506084442,-0.029145579785108566,-0.03545117750763893,0.0006510689854621887,0.9989461302757264,-0.3165405392646789,0.24838097393512723,0.1192442551255226,0.8092743158340454,-0.3489384055137634,-0.030181506648659703,-0.11501577496528624,-0.30152684450149536,-0.07652785629034041,0.42160210013389593,-0.3408262133598328,0.20841647684574127,-0.06370947510004044,0.0010449099354445934,0.19265002012252808,0.12516862154006958,0.4186624586582184,-0.4129189848899841,0.5854122042655945,0.6714019775390625,-0.01630043238401413,0.2947729527950287,0.1558426320552826,-0.4088763296604157,0.223593071103096,-0.022458627820014957,-0.5676504373550415,-0.01828189380466938,-0.2727825343608856
0.33345550298690796,-0.05436445027589797,0.7619926333427429,-0.04758115112781525,-0.04020387306809425,-0.001819807570427656,0.9980562925338744,-0.2535503208637237,0.29535850882530207,0.13229599595069885,0.6658329963684082,-0.28375014662742615,-0.08154806494712828,-0.0832284614443779,-0.3067519962787628,-0.1309375911951065,0.364516407251358,-0.2765989601612091,0.21117050945758817,-0.049285341054201126,0.0045641171745955935,0.16419915854930875,0.146000474691391,0.40280169248580927,-0.4130269587039948,0.6173725724220276,0.5980358123779297,-0.010188634507358074,0.25039371848106384,0.1762334704399109,-0.3862554132938385,0.24266879260540009,0.08886549621820451,-0.5169594287872313,-0.01604345254600048,-0.23169772326946256
0.3318694531917572,-0.05505834519863129,0.7632372379302977,-0.06390539556741713,-0.0410078689455986,0.0018868044717237355,0.9971113204956055,-0.14501695334911346,0.27274355292320246,0.09475506097078323,0.43605494499206543,-0.22265794873237607,-0.20183977484703064,-0.06372357159852982,-0.32709547877311707,-0.16408823430538175,0.36132547259330744,-0.2686534523963928,0.22481128573417664,-0.03347284346818924,-0.002689301269128918,0.13995788991451263,0.1753537803888321,0.3837553858757019,-0.40233352780342096,0.6499085426330566,0.5171993374824524,-0.002646112581714988,0.20974656939506528,0.18461456894874567,-0.35869091749191284,0.25524672865867615,0.2276533246040344,-0.47457107901573187,-0.02285981923341751,-0.19811363518238068
0.329779714345932,-0.05592428147792816,0.7606868147850036,-0.08022686839103697,-0.03781147673726082,0.006845879834145308,0.9960356950759888,-0.07755114138126373,0.24889144301414487,0.087608240544796,0.30145350098609924,-0.2106206715106964,-0.23868419229984283,-0.025895899161696437,-0.3496073782444,-0.19689323008060453,0.35488080978393555,-0.2814411520957947,0.23640632629394528,-0.024910783395171165,-0.01032270397990942,0.12507271766662595,0.18417856097221372,0.3639447093009949,-0.39687439799308777,0.6969257593154907,0.4435153901576996,0.0024987617507576942,0.18539690971374512,0.1881686896085739,-0.33414092659950256,0.26235589385032654,0.3771962225437164,-0.4269610643386841,-0.0315595343708992,-0.17338229715824127
0.32892853021621704,-0.056756094098091125,0.758425533771515,-0.09798970818519592,-0.03147139400243759,0.010456765070557594,0.9946347475051882,-0.04222160950303078,0.2341979742050171,0.0824456661939621,0.2334752380847931,-0.2054680585861206,-0.2572226822376251,0.01958717219531536,-0.36622595787048334,-0.24933576583862305,0.3408069312572479,-0.2944047451019287,0.2457360476255417,-0.01681005209684372,-0.013179317116737364,0.11822465062141418,0.17301443219184875,0.3435889184474945,-0.41121047735214233,0.7750327587127684,0.40095108747482294,0.009307652711868286,0.1677028238773346,0.1912618279457092,-0.3099078834056854,0.2677719593048096,0.5313268899917603,-0.3504000902175904,-0.03234698995947838,-0.16748934984207153
0.32744944095611567,-0.0566178634762764,0.7583968639373779,-0.11187174916267396,-0.02462434396147728,0.012744083069264889,0.9933357834815981,-0.031941432505846024,0.22662873566150665,0.06754382699728012,0.22393421828746796,-0.1965447664260864,-0.2547674775123596,0.058562342077493675,-0.3733956217765808,-0.2874591052532196,0.3247255086898804,-0.29263016581535334,0.25214758515357966,-0.005603793077170849,-0.013386170379817484,0.11862289905548096,0.1440132111310959,0.3176937699317932,-0.4291522800922394,0.8901792168617249,0.36564737558364874,0.019071402028203007,0.15141476690769196,0.18761077523231504,-0.2816453278064728,0.2623584270477295,0.6950538158416748,-0.26157888770103455,-0.03537759184837341,-0.16646115481853485
0.32507386803627014,-0.05511488765478134,0.7596826553344727,-0.11984973400831223,-0.0190004575997591,0.01092676818370819,0.9925500750541688,-0.0200594924390316,0.23181919753551483,0.06007290259003639,0.2145741283893585,-0.18861074745655057,-0.2532806098461151,0.09556324779987337,-0.3631209433078766,-0.31388896703720087,0.2858520448207855,-0.272701621055603,0.25621238350868225,0.005709407851099968,-0.0055419872514903545,0.11348048597574234,0.11269538849592207,0.2815909683704376,-0.4412345290184021,1.015794038772583,0.3432101309299469,0.044639028608798974,0.13718478381633759,0.17976628243923187,-0.2560090124607086,0.2680547833442688,0.8547685146331787,-0.18495543301105496,-0.022294610738754272,-0.15083695948123932
0.3232912123203277,-0.05330735445022583,0.7607486248016356,-0.12470335513353348,-0.015859825536608696,0.005303907208144665,0.9920530915260315,-0.012339408509433268,0.24643950164318085,0.0526934377849102,0.2022733688354492,-0.18502132594585416,-0.25560224056243896,0.1265323907136917,-0.34044748544693,-0.335443377494812,0.23798140883445737,-0.2462924271821976,0.256712406873703,0.012306143529713152,0.009366293437778948,0.10130105912685394,0.0936279445886612,0.24407917261123657,-0.44198498129844666,1.1118655204772947,0.3315470516681671,0.07476973533630371,0.11991876363754272,0.17537136375904083,-0.23563478887081143,0.291706383228302,0.9762228131294249,-0.15686562657356262,0.007378482259809971,-0.12390098720788956
0.32274168729782104,-0.05143461376428604,0.7612929344177246,-0.1276562213897705,-0.015213390812277792,0.00103422359097749,0.9917012453079224,-0.0077130738645792,0.2572456896305084,0.0475551076233387,0.1858513057231903,-0.18092316389083865,-0.25765353441238403,0.14536525309085843,-0.3216105103492737,-0.3494260609149933,0.19995643198490143,-0.2273884117603302,0.25779667496681213,0.014094224199652672,0.020457159727811813,0.08737424761056899,0.09138895571231842,0.2146287113428116,-0.4332950413227081,1.1586403846740723,0.31563252210617065,0.08874364197254181,0.10758443176746368,0.1785077452659607,-0.22106312215328217,0.32052141427993774,1.046786904335022,-0.15765416622161865,0.030621739104390144,-0.09839001297950745
0.3233444392681122,-0.04935288429260254,0.7617459893226622,-0.12870855629444122,-0.016126612201333042,-0.0025390018709003925,0.9915480613708496,-0.007947910577058792,0.2670475244522095,0.04414185509085655,0.17350539565086365,-0.174587681889534,-0.2592705190181732,0.15553365647792816,-0.3052276074886322,-0.3573550879955292,0.16882750391960144,-0.21086525917053223,0.2576652467250824,0.013065952807664871,0.029153782874345776,0.07466771453619003,0.09921178966760637,0.19462572038173676,-0.42190068960189814,1.1661608219146729,0.2959882915019989,0.08733891695737839,0.10202166438102722,0.18740883469581604,-0.2120815068483353,0.34024539589881897,1.0766891241073608,-0.15094023942947388,0.03914513811469078,-0.08453232795000076
0.3247071206569672,-0.04734069854021072,0.7620332241058348,-0.12803062796592712,-0.01736024208366871,-0.004928629379719496,0.991606056690216,-0.008704221807420252,0.27465677261352534,0.04297928884625434,0.16337046027183533,-0.1663530021905899,-0.2618906497955322,0.16022835671901703,-0.2936619818210602,-0.3610676229000092,0.14604860544204712,-0.19876575469970703,0.25677990913391113,0.010270834900438784,0.034511763602495193,0.06491176784038544,0.11104677617549896,0.18172551691532132,-0.4124962389469146,1.150387406349182,0.2744707763195038,0.07754150778055191,0.10134240984916688,0.1987324804067612,-0.2072814255952835,0.3475981056690216,1.0818886756896973,-0.12885083258152008,0.037456274032592766,-0.08065753430128098
0.32643944025039673,-0.04584468901157379,0.7621147036552429,-0.1258704364299774,-0.017781147733330727,-0.0054725902155041695,0.9918722510337827,-0.005569464061409235,0.27804505825042725,0.045306526124477386,0.15277956426143646,-0.1580697000026703,-0.2650191187858581,0.16032175719738007,-0.2891528308391571,-0.35992208123207087,0.13572457432746887,-0.1949134171009064,0.2562422752380371,0.0069361021742224685,0.035431168973445885,0.05986664444208145,0.12301568686962128,0.17435422539710999,-0.4081343114376068,1.12254798412323,0.25404059886932373,0.06505443155765533,0.10268732160329817,0.20973993837833405,-0.20526172220706937,0.34459033608436584,1.0758637189865112,-0.09666693955659865,0.02900590188801289,-0.08213678002357483
0.32853907346725464,-0.0452096052467823,0.7621306777000427,-0.12268706411123276,-0.017147131264209747,-0.005338324699550867,0.9922829270362854,0.0006301726098172368,0.2795732915401459,0.050170186907052994,0.14308808743953705,-0.1512702852487564,-0.2673672139644623,0.15843555331230164,-0.2876989543437958,-0.35522496700286865,0.13161569833755493,-0.19337737560272217,0.25559085607528687,0.0030027227476239204,0.034990549087524414,0.05930793285369873,0.1304627954959869,0.1715216189622879,-0.4094645380973816,1.09467875957489,0.24207952618598935,0.05476716533303261,0.10489887744188307,0.21644458174705505,-0.2055259793996811,0.33672311902046204,1.066319465637207,-0.06215839460492134,0.019064066931605336,-0.0874072164297104
0.330475777387619,-0.045285869389772415,0.7621815800666809,-0.11867440491914748,-0.015962576493620872,-0.004956691060215235,0.992792546749115,0.008033573627471924,0.28020241856575007,0.05765364319086074,0.13564710319042203,-0.1473780572414398,-0.2683916985988617,0.1545590907335281,-0.2880016565322876,-0.34753555059432983,0.13144567608833313,-0.19264471530914304,0.2551772892475128,-0.0005613837856799364,0.03444807603955269,0.06188244745135307,0.13132426142692563,0.17151242494583127,-0.4150501191616058,1.0733799934387207,0.2401522845029831,0.04903126135468482,0.1078050509095192,0.21688242256641388,-0.20729142427444455,0.32939618825912476,1.0592344999313354,-0.033713098615407944,0.01111361663788557,-0.09481249749660495
0.3321152925491333,-0.045685891062021255,0.7623446583747863,-0.11380475759506224,-0.01465587131679058,-0.004543405957520008,0.9933845996856688,0.015560442581772804,0.2805339992046356,0.06752994656562805,0.1313243955373764,-0.14648203551769257,-0.2684183716773987,0.14876745641231537,-0.28915226459503174,-0.3372798264026642,0.1334637552499771,-0.19135853648185727,0.2551742494106293,-0.002547416603192687,0.034320879727602005,0.06574615091085434,0.1263840943574905,0.17297089099884033,-0.4231071472167969,1.06020450592041,0.2437838166952133,0.047154739499092095,0.11054203659296036,0.21177998185157773,-0.2093303054571152,0.326266884803772,1.057164192199707,-0.014600391499698162,0.006636441219598055,-0.10050374269485472
0.3337809443473816,-0.0460456982254982,0.7626516819000243,-0.1083611249923706,-0.013610115274786947,-0.004282753448933362,0.9940091967582703,0.02222539857029915,0.28106993436813354,0.07884449511766434,0.1293203979730606,-0.14648637175559995,-0.2678699195384979,0.1419941633939743,-0.29010096192359924,-0.326084166765213,0.13552092015743256,-0.18879534304142,0.2547166049480438,-0.0036176797002553935,0.03475874289870262,0.06928723305463791,0.117983378469944,0.17528697848320007,-0.43154209852218633,1.0529853105545044,0.24861223995685575,0.04825419560074806,0.1128774955868721,0.20331090688705444,-0.21065305173397064,0.327786922454834,1.058890461921692,-0.00482737272977829,0.006004463881254196,-0.10265693068504332
0.33541387319564814,-0.046412743628025055,0.7630044221878051,-0.10288693755865096,-0.012952734716236591,-0.0043410882353782645,0.9945992231369017,0.02749496139585972,0.2823221087455749,0.09028619527816771,0.12831343710422516,-0.14624163508415222,-0.26729881763458246,0.1356389820575714,-0.29021087288856506,-0.3158957362174988,0.136439248919487,-0.18503136932849884,0.2534704506397248,-0.004434018395841122,0.03564567118883133,0.0720105692744255,0.1091419532895088,0.17836718261241913,-0.43886101245880127,1.047964334487915,0.2514139711856842,0.05012815818190575,0.11558259278535842,0.19370555877685544,-0.21116667985916135,0.33284616470336914,1.0609235763549805,-0.0032370842527598143,0.008059513755142689,-0.10175947844982149
0.3369840979576111,-0.04693613946437836,0.7633017897605896,-0.09759736806154252,-0.012573303654789925,-0.004556391388177872,0.9951361417770384,0.031875129789114,0.2841315269470215,0.10133221000432968,0.1275392323732376,-0.14563632011413574,-0.2670641243457794,0.12997208535671234,-0.28994160890579224,-0.3068900406360626,0.1364273577928543,-0.18117736279964447,0.25222212076187134,-0.005180093925446272,0.03651850670576096,0.0739288255572319,0.10128836333751678,0.18227581679821012,-0.4442580044269562,1.0421913862228391,0.2519129812717438,0.05131668969988823,0.11828399449586868,0.18459860980510712,-0.21152441203594208,0.33827635645866394,1.0603076219558716,-0.003938873764127493,0.009516674093902113,-0.0998789444565773
0.3383067846298218,-0.04770491644740105,0.7634769082069397,-0.09245029091835022,-0.012152805924415588,-0.004845240619033575,0.9956313371658323,0.03618181124329567,0.28624382615089417,0.11168383806943892,0.12718839943408966,-0.1455308198928833,-0.26742303371429443,0.12592262029647827,-0.2896953225135803,-0.29904964566230774,0.13503699004650116,-0.17760004103183746,0.2517300546169281,-0.006279563065618277,0.03737472370266914,0.07538972795009613,0.09524959325790404,0.18698184192180636,-0.44814765453338623,1.0346633195877075,0.25250893831253046,0.051357485353946686,0.12079889327287673,0.1766773760318756,-0.21216168999671936,0.34235018491744995,1.055943727493286,-0.00197602529078722,0.008758326061069965,-0.0986410528421402
0.3392379879951477,-0.048608772456645966,0.7635011672973632,-0.08739082515239716,-0.011339236050844193,-0.005010170862078667,0.9960969686508178,0.04100495204329491,0.28790518641471863,0.12158670276403429,0.12761305272579193,-0.1463989019393921,-0.267842561006546,0.12277047336101532,-0.2901351749897003,-0.29137322306632996,0.13412161171436307,-0.1750515103340149,0.25187358260154724,-0.007246081251651048,0.03810246661305428,0.07697461545467375,0.09135577827692032,0.1921426057815552,-0.45117932558059687,1.025529384613037,0.2537387311458588,0.050503283739089966,0.12249150872230528,0.16981390118598935,-0.21341699361801147,0.3451533913612366,1.0505330562591553,0.0034688767045736313,0.006362928543239832,-0.09855312854051589
0.33985665440559387,-0.04960036650300026,0.7634078264236449,-0.08254075795412062,-0.010114725679159164,-0.004901494365185499,0.9965243339538574,0.046358972787857056,0.2884552478790283,0.13119693100452423,0.1284920573234558,-0.14813658595085144,-0.2679544687271118,0.120426706969738,-0.29124978184700007,-0.2830660045146942,0.13383223116397855,-0.17366966605186462,0.2525746822357178,-0.007754192687571048,0.03852098435163498,0.07890558242797852,0.08827020227909088,0.19725923240184784,-0.4535886347293854,1.016188621520996,0.25601959228515625,0.04928655922412872,0.12291748821735382,0.1636246144771576,-0.21528820693492887,0.347536563873291,1.0463470220565796,0.011145447380840778,0.0036175334826111794,-0.09952180832624435
0.34018915891647333,-0.05068514868617058,0.7632685899734497,-0.07804752886295319,-0.008619369007647038,-0.004630711395293473,0.9969016313552856,0.052352026104927056,0.28815099596977234,0.14050568640232086,0.1296079307794571,-0.15103913843631744,-0.26740118861198425,0.11843319237232208,-0.2926175892353058,-0.27414992451667786,0.13422782719135284,-0.17276550829410553,0.2536408603191376,-0.007580839563161135,0.038948629051446915,0.08119967579841612,0.08482533693313599,0.20166219770908356,-0.4564189612865448,1.00807523727417,0.25991755723953247,0.047953106462955475,0.122835673391819,0.15774057805538175,-0.21741078794002527,0.35047018527984614,1.0449810028076172,0.018239911645650864,0.0009003138402476906,-0.10068775713443756
0.3404666781425476,-0.051713816821575165,0.7632091641426086,-0.07434488832950592,-0.007187358103692532,-0.0041644941084086895,0.9971979856491088,0.057971425354480736,0.28690075874328613,0.1482182741165161,0.13070788979530334,-0.1538904309272766,-0.2664451599121094,0.1166207045316696,-0.2943027913570404,-0.2664174437522888,0.13458167016506195,-0.17132915556430817,0.2549026310443878,-0.006714814342558384,0.03898243978619576,0.08322310447692871,0.08045761287212372,0.2049209624528885,-0.4592274427413941,1.0028855800628662,0.2645675241947174,0.04690268635749817,0.122397243976593,0.15267907083034515,-0.21958467364311215,0.3546569347381592,1.04618501663208,0.02197524346411228,-0.0007018606411293149,-0.10059647262096404
0.34095078706741333,-0.05266965180635452,0.763272762298584,-0.0714852586388588,-0.006186851300299168,-0.003632882377132773,0.9974158406257628,0.0624253936111927,0.2853142023086548,0.15468961000442505,0.1310526579618454,-0.15540577471256256,-0.26578646898269653,0.1146176978945732,-0.2962050139904022,-0.26066386699676514,0.13488176465034485,-0.16885901987552643,0.25584843754768366,-0.005237693432718515,0.03840585052967072,0.08459359407424927,0.0751596912741661,0.20725104212760925,-0.4620696008205414,0.9997809529304504,0.26872047781944275,0.045479152351617806,0.12220223248004912,0.14863844215869904,-0.22178098559379575,0.36044129729270935,1.049116849899292,0.02040714584290981,-0.0002797979104798287,-0.09888386726379393
0.34164926409721375,-0.053517743945121765,0.7634170651435853,-0.06941088289022446,-0.0056487699039280415,-0.0031343768350780006,0.9975672364234924,0.06542035937309265,0.28367969393730164,0.1597965955734253,0.13045814633369443,-0.1550092250108719,-0.2654702365398407,0.11329321563243865,-0.29795563220977783,-0.25742390751838684,0.13425518572330475,-0.16579045355319977,0.25620102882385254,-0.0037664815317839375,0.03699592500925064,0.08516648411750793,0.07003111392259598,0.20916540920734403,-0.464786171913147,0.9973703026771544,0.26937106251716614,0.04408279433846474,0.12238917499780654,0.14572750031948087,-0.22382901608943936,0.3668035268783569,1.0512157678604124,0.013945770449936388,0.0014486877480521798,-0.09652139991521837
0.3424333930015564,-0.05423952639102936,0.7635707855224609,-0.06772756576538086,-0.005253060255199671,-0.0028589859139174223,0.9976859092712401,0.06737641990184784,0.2827349603176117,0.1635117083787918,0.12998037040233612,-0.15397730469703674,-0.2654266059398651,0.1126885786652565,-0.29914334416389465,-0.2559242248535156,0.13318359851837158,-0.16276291012763977,0.25634136795997614,-0.002626425586640835,0.03521472588181496,0.08558910340070723,0.06579761952161789,0.21103104948997495,-0.4675563275814056,0.994752824306488,0.266721785068512,0.04256986454129219,0.12310636788606644,0.14280031621456146,-0.22594179213047028,0.3725604116916656,1.050971508026123,0.006949812173843384,0.0026512471958994865,-0.09516239911317824
0.3432754874229431,-0.05488799512386321,0.7636346220970154,-0.06593161821365356,-0.004789524711668491,-0.0029374328441917896,0.997808337211609,0.06930246204137802,0.28292080760002136,0.16707652807235715,0.12977565824985504,-0.15360644459724426,-0.26581376791000366,0.11246579885482788,-0.2994912266731262,-0.2546563148498535,0.1318383514881134,-0.1603763848543167,0.25674378871917725,-0.001486250781454146,0.033702146261930466,0.08621971309185027,0.06259719282388687,0.21318773925304407,-0.47044879198074335,0.9920042157173156,0.2631847858428955,0.040378592908382416,0.12361440807580948,0.13886165618896484,-0.2285118103027344,0.37876397371292114,1.0490537881851196,0.0027355225756764408,0.002644388470798731,-0.09496597945690156
0.3441990911960602,-0.05550732091069221,0.7636107802391052,-0.06392280012369156,-0.004204318393021822,-0.0031232971232384443,0.9979410767555236,0.07159250974655151,0.2835775315761566,0.17150995135307312,0.12986893951892853,-0.1542384922504425,-0.26618635654449463,0.11201962083578108,-0.29946479201316833,-0.252396821975708,0.13073956966400146,-0.15929600596427915,0.2572154998779297,-9.391205821884797e-05,0.03235672414302826,0.08707592636346817,0.060597676783800125,0.21533676981925964,-0.47268989682197565,0.9892887473106384,0.2602806091308594,0.03767184168100357,0.12359740585088728,0.1339903175830841,-0.23142173886299133,0.38586935400962824,1.0474233627319336,-0.0006990422261878848,0.002208953723311424,-0.09548703581094739
0.3451055884361267,-0.05605527758598328,0.7635778188705443,-0.06177597865462303,-0.0035437338519841433,-0.00333303795196116,0.9980782270431519,0.07399040460586548,0.2844833731651306,0.17665596306324005,0.13063280284404755,-0.15573236346244812,-0.2662915587425232,0.11093206703662872,-0.29915323853492737,-0.24910499155521393,0.13030022382736206,-0.15861420333385468,0.2575393915176392,0.0013009090907871723,0.031234975904226303,0.08823984861373901,0.059049848467111594,0.21697843074798584,-0.4748479127883911,0.9878232479095459,0.25785067677497864,0.03481404110789299,0.12309563159942626,0.12838304042816162,-0.23418115079402924,0.39372783899307245,1.0467251539230347,-0.0034674406051635742,0.001816658186726272,-0.09600608795881271
0.34590479731559753,-0.05640900507569313,0.7635630965232849,-0.05945165827870369,-0.002880183514207601,-0.0034133282024413347,0.998221218585968,0.07656218856573103,0.28533974289894104,0.18251870572566983,0.13187357783317563,-0.15742281079292297,-0.26619014143943787,0.10900484770536421,-0.2990132570266724,-0.24446333944797516,0.13065627217292783,-0.1579974740743637,0.2578813135623932,0.0029976237565279007,0.030078619718551636,0.08966015279293059,0.05768395215272904,0.21770960092544556,-0.4778256416320801,0.988641917705536,0.25584957003593445,0.03253275528550148,0.12223663926124571,0.1224956288933754,-0.23667138814926147,0.40247052907943726,1.047123908996582,-0.007177374791353941,0.002020421903580427,-0.09575987607240675
0.3466356694698334,-0.05667586624622345,0.7635612487792968,-0.057160891592502594,-0.0022606300190091133,-0.0034312098287045956,0.998356521129608,0.07897481322288513,0.2861478924751282,0.18815672397613523,0.13365845382213593,-0.15915462374687195,-0.2658378779888153,0.10688724368810652,-0.29903385043144226,-0.2398509979248047,0.1312642991542816,-0.15728923678398132,0.2583126425743103,0.00476141320541501,0.028962550684809685,0.090983085334301,0.05684002116322517,0.21769163012504575,-0.481693297624588,0.9919916987419128,0.25321120023727417,0.03115770034492016,0.12068867683410645,0.11716283857822418,-0.23851314187049863,0.41146063804626465,1.0480029582977295,-0.011935466900467873,0.002677770797163248,-0.09483183175325392
0.3474884033203125,-0.057036880403757095,0.7635418176651002,-0.05500013381242752,-0.0017689864616841076,-0.0034033649135380983,0.9984790086746218,0.08079322427511214,0.2866874039173126,0.1932926177978516,0.13539668917655945,-0.16052868962287903,-0.265202671289444,0.10495678335428237,-0.29920002818107605,-0.2358553409576416,0.13189473748207092,-0.1566414088010788,0.2587531805038452,0.006384079810231924,0.027975771576166153,0.09191050380468369,0.05626624077558517,0.21737502515316007,-0.48598584532737726,0.996600031852722,0.2522939443588257,0.030732376500964165,0.11860119551420212,0.11286118626594543,-0.23979277908802032,0.4204662442207336,1.0483267307281494,-0.017720026895403862,0.003298734314739704,-0.0934881642460823
0.34840482473373413,-0.057494036853313446,0.7634828090667725,-0.05299403518438339,-0.001341953524388373,-0.003398696193471551,0.9985881447792051,0.08254676312208174,0.2870553731918335,0.1979154050350189,0.13649910688400269,-0.1618289053440094,-0.2646562159061432,0.10341070592403412,-0.29941490292549133,-0.23254996538162231,0.13254407048225403,-0.15594853460788727,0.25920382142066956,0.008064850233495235,0.02725854143500328,0.09265446662902832,0.05628533661365509,0.21685296297073364,-0.4903922975063324,1.0012805461883545,0.25173643231391907,0.030617250129580494,0.11631598323583602,0.1098317950963974,-0.24065038561820984,0.4290206432342529,1.047565221786499,-0.02468773163855076,0.003825174644589424,-0.09139125049114227
0.34908220171928406,-0.05792015790939331,0.7634065151214598,-0.051123477518558495,-0.0010280575370416043,-0.003406181000173092,0.9986860156059264,0.08446525782346725,0.2872237265110016,0.20230005681514737,0.13644391298294067,-0.1626890003681183,-0.26428404450416565,0.10189641267061232,-0.2995411157608032,-0.22939366102218628,0.1330738216638565,-0.15519070625305176,0.25947505235672,0.00964595749974251,0.026654213666915894,0.09312180429697037,0.05711698904633521,0.216217964887619,-0.4942567944526672,1.005357265472412,0.2508019506931305,0.0306346882134676,0.11456841230392456,0.10747144371271132,-0.241068959236145,0.43654328584671026,1.0460156202316284,-0.03146896138787269,0.004480018746107817,-0.08919912576675415
0.3494760990142822,-0.05829460546374321,0.7633726000785828,-0.04951151460409165,-0.0007586465799249709,-0.0033734284806996584,0.9987675547599792,0.08671211451292038,0.28705650568008423,0.20585942268371585,0.13552002608776093,-0.16307026147842407,-0.2642161250114441,0.10079782456159592,-0.29958322644233704,-0.2265642285346985,0.13310681283473969,-0.15432225167751312,0.2596844732761383,0.010864712297916412,0.026047561317682263,0.09354273974895475,0.05851392820477486,0.2153901159763336,-0.497864693403244,1.0086969137191772,0.2490001618862152,0.030560331419110295,0.11370199918746948,0.1058097779750824,-0.24100592732429504,0.4430416822433472,1.0443325042724607,-0.037660066038370126,0.004832287784665823,-0.08736827224493025
0.3497089445590973,-0.0586940199136734,0.7633703947067261,-0.048093955963850014,-0.0005581467412412168,-0.003340811701491475,0.998837113380432,0.08887765556573868,0.28679773211479187,0.2087535113096237,0.13429898023605347,-0.163264200091362,-0.2644026279449463,0.0998532772064209,-0.2995849549770355,-0.22439351677894592,0.13272635638713837,-0.15314669907093048,0.25986555218696594,0.011778334155678747,0.02555890195071697,0.09392820298671721,0.05986678600311279,0.21449917554855344,-0.5015972852706909,1.011589765548706,0.24673564732074735,0.029926756396889687,0.11277664452791213,0.10441745072603224,-0.2404632866382599,0.4488384127616882,1.0430173873901367,-0.04268765449523926,0.004843458067625761,-0.08635547012090683
0.34985515475273127,-0.05905383080244064,0.7633751034736633,-0.04688356816768646,-0.0004685772873926908,-0.0032484550029039383,0.9988949298858641,0.09058894217014311,0.28636115789413447,0.21160154044628143,0.13308320939540863,-0.16315299272537231,-0.26458388566970825,0.09875445067882538,-0.2998376488685608,-0.22264257073402405,0.1321806162595749,-0.1520642340183258,0.2599528133869171,0.012472478672862051,0.025044787675142288,0.09413763880729677,0.060771070420742035,0.21366386115550995,-0.5053938627243042,1.0138689279556274,0.24433203041553497,0.02937989495694637,0.11191517114639282,0.10327231138944624,-0.23973497748374936,0.45353913307189936,1.0424227714538574,-0.04747532680630684,0.005162171088159084,-0.08582157641649246
0.3500391542911529,-0.05933913961052895,0.7633606791496276,-0.045902278274297714,-0.0004687131149694324,-0.0031078453175723553,0.9989410042762755,0.09198558330535889,0.285790890455246,0.2140232175588608,0.13173219561576843,-0.16270561516284943,-0.2647953331470489,0.0975038856267929,-0.30035898089408875,-0.22124798595905304,0.1316830813884735,-0.15102146565914154,0.2601216435432434,0.01293395645916462,0.02447974868118763,0.09421612322330473,0.061284139752388,0.21284742653369904,-0.5086058378219604,1.0153541564941406,0.2423900216817856,0.029418077319860455,0.11104528605937956,0.10211097449064253,-0.2389749437570572,0.4575388133525848,1.0421681404113767,-0.05194935202598572,0.005587281193584204,-0.08564702421426773
0.35037320852279663,-0.05961485952138901,0.7633424401283264,-0.04514030739665032,-0.0005809618160128593,-0.002974592847749591,0.9989760518074036,0.09254196286201476,0.2852038145065308,0.2157989889383316,0.13071209192276,-0.1619562804698944,-0.26489755511283875,0.0960828810930252,-0.30102911591529846,-0.2202187031507492,0.1314263492822647,-0.14997653663158417,0.2604274153709412,0.0132177397608757,0.023963334038853645,0.09412229806184769,0.06151487305760384,0.2119325548410416,-0.5106502771377563,1.0154871940612793,0.24049285054206848,0.030059473589062687,0.11054935306310652,0.10074708610773087,-0.23818451166152957,0.461076021194458,1.0423734188079832,-0.05633096024394035,0.006064265966415404,-0.08564381301403044
0.35081014037132263,-0.05994867533445358,0.7633394598960876,-0.04457780718803406,-0.0007660976843908429,-0.002886410569772124,0.9990014433860778,0.09260737895965576,0.2846816182136536,0.21690818667411804,0.1298280358314514,-0.16143390536308289,-0.2651871144771576,0.09510108083486557,-0.30165696144104004,-0.21965210139751437,0.13092704117298126,-0.1489565074443817,0.260896772146225,0.013205565512180328,0.023529825732111927,0.0939980000257492,0.06099797785282135,0.21099111437797544,-0.5125789046287537,1.0142298936843872,0.2379206418991089,0.030482368543744087,0.11090930551290512,0.09898218512535097,-0.23748700320720673,0.46432009339332575,1.0426967144012451,-0.05946269258856773,0.006499966606497765,-0.08593512326478958
0.35122135281562805,-0.060308970510959625,0.7633670568466185,-0.04407823830842972,-0.000973277783486992,-0.0028521982021629806,0.9990235567092896,0.09264406561851501,0.28426870703697205,0.2179721295833588,0.128924623131752,-0.16090981662273407,-0.2656036615371704,0.09438236057758333,-0.30197465419769287,-0.21897533535957336,0.13014173507690427,-0.14798177778720856,0.2613331079483032,0.013206339441239832,0.02318696863949299,0.09425879269838333,0.05966485664248466,0.21007540822029117,-0.5148884654045105,1.0120846033096311,0.23530250787734985,0.030140098184347153,0.11114834994077682,0.09659259766340256,-0.23697949945926663,0.46728822588920593,1.04321551322937,-0.06083295866847038,0.006461181212216616,-0.08626598119735716
0.35149699449539185,-0.06050912290811539,0.7634282708168029,-0.04362542182207108,-0.0010735023533925414,-0.002807017881423235,0.9990434646606445,0.09296051412820816,0.28394365310668945,0.2192885130643845,0.1282232254743576,-0.1607357561588287,-0.26571172475814814,0.0937864929437637,-0.30195704102516174,-0.2175717651844025,0.1293169856071472,-0.1470072716474533,0.2617586553096771,0.013548232614994047,0.022819887846708298,0.0951947569847107,0.0575830303132534,0.20924538373947144,-0.5182490944862366,1.0097606182098389,0.23350946605205533,0.0293441005051136,0.11158078163862228,0.09342476725578307,-0.2368050515651703,0.46994990110397333,1.0443172454833984,-0.06255738437175751,0.006640599574893713,-0.08617088943719863
0.35170435905456543,-0.060495175421237946,0.7635279893875122,-0.043211933225393295,-0.00115622382145375,-0.00277064205147326,0.9990614056587219,0.09318007528781891,0.2838629484176636,0.22062012553215024,0.12781058251857755,-0.16054789721965787,-0.2655194103717804,0.09297571331262589,-0.30166643857955927,-0.21586348116397855,0.12874843180179596,-0.14603589475154877,0.2620992958545685,0.013977530412375925,0.022407114505767822,0.09630448371171953,0.055344589054584496,0.20861661434173584,-0.5226093530654907,1.0082545280456543,0.23267215490341184,0.028563223779201508,0.11212734133005142,0.08988766372203827,-0.23675072193145752,0.471383273601532,1.046088695526123,-0.06379475444555283,0.007283047772943973,-0.08633951842784882
0.35197803378105164,-0.06043098121881485,0.7636400461196899,-0.0427633561193943,-0.0012143913190811872,-0.0027452828362584114,0.9990806579589844,0.09322630614042282,0.28395697474479675,0.22194142639636996,0.12744353711605072,-0.16017118096351624,-0.26537150144577026,0.09193874150514601,-0.30139306187629694,-0.21439349651336667,0.12835754454135895,-0.14476364850997925,0.2621980011463165,0.014318245463073252,0.021862223744392395,0.097477987408638,0.05296538397669792,0.20818497240543363,-0.5274038314819336,1.007747173309326,0.2326846420764923,0.028156012296676636,0.11245163530111311,0.08600736409425734,-0.23684477806091309,0.4723023176193237,1.04789137840271,-0.06538917124271393,0.00828615203499794,-0.0864465907216072
0.35240331292152405,-0.060453657060861594,0.7637350559234619,-0.04231692850589752,-0.0012707313289865851,-0.002767956117168069,0.9990996122360227,0.09315713495016098,0.2841564416885376,0.223213255405426,0.1268739104270935,-0.15944832563400269,-0.26532515883445734,0.09048923105001448,-0.3011339008808136,-0.2132865339517593,0.1282790899276733,-0.14336304366588593,0.2621384263038635,0.014588030986487864,0.02118280716240406,0.09868484735488893,0.05046100914478303,0.207771435379982,-0.5323670506477356,1.00834584236145,0.23223112523555756,0.028191290795803074,0.11233842372894288,0.08204199373722076,-0.2369072586297989,0.47259166836738586,1.0492340326309204,-0.0660177618265152,0.009329234249889849,-0.08659132570028305
0.35304707288742065,-0.060508742928504944,0.7638266086578369,-0.041850265115499496,-0.0013212900375947356,-0.0028103019576519728,0.9991190433502195,0.09295942634344101,0.28432905673980713,0.22439189255237577,0.1262097954750061,-0.1584646999835968,-0.26520687341690063,0.08859207481145857,-0.30084586143493647,-0.21223236620426175,0.12865743041038513,-0.1418817788362503,0.2620201110839844,0.014463143423199652,0.020288221538066864,0.09996665269136429,0.04771561548113823,0.20745146274566648,-0.5370680689811707,1.0091805458068848,0.23154306411743164,0.028958639129996296,0.11148519814014433,0.07792555540800095,-0.23691217601299283,0.47277334332466125,1.0496604442596436,-0.06624805927276611,0.010161100886762142,-0.08709760010242462
0.3538496494293213,-0.060474198311567307,0.7639167904853821,-0.04134265705943108,-0.00140281836502254,-0.0028643617406487465,0.999139964580536,0.09280740469694136,0.28452396392822266,0.22524794936180115,0.12535011768341064,-0.1573237180709839,-0.2652300000190735,0.08641115576028822,-0.3004703521728516,-0.2111699730157852,0.12902754545211792,-0.14032194018363953,0.261974573135376,0.014141799882054327,0.01915202848613262,0.10118837654590607,0.044732097536325455,0.2072889804840088,-0.541176438331604,1.010080337524414,0.23094768822193143,0.030616484582424164,0.11002326756715775,0.07372564822435379,-0.23700951039791107,0.47266373038291926,1.049118995666504,-0.06538856029510498,0.010529139079153536,-0.08791568875312805
0.35462987422943115,-0.060325957834720605,0.7640248537063599,-0.04089009389281273,-0.0014948048628866673,-0.002922244137153029,0.9991582632064819,0.09250950813293456,0.2847610414028168,0.22558841109275815,0.12457329034805296,-0.15622958540916443,-0.2652617394924164,0.08451301604509354,-0.29996877908706665,-0.2101101875305176,0.12917596101760864,-0.13912013173103333,0.26188609004020685,0.01372002437710762,0.017791729420423508,0.10247520357370377,0.04179312661290169,0.20744505524635315,-0.545142650604248,1.0108494758605957,0.2310227006673813,0.03219960629940033,0.10811619460582732,0.06954871118068695,-0.2374200224876404,0.47288247942924494,1.0474379062652588,-0.06453212350606918,0.010748928412795067,-0.0887220650911331
0.35526415705680847,-0.059995442628860474,0.764116644859314,-0.04045647755265236,-0.0015508540673181415,-0.0029845121316611767,0.9991756081581117,0.09209034591913225,0.2851842939853668,0.22601062059402463,0.12415533512830734,-0.15539322793483734,-0.2652795612812042,0.08296626806259155,-0.2994283437728882,-0.2089069187641144,0.1292092353105545,-0.13811910152435303,0.26178610324859614,0.013532717712223528,0.016398560255765915,0.1041226089000702,0.03826430439949036,0.20798835158348083,-0.5492352843284607,1.0109975337982176,0.23130002617836,0.033139314502477646,0.10662044584751128,0.06546001136302948,-0.23826538026332852,0.47402739524841303,1.0449237823486328,-0.06394878029823303,0.011015716940164566,-0.08928103744983673
0.3558277487754822,-0.059410311281681054,0.7641803622245789,-0.04004840552806854,-0.0016971121076494455,-0.0030068971682339902,0.9991918206214904,0.09134636074304579,0.2856115698814392,0.22670751810073847,0.12390078604221344,-0.1544460505247116,-0.2654426395893097,0.08134473115205763,-0.29902347922325134,-0.20746876299381256,0.12935122847557068,-0.13757698237895963,0.26162254810333246,0.013435538858175276,0.014941922388970852,0.10554419457912444,0.03448553755879402,0.2088579088449478,-0.5535333752632141,1.0106406211853027,0.23076510429382324,0.033565238118171685,0.10589391738176344,0.061764992773532874,-0.2391836941242218,0.47600787878036493,1.0424630641937256,-0.06383737176656723,0.011146801523864268,-0.08965404331684113
0.35631293058395386,-0.05871948227286338,0.7642382383346557,-0.039635404944419854,-0.0018308506114408372,-0.003003311343491077,0.9992080330848692,0.09060593694448472,0.28597888350486755,0.22758200764656064,0.12380295246839523,-0.15353575348854065,-0.2654600441455841,0.07962603867053986,-0.2986706495285034,-0.20593735575675964,0.1294902265071869,-0.13717512786388397,0.2614900469779968,0.013338254764676094,0.013553176075220108,0.10675180703401564,0.030861496925354004,0.20980258285999295,-0.5581563115119934,1.0098787546157837,0.23071950674057007,0.03363702818751335,0.10561976581811904,0.05834370851516724,-0.23989392817020416,0.4789740741252899,1.0413341522216797,-0.06343784183263779,0.01091097854077816,-0.09013185650110243
0.35674071311950684,-0.05812770873308182,0.764328896999359,-0.03919934481382369,-0.0019212352344766257,-0.0030307872220873833,0.9992249608039857,0.08978625386953354,0.28630292415618896,0.22852568328380585,0.12399585545063017,-0.15267638862133026,-0.26526704430580134,0.07774405926465987,-0.29827821254730225,-0.20448794960975647,0.12973901629447937,-0.13665898144245148,0.26134645938873285,0.013197193853557108,0.012350340373814104,0.10788828879594801,0.027527255937457085,0.21084423363208768,-0.5633491277694702,1.0089118480682373,0.23141519725322723,0.033553652465343475,0.10529804974794388,0.05516783148050308,-0.24048398435115811,0.48281794786453247,1.0413125753402708,-0.063737653195858,0.010543255135416985,-0.09048143029212952
0.3570975661277771,-0.057748179882764816,0.7644255757331848,-0.038690853863954544,-0.0019847529474645853,-0.003028574399650097,0.9992446303367615,0.08927179872989655,0.286430299282074,0.22961080074310303,0.1242317482829094,-0.15206672251224515,-0.26490387320518494,0.07568457722663878,-0.29794302582740784,-0.2031201124191284,0.1300944834947586,-0.1361403316259384,0.2611529529094696,0.013396072201430796,0.01128457672894001,0.10901904106140135,0.024425912648439407,0.212060421705246,-0.5681873559951782,1.007960557937622,0.23303057253360748,0.03346048668026924,0.10465008020401,0.05242130905389786,-0.24100773036479947,0.48706200718879694,1.0420496463775635,-0.06521813571453094,0.010301909409463404,-0.09051073342561722
0.3574731945991516,-0.05754350870847703,0.7645052075386046,-0.038116686046123505,-0.0020055309869349,-0.002918242709711194,0.9992670416831969,0.08884621411561966,0.2862675189971924,0.23090744018554688,0.12444055825471878,-0.15126574039459229,-0.2644714117050171,0.07355717569589616,-0.29792559146881104,-0.20166233181953433,0.1307319402694702,-0.135616198182106,0.261053204536438,0.013780255801975729,0.010221095755696297,0.11013709753751753,0.021578434854745865,0.21335616707801816,-0.5725011229515076,1.0073473453521729,0.23579029738903043,0.0336538664996624,0.10360637307167052,0.05009257048368453,-0.24126589298248288,0.4910190105438232,1.043487548828125,-0.067363440990448,0.010947648435831068,-0.090200737118721
0.3577909767627716,-0.05745890736579895,0.7645303010940551,-0.03753617778420448,-0.0019654287025332447,-0.002720937831327319,0.9992896318435669,0.08892104029655457,0.28594547510147095,0.23242336511611936,0.12393665313720705,-0.15036004781723022,-0.2642841637134552,0.07181309163570404,-0.29809120297431946,-0.2000674158334732,0.1311288625001907,-0.13511788845062256,0.260990172624588,0.01423184759914875,0.009158384054899216,0.11130647361278533,0.01905153132975101,0.21451996266841888,-0.5759554505348206,1.0070033073425293,0.23913736641407007,0.03423799201846123,0.10283060371875762,0.04823023825883865,-0.24131712317466733,0.4951064884662628,1.0453602075576782,-0.06910951435565948,0.011981346644461153,-0.08949385583400726
0.3581167459487915,-0.05750231072306633,0.7645058631896973,-0.03706657886505127,-0.0019771428778767586,-0.002478631911799312,0.9993077516555786,0.0889533907175064,0.28541657328605646,0.23348417878150937,0.12304867804050444,-0.14956828951835632,-0.26428377628326416,0.0702323392033577,-0.29836392402648926,-0.19853395223617556,0.13115139305591583,-0.13461627066135406,0.26091998815536493,0.014417336322367191,0.00816291943192482,0.1123439446091652,0.017133086919784542,0.21548911929130557,-0.578704297542572,1.007028579711914,0.2412892580032349,0.034478392452001565,0.1023794338107109,0.046807292848825455,-0.24095988273620603,0.49896711111068726,1.0472984313964844,-0.06956904381513596,0.0128822335973382,-0.08876204490661621
0.3585294485092163,-0.057577740401029594,0.7644611001014708,-0.0366089753806591,-0.002012605080381036,-0.002245388925075531,0.9993251562118529,0.08912080526351927,0.284833699464798,0.2343700081110001,0.12205787748098372,-0.14898845553398132,-0.2644232511520386,0.06870460510253906,-0.2987390756607056,-0.197010338306427,0.1310426890850067,-0.13411946594715118,0.26086199283599854,0.014777900651097296,0.007298412732779979,0.11339466273784636,0.015642255544662476,0.2164665311574936,-0.580952525138855,1.007009983062744,0.24186618626117704,0.03428018093109131,0.10233982652425765,0.04570453241467476,-0.24060426652431488,0.5028417110443115,1.0489948987960815,-0.07092998921871185,0.013595621101558208,-0.08796456456184387
0.3590768873691559,-0.05760012567043304,0.7644155025482178,-0.036163754761219025,-0.0021362162660807367,-0.0020110320765525103,0.9993415474891663,0.08888830244541168,0.2842525243759155,0.23520588874816892,0.12129223346710204,-0.14838816225528717,-0.26443600654602045,0.06710977107286453,-0.2994117736816406,-0.19580157101154327,0.1310771107673645,-0.13384732604026794,0.2608990669250488,0.015045718289911745,0.00646711653098464,0.11422528326511384,0.014775633811950684,0.21734602749347687,-0.582495391368866,1.0067150592803955,0.2420743703842163,0.03413589298725128,0.10222604125738144,0.04492678865790367,-0.24035152792930603,0.5059337615966797,1.0502033233642578,-0.07300638407468796,0.014010369777679443,-0.08761172741651535
0.35968613624572754,-0.05757245421409607,0.7644039392471313,-0.03572957217693329,-0.002350250259041786,-0.001749532064422965,0.9993572235107421,0.0883980393409729,0.2836131155490875,0.2362350672483444,0.12081682682037352,-0.1480221003293991,-0.264275461435318,0.06552228331565857,-0.3004106283187866,-0.19493478536605835,0.13119415938854215,-0.13385434448719025,0.2609795033931732,0.015232638455927372,0.005583678837865591,0.1147335022687912,0.014179224148392676,0.2179167717695236,-0.5834336876869202,1.0065634250640867,0.24139973521232605,0.034007422626018524,0.10213570296764372,0.04432996734976768,-0.24012288451194763,0.5082990527153015,1.0508685111999512,-0.07571076601743698,0.014204729348421097,-0.08760826289653778
0.3603066802024841,-0.0576246976852417,0.7644397020339965,-0.0352679006755352,-0.0026122252456843853,-0.0015564889181405304,0.9993733167648317,0.08760619908571243,0.28309348225593567,0.23729330301284793,0.12072037160396576,-0.14781007170677185,-0.26392328739166254,0.06405822932720184,-0.30125567317008967,-0.19421263039112088,0.13126200437545776,-0.133492574095726,0.2611323893070221,0.015351157635450363,0.00490019004791975,0.11504268646240234,0.013440433889627457,0.21810549497604367,-0.5839182138442993,1.0068488121032715,0.24037344753742215,0.03421209007501602,0.10215196758508682,0.04370122775435448,-0.23981693387031555,0.5100730061531067,1.05092453956604,-0.07767803966999054,0.014007044956088066,-0.08769688755273819
0.360811322927475,-0.057765547186136246,0.7645019888877869,-0.03476813808083534,-0.002976665738970041,-0.0014040240785107017,0.9993899464607239,0.0865931510925293,0.2826128900051117,0.2385176420211792,0.12056604772806168,-0.14776842296123505,-0.26344820857048035,0.06237373873591423,-0.30183306336402893,-0.19313412904739377,0.13121427595615387,-0.13290029764175415,0.261186957359314,0.015511894598603249,0.0043423958122730255,0.115123949944973,0.012588733807206152,0.218097984790802,-0.5839745402336121,1.0074167251586914,0.239609569311142,0.03443513438105583,0.1021803393959999,0.04277173802256584,-0.23931710422039032,0.5112901329994202,1.050410270690918,-0.07851395010948181,0.013471048325300217,-0.08774541318416595
0.36120167374610895,-0.05790984258055687,0.7645533084869384,-0.03432736545801163,-0.003432812634855509,-0.0013400393072515726,0.9994038343429564,0.08525338768959045,0.28231054544448847,0.23970553278923035,0.12046226114034651,-0.1480719894170761,-0.2630401849746704,0.06053529679775239,-0.3020866811275482,-0.19186994433403012,0.1310775130987167,-0.1321331411600113,0.26110368967056274,0.015562436543405056,0.003981741610914469,0.11527591943740843,0.011482704430818556,0.21807594597339633,-0.5839582681655884,1.008148431777954,0.23881629109382627,0.03436020389199257,0.10263309627771376,0.04170278832316399,-0.23867478966712952,0.5121741890907288,1.0494232177734375,-0.07870449125766754,0.012917634099721909,-0.08775082230567932
0.361558049917221,-0.0579521469771862,0.764605700969696,-0.03398285433650017,-0.004015063401311636,-0.0013038123724982142,0.9994134902954099,0.08355642110109329,0.2820234298706054,0.24048325419425964,0.12023933231830596,-0.14823856949806213,-0.2626725435256958,0.05867466703057289,-0.30227178335189814,-0.19098149240016937,0.1305331140756607,-0.13105839490890503,0.26101621985435486,0.015344235114753246,0.003644895041361451,0.11531221866607666,0.010028606280684473,0.21802079677581787,-0.5841181874275208,1.0091383457183836,0.23930101096630096,0.033988609910011285,0.10320945084095,0.04075336083769798,-0.23802052438259125,0.5130473971366881,1.0480320453643799,-0.07835125923156738,0.012170818634331226,-0.08772294968366624
0.3618612885475159,-0.05785953998565674,0.7646602392196654,-0.033803243190050125,-0.0045954426750540725,-0.001301810727454722,0.9994171261787415,0.08188921213150024,0.28181174397468567,0.240752637386322,0.11998523026704788,-0.14841359853744507,-0.26222652196884155,0.05679048970341682,-0.3023122549057007,-0.19021470844745636,0.13001221418380737,-0.1298568099737167,0.2609854340553284,0.014832690358161926,0.003346918383613229,0.11534690856933592,0.008786322548985481,0.2179052531719208,-0.5845134258270264,1.0103416442871092,0.23985005915164948,0.03348485007882118,0.1042373701930046,0.03993058204650879,-0.2373086214065552,0.5136130452156067,1.0467298030853271,-0.07928851246833801,0.011473030783236027,-0.08769747614860535
0.3621174693107605,-0.057766593992710114,0.7646653652191162,-0.03384164348244667,-0.0050644297152757645,-0.0013094822643324733,0.9994135499000547,0.08042696118354797,0.28163638710975647,0.24043044447898865,0.1198851689696312,-0.14849767088890076,-0.26213714480400085,0.05522846058011055,-0.302481472492218,-0.19004370272159576,0.12964648008346555,-0.12898026406764984,0.2609964907169342,0.014251639135181904,0.003057031659409404,0.11535163968801498,0.008387686684727667,0.2180238664150238,-0.5853188037872313,1.0115370750427246,0.24050092697143555,0.0333266519010067,0.10496457666158676,0.0397905670106411,-0.23651503026485443,0.5133434534072876,1.0452220439910889,-0.08110983669757843,0.010841893963515759,-0.08759196102619171
0.3623469769954681,-0.05774446576833725,0.7646571397781373,-0.03396820649504661,-0.005363639444112778,-0.0012464597821235657,0.9994077682495117,0.07941707223653793,0.28137567639350886,0.24010637402534485,0.11990106105804443,-0.14865416288375854,-0.2620418965816498,0.053856145590543754,-0.3028567433357239,-0.1900118440389633,0.1295112371444702,-0.12857110798358917,0.26090189814567566,0.01383538357913494,0.0026571841444820166,0.11542587727308272,0.008312012068927288,0.21831607818603516,-0.5861440300941467,1.0121605396270752,0.24158868193626404,0.03352639079093933,0.10491731762886047,0.04018536582589149,-0.23575110733509064,0.5128943324089049,1.0437639951705933,-0.08360346406698227,0.010276822373270988,-0.08737084269523619
0.3625138700008392,-0.057653173804283135,0.764668881893158,-0.03415559232234955,-0.0055579598993062964,-0.0012056651758030057,0.999400317668915,0.07869760692119598,0.28119727969169617,0.23994258046150208,0.12004102766513824,-0.14879624545574188,-0.26191186904907227,0.052946589887142174,-0.30323302745819086,-0.19065572321414948,0.12945494055747983,-0.12849915027618408,0.2607860863208771,0.013561940751969814,0.002333025215193629,0.11536064743995667,0.008679132908582686,0.2190360128879547,-0.5866695642471313,1.0118249654769895,0.242412343621254,0.033696360886096954,0.10462260991334917,0.040982704609632485,-0.23502233624458313,0.5122517347335817,1.0422708988189695,-0.08720868825912476,0.00951598584651947,-0.08665753155946732
0.36259472370147705,-0.05747916549444199,0.7646955251693724,-0.03428468108177185,-0.005746861454099417,-0.001171985175460577,0.999394953250885,0.07827195525169373,0.281107634305954,0.24008892476558685,0.12007384002208708,-0.14895129203796387,-0.2618813216686249,0.05233607068657875,-0.30364200472831726,-0.1918168663978577,0.12948869168758392,-0.128643199801445,0.2605848014354706,0.013474424369633196,0.00211541005410254,0.11512713879346848,0.009367091581225395,0.22027283906936643,-0.5870413780212401,1.0105154514312744,0.24284318089485168,0.033563446253538125,0.1042732521891594,0.04183736070990562,-0.2345721274614334,0.5115538835525513,1.040778398513794,-0.08974795788526535,0.008786637336015701,-0.08575441688299179
0.3624511957168579,-0.0572374239563942,0.7647053599357605,-0.03427496552467346,-0.0059183514676988125,-0.0011230589589104056,0.9993942975997924,0.07807680219411851,0.2811812460422516,0.24056653678417203,0.12015945464372633,-0.14914612472057343,-0.26186376810073847,0.0519593209028244,-0.3040972352027893,-0.19282588362693784,0.12987364828586578,-0.1289970576763153,0.26045995950698847,0.013608516193926334,0.00207432103343308,0.11499078571796416,0.010162614285945892,0.22224083542823792,-0.5877181887626648,1.0080749988555908,0.2442618012428284,0.03323613479733467,0.10419788211584093,0.04215170815587044,-0.23467037081718445,0.5119296312332153,1.0396989583969116,-0.09133490175008771,0.00809022318571806,-0.08508019149303436
0.3621276319026947,-0.05699573457241058,0.7646699547767638,-0.03421013057231903,-0.006089030299335718,-0.0010791587410494683,0.9993955492973328,0.07796179503202438,0.2813397347927093,0.24102529883384705,0.12015705555677413,-0.14907829463481903,-0.2620933055877685,0.05196930468082428,-0.3046056032180786,-0.193879708647728,0.1300296187400818,-0.12898893654346466,0.2605040371417999,0.013846351765096188,0.0021872823126614094,0.11471536755561829,0.01074768416583538,0.22473356127738953,-0.5884190797805786,1.0050876140594482,0.24627642333507535,0.03310927376151085,0.10408774763345718,0.0421467013657093,-0.23522478342056277,0.5133066177368164,1.03950834274292,-0.09140754491090775,0.0080482866615057,-0.08484353125095366
0.3617430925369263,-0.056857164949178696,0.7646584510803223,-0.034212905913591385,-0.006184406578540802,-0.001042587566189468,0.9993948936462401,0.07806399464607239,0.2814277112483978,0.24127724766731265,0.12018237262964249,-0.1491328924894333,-0.2625400424003601,0.052337419241666794,-0.30498018860816956,-0.19464258849620816,0.12967374920845032,-0.12878896296024323,0.26064354181289673,0.01395499426871538,0.00235635438002646,0.11422415822744368,0.011432640254497528,0.22719641029834747,-0.5889948010444641,1.0018987655639648,0.24893786013126373,0.03325693681836128,0.10394252836704254,0.04200473800301552,-0.23587052524089813,0.515659749507904,1.0402544736862183,-0.09025599062442781,0.0082685062661767,-0.08483086526393889
0.3612689971923828,-0.05683281645178794,0.7646685838699341,-0.03430456295609474,-0.0062169875018298635,-0.0010388143127784133,0.9993915557861328,0.0782860368490219,0.2815149128437042,0.24131633341312408,0.12016265839338303,-0.14925584197044373,-0.26313790678977966,0.05308736860752106,-0.30515047907829285,-0.1954016834497452,0.12902797758579254,-0.12878315150737762,0.26096299290657043,0.013923159800469875,0.0026886234991252422,0.11358793824911116,0.012125720269978046,0.2293419539928436,-0.589479386806488,0.9990396499633789,0.2515665292739868,0.03329625353217125,0.1039893478155136,0.041809335350990295,-0.23654957115650177,0.5191864967346193,1.041873812675476,-0.0887744352221489,0.008725838735699654,-0.08489684015512465
0.3607031404972077,-0.05684922263026237,0.764681875705719,-0.03438020870089531,-0.0062385727651417255,-0.001080677844583988,0.9993887543678285,0.07847032696008682,0.2815329730510712,0.24112161993980408,0.12044952064752577,-0.1497011035680771,-0.2636255919933319,0.05421503260731697,-0.3050103187561035,-0.1956816017627716,0.12804554402828217,-0.12881548702716827,0.26117205619812006,0.014025973156094553,0.0030879788100719448,0.11297538876533508,0.012695513665676115,0.23101729154586792,-0.5896995663642883,0.9974074959754944,0.2530212700366974,0.032937031239271164,0.1045403704047203,0.04165835678577423,-0.2371843457221985,0.5225474238395691,1.043658137321472,-0.08669686317443846,0.008897473104298113,-0.08468420803546906
0.3601709902286529,-0.05678281933069229,0.7646933794021606,-0.03442033380270004,-0.006273075938224792,-0.0011612846283242106,0.9993870854377745,0.07867298275232315,0.2814888060092926,0.24089474976062772,0.1209198236465454,-0.15033556520938873,-0.26375627517700195,0.05545525625348091,-0.3046805262565613,-0.1955856382846832,0.1271187663078308,-0.1289443075656891,0.26115074753761286,0.014224894344806671,0.003538471646606922,0.1124730110168457,0.013063706457614899,0.2320169061422348,-0.5893582701683044,0.9969090223312378,0.2536715567111969,0.03263694792985916,0.10546108335256577,0.04152242094278336,-0.23767945170402527,0.5251507759094238,1.0449472665786743,-0.0854836255311966,0.009094583801925182,-0.08406201004981993
0.35983043909072876,-0.05663920938968658,0.7647039294242858,-0.0344524160027504,-0.006300708279013634,-0.0013016719603911042,0.9993856549263,0.07894891500473022,0.281625896692276,0.24081790447235107,0.12146322429180144,-0.15129633247852323,-0.26369386911392206,0.0570119209587574,-0.30421149730682373,-0.19568409025669095,0.12628477811813354,-0.12937745451927185,0.26095715165138245,0.014301874674856663,0.004033974837511778,0.11210791021585464,0.013062846846878529,0.23231838643550873,-0.5890376567840576,0.9973716735839844,0.25362277030944824,0.032386232167482376,0.10614947229623795,0.04129226878285408,-0.23775123059749603,0.5263733863830566,1.045496106147766,-0.08566516637802125,0.00917142815887928,-0.08309752494096757
0.35960376262664795,-0.05645979940891266,0.7647092938423156,-0.034402601420879364,-0.006350118666887283,-0.0014665558701381087,0.9993867874145507,0.07939253002405167,0.28190866112709045,0.2409641146659851,0.12185214459896088,-0.1523418426513672,-0.2633820176124573,0.05820736661553383,-0.30376020073890686,-0.19577151536941528,0.12585711479187012,-0.12985871732234955,0.26061034202575684,0.014351389370858668,0.0045616854913532725,0.1116865947842598,0.013119207695126532,0.2317630499601364,-0.5888172388076782,0.9988282322883605,0.25276175141334534,0.032084230333566666,0.10653756558895112,0.0411914736032486,-0.23746530711650848,0.5267502665519713,1.0456668138504028,-0.08716637641191481,0.009255578741431235,-0.08192605525255203
0.35947999358177185,-0.05628636106848717,0.7646929621696472,-0.0343565009534359,-0.006436177995055914,-0.0015728732105344532,0.9993876814842224,0.07986028492450714,0.28203284740448,0.2410125434398651,0.12220454216003417,-0.1535174250602722,-0.2630947828292846,0.05916798859834671,-0.30350184440612793,-0.1959362626075745,0.12569791078567505,-0.13055406510829923,0.2601659893989563,0.014269346371293068,0.004909963812679052,0.11114105582237244,0.012944277375936508,0.23029957711696625,-0.5887569785118103,1.0011992454528809,0.251328706741333,0.03207121044397354,0.1067984104156494,0.041041299700737,-0.2370421588420868,0.5271124839782715,1.045551300048828,-0.08905686438083649,0.009298929013311865,-0.08113624900579453
0.3593793213367462,-0.0560932457447052,0.7646456360816956,-0.03441622853279114,-0.006592178251594305,-0.0015919164288789032,0.9993845224380493,0.08010975271463394,0.28203797340393066,0.24063582718372345,0.1225021481513977,-0.15465237200260162,-0.26306772232055664,0.060002364218235016,-0.3036074638366699,-0.19668897986412048,0.1256894618272781,-0.13143518567085266,0.2599528133869171,0.01416128221899271,0.004956606775522232,0.11052649468183516,0.0129786292091012,0.2282773703336716,-0.5887837409973145,1.0036224126815796,0.25014743208885193,0.031622786074876785,0.10711976885795592,0.04060107097029685,-0.23663288354873657,0.5271422266960144,1.0451509952545166,-0.090974360704422,0.009325427934527395,-0.08102551847696304
0.35917609930038447,-0.055902134627103806,0.7645496129989624,-0.03457634150981903,-0.006740981712937355,-0.0015540468739345668,0.9993781447410583,0.08031637221574782,0.28187945485115046,0.2398887723684311,0.1229429617524147,-0.155711367726326,-0.26302871108055115,0.06074126437306404,-0.3038835525512696,-0.19785986840724945,0.1255242824554443,-0.13207003474235535,0.26003700494766235,0.013985157012939451,0.004807751160115004,0.11002732813358305,0.012778077274560928,0.2260989099740982,-0.5887333750724792,1.0052821636199951,0.24982246756553647,0.03063925169408321,0.10742752254009245,0.03984564170241356,-0.23638024926185608,0.5271373391151428,1.0445119142532349,-0.09188342839479446,0.008877521380782126,-0.08151325583457945
0.35879531502723694,-0.05567431822419167,0.7644519805908203,-0.034835439175367355,-0.006874808110296726,-0.001491500181145966,0.9993683099746704,0.0805288553237915,0.2815547287464142,0.23894451558589933,0.1233932077884674,-0.1565822958946228,-0.26296308636665344,0.06136247888207436,-0.30421721935272217,-0.19925035536289212,0.1253816783428192,-0.13253535330295563,0.2604023516178131,0.013850887306034563,0.0046416684053838244,0.10970028489828108,0.012621140107512474,0.22382827103137967,-0.5884568691253662,1.0063083171844482,0.2501966953277588,0.029510674998164177,0.10775090754032136,0.038876991719007485,-0.2364366054534912,0.5269126892089844,1.0435595512390137,-0.0923493653535843,0.008290310390293598,-0.08268984407186508
0.35837602615356445,-0.05542629957199097,0.7643611431121825,-0.03507622703909873,-0.0069617899134755135,-0.0014062656555324793,0.9993594288825988,0.08071418106555937,0.28133833408355713,0.2383425533771515,0.12412827461957932,-0.15761935710906982,-0.2628891468048096,0.06215078383684158,-0.30462101101875305,-0.20033693313598633,0.12530256807804108,-0.1330509781837463,0.2607981860637665,0.014167540706694126,0.004555697552859783,0.10968466103076933,0.012158035300672054,0.22155511379241943,-0.5881786942481995,1.0067734718322752,0.2502368092536926,0.02852872386574745,0.10821910202503204,0.037668511271476746,-0.23685258626937863,0.5268344879150392,1.0428082942962646,-0.09287871420383453,0.008193877525627613,-0.08439861983060835
0.35805851221084595,-0.055171065032482154,0.7642980813980103,-0.03529134392738342,-0.007020447868853808,-0.0012975669233128428,0.9993515610694883,0.08090332895517349,0.2810845375061035,0.23807235062122345,0.1248713806271553,-0.1586448699235916,-0.2626951038837433,0.06296631693840027,-0.30503377318382263,-0.20094892382621765,0.12539878487586975,-0.13371703028678894,0.26101163029670715,0.014718463644385336,0.004565130453556776,0.10981561243534088,0.011531735770404339,0.21932420134544367,-0.5879232883453369,1.0066828727722168,0.24992336332798004,0.02825095504522324,0.10911409556865692,0.03640566021203994,-0.23760364949703217,0.5266924500465393,1.0421128273010252,-0.09355825930833817,0.008424826897680758,-0.08625873923301695
0.3579500913619995,-0.05489809811115265,0.7642755508422852,-0.03542875498533249,-0.007063352502882481,-0.0011481773108243942,0.9993465542793274,0.08098141103982925,0.2807255089282989,0.2379152476787567,0.12560045719146729,-0.15957877039909363,-0.26233866810798645,0.06390850245952606,-0.3055664896965027,-0.20136137306690216,0.1253251880407333,-0.13415390253067017,0.2610689401626587,0.015365294180810452,0.004624293651431799,0.10978943854570387,0.01069060806185007,0.2170238345861435,-0.587238609790802,1.0062909126281738,0.2494306117296219,0.028434576466679573,0.10996349155902863,0.0350833423435688,-0.2384207546710968,0.5268033146858215,1.0417985916137695,-0.09443160146474838,0.008664863184094429,-0.08764388412237166
0.35805657505989075,-0.0546039305627346,0.7642648816108703,-0.035463832318782806,-0.007109322585165501,-0.0010198698146268723,0.9993451237678528,0.08096653223037718,0.280501127243042,0.2377523183822632,0.1263033151626587,-0.16032271087169647,-0.2617136538028717,0.06480744481086731,-0.3059077560901642,-0.2014663815498352,0.1251968890428543,-0.1345158964395523,0.2608315944671631,0.016033276915550232,0.004815997555851936,0.109577976167202,0.009785725735127922,0.2148757576942444,-0.5863730311393738,1.0054869651794431,0.2489546239376068,0.02880404889583588,0.11030185967683792,0.033785510808229446,-0.2392529398202896,0.5270271301269531,1.041893482208252,-0.09474917501211166,0.008918658830225468,-0.08868940174579619
0.35821959376335144,-0.054405830800533295,0.7642711400985717,-0.03531322628259659,-0.007165362592786551,-0.0009325778228230774,0.9993501901626587,0.08083374053239822,0.2801904082298279,0.2372683137655258,0.1272268146276474,-0.16093362867832184,-0.260728120803833,0.06534966081380844,-0.30605611205101013,-0.2007136642932892,0.12525127828121185,-0.1348520815372467,0.2604542076587677,0.016521262004971504,0.005169645883142948,0.10923004150390624,0.008835931308567524,0.21290697157382965,-0.5850049257278441,1.0042254924774168,0.24879558384418488,0.0294419638812542,0.11035239696502684,0.032488878816366196,-0.24017030000686643,0.5272201299667358,1.0420854091644287,-0.09514626115560532,0.009593764320015907,-0.08946529775857925
0.3583249747753144,-0.05410678684711456,0.764304280281067,-0.035096973180770874,-0.00723336637020111,-0.0008838115609250962,0.9993574023246765,0.08050298690795897,0.2797877490520477,0.23633114993572235,0.12859486043453217,-0.16172562539577484,-0.25993192195892334,0.06560353189706801,-0.30601316690444946,-0.1987857669591904,0.1255854368209839,-0.13527256250381467,0.26006320118904114,0.01662711799144745,0.005669947247952223,0.10895957797765732,0.008166470564901827,0.21154162287712097,-0.5834368467330933,1.0024055242538452,0.24845118820667264,0.030381247401237488,0.11061135679483412,0.031565338373184204,-0.24123072624206543,0.5266774296760559,1.0420136451721191,-0.09581129997968672,0.010670662857592104,-0.08912850916385649
0.3580494225025177,-0.05381273105740547,0.7643139958381652,-0.034888047724962234,-0.007318956311792134,-0.0009066530037671328,0.9993640184402464,0.08007947355508803,0.2792329490184784,0.23539729416370392,0.13008105754852295,-0.1620010882616043,-0.25939059257507324,0.06546151638031006,-0.30556273460388184,-0.1954694092273712,0.12593407928943634,-0.13550305366516113,0.26017868518829346,0.016522502526640892,0.006373605690896511,0.10868780314922331,0.008056056685745714,0.21078862249851224,-0.5818800926208496,1.0006200075149536,0.24906665086746213,0.03210170567035675,0.1114828735589981,0.030716024339199063,-0.24200767278671265,0.5256290435791016,1.042320966720581,-0.09648446738719939,0.012227015569806097,-0.08698975294828416
