0.040428370237350464,-0.04387998208403587,0.769988715648651,0.9939701557159424,0.05543125420808792,0.09399721771478654,0.010731479153037071,-0.6667377352714539,0.1236261874437332,0.2249426543712616,0.9577639102935792,-0.05714499950408936,-0.2745518088340759,-0.5188682079315186,-0.23998481035232544,-0.04078485071659088,0.6392316222190857,-0.3092808127403259,0.13018131256103516,0.17483478784561157,-0.10831928253173828,0.24296525120735168,0.3392198979854584,0.24425093829631803,0.16355986893177032,0.8503330945968629,0.08077766001224518,-0.065815269947052,0.14732082188129425,-0.2521747946739197,-0.7216423153877257,0.7128850817680359,-0.07189954817295073,-0.6828745007514954,-0.008470119908452036,-0.3770056664943695
0.028273168951272964,-0.04264438152313232,0.7671861648559569,0.991912007331848,0.06522488594055176,0.10868405550718307,0.006628881208598614,-0.7805436849594115,0.13731633126735687,0.2392927706241608,1.110697031021118,-0.05277876928448677,-0.2612391412258148,-0.6038592457771301,-0.254772812128067,-0.01618855446577072,0.6781885623931885,-0.29071930050849915,0.13701455295085907,0.1415493935346603,-0.1047300025820732,0.2744497060775757,0.34463390707969666,0.22186917066574097,0.15792441368103027,0.7787806391716003,0.13105621933937073,-0.07245884090662001,0.14786069095134735,-0.2615582048892975,-0.8457037806510925,0.6452236175537108,-0.009252222254872322,-0.6338077783584595,-0.010252293199300764,-0.44146579504013056
0.016144337132573128,-0.041153714060783386,0.7614828944206237,0.989634692668915,0.073972150683403,0.12307336926460266,0.002070142421871424,-0.8681132793426514,0.13453221321105957,0.2330158352851868,1.234253168106079,-0.0491960346698761,-0.25065723061561584,-0.6962603330612184,-0.2646784782409668,0.01118459179997444,0.729341685771942,-0.2793242037296295,0.14123176038265228,0.104987271130085,-0.09643254429101945,0.31131845712661743,0.3423086106777191,0.2185830324888229,0.16089937090873718,0.6867097020149231,0.1791330128908157,-0.0873875841498375,0.15493509173393247,-0.26809337735176086,-0.9836847782135008,0.5735279321670532,0.1062369868159294,-0.5599793195724487,-0.011389801278710364,-0.5253362059593201
0.0061057861894369125,-0.03989805281162261,0.7523111104965211,0.9872624278068542,0.07974705100059509,0.13749895989894867,-0.006876542698591948,-0.9078832268714904,0.15208537876605988,0.22902756929397583,1.3280439376831055,-0.06707404553890228,-0.2250669151544571,-0.7886492013931273,-0.25894957780838007,0.040489502251148224,0.7865124344825744,-0.27468195557594294,0.13154736161231995,0.0730268657207489,-0.08329364657402039,0.3460822105407715,0.3173704147338867,0.24319846928119657,0.18454241752624512,0.5922699570655823,0.209638774394989,-0.10985676944255827,0.17679868638515472,-0.25247311592102045,-1.1092201471328735,0.49129053950309753,0.282414972782135,-0.4863454401493073,-0.0383162498474121,-0.6276989579200745
-0.0015094261616468427,-0.039457544684410095,0.7393988370895386,0.9849449396133424,0.08365576714277267,0.1498645544052124,-0.020635118708014488,-0.8964061141014099,0.20969043672084808,0.2363113611936569,1.4119632244110107,-0.11219172179698944,-0.15645934641361237,-0.8778036832809448,-0.23843193054199216,0.07199295610189438,0.8557326197624207,-0.28536051511764526,0.10976433008909224,0.04550730064511299,-0.07190777361392975,0.3779683709144592,0.26883524656295776,0.3011065721511841,0.241313099861145,0.5145160555839539,0.22682423889636996,-0.13370156288146973,0.22355505824089048,-0.2129680663347244,-1.1970796585083008,0.3888172209262848,0.5038877129554749,-0.4225299656391144,-0.07701809704303741,-0.7339767813682557
-0.0064374879002571115,-0.04024973884224892,0.7223730087280273,0.9837952256202696,0.08280657976865768,0.15527185797691345,-0.034360580146312714,-0.8320877552032471,0.2948070168495178,0.23405759036540985,1.4890968799591064,-0.15889312326908112,-0.07839778810739517,-0.9534112811088562,-0.20518364012241364,0.09683620184659955,0.9426156282424927,-0.31708529591560364,0.08418223261833192,0.02048837579786777,-0.060119017958641045,0.4017845690250397,0.19790005683898923,0.39931270480155934,0.3274042904376984,0.46981555223464966,0.23440901935100555,-0.15190912783145905,0.3076891303062439,-0.1380745619535446,-1.227291226387024,0.24213652312755585,0.685295581817627,-0.3854007124900818,-0.08956222981214523,-0.8267562389373779
-0.0091085247695446,-0.04210884124040604,0.7020324468612671,0.9851251840591431,0.07798921316862105,0.1483764201402664,-0.03782149776816368,-0.7191845774650574,0.3496062159538269,0.18426659703254697,1.5179966688156128,-0.17702072858810425,-0.0436541885137558,-1.003404140472412,-0.18509191274642944,0.10021091252565384,1.0547688007354736,-0.37586915493011475,0.06939047574996948,-0.01525269541889429,-0.05490389838814736,0.40785881876945496,0.1018337458372116,0.5285889506340027,0.41000786423683167,0.4494876265525818,0.25631538033485407,-0.1535363644361496,0.4185783565044403,-0.018818812444806095,-1.1804298162460327,0.05036209523677826,0.7429305911064149,-0.39330431818962097,-0.08724641799926758,-0.909528374671936
-0.010163716040551662,-0.044429846107959754,0.6825721859931946,0.988041877746582,0.07154086232185364,0.1331799030303955,-0.030304087325930595,-0.5705671906471252,0.339733362197876,0.08453886210918425,1.4354966878890991,-0.18221555650234225,-0.08612586557865143,-1.0280375480651855,-0.18952496349811557,0.08251388370990753,1.1699883937835691,-0.4417811036109924,0.06822121888399124,-0.06284021586179733,-0.05874227359890938,0.3903226554393768,-0.01609651744365692,0.647147536277771,0.4346197545528412,0.39635679125785833,0.3127242624759674,-0.12802448868751523,0.4722331166267395,0.11948103457689284,-1.0632147789001465,-0.12246303260326384,0.6490727066993712,-0.4277937114238739,-0.09252441674470899,-0.9769170880317689
-0.00970042124390602,-0.044177163392305374,0.6705148220062256,0.9909324049949646,0.06586703658103943,0.1145937293767929,-0.024141140282154083,-0.3766105175018311,0.31077134609222407,0.012410596944391727,1.2405940294265747,-0.26294711232185364,-0.16710099577903748,-1.0181777477264404,-0.2020568698644638,0.06709350645542145,1.2415461540222168,-0.4851298928260803,0.08329623937606812,-0.09841436147689821,-0.06626315414905548,0.3581298291683197,-0.1383347511291504,0.7193992137908936,0.3978587985038757,0.28436988592147827,0.3582628071308136,-0.09702836722135545,0.4599516689777374,0.23798033595085144,-0.9224621057510377,-0.20266167819499967,0.462959498167038,-0.45814594626426697,-0.10350822657346724,-1.0017619132995603
-0.009105563163757324,-0.03973829001188278,0.6736828684806824,0.9925854802131652,0.06165753677487373,0.10074205696582794,-0.028697257861495015,-0.2058538645505905,0.3415573239326477,0.06988552212715149,1.0324025154113767,-0.32148393988609314,-0.2051886171102524,-0.9729509949684144,-0.2029634267091751,0.05711368843913078,1.222793698310852,-0.47469338774681086,0.0973999872803688,-0.11180241405963896,-0.06719326227903366,0.3230048716068268,-0.2382532507181168,0.7133778929710388,0.3458903133869171,0.16811050474643707,0.36426207423210144,-0.09224576503038406,0.45908680558204645,0.3289217948913574,-0.7811146378517152,-0.21699133515357968,0.2629298269748688,-0.47217115759849543,-0.1163068488240242,-0.9691997766494752
-0.008191801607608795,-0.03483306244015694,0.7012268304824829,0.9935938119888305,0.05320657417178153,0.09142876416444777,-0.039763398468494415,-0.11993013322353364,0.3673630356788635,0.129789337515831,0.8890587091445923,-0.19017763435840607,-0.20597970485687253,-0.8696388006210326,-0.18758194148540497,0.03581428900361061,1.0639514923095703,-0.3859641551971436,0.08305367827415465,-0.1094926744699478,-0.05071166157722473,0.2980278730392456,-0.31949374079704285,0.6472247242927551,0.26497000455856323,0.114957258105278,0.3363948464393616,-0.09152020514011384,0.47146102786064154,0.4099226891994476,-0.6220707297325134,-0.1846165955066681,0.07367976754903793,-0.45088383555412287,-0.13094067573547363,-0.9062816500663757
-0.007374465465545654,-0.028496883809566494,0.7448851466178894,0.9942132234573363,0.04935064539313316,0.07840640097856522,-0.054378189146518714,-0.08990809321403502,0.34356507658958435,0.14103005826473236,0.8076797127723693,0.06116250157356262,-0.2064741849899292,-0.6869253516197205,-0.1638614684343338,0.05497052520513535,0.7453789710998534,-0.23008644580841064,0.09873313456773758,-0.10863742977380753,-0.04817061126232147,0.2790244221687317,-0.3590342700481415,0.5586940050125122,0.14363625645637512,0.14270752668380737,0.29874807596206665,-0.08931516855955125,0.4502464830875397,0.4995920658111572,-0.456341564655304,-0.11502862721681593,-0.09028010070323944,-0.43829378485679626,-0.13272584974765775,-0.8455931544303894
-0.009277153760194778,-0.022698404267430305,0.7878674864768982,0.992700457572937,0.06947581470012665,0.07172921299934387,-0.06763057410717009,-0.11750923097133636,0.28506895899772644,0.1937488615512848,0.8425126075744629,0.22367221117019653,-0.22758251428604123,-0.5080342292785645,-0.1769465208053589,0.13442394137382507,0.4316714406013489,-0.10028856247663497,0.14519861340522766,-0.11768953502178192,-0.09796693176031113,0.2455599904060364,-0.37193581461906433,0.47887948155403137,0.009235317818820477,0.20453281700611117,0.29449889063835144,-0.07806617766618729,0.43168479204177856,0.5822078585624695,-0.2999090850353241,-0.039087563753128045,-0.2279005199670792,-0.4899503886699677,-0.13253703713417053,-0.7951220273971557
-0.018305152654647827,-0.01877918839454651,0.821072220802307,0.991357922554016,0.08316654711961746,0.06841444224119185,-0.07491525262594223,-0.2493071407079697,0.27825266122818,0.22463425993919367,1.07283353805542,0.21440654993057248,-0.23480571806430817,-0.40776288509368896,-0.15957237780094147,0.15383993089199066,0.3778113722801208,-0.05578134581446648,0.14834071695804596,-0.13353437185287476,-0.1398928165435791,0.23810191452503204,-0.4006211757659912,0.42096278071403503,-0.10726314783096312,0.2558886408805847,0.32783696055412287,-0.0661059245467186,0.43723729252815247,0.6083071827888489,-0.18866705894470212,0.025201568379998207,-0.3455478847026825,-0.5864062309265137,-0.13418254256248474,-0.77604079246521
-0.03127620741724968,-0.017251672223210335,0.8426972031593322,0.9922161102294922,0.08978920429944992,0.06136772409081459,-0.06065493077039719,-0.45548421144485474,0.251889169216156,0.1774054914712906,1.3510981798171997,0.12493063509464264,-0.24153329432010648,-0.30260506272315973,-0.09322232007980345,0.18816052377223969,0.402459979057312,0.017603954300284386,0.2120643109083176,-0.16992881894111633,-0.17767761647701263,0.2542095184326172,-0.4680203795433045,0.3816606402397156,-0.2188779711723328,0.3045012652873993,0.38228821754455566,-0.05226481705904007,0.44972568750381464,0.5913103818893433,-0.11858632415533064,0.07210449874401091,-0.448842853307724,-0.6978955268859863,-0.13430482149124143,-0.779062807559967
-0.04548700526356697,-0.016656478866934776,0.8515859842300414,0.9945209622383117,0.0867265835404396,0.05104262009263039,-0.02830491214990616,-0.6824456453323364,0.2671993374824524,0.1949760317802429,1.589029550552368,-0.009251738898456097,-0.2209055870771408,-0.19759342074394223,-0.024484664201736447,0.14030882716178894,0.42908021807670593,0.08432909846305846,0.22155532240867612,-0.21897526085376737,-0.20758472383022308,0.2835773825645447,-0.5649760365486145,0.35139983892440796,-0.3435211479663849,0.3693905472755432,0.464264839887619,-0.023229993879795074,0.4544239938259125,0.5509493947029114,-0.0816546380519867,0.10202569514513016,-0.5373471975326538,-0.8083932399749757,-0.131439208984375,-0.7820638418197632
-0.06045743077993393,-0.013034411706030369,0.8476382493972777,0.9952560067176819,0.0871630534529686,0.042048253118991845,0.01000357698649168,-0.8956915140151978,0.3007969856262207,0.3163735866546631,1.7335809469223022,-0.10281436890363692,-0.1462751179933548,-0.15507370233535767,0.007993516512215137,0.09258178621530531,0.4954995214939117,0.08007235825061798,0.16706793010234833,-0.2741372585296631,-0.24333190917968753,0.31648018956184387,-0.6515633463859558,0.33226215839385986,-0.47480329871177673,0.41911470890045166,0.5604974031448364,0.005058491136878729,0.486198216676712,0.48634055256843567,-0.06358765810728073,0.11720924079418182,-0.6110523343086243,-0.8937808275222777,-0.13282489776611328,-0.7797983884811401
-0.07702952623367308,-0.0060554640367627135,0.8347641825675964,0.9947845339775084,0.0848272442817688,0.03583088517189026,0.04386545717716217,-1.088212251663208,0.25476008653640747,0.43685218691825867,1.757540941238403,-0.10640197992324828,-0.10932933539152144,-0.16141431033611295,0.0571313425898552,0.15786327421665192,0.5294142365455627,0.07216628640890121,0.14026319980621335,-0.3185514211654663,-0.2601702213287353,0.3550640046596527,-0.7158066630363464,0.3168784976005554,-0.59503573179245,0.4238380193710327,0.6476576328277588,0.03276625648140907,0.5096496343612671,0.39682814478874207,-0.0739353969693184,0.11246396601200104,-0.6793834567070007,-0.9598895311355591,-0.1260119378566742,-0.773932695388794
-0.09435203671455385,0.002835460472851992,0.8123624324798584,0.9952420592308044,0.06705150008201599,0.02840740606188774,0.06473339349031448,-1.279043197631836,0.15718816220760343,0.5001463294029236,1.688077449798584,-0.06968099623918533,-0.1539240926504135,-0.1940172463655472,0.12266511470079422,0.21234172582626343,0.6120384335517883,-0.036777988076210015,0.04940688610076904,-0.3446832001209259,-0.2353030741214752,0.39951533079147333,-0.728271722793579,0.32442232966423035,-0.6864143013954163,0.3634183704853058,0.7109261155128479,0.048986826092004776,0.509985625743866,0.2775202989578247,-0.14716973900794983,0.07331927865743637,-0.7340958714485168,-0.99344664812088,-0.09511280059814452,-0.7660669684410094
-0.1087251454591751,0.009890247136354446,0.7757800221443176,0.99721360206604,0.03815654665231705,0.016432814300060272,0.06196039542555809,-1.406828761100769,0.18538464605808255,0.6062307357788086,1.6176944971084595,-0.09603768587112425,-0.19446708261966705,-0.20115768909454343,0.1574519574642181,0.14286078512668607,0.6385887265205383,-0.2908042371273041,-0.056976642459630966,-0.33883190155029297,-0.19299526512622836,0.44272562861442566,-0.6392385363578796,0.3889526426792145,-0.7241643667221069,0.2610894739627838,0.7074378132820128,0.06548266112804413,0.5490162968635559,0.12086661905050276,-0.3245624601840973,-0.007970928214490414,-0.7293865084648131,-0.9810656905174256,-0.04933452978730202,-0.755540132522583
-0.1215311735868454,0.011966370046138763,0.7371147871017456,0.9990219473838806,-0.00300338352099061,0.010028623044490814,0.04296009615063667,-1.357080578804016,0.4155976474285126,0.8509418964385985,1.6680724620819092,-0.1732564866542816,-0.14908650517463684,-0.25599491596221924,0.2450093626976013,0.041002143174409866,0.734710693359375,-0.45770969986915594,-0.13917089998722076,-0.32478347420692444,-0.1292106956243515,0.4838480949401856,-0.4269060790538788,0.49812668561935425,-0.6558482050895691,0.22825530171394348,0.6728994846343994,0.07472742348909378,0.6601822972297668,-0.06752222031354904,-0.60700923204422,-0.057088349014520645,-0.5923276543617249,-0.9421449303627014,0.004871577024459839,-0.7553582191467285
-0.12974335253238675,0.011247212998569012,0.7094268798828125,0.9987187981605528,-0.03300870209932327,0.012705775909125803,0.036190669983625405,-1.2104862928390503,0.5400424003601073,1.0128993988037107,1.7856028079986572,-0.14185309410095215,-0.1448070257902145,-0.3520744740962982,0.31333136558532715,-0.03637414425611496,0.8698866963386535,-0.5163179636001587,-0.18911072611808777,-0.33227527141571045,-0.08579854667186737,0.4981391131877899,-0.1650104820728302,0.5955715775489807,-0.536980390548706,0.31152859330177307,0.5929193496704102,0.09753113985061644,0.701055109500885,-0.1940898150205612,-0.9212011694908142,-0.060941632837057114,-0.3810581564903259,-0.892004370689392,0.06807053834199905,-0.7678213715553284
-0.13257957994937897,0.010129999369382858,0.6943460702896118,0.9984883666038512,-0.02715795859694481,0.016984980553388596,0.044664788991212845,-0.9651409983634948,0.5040956735610962,1.1060844659805296,1.8868520259857176,-0.10045719891786575,-0.13507284224033356,-0.429523229598999,0.30507028102874756,-0.060450367629528046,1.0067548751831055,-0.5531102418899536,-0.1923067271709442,-0.3252207636833191,-0.08416189253330231,0.49007478356361384,0.09804677963256837,0.6382964849472046,-0.4422794580459594,0.33810821175575256,0.4530563354492188,0.10872689634561537,0.5612835288047792,-0.20741429924964905,-1.1810166835784912,-0.08750278502702713,-0.17931136488914487,-0.7714289426803587,0.10256096720695496,-0.7597646117210387
-0.13111859560012817,0.008236655965447428,0.6875665187835692,0.9974970817565918,-0.017628313973546028,0.012818505987524986,0.06726442277431488,-0.7432591319084166,0.3646230101585388,1.0692105293273924,1.887784600257873,-0.13277879357337952,-0.15982359647750854,-0.44039645791053766,0.28914564847946167,-0.06488652527332306,1.080132246017456,-0.5622372031211853,-0.20173650979995728,-0.2677098214626312,-0.05290143191814423,0.47355598211288447,0.3293351233005524,0.6534332633018494,-0.4174716770648956,0.1475846171379089,0.34385380148887634,0.08215559273958206,0.3660479187965393,-0.10020153224468233,-1.247337222099304,-0.1700419932603836,-0.0641874447464943,-0.6142208576202393,0.07600096613168716,-0.7740151286125182
-0.12582744657993317,0.002687174128368497,0.6894033551216124,0.9932506084442138,-0.013509895652532576,0.008065988309681414,0.11491584032773972,-0.5585607886314392,0.2015575468540192,0.9632222652435303,1.7866671085357666,-0.17162564396858215,-0.186889722943306,-0.40663251280784607,0.2649967670440674,-0.10108281672000884,1.0853105783462524,-0.5325107574462891,-0.2051459848880768,-0.19474142789840695,-0.014931784011423588,0.45024916529655457,0.490469753742218,0.6761235594749451,-0.4560424089431762,-0.10884154587984084,0.24358344078063965,0.035168495029211044,0.24869927763938904,0.005233291536569595,-1.1486694812774658,-0.17786620557308197,0.02678022347390652,-0.5218167901039124,0.06709446012973785,-0.8130058050155639
-0.1180475428700447,-0.007817321456968784,0.7005360722541809,0.9780210852622986,-0.012740536592900751,0.005504395347088575,0.2080436944961548,-0.42598021030426025,0.06291283667087555,0.7879844307899475,1.6169883012771606,-0.17216505110263824,-0.15731669962406158,-0.36250570416450495,0.2204768657684326,-0.18663661181926727,1.0454301834106443,-0.46522584557533264,-0.2072675973176956,-0.15864033997058868,0.006019224878400564,0.43070048093795776,0.5358661413192749,0.7051234841346741,-0.538084864616394,-0.34461989998817444,0.16833695769309995,-0.009830325841903687,0.20040620863437647,0.040616776794195175,-0.946930170059204,-0.06046431511640549,0.1970235109329224,-0.5156554579734801,0.07060425728559494,-0.8565886616706848
-0.10850489139556883,-0.019928503781557083,0.716070830821991,0.9395090937614442,-0.011498425155878069,0.005873073823750019,0.3422803580760956,-0.31852054595947266,-0.04495058208703994,0.5776474475860596,1.3827005624771118,-0.15089444816112518,-0.06841255724430084,-0.3528972864151001,0.16316185891628265,-0.2780807614326477,1.0162930488586424,-0.3688027262687683,-0.19585369527339933,-0.16710251569747925,0.01462486945092678,0.4217013716697693,0.5056912302970886,0.728474497795105,-0.6355829834938049,-0.5236974954605104,0.16562262177467346,-0.04265090078115463,0.16247600317001343,0.024927813559770584,-0.7177504301071167,0.1055556982755661,0.4624292552471161,-0.467488557100296,0.06114913523197174,-0.812146246433258
-0.09851475059986113,-0.030488215386867523,0.7305692434310913,0.8715510368347168,-0.011393186636269093,0.01065670046955347,0.49005651473999023,-0.2059158086776733,-0.1143304854631424,0.4095451533794403,1.1216306686401367,-0.16448161005973816,0.0714123398065567,-0.3976366817951202,0.11343743652105331,-0.32448989152908325,1.0277178287506104,-0.28426605463027954,-0.18992331624031064,-0.19291527569293973,0.027569979429244995,0.40547651052474976,0.4606501460075378,0.7455250620841981,-0.7126373648643494,-0.6135531663894653,0.21753959357738492,-0.0319872684776783,0.12542887032032013,-0.010712574236094952,-0.5115917325019836,0.3087228238582611,0.741391360759735,-0.29553756117820734,0.036918800324201584,-0.6553651094436646
-0.08727505803108214,-0.03754187375307083,0.7419206500053405,0.7760843634605407,-0.011710844002664087,0.015603799372911452,0.6303272247314453,-0.0939534306526184,-0.12957428395748138,0.2895713746547699,0.9187845587730408,-0.2536163628101349,0.22357061505317688,-0.44906842708587646,0.09000585973262787,-0.3038853704929352,1.0155894756317139,-0.23508742451667783,-0.15148022770881653,-0.22258447110652924,0.04149756953120232,0.371061235666275,0.39681652188301086,0.7547776699066162,-0.7655001282691956,-0.6181597709655762,0.2441901117563248,-0.007353212218731642,0.08374524861574174,-0.03362079709768295,-0.3451453745365143,0.48396000266075134,0.9486588835716248,-0.06492801755666733,0.006969002541154623,-0.4846311211585999
-0.07604590803384781,-0.040549129247665405,0.7477121353149414,0.6619179844856262,-0.01125988271087408,0.015689481049776077,0.7493274807929992,-0.02205740846693516,-0.12393473833799362,0.12622003257274628,0.7920885086059569,-0.31643766164779663,0.2774353623390198,-0.4656544625759125,0.1353469341993332,-0.18002444505691528,0.9236114025115967,-0.20725953578948972,-0.04731722921133041,-0.23621174693107605,0.04448514431715012,0.32359844446182245,0.29076069593429565,0.7418415546417235,-0.7989987134933471,-0.5875653028488159,0.23107436299324036,0.005708156619220972,0.03382997214794159,-0.035142671316862106,-0.2329871654510498,0.5608053207397461,1.041717767715454,0.07969779521226883,-0.007683722302317619,-0.39730262756347656
-0.06639531254768372,-0.03925197198987007,0.7502363324165344,0.5334846377372742,-0.011263489723205566,0.01049467734992504,0.8456695675849913,0.01809925027191639,-0.10507287085056304,-0.07309371978044508,0.7305052280426025,-0.3568629324436188,0.25061666965484614,-0.4479279816150665,0.15314926207065582,-0.08329561352729797,0.8531630635261535,-0.23939558863639832,0.0127869863063097,-0.23849283158779144,0.03756621107459068,0.2736720442771912,0.16677649319171903,0.7013116478919983,-0.8222057223320006,-0.558868944644928,0.1996466219425201,0.006986264139413834,-0.027520647272467613,-0.023777361959218975,-0.16036461293697357,0.5733215808868408,1.0768779516220093,0.15080180764198303,-0.007455457467585801,-0.3566623330116272
-0.0581657774746418,-0.03551313653588295,0.7534196972846986,0.4002006947994232,-0.014782235026359558,-0.0034555173479020596,0.9163017272949218,0.010707654058933258,-0.05762707069516182,-0.2646772861480713,0.7289631962776184,-0.3903871178627014,0.17965394258499143,-0.41833481192588806,0.1497543752193451,-0.054400734603405,0.8042393922805786,-0.2552095651626587,0.020245322957634922,-0.2175694704055786,0.0425170473754406,0.2403058409690857,0.051279641687870026,0.6169871091842651,-0.84633868932724,-0.5176974534988403,0.15588000416755676,-0.00656091095879674,-0.08218809962272643,-0.011786585673689842,-0.13144363462924957,0.5726860165596008,1.097591996192932,0.1880367994308472,-0.0008679367601871489,-0.34026199579238886
-0.05136774480342865,-0.03251331299543381,0.7614080905914306,0.2656405568122864,-0.018801933154463768,-0.018469559028744698,0.9637117981910704,-0.0475645586848259,0.008971736766397953,-0.37063404917716974,0.7530022263526915,-0.3874501585960388,0.10962326079607008,-0.4096278250217438,0.15337997674942017,-0.012087995186448095,0.7537028193473816,-0.1757347285747528,0.04802826792001724,-0.17556320130825043,0.05554003268480301,0.2313023805618286,-0.02624605782330036,0.5003056526184082,-0.8733325004577636,-0.45144522190094,0.12387440353631972,-0.02365715615451336,-0.11033404618501665,0.0023959106765687466,-0.16467733681201935,0.57876056432724,1.0841965675354004,0.19136692583560944,0.0040239738300442696,-0.3151587247848511
-0.0471927672624588,-0.030112970620393757,0.771938145160675,0.1296173334121704,-0.018413687124848362,-0.028465909883379936,0.9909843802452089,-0.1426079422235489,0.06217269971966744,-0.350349634885788,0.7977299690246582,-0.33901509642601013,0.06958673149347305,-0.41304102540016174,0.14547501504421234,0.04506438970565796,0.7134056091308594,-0.05474092438817024,0.1076209470629692,-0.140150785446167,0.06435895711183548,0.23471105098724365,-0.05670483410358429,0.4114004075527191,-0.8782099485397338,-0.4114127159118652,0.09619275480508803,-0.03418302163481712,-0.1272776573896408,0.0706692710518837,-0.23944026231765747,0.5864323973655701,0.9912187457084656,0.11858921498060226,0.012769630178809164,-0.27042210102081293
-0.04628363996744156,-0.027261339128017426,0.7779128551483153,0.006360690575093031,-0.017667561769485474,-0.03440564498305321,0.9992315769195556,-0.23086088895797727,0.09605740010738371,-0.21195338666439056,0.8836218118667601,-0.31621238589286804,0.08534803241491316,-0.42445540428161616,0.12267564237117767,0.06096512079238892,0.7082398533821106,0.007419218309223651,0.15287189185619354,-0.11895504593849182,0.07066358625888824,0.23295758664608,-0.052467629313468926,0.3930052816867828,-0.8485133051872252,-0.4402376115322113,0.08015626668930052,-0.025024132803082463,-0.11751939356327055,0.1971474140882492,-0.312447190284729,0.5880017280578613,0.838642179965973,-0.03195628523826599,0.012642404064536095,-0.2290765345096588
-0.04838266968727112,-0.02348971553146839,0.7771303653717042,-0.0978533700108528,-0.02052660658955574,-0.03551642969250679,0.994355022907257,-0.2583410441875458,0.10508452355861664,-0.054159753024578094,0.9511992931365967,-0.3209156394004822,0.102503702044487,-0.44806054234504694,0.09409563988447187,0.06274724006652832,0.7518507242202759,-0.0004490886640269309,0.18818068504333496,-0.11060709506273268,0.07034336775541306,0.21881446242332456,-0.06252780556678772,0.42262995243072504,-0.7891478538513182,-0.5168135166168213,0.10308793932199478,-0.01867586001753807,-0.09835698455572128,0.3305164575576782,-0.365387499332428,0.5757101774215697,0.7011476755142212,-0.16952595114707947,-0.011267430149018764,-0.21266956627368927
-0.05213659256696701,-0.01943249255418777,0.7700112462043761,-0.17832684516906738,-0.026555527001619336,-0.0348789282143116,0.9829943180084227,-0.2123624682426453,0.10018081218004227,0.07097908109426497,0.9326057434082032,-0.32650578022003174,0.08093005418777466,-0.48256555199623113,0.027781199663877487,0.01582064852118492,0.831832766532898,-0.035491932183504105,0.1833907812833786,-0.11192251741886138,0.06309240311384201,0.20057629048824313,-0.12085357308387756,0.45572596788406367,-0.7389068603515626,-0.5659080743789673,0.17274083197116852,-0.02759635262191296,-0.09088043123483658,0.4310339093208313,-0.4002760648727417,0.5676454901695251,0.6022372841835022,-0.2534947693347931,-0.03941883519291878,-0.2298177629709244
-0.05695636197924613,-0.016285713762044907,0.7562521696090697,-0.23296432197093964,-0.02709677070379257,-0.03879792243242264,0.9713331460952759,-0.13474902510643005,0.08833108097314833,0.11585073918104172,0.8836547136306762,-0.37450456619262695,0.020808296278119087,-0.49314332008361816,-0.023853491991758343,-0.044614292681217194,0.9065132737159728,-0.10549718141555786,0.17081351578235626,-0.11425459384918212,0.060550566762685776,0.18956124782562253,-0.2008498907089233,0.47459143400192255,-0.7040716409683228,-0.5636661052703857,0.2704727053642273,-0.02801256626844406,-0.08799263089895248,0.511507511138916,-0.4349773228168488,0.5707784295082092,0.49951627850532526,-0.2898167669773102,-0.06395465135574341,-0.242468535900116
-0.06149158626794815,-0.01374634262174368,0.7428803443908691,-0.26693552732467646,-0.02804195135831833,-0.03976324200630188,0.9624853134155272,-0.1276240050792694,0.09151928126811981,0.11724571883678436,0.9252524971961976,-0.42902553081512446,-0.0018594943685457113,-0.4727802872657776,-0.07268008589744566,-0.1195014640688896,0.9424732327461242,-0.2345200330018997,0.16334734857082367,-0.12255436927080154,0.045370180159807205,0.1756931096315384,-0.28630906343460083,0.4719820022583008,-0.6716753244400024,-0.5137224793434143,0.3665586709976196,-0.031182944774627686,-0.06105263158679008,0.5785271525382996,-0.46488428115844727,0.5706486701965332,0.40305113792419434,-0.28827208280563354,-0.0744575709104538,-0.23325818777084353
-0.0650072768330574,-0.011032047681510448,0.7371698021888734,-0.28928059339523315,-0.035925358533859246,-0.04082510247826576,0.9556983709335328,-0.1755377501249313,0.09946269541978835,0.11674072593450546,1.003725528717041,-0.4421183466911316,-0.028729319572448727,-0.47228506207466125,-0.10478003323078156,-0.17044779658317563,0.9537131190299987,-0.2964404821395874,0.1531478613615036,-0.140604630112648,0.028116807341575623,0.15818272531032562,-0.35226836800575256,0.4623478651046753,-0.6238831877708435,-0.43532058596611023,0.43200916051864624,-0.028506530448794365,-0.005739244632422924,0.6146041750907898,-0.4823621511459351,0.5612320303916931,0.3398239314556122,-0.2550378143787384,-0.07845531404018402,-0.20184652507305145
-0.06708985567092896,-0.009566279128193855,0.7454621791839598,-0.3025444746017456,-0.039456401020288474,-0.03761955350637436,0.9515749216079714,-0.2254232466220856,0.09374824166297913,0.10832910984754562,1.057451248168945,-0.33724382519721985,-0.05628645420074463,-0.45286625623703,-0.12577424943447113,-0.1962135434150696,0.929642915725708,-0.26675063371658325,0.14545343816280365,-0.16470755636692047,0.011666571721434591,0.15776996314525604,-0.3607720732688904,0.4504440426826477,-0.550159215927124,-0.3640601634979248,0.4829341173171997,-0.02133476175367832,0.058038521558046334,0.6185101866722107,-0.4784621596336365,0.5417067408561707,0.33663457632064814,-0.24762654304504397,-0.08619482070207597,-0.18265806138515472
-0.06929394602775574,-0.009308499284088612,0.762858510017395,-0.3124583065509796,-0.042199000716209405,-0.03591188415884972,0.9483139514923096,-0.28548189997673035,0.06792400032281876,0.07343176007270814,1.0677142143249512,-0.20327489078044889,-0.08488275855779648,-0.42487785220146174,-0.13342994451522827,-0.21167518198490143,0.8654809594154358,-0.1646433025598526,0.1605926603078842,-0.1871909201145172,0.004654217977076769,0.1619126945734024,-0.3365087211132049,0.43158847093582153,-0.469687819480896,-0.32941848039627075,0.5146198272705078,-0.03290579468011856,0.1100274473428726,0.6088711619377136,-0.45383951067924494,0.5069013237953186,0.37777343392372126,-0.2387810051441193,-0.08917003124952316,-0.20196890830993647
-0.07021910697221756,-0.00963077787309885,0.7807937264442445,-0.31800839304924006,-0.043620768934488297,-0.03537927195429802,0.946422815322876,-0.31973496079444885,0.04972546175122261,0.043282002210617065,0.9841996431350707,-0.16444790363311768,-0.11433407664299013,-0.4082284271717072,-0.11571623384952544,-0.18830242753028867,0.792567491531372,-0.0399152971804142,0.2013915777206421,-0.20371179282665247,0.004637553356587887,0.1740262657403946,-0.288740873336792,0.4110066294670105,-0.401395320892334,-0.32141339778900146,0.4913030862808228,-0.04594387859106064,0.13070625066757202,0.6004765033721924,-0.41354185342788696,0.4581887722015381,0.42917472124099726,-0.2362421751022339,-0.09504275023937224,-0.23348352313041687
-0.07118722051382065,-0.011214351281523705,0.7912876605987549,-0.31403064727783203,-0.04811402037739754,-0.03623964637517929,0.9475001096725466,-0.360736221075058,0.055502310395240784,-0.007134322077035904,0.880115270614624,-0.180862620472908,-0.12369000166654585,-0.4019494354724884,-0.13286007940769196,-0.21406078338623047,0.7272102832794188,-0.013138942420482635,0.21297906339168549,-0.19925193488597867,0.004472646862268448,0.18256734311580655,-0.25693348050117487,0.40361413359642023,-0.36936956644058233,-0.32490143179893494,0.460464745759964,-0.062139667570590966,0.11834023892879486,0.5934555530548096,-0.3637470006942749,0.4153459966182709,0.4626114070415497,-0.2415664941072464,-0.09875179082155229,-0.2705955505371094
-0.07148584723472595,-0.0132853165268898,0.7920799255371093,-0.2983523905277252,-0.05213181301951408,-0.03624449297785759,0.9523415565490722,-0.4153631627559662,0.044076524674892426,-0.13785317540168762,0.8525236248970031,-0.17287935316562653,-0.11952538043260574,-0.4115459620952606,-0.18706871569156647,-0.2713177800178528,0.6927093267440796,-0.04539617896080017,0.17193704843521118,-0.17647360265254974,-0.0014735489385202527,0.18965944647789,-0.24855577945709229,0.4166288077831268,-0.3518786132335663,-0.34344920516014094,0.4541386961936951,-0.061036434024572365,0.09208419173955917,0.584489643573761,-0.3165488541126251,0.39420896768569946,0.4589641094207764,-0.26994049549102783,-0.10629858076572418,-0.3066016733646393
-0.07241394370794296,-0.017612362280488014,0.781959593296051,-0.26929166913032526,-0.05094869062304497,-0.03254678100347519,0.9611591696739197,-0.4155398905277252,-0.010922743007540703,-0.31239229440689087,0.8850056529045106,-0.17233328521251678,-0.1601766049861908,-0.4562949240207672,-0.23490558564662933,-0.2749746441841125,0.7246746420860289,-0.10379155725240707,0.11892584711313248,-0.14297063648700714,-0.013696496374905108,0.1992651075124741,-0.25065115094184875,0.4408327639102936,-0.32667046785354614,-0.37577533721923834,0.4625962376594544,-0.05641988292336464,0.07556359469890593,0.5757352709770203,-0.28632113337516785,0.38834995031356806,0.42110615968704224,-0.3183925449848175,-0.12372197955846786,-0.32375937700271606
-0.0737788900732994,-0.024457439780235287,0.7623611092567443,-0.2328132390975952,-0.046253692358732224,-0.029392844066023823,0.9709761142730714,-0.3849090337753296,-0.04203188419342041,-0.38153132796287537,0.9612771868705747,-0.23761253058910367,-0.1727931052446365,-0.5092899203300476,-0.2508392035961151,-0.25284045934677124,0.7936354279518126,-0.1488240361213684,0.11678119003772736,-0.10975150018930437,-0.021760199218988415,0.20589739084243772,-0.25734034180641174,0.46346515417099,-0.28149956464767456,-0.40652462840080256,0.4848857522010803,-0.042869605123996735,0.0746263861656189,0.5826829075813292,-0.28525230288505554,0.3830360770225525,0.34816086292266846,-0.3673960268497467,-0.13600756227970123,-0.3203948438167572
-0.07448329776525497,-0.03266439214348793,0.7341014742851257,-0.18922948837280276,-0.03188583999872208,-0.027233764529228207,0.9810371398925779,-0.34106415510177607,-0.002653834642842412,-0.30171373486518854,1.0418832302093504,-0.4444063305854797,-0.13857072591781616,-0.5579145550727844,-0.23424509167671204,-0.1957116425037384,0.931465983390808,-0.291584312915802,0.1005164235830307,-0.07715572416782379,-0.019336596131324768,0.2174195349216461,-0.26072621345520014,0.46795508265495295,-0.2090057134628296,-0.4239792227745056,0.5289260149002075,-0.04235187545418739,0.09730570763349533,0.6045234203338623,-0.3183276951313019,0.35023757815361023,0.23345255851745603,-0.40923160314559937,-0.12235783040523528,-0.2964553236961365
-0.07498253881931305,-0.04046489298343658,0.7150704860687256,-0.15382078289985657,-0.02272780053317547,-0.02423856593668461,0.9875398874282837,-0.30028843879699707,0.033502016216516495,-0.2074571996927261,1.0740667581558228,-0.5872114300727844,-0.10655241459608078,-0.5735832452774048,-0.20639321208000183,-0.14165115356445312,0.9846731424331664,-0.3916003704071045,0.10204563289880753,-0.06795992702245712,-0.02169780060648918,0.22253294289112088,-0.2421312630176544,0.4496940076351166,-0.11499173939228056,-0.43754827976226807,0.5942097902297974,-0.03116267919540405,0.1557965874671936,0.6033273935317993,-0.3550480902194977,0.31150442361831665,0.13333091139793396,-0.4487526416778565,-0.0809311643242836,-0.2761514186859131
-0.07400209456682205,-0.04672043398022652,0.7150010466575624,-0.1308320015668869,-0.022502563893795013,-0.03133480250835419,0.9906536936759949,-0.28078868985176086,0.06216137856245041,-0.171116903424263,1.0633805990219116,-0.6052734851837158,-0.10156786441802979,-0.5709342360496521,-0.15807496011257172,-0.10577142238616943,0.9549852013587952,-0.37724325060844416,0.09171386063098909,-0.08089268952608109,-0.006942543666809796,0.2245534509420395,-0.19745136797428128,0.3992910981178284,-0.021583160385489464,-0.4320072829723358,0.6658534407615662,-0.013085721991956232,0.28508636355400085,0.5519051551818848,-0.36768710613250727,0.2824141383171081,0.09712268412113187,-0.5047467947006226,-0.024559425190091133,-0.253286212682724
-0.07641443610191345,-0.05301289260387421,0.7352195382118225,-0.10823642462491988,-0.016632338985800743,-0.03024682216346264,0.993525743484497,-0.22363545000553128,0.07023757696151733,-0.13423849642276764,0.981338322162628,-0.5009883642196655,-0.0790933072566986,-0.5059641003608704,-0.11350847780704498,-0.05791144445538521,0.8281600475311278,-0.28601890802383423,0.09289547055959699,-0.09228138625621796,-0.004037284292280674,0.2320074886083603,-0.11211597174406052,0.3307466506958008,0.03393961861729622,-0.38995429873466486,0.7244853973388672,0.011865600012242794,0.3968525528907776,0.4623699486255646,-0.3677835464477539,0.2672339677810669,0.12518680095672607,-0.5598153471946716,0.018162708729505535,-0.2160054445266724
-0.08013289421796799,-0.05816628411412239,0.7681710720062256,-0.08330169320106505,-0.014994392171502112,-0.029453184455633163,0.9959761500358579,-0.1733144074678421,0.08116255700588225,-0.10081848502159119,0.8496562838554382,-0.32215172052383423,-0.05378821864724159,-0.4368275701999664,-0.09484051167964937,-0.06956697255373001,0.6594229340553284,-0.10203931480646132,0.08639849722385406,-0.09147793799638748,0.005613073240965605,0.22775007784366608,-0.03057629987597465,0.29146504402160645,0.02480165846645832,-0.273967444896698,0.7639052867889404,0.01362705323845148,0.4086301922798157,0.3665094673633576,-0.3643914759159088,0.2505386471748352,0.1792933493852615,-0.5665968656539917,0.03852589800953865,-0.2003236711025238
-0.08157185465097427,-0.06284217536449432,0.797770917415619,-0.06181695312261581,-0.017482731491327282,-0.020076777786016464,0.9977324008941649,-0.12728281319141388,0.04388292133808136,-0.12836880981922147,0.6735963821411133,-0.1394249051809311,-0.055966522544622414,-0.424613893032074,-0.17369163036346436,-0.1963900923728943,0.6737672686576843,0.0016152338357642293,0.06591809540987015,-0.07828009128570557,9.39316232688725e-05,0.2140522003173828,0.01565168984234333,0.29871636629104614,-0.048347022384405136,-0.0917835384607315,0.7894602417945863,0.009327527135610579,0.3178295195102692,0.2924970090389252,-0.3649069964885712,0.22721420228481287,0.22292628884315488,-0.5314732193946838,0.035805411636829376,-0.209395170211792
-0.08163265138864517,-0.06810308247804642,0.8161892890930175,-0.03862539306282997,-0.01835791766643524,-0.021523652598261837,0.9988532066345216,-0.09040696173906326,-0.0012091082753613591,-0.2418391853570938,0.4915260076522827,-0.02671601250767708,-0.137898787856102,-0.42990022897720337,-0.2364073544740677,-0.3022158145904541,0.8571611046791076,-0.04696932062506676,0.07438840717077254,-0.05284329503774642,0.012238808907568455,0.21494729816913605,0.017506999894976616,0.3421262502670288,-0.1654280722141266,0.10899662226438522,0.7830305099487304,0.021727630868554115,0.18346641957759857,0.23295144736766812,-0.3750439882278442,0.20623846352100367,0.23417431116104123,-0.4706441164016724,0.008335350081324577,-0.25549754500389094
-0.07976683974266051,-0.07427846640348433,0.8216816186904907,-0.017054859548807144,-0.016397664323449135,-0.013350286521017551,0.9996308684349059,-0.08704539388418196,-0.009291513822972775,-0.1731208562850952,0.40759554505348206,0.011394294910132883,-0.1126941367983818,-0.48531460762023926,-0.29347333312034607,-0.2789190709590912,1.1492531299591064,-0.13240130245685575,0.06802622973918915,-0.03998662531375885,0.0009923928882926702,0.22313013672828677,-0.0009210837306454776,0.3912471830844879,-0.3004848659038544,0.31247258186340326,0.7367789149284362,0.03097531385719776,0.08611249923706055,0.16390725970268247,-0.40851137042045593,0.21133621037006375,0.2480284422636032,-0.414029985666275,-0.016021793708205223,-0.26743876934051514
-0.07731432467699051,-0.07853377610445023,0.8168013095855712,0.0016410518437623975,-0.007551769260317086,-0.0035785418003797527,0.9999637007713316,-0.08376289904117584,0.003684743540361524,-0.021270370110869408,0.43257990479469294,-0.02658951841294765,-0.021450787782669067,-0.529428243637085,-0.3290695250034332,-0.2173781394958496,1.419358253479004,-0.22372926771640775,0.06908880919218063,-0.04288746044039726,-0.01831289380788803,0.2379736453294754,-0.017101509496569633,0.4318530261516571,-0.4248420298099518,0.4980296790599823,0.6718471050262451,0.02849268913269043,0.03619282320141792,0.09381610900163649,-0.4465739130973816,0.24311359226703644,0.26204541325569153,-0.38295048475265503,-0.024283790960907936,-0.23715004324913025
-0.07471151649951936,-0.08162986487150192,0.8070565462112426,0.022360293194651604,0.0008300011395476758,-0.00340916239656508,0.9997438192367551,-0.0631726086139679,0.020996347069740292,0.058107402175664895,0.45791336894035334,-0.0996972918510437,0.0020979680120944977,-0.5524266958236694,-0.31919482350349426,-0.16125766932964325,1.6044974327087402,-0.28029876947402954,0.07739445567131041,-0.043188590556383126,-0.02500620484352112,0.2524970471858978,-0.013231372460722923,0.4579765796661377,-0.5092358589172363,0.6386994123458862,0.6020672917366028,0.024590635672211647,0.030397526919841766,0.030839592218399048,-0.4670763313770294,0.2785400152206421,0.2788550555706024,-0.37769454717636103,-0.025494754314422607,-0.21588034927845
-0.0733783543109894,-0.08477778732776643,0.7978318929672241,0.0440981239080429,0.005882467608898878,0.002223208080977201,0.9990074038505553,-0.04229268059134483,0.015330083668231964,0.11307788640260696,0.4636585414409637,-0.16904693841934204,0.009507524780929089,-0.5594696402549744,-0.33261728286743164,-0.12218425422906876,1.6929726600646973,-0.32456740736961365,0.08764748275279999,-0.04262586683034897,-0.04264811798930168,0.26075682044029236,0.004453284665942192,0.46931937336921686,-0.5650066137313843,0.7445741295814513,0.539209246635437,0.017336757853627205,0.05212729796767234,-0.02902619540691376,-0.46231392025947565,0.2976877987384796,0.31997472047805786,-0.3888162672519684,-0.02081591263413429,-0.22168891131877896
-0.07274377346038817,-0.08628828823566435,0.7922068238258362,0.0619196742773056,0.008060872554779053,0.007578000891953706,0.998019814491272,-0.03797447681427001,0.013294841162860392,0.16160769760608673,0.4775061905384064,-0.2005737870931625,0.007797833997756242,-0.5497186183929443,-0.336321234703064,-0.09635098278522493,1.673813819885254,-0.3513466715812683,0.093107208609581,-0.04015536606311798,-0.05993369221687317,0.2634570896625519,0.015470425598323343,0.46720489859580994,-0.6117609143257141,0.8439747095108032,0.5113584399223328,0.01613258756697178,0.08552882820367813,-0.07431252300739288,-0.42699530720710754,0.2994464933872223,0.38942405581474304,-0.3940507471561432,-0.012006604112684727,-0.24948105216026303
-0.07315976172685622,-0.08652947098016739,0.7912823557853698,0.07649621367454527,0.009862435050308704,0.006317525636404753,0.9970011115074157,-0.03433423861861229,0.02816922590136528,0.19937513768672943,0.4918195903301239,-0.20624819397926328,-0.0013959681382402776,-0.5092726945877075,-0.3352247178554535,-0.10723821073770524,1.555099606513977,-0.3477146029472351,0.08295706659555435,-0.03345358744263649,-0.061664238572120667,0.26273572444915766,0.02387472055852413,0.4500342905521393,-0.6457522511482239,0.9382766485214232,0.5134418606758118,0.025832215324044228,0.10191845148801804,-0.101627379655838,-0.37868195772171026,0.3072843551635742,0.4776272475719452,-0.37925666570663447,0.0036317817866802216,-0.27763181924819946
-0.07405856251716612,-0.08627139031887054,0.7919909358024597,0.08731652051210403,0.011602381244301796,0.00594994705170393,0.996095299720764,-0.022041503340005875,0.03846653550863265,0.23071980476379397,0.4843408465385437,-0.1977132856845856,-0.012146709486842155,-0.4469974637031555,-0.3339923620223999,-0.1334373354911804,1.3717896938323975,-0.33382403850555414,0.08680807054042816,-0.02592838369309902,-0.06140027940273285,0.25655999779701233,0.030511530116200447,0.4220061004161834,-0.6677039265632628,1.0161898136138916,0.5114461183547974,0.03948115184903145,0.10393030941486359,-0.11120581626892088,-0.3355327546596527,0.3262186348438263,0.5751721858978271,-0.34318122267723083,0.01703396625816822,-0.2824991047382355
-0.07480454444885254,-0.08493698388338089,0.7925786972045897,0.09198733419179916,0.012917188927531242,0.0075385202653706065,0.99564790725708,-0.008389228023588657,0.041268907487392426,0.24988892674446103,0.4678277969360352,-0.18971699476242063,-0.023843545466661453,-0.3666227161884308,-0.31606343388557434,-0.15467850863933563,1.1420745849609375,-0.30944216251373285,0.11274339258670805,-0.022630775347352028,-0.06280844658613205,0.2439865320920944,0.035183727741241455,0.3866245746612549,-0.6783630847930908,1.0775827169418335,0.4920148551464081,0.04602263867855072,0.10295258462429047,-0.10182317346334456,-0.3005219101905823,0.35433200001716614,0.6677156686782837,-0.2981507182121277,0.025387754663825035,-0.25878819823265076
-0.07570582628250122,-0.08257576823234558,0.7918498516082764,0.09166125208139421,0.012033354490995409,0.009315096773207188,0.9956739544868467,-0.0029626663308590646,0.04242533445358276,0.2573652267456054,0.4567609131336212,-0.19441950321197507,-0.03177618980407715,-0.2821842133998871,-0.28221043944358826,-0.1562273800373077,0.9010427594184877,-0.23740558326244357,0.14226776361465454,-0.021750077605247498,-0.06305453181266785,0.22317224740982053,0.038455050438642495,0.34751448035240173,-0.6774716377258301,1.12353777885437,0.455467015504837,0.04792414978146553,0.10215695202350616,-0.08323973417282104,-0.27025389671325684,0.39160904288291926,0.7543946504592894,-0.25139382481575007,0.03115996718406677,-0.21897257864475247
-0.0761021226644516,-0.07984568923711775,0.7899136543273925,0.08659850060939789,0.00964981410652399,0.010862838476896286,0.9961373209953309,-0.0015278711216524243,0.04240303114056587,0.25732550024986267,0.4446896314620972,-0.21057680249214167,-0.0345894992351532,-0.2034023404121399,-0.24367311596870425,-0.13188733160495758,0.6923800706863403,-0.14615865051746368,0.16855110228061676,-0.02237248606979847,-0.05989661812782288,0.19886769354343412,0.04227235168218613,0.30757343769073486,-0.667668342590332,1.153449535369873,0.40087199211120605,0.04673922806978226,0.10428165644407272,-0.06225838512182236,-0.24347975850105283,0.4209322333335877,0.8299137949943542,-0.2235340774059296,0.03350823372602463,-0.1714189648628235
-0.07656770199537277,-0.07719194889068604,0.7858076691627502,0.0775195211172104,0.010128614492714403,0.01775243692100048,0.996781289577484,0.011993302032351492,0.024181285873055455,0.2534968852996826,0.41861715912818903,-0.23872859776020047,-0.026207871735095974,-0.12202243506908415,-0.26093676686286926,-0.17767363786697388,0.5759156346321106,-0.23482316732406616,0.16528184711933136,-0.028515879064798355,-0.06516649574041367,0.17567290365695953,0.04290306940674782,0.277158260345459,-0.6535247564315796,1.1543924808502195,0.34979414939880366,0.04797940328717232,0.10298538208007812,-0.03305325657129288,-0.22029349207878113,0.4463646113872528,0.8869287967681885,-0.20355798304080963,0.04011395573616028,-0.151789590716362
-0.0759577602148056,-0.07568217813968657,0.7835114598274232,0.06996361911296844,0.00850821565836668,0.013127593323588371,0.9974268674850464,0.01873437501490116,0.03571515530347824,0.25706276297569275,0.4023397564888,-0.2639130651950836,-0.018901502713561055,-0.0781468227505684,-0.2477184385061264,-0.21575500071048737,0.5087195634841919,-0.2588098645210266,0.15183953940868375,-0.028728980571031567,-0.04354027658700943,0.1610059142112732,0.038916222751140594,0.2537563145160675,-0.6417585015296936,1.135405421257019,0.3135598301887512,0.043011557310819626,0.11357803642749786,-0.011107499711215496,-0.20001338422298431,0.4649627208709717,0.9408788681030272,-0.1746024787425995,0.043670054525136955,-0.15699435770511627
-0.07413443922996521,-0.07478658109903334,0.7831564545631408,0.06603417545557022,0.008581721223890781,0.005652724299579859,0.9977644681930542,0.02697240561246872,0.05381423607468605,0.25826188921928406,0.3891125619411469,-0.28261104226112366,-0.017006628215312954,-0.057465922087430954,-0.22650396823883057,-0.23095735907554624,0.47571852803230286,-0.2527163624763489,0.14301449060440063,-0.026461433619260788,-0.01620553806424141,0.15299080312252045,0.03425087407231331,0.2350540906190872,-0.6371213793754578,1.1174198389053345,0.2927666902542114,0.03679816052317619,0.12561433017253876,0.0006700460799038409,-0.1876073181629181,0.49301376938819885,0.9929043650627136,-0.1540345847606659,0.045324474573135376,-0.1517927199602127
-0.07239890098571777,-0.07324065268039702,0.7837886214256287,0.05840958282351494,0.010128840804100037,0.004432777408510447,0.9982314705848692,0.04221779480576515,0.05381219834089279,0.2534533143043518,0.35601699352264404,-0.2785617411136627,-0.015281536616384985,-0.03239385411143303,-0.21983642876148224,-0.24639052152633664,0.4407503306865692,-0.2511696219444275,0.14185336232185364,-0.029837656766176224,-0.0072124823927879325,0.1441375762224197,0.024166610091924667,0.22596436738967893,-0.6449326872825624,1.1041016578674316,0.2912645936012268,0.032530516386032104,0.13489279150962827,0.012367336079478264,-0.17769932746887207,0.5285857915878296,1.0364301204681396,-0.1589655876159668,0.05494719743728638,-0.13749615848064423
-0.07085289061069489,-0.07121183723211288,0.7844006419181823,0.04787289351224899,0.011029739864170551,0.0026850318536162376,0.9987888932228088,0.051906734704971313,0.055399730801582336,0.2405729740858078,0.32714882493019104,-0.2743586599826813,-0.01632857508957386,-0.0015627205139026044,-0.21085244417190552,-0.2724387347698212,0.3939807713031769,-0.24942050874233243,0.14149750769138336,-0.035083185881376266,-0.0014587299665436149,0.13390347361564636,0.009709782898426058,0.2288537323474884,-0.6588886380195618,1.0877292156219482,0.2998115122318268,0.026244105771183968,0.13936682045459747,0.024810831993818283,-0.16912351548671722,0.5650595426559448,1.060299515724182,-0.180263414978981,0.06656286865472794,-0.1243983507156372
-0.06902525573968887,-0.06920680403709412,0.78500497341156,0.03796563670039177,0.011687049642205238,0.0004723551392089576,0.9992105960845948,0.05793742090463638,0.059229034930467606,0.22765883803367612,0.3047473132610321,-0.27211683988571167,-0.016861343756318092,0.024028310552239415,-0.20013299584388727,-0.29550352692604065,0.35222646594047546,-0.24334287643432617,0.13978983461856842,-0.03899462521076202,0.004104585852473974,0.12527765333652496,-0.0032801846973598003,0.23795208334922793,-0.6687634587287903,1.0663394927978516,0.307529091835022,0.01695656217634678,0.14460130035877228,0.035715337842702866,-0.16469404101371765,0.5952006578445435,1.0656466484069824,-0.20117023587226868,0.06825216114521027,-0.11883431673049925
-0.06668119132518768,-0.06756792962551117,0.7856473922729491,0.03013746067881584,0.012242679484188557,-0.0023006994742900133,0.9994681477546691,0.06042514741420746,0.06582649797201157,0.21810562908649445,0.29016065597534174,-0.2713958323001861,-0.017167754471302032,0.0420592688024044,-0.188263475894928,-0.3121365010738373,0.32030174136161804,-0.23364095389842987,0.13639813661575317,-0.04083053395152092,0.010877249762415884,0.12017691880464552,-0.01408859435468912,0.2482646405696869,-0.6762288808822632,1.0468955039978027,0.3126392960548401,0.006828669458627701,0.14996109902858734,0.04098234698176384,-0.16418080031871796,0.6201449632644653,1.0624322891235352,-0.21203337609767917,0.06150614097714424,-0.12231340259313583
-0.0637412965297699,-0.06606997549533844,0.7861012220382689,0.024069564417004585,0.012706411071121693,-0.004489507991820574,0.9996194839477539,0.06051347777247429,0.07213442027568817,0.21293435990810397,0.2799041271209717,-0.2705850601196289,-0.017639758065342903,0.05275740846991539,-0.17835521697998047,-0.32289841771125793,0.29983508586883545,-0.22664465010166168,0.1312144249677658,-0.04115908220410346,0.01582680083811283,0.11812901496887208,-0.02453700639307499,0.25743478536605835,-0.6842216849327089,1.0355714559555051,0.31673380732536316,0.0008780451607890427,0.1534821093082428,0.038409221917390816,-0.1655893474817276,0.6401847004890442,1.0587310791015625,-0.2146546095609665,0.05454149842262268,-0.12932617962360382
-0.06034664437174797,-0.06452962756156921,0.7862395048141478,0.019637485966086388,0.01334293745458126,-0.004982228856533766,0.9997056722640992,0.06080826371908188,0.07495740801095961,0.2110511213541031,0.26975759863853455,-0.2670966982841492,-0.019946984946727753,0.05750624090433121,-0.1733807623386383,-0.32889765501022333,0.29048246145248413,-0.22623340785503387,0.12574005126953125,-0.04030725732445717,0.015254349447786808,0.11875254660844801,-0.0350644625723362,0.26549795269966125,-0.6924073100090027,1.0333775281906128,0.3190882205963135,-0.0006968156667426229,0.15528544783592224,0.028366386890411377,-0.16720247268676755,0.6538209915161133,1.0584759712219238,-0.21185858547687528,0.05085592716932297,-0.13467438519001007
-0.05679156631231308,-0.06297453492879868,0.7863479256629943,0.016714340075850487,0.014105219393968582,-0.004089964088052511,0.999752402305603,0.06248914450407028,0.07470968365669249,0.21090833842754364,0.2570130527019501,-0.2596982717514038,-0.02383284270763397,0.05857507139444351,-0.17220266163349152,-0.33166560530662537,0.2871705889701843,-0.2294500172138214,0.12054560333490372,-0.03874188661575317,0.009618881158530712,0.12084976583719252,-0.044525615870952606,0.27279508113861084,-0.6983299851417542,1.0390172004699707,0.31775569915771484,-0.0013041665079072116,0.15606173872947693,0.01372360810637474,-0.1683084666728973,0.6600784659385681,1.06084406375885,-0.20599430799484247,0.05030461773276329,-0.138454332947731
-0.0532708317041397,-0.06169148534536362,0.7864614129066467,0.015321722254157066,0.014952402561903,-0.002727653132751584,0.9997670650482176,0.06581847369670868,0.07330105453729628,0.21233132481575007,0.24306640028953552,-0.25125691294670105,-0.02813388779759407,0.056857481598854065,-0.1726710349321365,-0.3319723606109619,0.28815969824790955,-0.23391920328140256,0.11528285592794418,-0.03636664897203445,0.001998190069571137,0.12368448078632353,-0.05094913765788078,0.2792702913284302,-0.7012847065925598,1.04999041557312,0.31432864069938654,-0.002077828627079725,0.15622565150260925,-0.002136185998097062,-0.1690819263458252,0.6600021719932556,1.063871383666992,-0.19755662977695465,0.05054854229092597,-0.1426551192998886
-0.04985385388135911,-0.060701314359903336,0.7866068482398986,0.01509579923003912,0.015689922496676445,-0.0012420385610312223,0.9997621774673461,0.06943809986114502,0.07162562012672424,0.21580985188484192,0.2290949672460556,-0.2429002672433853,-0.03211730718612671,0.05243514850735664,-0.17385579645633695,-0.3295944631099701,0.2922627329826355,-0.2381330281496048,0.11042474210262299,-0.033809594810009,-0.0058610509149730206,0.12651188671588895,-0.05436475947499275,0.2846393585205078,-0.7021827697753905,1.0652867555618286,0.3124619722366333,-0.00213071214966476,0.15526391565799713,-0.017062637954950333,-0.16993224620819092,0.6566859483718872,1.065569281578064,-0.1898591369390488,0.050073012709617615,-0.14748495817184448
-0.04675274342298508,-0.05976299941539765,0.786748468875885,0.01557724829763174,0.016351932659745216,0.00020463405235204843,0.9997448921203613,0.07246530801057814,0.07000941038131714,0.22045232355594635,0.2166001498699188,-0.23562468588352203,-0.03533800691366196,0.04725029692053794,-0.17526109516620636,-0.3264074623584748,0.2967260777950287,-0.241649866104126,0.1067671850323677,-0.031160276383161545,-0.013237139210104942,0.129098579287529,-0.05532820522785186,0.28889939188957214,-0.7034215331077576,1.083686113357544,0.31431397795677185,-0.0007248183246701955,0.151857390999794,-0.02956991456449032,-0.17096351087093353,0.6526656746864319,1.0649988651275635,-0.1832350790500641,0.04857949167490005,-0.15129782259464264
-0.044035069644451134,-0.05863269418478012,0.7868625521659851,0.016445539891719818,0.017049813643097878,0.00111818453297019,0.9997187852859496,0.07436265051364897,0.06977096199989319,0.22540533542633057,0.20787186920642847,-0.23067885637283325,-0.03791772946715354,0.04304058104753494,-0.1755353957414627,-0.32358041405677795,0.29954347014427185,-0.2432931810617447,0.10375288128852844,-0.029130952432751652,-0.018767183646559715,0.131526842713356,-0.053454048931598656,0.2917082607746124,-0.7058495879173279,1.1022758483886719,0.3177706301212311,0.0016835767310112715,0.14591549336910248,-0.03869776427745819,-0.1720849573612213,0.650156557559967,1.0622566938400269,-0.17983777821063995,0.04670548066496849,-0.1528645008802414
-0.04153025522828102,-0.05725986883044242,0.7869428992271422,0.01756145991384983,0.01773805543780327,0.001540575409308076,0.9996872544288636,0.07485897094011305,0.07085654884576797,0.2296486049890518,0.20308780670166013,-0.2275542318820953,-0.040077697485685355,0.03976013883948326,-0.1746600866317749,-0.32142511010169983,0.3004818856716156,-0.24352286756038663,0.1012192815542221,-0.028009468689560887,-0.02259534411132336,0.1337382197380066,-0.04919913038611412,0.2934366762638092,-0.7110083103179932,1.118865728378296,0.31975382566452026,0.003739641280844808,0.13864146173000336,-0.045687571167945855,-0.17289336025714874,0.6485751867294312,1.058669090270996,-0.17991283535957336,0.04498274251818657,-0.15238907933235168
-0.03920019790530205,-0.05588692054152489,0.7870038151741027,0.018813656643033028,0.018376674503088,0.0016636243090033531,0.9996527433395384,0.07477221637964249,0.07284100353717805,0.2335405647754669,0.20035216212272644,-0.22567754983901975,-0.04240371286869049,0.036975111812353134,-0.1729396879673004,-0.31942230463027954,0.3003720343112945,-0.24313728511333463,0.09929208457469939,-0.027448346838355064,-0.02513539418578148,0.1356450617313385,-0.04282575100660324,0.2943925261497497,-0.7185075879096985,1.132084846496582,0.3209434449672699,0.005128063261508942,0.13141381740570068,-0.05113602057099342,-0.17331890761852264,0.6471080780029297,1.0550730228424072,-0.1824834644794464,0.04319605231285095,-0.1510818600654602
-0.036988191306591034,-0.05470139160752296,0.7870582938194275,0.020072804763913155,0.01890392042696476,0.0016826653154566884,0.9996183514595032,0.07409054040908813,0.07519426941871643,0.23723359405994413,0.1989461779594421,-0.22450734674930567,-0.044664304703474045,0.03429129347205162,-0.1710399091243744,-0.31751200556755066,0.30067944526672363,-0.2429868131875992,0.0977359339594841,-0.027427520602941517,-0.02686784230172634,0.13722911477088928,-0.035106245428323746,0.2946087419986725,-0.7269479632377625,1.1422128677368164,0.32103231549263,0.0053396406583488,0.12526193261146543,-0.05513108149170876,-0.17308202385902405,0.6443137526512146,1.0518996715545654,-0.18561074137687683,0.041874539107084274,-0.15029893815517423
-0.034978076815605164,-0.053813159465789795,0.7870872020721436,0.021281331777572632,0.019452152773737907,0.0017757887253537774,0.9995827078819275,0.07349801063537596,0.07733611762523651,0.24084909260272977,0.19808344542980197,-0.22352005541324613,-0.04654570668935776,0.0322137326002121,-0.16955706477165222,-0.3158072829246521,0.30099523067474365,-0.24320608377456665,0.09664436429738998,-0.027805434539914128,-0.0281149223446846,0.13842979073524475,-0.026521464809775352,0.29375845193862915,-0.7349191904067993,1.1496347188949585,0.32145068049430847,0.004467514809221028,0.11910023540258408,-0.05764640122652054,-0.17217573523521423,0.6402875781059265,1.0496621131896973,-0.18615418672561643,0.040740646421909325,-0.1500297486782074
-0.03333738073706627,-0.05307779461145401,0.7870709300041199,0.022354785352945328,0.019985685124993324,0.0019321650033816693,0.9995484352111816,0.0731382817029953,0.0791928544640541,0.2443950921297073,0.19699284434318545,-0.2220507860183716,-0.04825463891029358,0.030486589297652245,-0.1682930588722229,-0.3139760196208954,0.30137741565704346,-0.24373012781143188,0.09533675014972687,-0.028480986133217808,-0.028811600059270855,0.13913726806640625,-0.017276421189308167,0.29179325699806213,-0.740723729133606,1.1548718214035034,0.32167544960975647,0.0033259119372814894,0.11253873258829115,-0.05885637179017066,-0.17085622251033783,0.6348034143447876,1.0486319065093994,-0.18327869474887848,0.03985627368092537,-0.1504808813333511
-0.03210534155368805,-0.05240791663527489,0.7870223522186278,0.02320737577974796,0.02045810967683792,0.0021926686167716976,0.9995189309120177,0.07334690541028976,0.0803193673491478,0.24708847701549527,0.19525720179080963,-0.21998876333236692,-0.049918074160814285,0.029677726328372955,-0.16732625663280487,-0.3122820258140564,0.3010682463645935,-0.24470889568328855,0.09431423991918564,-0.0288094412535429,-0.029004661366343495,0.1393960267305374,-0.009021250531077385,0.28906822204589844,-0.7433992624282837,1.1584115028381348,0.321357399225235,0.002339213620871305,0.10760367661714552,-0.05891604721546173,-0.1696186661720276,0.6290366053581238,1.0488591194152832,-0.17755858600139615,0.03927162662148476,-0.15135629475116727
-0.031081676483154297,-0.05168759077787399,0.7869626283645629,0.023834910243749615,0.020790062844753265,0.0024049149360507727,0.999496817588806,0.07385600358247758,0.08113424479961395,0.24913860857486725,0.19300687313079837,-0.21782368421554563,-0.05135771632194519,0.02890404872596264,-0.16621093451976776,-0.31041350960731506,0.30050870776176447,-0.2453317493200302,0.09306705743074416,-0.028716331347823143,-0.028464457020163536,0.1391136050224304,-0.002424026140943169,0.28554606437683105,-0.7431206703186035,1.1614925861358643,0.32173100113868713,0.002298728097230196,0.10463559627532958,-0.05769257619976997,-0.16866803169250488,0.6238815784454346,1.0502245426177979,-0.17177791893482208,0.038766879588365555,-0.1523323953151703
-0.02999689802527428,-0.050906479358673096,0.7869437336921693,0.024034177884459492,0.02092692255973816,0.002509951125830412,0.999488890171051,0.07372694462537764,0.08196757733821869,0.2502807676792145,0.1910963207483292,-0.2159734219312668,-0.05263099819421768,0.028455888852477077,-0.16490529477596283,-0.30938753485679626,0.2990701496601105,-0.24469724297523496,0.09193000197410583,-0.0285237617790699,-0.02718205377459526,0.13838869333267212,0.0018153327982872725,0.2814439833164215,-0.7395955324172973,1.164440393447876,0.3230500519275665,0.0032319938763976097,0.10487785935401917,-0.05548244714736938,-0.16817854344844818,0.6199294924736023,1.0524625778198242,-0.16671276092529297,0.038583099842071526,-0.15309901535511017
-0.028816305100917816,-0.05022849515080452,0.7869983315467833,0.023775862529873848,0.020956113934516903,0.0024384665302932262,0.9994946718215942,0.07263016700744629,0.08313850313425064,0.25024172663688654,0.19013334810733795,-0.2142710238695145,-0.05368160456418991,0.028821881860494614,-0.16344471275806427,-0.3100695312023163,0.29621300101280207,-0.24270442128181455,0.09078079462051392,-0.028296219184994698,-0.025130214169621468,0.13743945956230164,0.0038884982932358976,0.27723050117492676,-0.7340736985206605,1.1664358377456665,0.32448437809944153,0.004520360380411148,0.10747123509645462,-0.05248340964317322,-0.16810068488121033,0.6179565191268921,1.055544137954712,-0.16376516222953796,0.039120271801948554,-0.15319466590881348
-0.02761874347925186,-0.04966897517442703,0.7871237397193908,0.023277489468455315,0.02087842673063278,0.0022662251722067595,0.9995084404945372,0.07102504372596741,0.08442924171686172,0.24957655370235443,0.18915544450283048,-0.2120269238948822,-0.054773494601249695,0.029549196362495422,-0.16192826628684995,-0.3119983375072479,0.29240086674690247,-0.23962417244911197,0.0895286574959755,-0.028116885572671887,-0.022653819993138317,0.13637375831604004,0.0047305761836469165,0.27346551418304443,-0.7271106243133546,1.1660519838333128,0.3244853615760803,0.005523544736206532,0.1114545464515686,-0.04900090396404266,-0.16840887069702148,0.6170082092285156,1.0588886737823486,-0.1636483520269394,0.039866872131824486,-0.1528119444847107
-0.02653553336858749,-0.04920287430286408,0.7872737646102905,0.02277909405529499,0.020737750455737117,0.0020550244953483343,0.9995233416557312,0.06925421208143234,0.08564698696136473,0.24847580492496488,0.18827168643474576,-0.20942585170269007,-0.05562020465731621,0.0303069818764925,-0.1604386121034622,-0.3143449127674103,0.28841698169708246,-0.2365729063749313,0.08829424530267715,-0.027911201119422913,-0.02007630094885826,0.1353325396776199,0.004802549257874489,0.27058371901512146,-0.7190455198287964,1.1626684665679932,0.3221043646335602,0.005347664002329111,0.11693862080574036,-0.04551901668310165,-0.1690530031919479,0.6168431639671326,1.062148094177246,-0.1650889664888382,0.040360227227211,-0.15258648991584775
-0.02573738992214203,-0.04874170571565628,0.7874280810356141,0.02242608182132244,0.020608246326446533,0.0018380858236923812,0.9995343685150145,0.06783650070428848,0.08683232963085175,0.24788303673267365,0.1873723864555359,-0.20671553909778595,-0.05614537000656128,0.031004054471850395,-0.15902280807495117,-0.31650093197822565,0.2849244773387909,-0.23367540538311005,0.08715496212244035,-0.02748822793364525,-0.017444731667637825,0.1346156746149063,0.004068176727741957,0.26868245005607605,-0.7104641795158385,1.1567063331604004,0.31775468587875366,0.003690287005156279,0.1231340244412422,-0.04247761890292168,-0.17007173597812653,0.6178922653198241,1.0652382373809814,-0.16680601239204407,0.041112668812274926,-0.15302839875221252
-0.02514630928635597,-0.04837210476398468,0.7875950932502745,0.02217917144298553,0.020474907010793682,0.0016555770998820662,0.9995429515838624,0.06658278405666351,0.08785803616046906,0.24758136272430417,0.18675668537616727,-0.20434042811393735,-0.0562310703098774,0.03138183429837227,-0.15768252313137054,-0.3180016279220581,0.28227466344833374,-0.23111721873283383,0.08616749197244643,-0.02718779817223549,-0.015027858316898344,0.13418719172477722,0.0026759270112961526,0.2676769196987152,-0.7019863128662108,1.1496533155441284,0.31199854612350464,0.0011763650691136716,0.12951210141181943,-0.04004112258553505,-0.17126372456550598,0.6191010475158691,1.068114161491394,-0.16851958632469177,0.04201044514775276,-0.15405637025833127
-0.02469642832875252,-0.04799201339483261,0.7877298593521118,0.02195464074611664,0.020316895097494125,0.0015012113144621253,0.9995513558387756,0.06552048772573471,0.08889620006084442,0.24760562181472776,0.1863938421010971,-0.2026074379682541,-0.05614612251520157,0.031634967774152756,-0.1564415544271469,-0.31901222467422485,0.2800368368625641,-0.22919881343841553,0.08528222888708113,-0.027188511565327644,-0.012921588495373724,0.13391666114330292,0.0005520007107406856,0.26743462681770325,-0.6937705874443054,1.142208695411682,0.3073033690452576,-0.0013400190509855747,0.135713130235672,-0.038455523550510406,-0.1726228892803192,0.6208673119544983,1.0708067417144775,-0.16867275536060333,0.042627692222595215,-0.15551848709583282
-0.02420065924525261,-0.04741522669792175,0.7878213524818419,0.02175268530845642,0.02008442021906376,0.001366205047816038,0.9995606541633605,0.06445877254009247,0.08999525755643843,0.2479242980480194,0.18604053556919095,-0.2010657787322998,-0.05640703067183495,0.03151507303118706,-0.15523993968963623,-0.319705605506897,0.27841970324516296,-0.22776974737644196,0.08441099524497987,-0.027403993532061577,-0.011110076680779455,0.13372692465782163,-0.0021894990932196374,0.2676636278629303,-0.6857558488845825,1.1352996826171875,0.3036922812461853,-0.003473482094705105,0.14162509143352509,-0.03735421597957611,-0.17430163919925687,0.6226503252983093,1.0731213092803955,-0.1674937009811401,0.0427778996527195,-0.1568797379732132
-0.023624539375305172,-0.046724386513233185,0.7878875136375427,0.021555596962571144,0.01982208527624607,0.001298584509640932,0.9995702505111694,0.06343722343444824,0.0909641459584236,0.24852754175662997,0.1856619417667389,-0.19975122809410092,-0.056576117873191833,0.031155532225966454,-0.1542779803276062,-0.32023388147354126,0.2772817611694336,-0.2267114073038101,0.08365762233734131,-0.027789264917373657,-0.009761891327798367,0.1335764080286026,-0.0053107268176972875,0.26830056309700007,-0.6785572171211243,1.1294234991073608,0.3008835017681122,-0.005230734124779701,0.1462354212999344,-0.03645142167806625,-0.1760265082120895,0.6240153908729553,1.0749289989471436,-0.16584166884422302,0.04250016063451767,-0.1582610309123993
-0.023000717163085938,-0.04612956941127777,0.7879157662391663,0.021398823708295826,0.019488027319312092,0.0012977257138118148,0.9995802640914917,0.06230139359831809,0.09163568168878557,0.24916231632232663,0.1851467341184616,-0.1981356143951416,-0.05671480298042297,0.0304096732288599,-0.15371520817279816,-0.3209137618541717,0.27678027749061584,-0.2259315252304077,0.08333885669708253,-0.02818836271762848,-0.008830360136926174,0.13342685997486115,-0.008215279318392275,0.26924532651901245,-0.6715337038040161,1.124318480491638,0.2998741865158081,-0.0068172095343470565,0.14986468851566315,-0.03568609058856964,-0.1777748018503189,0.6240441799163817,1.076307773590088,-0.16380254924297333,0.04184487089514732,-0.15950678288936615
-0.02242050319910049,-0.045626819133758545,0.787911057472229,0.02125830389559269,0.019054574891924855,0.001385577954351902,0.9995914697647095,0.06107676401734352,0.0918552428483963,0.24974803626537323,0.18426698446273804,-0.1963723748922348,-0.05663999915122986,0.02920673415064812,-0.1535227596759796,-0.3214702308177948,0.2770167589187622,-0.22549788653850555,0.08312918990850449,-0.028372079133987423,-0.00831553339958191,0.13322116434574127,-0.010766809806227684,0.2704521417617798,-0.6649982333183289,1.1202127933502195,0.2999102473258972,-0.008266935124993324,0.15253673493862152,-0.034922122955322266,-0.1794540286064148,0.6227678656578064,1.0773468017578125,-0.16246433556079865,0.04157312214374542,-0.16064023971557617
-0.022097714245319366,-0.04511839523911476,0.7879106402397155,0.021108778193593025,0.018519552424550056,0.001475588884204626,0.99960458278656,0.05976249650120735,0.09198109060525894,0.2501862645149231,0.18304292857646945,-0.19470620155334473,-0.05666306242346764,0.028003443032503128,-0.1533956080675125,-0.32231476902961725,0.27716618776321406,-0.2250506430864334,0.08274243772029875,-0.02843940258026123,-0.008027377538383007,0.13297706842422485,-0.012913733720779417,0.27184808254241943,-0.65911865234375,1.1174081563949585,0.3005432188510895,-0.009455209597945213,0.15464681386947632,-0.034328948706388474,-0.1808757036924362,0.6202616691589355,1.0781137943267822,-0.16092512011528015,0.04193782806396484,-0.16188910603523254
-0.022061754018068317,-0.04468214511871338,0.7879346013069152,0.02105753682553768,0.018004044890403748,0.0015819915570318699,0.9996148943901062,0.05898385122418404,0.09196874499320985,0.2504775524139404,0.18135505914688113,-0.19308404624462128,-0.057033233344554894,0.026820402592420575,-0.15317435562610626,-0.32251432538032526,0.27734410762786865,-0.22466115653514865,0.08225806802511214,-0.02816745452582836,-0.00796577613800764,0.13299903273582458,-0.014170444570481775,0.27311864495277405,-0.6536262035369873,1.1156522035598755,0.3006587624549866,-0.01055472996085882,0.15666422247886655,-0.033919014036655426,-0.1821216344833374,0.61729496717453,1.0789201259613037,-0.15938134491443634,0.04280444234609604,-0.16311700642108917
-0.02226842939853668,-0.04429545253515244,0.7879902720451355,0.021016720682382584,0.017473120242357254,0.0017216068226844072,0.9996249675750732,0.058492653071880334,0.09183625876903534,0.2506360113620758,0.17931391298770905,-0.1917359083890915,-0.057927992194890976,0.025685781612992287,-0.15298447012901306,-0.3226630985736847,0.2773333191871643,-0.2245321422815323,0.08174954354763031,-0.027669595554471012,-0.008132416754961012,0.13311748206615448,-0.015188029035925863,0.27429941296577454,-0.6495787501335144,1.1149861812591553,0.30076256394386286,-0.011661646887660027,0.15810096263885498,-0.03332271799445152,-0.1831975132226944,0.614574670791626,1.079564094543457,-0.1570681482553482,0.04330239817500114,-0.16453756392002103
-0.02255073934793472,-0.04394956678152084,0.7880377769470215,0.02097666449844837,0.016941411420702934,0.0018973358673974872,0.9996346235275267,0.05795314535498619,0.09172961860895155,0.2510969638824463,0.17748130857944489,-0.19061985611915588,-0.058554865419864655,0.02452162094414234,-0.15285246074199677,-0.32287487387657166,0.27719274163246155,-0.22449739277362823,0.08127473294734953,-0.0271584615111351,-0.00853879377245903,0.13316147029399872,-0.015614167787134647,0.275314062833786,-0.6463104486465454,1.1153985261917114,0.3006035387516022,-0.012653194367885588,0.15891589224338531,-0.032555319368839264,-0.1841799765825272,0.6116513013839722,1.07996928691864,-0.1544206142425537,0.04379449784755706,-0.16608580946922302
-0.022839687764644623,-0.043612543493509286,0.7880521416664124,0.02091667614877224,0.016401903703808784,0.0020735394209623337,0.9996445178985597,0.05707297846674919,0.09163343161344528,0.2513693869113922,0.17637974023818967,-0.18963676691055295,-0.058860115706920624,0.02339555136859417,-0.15278199315071103,-0.3230358362197876,0.2768261730670929,-0.22454167902469635,0.08105554431676865,-0.02677276916801929,-0.009117064997553824,0.132944256067276,-0.015436474233865736,0.2758603096008301,-0.6430054903030396,1.1166999340057373,0.3008294403553009,-0.013168678618967531,0.1589832901954651,-0.03198305144906044,-0.1850079894065857,0.6092168688774109,1.080054759979248,-0.15206551551818848,0.044308774173259735,-0.1675566732883453
-0.023075796663761135,-0.04328930750489234,0.7880447506904602,0.02072233520448208,0.01590830087661743,0.002228079829365015,0.9996562004089357,0.056148067116737366,0.09143378585577011,0.2509634494781494,0.17562249302864075,-0.18858817219734192,-0.05897686257958412,0.02277425490319729,-0.15281766653060913,-0.32372573018074036,0.2761940360069275,-0.22453616559505463,0.08111138641834259,-0.026717517524957657,-0.009764540009200575,0.1324578672647476,-0.014813331887125967,0.27596884965896606,-0.6399797201156616,1.1183180809020996,0.30108034610748285,-0.013661405071616173,0.15872223675251007,-0.031807899475097656,-0.18563267588615415,0.607858180999756,1.0795780420303345,-0.15030065178871155,0.044579945504665375,-0.16885685920715332
-0.023302223533391953,-0.04305398091673851,0.7880515456199646,0.020446529611945152,0.015446743927896023,0.002349180867895484,0.999668836593628,0.05526766553521156,0.09123553335666656,0.2501860558986664,0.17531165480613708,-0.1878329366445541,-0.05894334241747856,0.02257630415260792,-0.152796670794487,-0.32453253865242004,0.2755691409111023,-0.224658727645874,0.08127025514841078,-0.026843234896659848,-0.010430697351694109,0.1317688673734665,-0.013999039307236671,0.2757055163383484,-0.6377763152122498,1.1199311017990112,0.29979878664016724,-0.014070864766836166,0.15856893360614777,-0.03196628764271736,-0.1861039996147156,0.6075671315193176,1.078535556793213,-0.14868558943271637,0.044612932950258255,-0.1703939139842987
-0.023627713322639465,-0.04291918873786926,0.7880709171295166,0.02008759416639805,0.015097249299287796,0.0024861486162990327,0.9996811151504515,0.05490312352776528,0.09098441153764723,0.2492153346538544,0.17509113252162933,-0.18738307058811188,-0.05907684564590454,0.022952472791075703,-0.15284761786460876,-0.3253922760486603,0.2750083804130554,-0.22506423294544217,0.08160473406314851,-0.02685584127902985,-0.011136635206639767,0.13122877478599548,-0.01374134048819542,0.27510708570480347,-0.6376281380653381,1.1217451095581055,0.2981305420398712,-0.014657202176749706,0.15777450799942017,-0.03252032771706581,-0.1865719556808472,0.60921311378479,1.0772504806518555,-0.14796271920204163,0.04408175870776176,-0.17137721180915833
-0.024024982005357742,-0.04274340718984604,0.788090169429779,0.01969309523701668,0.01484152115881443,0.0026209135539829727,0.9996924400329588,0.054981332272291183,0.09082929790019988,0.24862268567085263,0.17488598823547363,-0.1873619258403778,-0.05907057598233223,0.023688660934567448,-0.15287727117538452,-0.3259712755680084,0.27461889386177063,-0.2255356311798096,0.08172899484634398,-0.026486769318580627,-0.011756461113691328,0.13094009459018707,-0.013696887530386448,0.2743328511714936,-0.6388523578643799,1.1235218048095703,0.2966705560684204,-0.01535613276064396,0.15669763088226318,-0.033611223101615906,-0.18703196942806244,0.6122701168060303,1.0763027667999268,-0.1486133188009262,0.0432329997420311,-0.17177128791809082
-0.024473994970321652,-0.04251197725534439,0.7881325483322142,0.01933280378580093,0.014691343531012537,0.002770440420135856,0.9997013211250304,0.05531355366110802,0.09063892066478728,0.24794876575469968,0.17475439608097076,-0.18763054907321927,-0.05894409120082855,0.024440541863441467,-0.15301614999771118,-0.32654500007629395,0.27473002672195435,-0.2260391265153885,0.08195342123508453,-0.0257609523832798,-0.01222124695777893,0.13073958456516263,-0.013654770329594612,0.2736515700817108,-0.6413716673851013,1.1249104738235471,0.29664140939712524,-0.016124647110700607,0.15583199262619019,-0.03532041981816292,-0.1874342113733292,0.6160040497779846,1.076169729232788,-0.15082113444805145,0.04279979318380356,-0.1717146784067154
-0.024978607892990112,-0.04233905673027039,0.7881638407707214,0.018942164257168766,0.014612678438425064,0.002866728464141488,0.9997096657752991,0.05571818724274635,0.09062354266643523,0.2471623867750168,0.1746838539838791,-0.18793636560440063,-0.05909927934408188,0.025291768833994865,-0.1531069278717041,-0.32742923498153687,0.27469855546951294,-0.2264166474342346,0.08219509571790694,-0.02484874054789543,-0.012355860322713852,0.130573108792305,-0.013342421501874924,0.27298229932785034,-0.6439217925071716,1.1259539127349851,0.29696768522262573,-0.016697274520993233,0.1555151492357254,-0.03741637244820594,-0.18783375620841977,0.6205983757972717,1.0762839317321775,-0.1536468118429184,0.04256155341863632,-0.1714207828044891
-0.025559511035680767,-0.04228829964995384,0.788184404373169,0.018542999401688572,0.014558308757841589,0.0029498948715627198,0.9997177124023436,0.05603126809000969,0.09065417945384979,0.2468194216489792,0.1744768917560577,-0.18793249130249023,-0.059468377381563194,0.025932567194104195,-0.15326109528541565,-0.328345000743866,0.27461043000221247,-0.22671008110046384,0.08273342251777649,-0.023725153878331184,-0.012154614552855492,0.13037051260471344,-0.013057786040008068,0.2723134458065033,-0.6466946601867676,1.1263729333877563,0.2971445322036743,-0.017607634887099266,0.1552635282278061,-0.0395795963704586,-0.18817415833473203,0.626179575920105,1.0765835046768188,-0.15651673078536987,0.042268503457307816,-0.1709870547056198
-0.02617784589529037,-0.042347773909568794,0.788184106349945,0.018072849139571186,0.014490855857729912,0.0030451014172285795,0.9997270107269288,0.05630328133702278,0.09055174887180328,0.2465943396091461,0.17399638891220093,-0.18765939772129056,-0.05982403084635735,0.02644667774438858,-0.1533859372138977,-0.3292289972305298,0.2740800082683563,-0.22666336596012115,0.08337142318487166,-0.022621966898441315,-0.011819525621831415,0.1301763653755188,-0.013032581657171248,0.2716309428215027,-0.6494876146316528,1.1258258819580078,0.29674503207206726,-0.018033435568213463,0.15484580397605896,-0.04152810201048851,-0.1883043795824051,0.6327252388000488,1.0770225524902344,-0.1590047925710678,0.041449908167123795,-0.17079414427280426
-0.026799309998750687,-0.042418241500854485,0.7881760001182557,0.01750802993774414,0.014348414726555347,0.003125861519947648,0.999738872051239,0.05643259733915329,0.09040459245443344,0.24624505639076233,0.1732245832681656,-0.18718282878398892,-0.06035104766488075,0.027074720710515972,-0.15336117148399353,-0.33043065667152405,0.27302849292755127,-0.22647181153297424,0.08393729478120804,-0.021684372797608372,-0.01142290886491537,0.12995710968971252,-0.01319549698382616,0.27114564180374146,-0.6522842645645142,1.124820590019226,0.29633283615112305,-0.018030066043138504,0.15431909263134003,-0.043572049587965005,-0.18812516331672668,0.6397749781608582,1.077455759048462,-0.16140136122703552,0.040539737790822976,-0.17076499760150907
-0.027538862079381943,-0.04241354763507843,0.7881745100021361,0.016884224489331245,0.014162123203277588,0.0031942930072546005,0.9997520446777344,0.05680679902434349,0.0901779979467392,0.24556314945220947,0.1717519611120224,-0.18651936948299408,-0.06098724901676177,0.02792559750378132,-0.15321359038352966,-0.33176013827323914,0.27146053314208984,-0.22606767714023593,0.08436357975006102,-0.0208028145134449,-0.010965030640363692,0.12984025478363037,-0.013565643690526484,0.27076396346092224,-0.6551415920257568,1.1235448122024536,0.2966979146003723,-0.01807709038257599,0.15406738221645355,-0.045442014932632446,-0.18786884844303128,0.6469303369522095,1.077566623687744,-0.1641457974910736,0.03947900235652924,-0.1702752411365509
-0.028330229222774506,-0.04228268563747407,0.7881740331649779,0.016046974807977676,0.013885539025068285,0.0032144628930836916,0.999769687652588,0.05667649209499359,0.09011957794427872,0.244526281952858,0.17055000364780426,-0.18604804575443268,-0.06154235452413559,0.029047807678580284,-0.15291802585124967,-0.3334665894508362,0.26938027143478394,-0.22568057477474207,0.08425437659025192,-0.020004644989967343,-0.010396502912044523,0.1296751499176025,-0.01429000124335289,0.2704896926879883,-0.6579706072807312,1.1221024990081787,0.2968113124370575,-0.01840910874307156,0.1545877307653427,-0.04723944142460823,-0.18748964369297028,0.654351532459259,1.0775548219680786,-0.1672714203596115,0.03871665149927139,-0.16947750747203827
-0.028944663703441616,-0.04196753352880478,0.7881688475608826,0.015172610059380531,0.013586897403001784,0.0032053668983280654,0.9997874498367308,0.05629226565361023,0.09017808735370639,0.24348807334899905,0.1693812757730484,-0.18560971319675443,-0.06225338950753212,0.030176734551787376,-0.15253707766532895,-0.3351261019706726,0.26727071404457087,-0.22530044615268707,0.08416523784399033,-0.01932062581181526,-0.009793417528271677,0.1296628564596176,-0.01542176492512226,0.27015003561973566,-0.6605557203292847,1.120544672012329,0.2964856326580048,-0.01859241165220737,0.15591824054718015,-0.04905485734343529,-0.18677292764186856,0.6616989970207214,1.0782853364944458,-0.16965703666210175,0.03811442479491234,-0.16874046623706815
-0.02931370958685875,-0.04164018109440804,0.7881801724433899,0.014338578097522259,0.013203280977904797,0.00313524971716106,0.9998050928115844,0.05525539815425873,0.09038507938385008,0.24234265089035037,0.16866636276245117,-0.18496863543987277,-0.06292304396629332,0.030916916206479073,-0.1519692838191986,-0.3365681767463684,0.2653550207614898,-0.2249812483787537,0.08393405377864836,-0.01872044987976551,-0.009095927700400352,0.1294555366039276,-0.016419148072600365,0.26970225572586054,-0.6630675792694092,1.1192390918731687,0.2965078949928284,-0.018927885219454765,0.1573036164045334,-0.05096862465143204,-0.18555808067321777,0.6694911718368529,1.0802593231201172,-0.17168760299682617,0.03729183971881866,-0.16810594499111176
-0.02953154966235161,-0.04142608493566513,0.7882161736488342,0.0137052983045578,0.012774614617228508,0.0030462516006082296,0.9998198151588441,0.05421585217118263,0.09063561260700224,0.24147480726242063,0.1679144948720932,-0.18396052718162537,-0.06350846588611603,0.031142016872763637,-0.15124574303627014,-0.33737948536872864,0.2637978792190552,-0.22444613277912137,0.08383728563785553,-0.01790541596710682,-0.008386272937059402,0.12908676266670227,-0.016820628196001053,0.26905494928359985,-0.6656478047370912,1.1181384325027464,0.2975067496299744,-0.019036937505006794,0.15836139023303983,-0.053010884672403336,-0.1840153932571411,0.677631676197052,1.0832130908966064,-0.17411725223064423,0.03635099157691002,-0.1675201803445816
-0.029691960662603375,-0.041378505527973175,0.788260281085968,0.013267308473587036,0.012347761541604996,0.0029488555155694485,0.9998313784599304,0.053343631327152245,0.09088526666164398,0.2407120913267136,0.16717705130577087,-0.18295088410377505,-0.0639442503452301,0.031129617244005203,-0.15040941536426544,-0.33801281452178955,0.2623739242553711,-0.22379976511001584,0.08366309851408003,-0.01700274832546711,-0.007694921921938658,0.12871520221233368,-0.01721358112990856,0.26855263113975525,-0.6687909364700316,1.117471933364868,0.3001668155193329,-0.018918016925454136,0.15885967016220093,-0.05508280172944069,-0.18233577907085416,0.685454249382019,1.0865710973739624,-0.17821434140205383,0.03581833466887474,-0.1668214648962021
-0.029823288321495056,-0.04149272665381432,0.7882859110832214,0.012973462231457232,0.011959378607571123,0.002856539096683264,0.999840259552002,0.0527941957116127,0.09121033549308778,0.24033293128013608,0.166072279214859,-0.18176184594631195,-0.06440280377864838,0.031091881915926933,-0.14946991205215454,-0.3383484184741974,0.2607790231704712,-0.2229117900133133,0.08345942199230194,-0.016063028946518898,-0.007084076292812824,0.1284368932247162,-0.017647715285420414,0.26809757947921753,-0.6720485091209412,1.1173107624053955,0.3037108778953552,-0.01881246082484722,0.15885967016220093,-0.0571366623044014,-0.18060621619224548,0.6923506855964661,1.089594841003418,-0.18266186118125916,0.036031849682331085,-0.16592466831207275
-0.0298980213701725,-0.041651345789432526,0.788295567035675,0.012796493247151375,0.011662171222269537,0.0027531429659575224,0.9998462796211242,0.05274545773863792,0.09171336889266968,0.24036805331707,0.16467827558517456,-0.18076692521572116,-0.06499430537223816,0.03128279373049736,-0.14845743775367737,-0.3387596607208252,0.2588998079299927,-0.2217782139778137,0.08327294141054153,-0.01543477550148964,-0.0066117742098867885,0.1283450871706009,-0.018039051443338398,0.26758548617362976,-0.6757670044898987,1.1178518533706665,0.306769460439682,-0.018620273098349568,0.15866324305534363,-0.05899086967110634,-0.1788605898618698,0.6983162760734558,1.0920239686965942,-0.1865253299474716,0.03626707568764687,-0.1650876551866531
-0.029903706163167957,-0.04175489768385887,0.7882646322250366,0.012728601694107056,0.011392698623239994,0.002660712227225304,0.9998505711555482,0.0527830608189106,0.0922469049692154,0.24055080115795133,0.1632978618144989,-0.18006092309951782,-0.06577260047197342,0.03116730973124504,-0.14748238027095795,-0.3389584422111511,0.25728031992912287,-0.22075147926807404,0.08308009803295134,-0.015150875784456728,-0.006242552772164345,0.12828557193279266,-0.018076647073030472,0.26700326800346375,-0.6796339154243469,1.1189000606536863,0.3083355128765106,-0.018689217045903202,0.15863320231437683,-0.06071002408862113,-0.17731651663780212,0.7028260827064513,1.0937224626541135,-0.1890236139297485,0.036203600466251366,-0.16456684470176697
-0.02986765280365944,-0.041723288595676415,0.7882050275802611,0.012708519585430622,0.011111157946288584,0.0025570145808160305,0.999854266643524,0.0527319610118866,0.09287367761135101,0.2409261614084244,0.16216982901096344,-0.17976686358451843,-0.06674472242593765,0.03085019811987877,-0.1466238796710968,-0.3391983211040497,0.2559882402420044,-0.21997474133968356,0.0830003097653389,-0.015268709510564804,-0.005947141908109188,0.12815184891223907,-0.017950978130102158,0.2666260898113251,-0.6843468546867371,1.1202223300933836,0.308176189661026,-0.019137043505907055,0.15829439461231232,-0.062156520783901215,-0.17614056169986725,0.705946147441864,1.0948250293731687,-0.19006760418415067,0.0356353223323822,-0.16441597044467926
-0.029825672507286072,-0.04151860624551773,0.7881243228912354,0.012797122821211813,0.010828467085957527,0.0024978937581181526,0.9998563528060912,0.052523717284202576,0.09345518797636032,0.24163642525672913,0.16128934919834137,-0.179461732506752,-0.06742814183235168,0.030363241210579872,-0.14595110714435575,-0.3391474485397339,0.25516277551651,-0.21976670622825625,0.08301784098148347,-0.015655597671866417,-0.005825982429087162,0.1278678923845291,-0.017504144459962845,0.2662111520767212,-0.6888806223869324,1.1215879917144775,0.3068913519382477,-0.01948114112019539,0.15740846097469327,-0.06338241696357727,-0.17542526125907895,0.7076277732849121,1.0952309370040891,-0.19104655086994168,0.03481927514076233,-0.164869025349617
-0.029863551259040833,-0.0412198081612587,0.7880639433860778,0.012948709540069103,0.010596370324492455,0.002504691015928984,0.9998568892478944,0.05237233638763428,0.09380451589822768,0.24249665439128876,0.16060243546962738,-0.1791149526834488,-0.06773221492767334,0.030053377151489254,-0.1454901546239853,-0.339006245136261,0.2546241879463196,-0.2201197445392609,0.08341795206069946,-0.016473205760121346,-0.005863186437636614,0.1273636817932129,-0.01670927181839943,0.26574021577835083,-0.692888081073761,1.122909665107727,0.3057208359241485,-0.01966865174472332,0.1561712771654129,-0.06438745558261871,-0.17504841089248657,0.7073891162872313,1.095353126525879,-0.1916655600070953,0.03419831395149231,-0.16601139307022095
-0.0300610326230526,-0.04100624471902847,0.7880466580390929,0.013149364851415156,0.010436167940497398,0.0025118717458099127,0.9998558759689331,0.052363920956850045,0.09410156309604643,0.24349667131900787,0.16023790836334229,-0.1789671778678894,-0.06789708137512207,0.03028207831084728,-0.14500437676906583,-0.33858078718185425,0.2539560794830322,-0.2204560935497284,0.08388533443212509,-0.017443854361772537,-0.005835083778947592,0.12662942707538605,-0.01612960919737816,0.2651754319667816,-0.6960573792457581,1.1243497133255005,0.30487796664237976,-0.019405974075198174,0.15428224205970764,-0.06510423868894577,-0.17491199076175687,0.7058801054954529,1.0953261852264404,-0.19159492850303647,0.033647507429122925,-0.16757354140281677
-0.030499629676342007,-0.04089444875717163,0.7880422472953795,0.013362572528421879,0.010372405871748924,0.002472085878252983,0.9998538494110109,0.05246271193027496,0.09446243196725843,0.24449077248573303,0.16033093631267548,-0.17921902239322662,-0.06792894750833511,0.030925026163458824,-0.14436885714530945,-0.33765479922294617,0.25304579734802246,-0.22049595415592196,0.08435184508562088,-0.018418367952108383,-0.005585684906691313,0.1257451623678207,-0.015665916725993156,0.26447802782058716,-0.6983948349952698,1.125878095626831,0.3047837018966675,-0.018870860338211056,0.152046799659729,-0.06546717882156372,-0.17478203773498535,0.7029168009757996,1.09540057182312,-0.19034235179424283,0.033293552696704865,-0.16892340779304504
-0.031026098877191544,-0.04078957438468933,0.7880148291587828,0.013570079579949377,0.010297265835106373,0.002405918436124921,0.9998520016670227,0.052573151886463165,0.09484326839447021,0.24558486044406888,0.16048008203506467,-0.1797289103269577,-0.0677727460861206,0.031673312187194824,-0.14370800554752347,-0.3365038931369781,0.25205859541893005,-0.2203003168106079,0.08443031460046768,-0.019353993237018585,-0.0050922203809022895,0.12469232827425004,-0.015499066561460497,0.2638213336467743,-0.7004457712173462,1.1270618438720703,0.30550333857536316,-0.01837543584406376,0.1499115228652954,-0.06516522169113159,-0.17478559911251068,0.6995998620986937,1.0958248376846311,-0.18817771971225736,0.03304271399974823,-0.16971382498741147
-0.03138492628931999,-0.04056237265467644,0.787993013858795,0.013761237263679504,0.01021177414804697,0.00232753437012434,0.9998504519462584,0.05286620557308197,0.09513071179389952,0.2463601976633072,0.16032634675502777,-0.18022398650646207,-0.06758974492549896,0.03246035799384117,-0.14312201738357544,-0.33558630943298334,0.25102922320365906,-0.21999156475067136,0.08451308310031891,-0.020241521298885345,-0.00438742246478796,0.12353616952896118,-0.01543988473713398,0.2629726827144623,-0.701992928981781,1.128075122833252,0.3073281049728393,-0.01817181706428528,0.14826218783855438,-0.06416843086481094,-0.17508888244628906,0.6962721347808838,1.0966711044311523,-0.18577319383621213,0.03273691236972809,-0.17007918655872345
-0.03156993165612221,-0.04024582356214523,0.7879765629768372,0.01387355662882328,0.01008005067706108,0.002303090412169695,0.999850332736969,0.05318275466561317,0.09513582289218903,0.246476411819458,0.15992926061153412,-0.180351197719574,-0.06740018725395203,0.03306830674409866,-0.14280326664447784,-0.33482116460800165,0.2501251697540283,-0.21963734924793243,0.08465050160884857,-0.021103460341691967,-0.0036419578827917576,0.12226106971502304,-0.015299797989428043,0.2619693577289581,-0.7029404044151306,1.1289994716644287,0.30882501602172846,-0.018219737336039543,0.14793775975704193,-0.06288985162973404,-0.1756693720817566,0.6927520036697388,1.0979188680648804,-0.18445858359336853,0.032630838453769684,-0.17039449512958527
-0.031684551388025284,-0.04005524516105652,0.7879209518432617,0.013838661834597588,0.009892806410789488,0.0023257590364664797,0.9998525977134703,0.05340694636106491,0.09485470503568648,0.24604851007461548,0.15939050912857056,-0.1801446229219437,-0.06730674207210541,0.033356066793203354,-0.14283505082130432,-0.3345618546009064,0.24952581524848935,-0.2194533497095108,0.08468689769506454,-0.02189014665782452,-0.0028742176946252584,0.12097162008285522,-0.014987810514867304,0.2610461711883545,-0.7035754919052124,1.1295617818832395,0.30936646461486816,-0.018495557829737663,0.14821593463420868,-0.06157113239169121,-0.17626671493053436,0.6892237067222595,1.0992200374603271,-0.18406106531620023,0.03291774168610573,-0.17067588865756989
-0.0318380631506443,-0.04007389023900032,0.787869095802307,0.01376299001276493,0.009666293859481812,0.0023773158900439735,0.9998556971549987,0.05355149507522583,0.09448934346437454,0.24585913121700287,0.15870913863182068,-0.17982393503189087,-0.06722885370254517,0.03324485570192337,-0.14308778941631317,-0.3346281945705414,0.24909967184066767,-0.21942730247974396,0.08486711978912354,-0.022384583950042725,-0.0020757457241415977,0.11976995319128036,-0.014720276929438114,0.2604430019855499,-0.7040644884109497,1.1297225952148435,0.309101402759552,-0.019077373668551445,0.14865855872631073,-0.0604010671377182,-0.1768636256456375,0.6861186027526855,1.1006200313568115,-0.1848389357328415,0.033562131226062775,-0.1706693023443222
-0.03202799707651138,-0.04020543023943901,0.7878599762916565,0.01367029082030058,0.00940511841326952,0.002429380780085921,0.99985933303833,0.05375358089804649,0.09418507665395735,0.2462991178035736,0.15775611996650696,-0.17949555814266205,-0.06718755513429642,0.03314106538891792,-0.1434401422739029,-0.33524706959724426,0.2484595328569412,-0.2193346470594406,0.08521220088005067,-0.022736072540283203,-0.0013130054576322436,0.1186428889632225,-0.014747314155101776,0.25999826192855835,-0.7044035196304321,1.1299355030059814,0.3078652322292328,-0.02007168158888817,0.14879292249679563,-0.05931491777300835,-0.1773586869239807,0.6837113499641417,1.10168719291687,-0.18601547181606287,0.03390304744243622,-0.17024648189544675
-0.03225230798125267,-0.040290981531143195,0.7878824472427368,0.013611976988613604,0.009101395495235922,0.002480593742802739,0.9998628497123718,0.053915306925773614,0.09386662393808365,0.24706079065799716,0.15674343705177307,-0.1795547753572464,-0.06700176745653152,0.0329553447663784,-0.1438414603471756,-0.33610501885414124,0.24799232184886927,-0.21921189129352567,0.08563775569200516,-0.023016760125756264,-0.0006222397787496448,0.11763089895248412,-0.0148899108171463,0.25971660017967224,-0.7049601674079895,1.1304314136505127,0.3050405979156494,-0.021166186779737473,0.14912711083889008,-0.05850881338119506,-0.17782309651374817,0.6822440028190613,1.1022870540618896,-0.18761850893497467,0.034045442938804626,-0.16953307390213013
-0.03257789835333824,-0.04030695185065269,0.7878945469856262,0.013606480322778223,0.008760294876992702,0.002551456680521369,0.9998657703399657,0.05396978184580802,0.09355461597442627,0.24789051711559293,0.15589389204978943,-0.17970603704452515,-0.06680889427661896,0.03283660113811493,-0.14436547458171844,-0.3368386924266815,0.24772097170352933,-0.21912287175655365,0.08612940460443495,-0.02331075258553028,-4.044338129460812e-05,0.1167377233505249,-0.015242237597703932,0.2595973014831543,-0.7054277062416077,1.1312386989593504,0.3023459017276764,-0.021805329248309132,0.14928272366523743,-0.05808759480714797,-0.178365558385849,0.6817268133163452,1.1022409200668335,-0.18839165568351743,0.033949170261621475,-0.16885995864868164
-0.032916389405727386,-0.04029904678463936,0.7878859639167786,0.013576941564679144,0.008375886827707289,0.0026236679404973984,0.9998692870140077,0.053870610892772675,0.09314294904470445,0.24826517701148984,0.15498162806034088,-0.17985044419765472,-0.06677795946598053,0.03265619277954101,-0.14492107927799225,-0.33754271268844604,0.24751126766204837,-0.21898669004440308,0.08657273650169373,-0.0236770361661911,0.000386830244679004,0.1157936081290245,-0.015771398320794106,0.25964251160621643,-0.7059020400047302,1.1321300268173216,0.3002748489379883,-0.021852968260645863,0.1494864970445633,-0.057907290756702416,-0.17890623211860657,0.6817502379417419,1.1019660234451292,-0.18814685940742487,0.03378846123814583,-0.1686972677707672
-0.033111125230789185,-0.04035838693380356,0.7878988385200499,0.013493413105607033,0.008052694611251354,0.002702861558645964,0.9998728632926942,0.05387178063392639,0.09262020140886305,0.24829930067062375,0.15411506593227386,-0.17981718480587003,-0.06703204661607742,0.032608307898044586,-0.145353302359581,-0.33795914053916926,0.24700662493705747,-0.21874178946018216,0.08716144412755966,-0.024199964478611943,0.0006640449864789844,0.11484526097774504,-0.016292370855808258,0.2595464885234833,-0.7058888077735901,1.1327605247497559,0.29952311515808105,-0.021519735455513,0.14933878183364868,-0.05782710760831833,-0.17929957807064056,0.6822947859764099,1.101861834526062,-0.18709716200828552,0.033453866839408875,-0.1694069355726242
-0.03319193050265312,-0.0404650866985321,0.787904679775238,0.013273745775222778,0.007773735560476781,0.002756409114226699,0.9998778700828552,0.05386815220117569,0.09206488728523254,0.2478821724653244,0.15341615676879883,-0.1796467751264572,-0.06724197417497635,0.03281095996499061,-0.1456851363182068,-0.3385506570339203,0.2461557388305664,-0.21856799721717837,0.08798381686210632,-0.024754410609602928,0.0010118539212271571,0.11382979154586792,-0.016570132225751877,0.2590929567813873,-0.7053573131561279,1.1333725452423096,0.2991057336330414,-0.021420283243060112,0.1492859572172165,-0.05763352289795876,-0.17947760224342346,0.6832658648490906,1.1021718978881836,-0.18470537662506104,0.033001188188791275,-0.17054975032806396
-0.033271171152591705,-0.04049227386713028,0.7878939509391784,0.012935134582221508,0.0075245052576065055,0.0028008569497615095,0.9998841285705566,0.053686678409576416,0.0914655029773712,0.247000515460968,0.15334197878837583,-0.17960651218891144,-0.06721808016300201,0.03322409838438034,-0.1459492594003677,-0.3388628661632538,0.24527147412300107,-0.218410387635231,0.08877809345722198,-0.02517616376280785,0.0013869885588064788,0.11297858506441116,-0.017023734748363495,0.2584335505962372,-0.7049328088760376,1.1342211961746216,0.29873594641685486,-0.021518560126423836,0.14966945350170135,-0.05734577402472496,-0.1795530468225479,0.683628499507904,1.1026270389556885,-0.18200653791427607,0.03221743181347847,-0.17183227837085724
-0.03339986875653267,-0.04039854556322098,0.7878676652908325,0.012549647130072117,0.007260671816766262,0.002826406853273511,0.9998908638954161,0.05363096296787261,0.09093300253152849,0.2460714727640152,0.15331627428531647,-0.17952784895896912,-0.06705126166343689,0.03382525593042374,-0.1462114006280899,-0.3393805921077728,0.24456331133842468,-0.218354731798172,0.08919507265090942,-0.02535518817603588,0.001778426580131054,0.11214208602905272,-0.01742124930024147,0.257571280002594,-0.7037275433540344,1.1351740360260008,0.2984069883823395,-0.02156699448823929,0.15004020929336548,-0.05715690925717354,-0.17959971725940704,0.6829949617385864,1.1026593446731567,-0.179655984044075,0.03144108131527901,-0.17270503938198087
-0.033576030284166336,-0.04016624018549919,0.7878531217575073,0.01225072331726551,0.006971129216253757,0.002860408741980791,0.9998965859413147,0.053614076226949685,0.09052473306655885,0.24561549723148343,0.15330693125724792,-0.17956374585628507,-0.06679804623126984,0.034221161156892776,-0.14659537374973297,-0.3399224281311035,0.24440640211105344,-0.2185693085193634,0.08958023041486739,-0.025346416980028152,0.002177245682105422,0.11137475073337554,-0.017849816009402275,0.2567638754844665,-0.703025758266449,1.1360026597976685,0.2984958589076996,-0.0215693823993206,0.14997102320194244,-0.057189859449863434,-0.17963147163391113,0.681524395942688,1.10254967212677,-0.17862831056118011,0.030837696045637127,-0.17301659286022186
-0.033775325864553445,-0.03986806422472,0.7878437638282775,0.012051116675138472,0.006694107782095672,0.0029102996923029423,0.9999007582664488,0.053783081471920006,0.09018781036138535,0.2456816732883453,0.1530914306640625,-0.17980432510375977,-0.06657540053129196,0.03445883467793465,-0.14705973863601685,-0.34055712819099426,0.24465128779411316,-0.21906013786792755,0.0898130014538765,-0.025259716436266896,0.002567961812019348,0.11070591211318968,-0.01844340749084949,0.2560714781284332,-0.7031987309455872,1.1367037296295166,0.29898956418037415,-0.021632911637425423,0.14962762594223022,-0.0571586787700653,-0.17974179983139038,0.6802095770835876,1.1026359796524048,-0.17933903634548187,0.030509378761053085,-0.17295433580875397
-0.03391113877296448,-0.039570882916450494,0.7878199815750122,0.011862956918776035,0.0063927192240953445,0.002974241273477673,0.9999047517776488,0.05381184071302414,0.0898495465517044,0.2458477169275284,0.1528705656528473,-0.18023581802845,-0.06654137372970581,0.03441406041383743,-0.14759290218353271,-0.34103512763977045,0.2452384978532791,-0.2198012173175812,0.09002678841352463,-0.02509697340428829,0.002895088167861104,0.11015894263982771,-0.018957328051328656,0.2552850544452667,-0.703933835029602,1.1375024318695068,0.2996797263622284,-0.021657327190041546,0.1491653472185135,-0.05715690180659294,-0.17997637391090393,0.6794194579124451,1.1028122901916504,-0.18004831671714783,0.030355459079146385,-0.17303679883480072
-0.033979400992393494,-0.039335574954748154,0.7877759337425232,0.01165470853447914,0.006075247656553984,0.003051321255043149,0.999908983707428,0.05352772772312164,0.08952364325523376,0.24578693509101868,0.1528008133172989,-0.18083956837654117,-0.06677349656820297,0.03447335213422775,-0.14819033443927765,-0.3418542146682739,0.2457444816827774,-0.22049568593502045,0.09021504968404769,-0.02482284791767597,0.003066374221816659,0.10974328219890594,-0.01946506090462208,0.2545454800128937,-0.7055011987686157,1.1383377313613892,0.3004873394966125,-0.022297320887446404,0.1489344537258148,-0.05739365518093109,-0.1802365928888321,0.6790565252304077,1.1031746864318848,-0.181001216173172,0.03035915642976761,-0.1733442097902298
-0.034007832407951355,-0.0392034724354744,0.787710666656494,0.011378725990653038,0.005775437690317631,0.0031410895753651857,0.9999136328697203,0.05296875163912773,0.08915003389120102,0.24543538689613345,0.15306523442268372,-0.18144662678241727,-0.0669330433011055,0.034464094787836075,-0.1487756073474884,-0.34286901354789734,0.24612100422382355,-0.22092129290103912,0.09053894877433775,-0.02466016449034214,0.0030501752626150846,0.10940942168235777,-0.01975414343178272,0.253816157579422,-0.706785261631012,1.1387368440628052,0.30167385935783386,-0.023280335590243336,0.14862683415412903,-0.05805908143520355,-0.1805487424135208,0.6788948178291321,1.1033356189727783,-0.1816959381103516,0.0301212128251791,-0.1741422414779663
-0.03412216901779175,-0.03913602977991104,0.7876346707344054,0.011149358004331589,0.005484693683683872,0.003203385276719928,0.9999176263809203,0.052519746124744415,0.0887947380542755,0.24509912729263303,0.153285413980484,-0.18196213245391843,-0.06711587309837341,0.03441467508673668,-0.14920243620872495,-0.3440473675727844,0.24632309377193448,-0.22123357653617856,0.0908711329102516,-0.024273451417684555,0.00297967460937798,0.10917127877473833,-0.020044077187776566,0.2531845569610596,-0.7077572941780089,1.1387152671813965,0.3023805320262909,-0.024364199489355087,0.14845234155654907,-0.059120889753103256,-0.18105183541774747,0.678829550743103,1.103627562522888,-0.18252684175968167,0.029793260619044304,-0.17487081885337827
-0.03438887745141983,-0.039104048162698746,0.7875412702560426,0.010866938158869743,0.005137233529239893,0.003258458571508527,0.9999223947525024,0.0519469678401947,0.08847016841173173,0.2447751313447952,0.15360474586486816,-0.18261682987213132,-0.06733551621437073,0.03476937860250473,-0.14952532947063446,-0.34526675939559937,0.24599227309226987,-0.22137784957885745,0.09131342917680739,-0.023865913972258568,0.002848445437848568,0.10889966785907744,-0.020483149215579033,0.2525549530982971,-0.7085348963737488,1.1386369466781616,0.30197179317474365,-0.02512042410671711,0.14857028424739835,-0.06070885062217712,-0.18179151415824887,0.6784582734107971,1.1040176153182983,-0.18365757167339325,0.02980322204530239,-0.1757631003856659
-0.03474236652255058,-0.03906700387597084,0.7874832153320312,0.010656691156327724,0.004820635542273521,0.003334690583869815,0.9999260306358336,0.05177893862128258,0.08812569081783295,0.2446956038475037,0.15381531417369843,-0.18341524899005887,-0.06725160032510757,0.035106826573610306,-0.1498608440160751,-0.34590017795562744,0.24569830298423767,-0.22133906185626984,0.09171780198812483,-0.02322554960846901,0.002662769518792629,0.108631931245327,-0.02126212418079376,0.25193893909454346,-0.7096987366676331,1.1384105682373047,0.30148056149482727,-0.02537119761109352,0.14869938790798187,-0.06228894367814064,-0.18268632888793945,0.6779175400733948,1.1046574115753172,-0.18544626235961917,0.03008146397769451,-0.17641860246658325
-0.03512116149067879,-0.03904612734913825,0.7874607443809509,0.010555199347436428,0.004453335888683796,0.0033745598047971725,0.9999286532402039,0.05172744393348694,0.08792205154895782,0.24501878023147583,0.15371212363243103,-0.18401458859443665,-0.06713376939296721,0.03560775890946388,-0.14995281398296356,-0.34635549783706665,0.2448357343673706,-0.22086991369724276,0.0916757881641388,-0.022648205980658528,0.0025439560413360596,0.10814793407917021,-0.022355372086167332,0.2511636018753052,-0.7105822563171387,1.1383007764816284,0.3010357916355133,-0.025227073580026623,0.14900261163711548,-0.06406648457050323,-0.1832702308893204,0.6772405505180359,1.105574131011963,-0.1867728680372238,0.03028963133692741,-0.17673729360103607
-0.03541846573352814,-0.03908089175820351,0.7874680161476134,0.010528864338994026,0.004132371861487627,0.0033838681410998106,0.9999303221702576,0.05203292891383171,0.08783788979053497,0.24555230140686035,0.1534423828125,-0.1844259351491928,-0.06697431206703186,0.03654993698000908,-0.14981846511363983,-0.34687134623527527,0.2432852387428284,-0.2202274203300476,0.09128656238317488,-0.02221035212278366,0.002478517591953277,0.10753759741783142,-0.02341165766119957,0.2502083480358124,-0.711422860622406,1.1382482051849363,0.30053579807281494,-0.02510569058358669,0.14902886748313904,-0.06584133952856064,-0.18372124433517456,0.6768863797187805,1.1064529418945312,-0.18819910287857053,0.030576301738619804,-0.1770799458026886
-0.035564523190259933,-0.03923114761710167,0.7874722480773925,0.010600472800433636,0.003798136254772544,0.00334908883087337,0.9999309778213502,0.05257974937558174,0.08780667185783386,0.2460937350988388,0.15322285890579224,-0.18486765027046204,-0.06654360145330429,0.03753163665533066,-0.14947333931922913,-0.34702253341674805,0.24154555797576904,-0.2197588086128235,0.09063209593296051,-0.022176677361130714,0.0024449429474771023,0.10670099407434464,-0.024438126012682915,0.24918437004089355,-0.711512565612793,1.1377888917922971,0.30023816227912903,-0.024691153317689892,0.14860826730728147,-0.06734894961118698,-0.18414898216724396,0.6769883036613464,1.1068605184555051,-0.18935599923133847,0.03097585402429104,-0.1780640333890915
-0.03564809635281563,-0.039336945861577995,0.7874722480773925,0.01068251859396696,0.0034789731726050377,0.0032527735456824303,0.9999315738677977,0.05325314775109291,0.08783382177352905,0.2461962252855301,0.15330368280410767,-0.18536631762981412,-0.06606476753950119,0.03871021792292594,-0.14901742339134216,-0.3470183312892914,0.239894300699234,-0.21935713291168207,0.0899505764245987,-0.022900015115737915,0.0024988288059830666,0.1058376133441925,-0.025288229808211327,0.24841271340847013,-0.711355984210968,1.1367230415344238,0.3002910614013672,-0.02363801002502441,0.1480325162410736,-0.06891410797834396,-0.1842982918024063,0.6766239404678345,1.1066319942474363,-0.18951354920864105,0.031969256699085236,-0.17822396755218503
-0.03573315963149071,-0.03944044932723045,0.7874560952186584,0.010695802979171276,0.0030936121474951506,0.0030282142106443644,0.9999334216117859,0.05377713218331337,0.08810410648584364,0.2459772825241089,0.1539568305015564,-0.18549494445323944,-0.06562361121177673,0.04020584374666213,-0.1479286253452301,-0.34681400656700134,0.23714822530746457,-0.21849162876605988,0.08959080278873444,-0.02417725697159767,0.0027835157234221697,0.10476500540971756,-0.02540482766926289,0.24770565330982208,-0.7106527090072632,1.1350328922271729,0.3016543984413147,-0.021649930626153942,0.1474071592092514,-0.07086115330457687,-0.18395407497882843,0.6761575937271118,1.1060755252838135,-0.19019480049610135,0.033139493316411965,-0.17669598758220673
