0.04251573607325554,-0.03907762467861176,0.7835283279418945,0.9996331930160521,0.003574296599254012,-0.02684007398784161,0.0005710167461074889,0.1110180616378784,0.009785925969481468,0.1224742978811264,0.14574234187602997,-0.2014459818601608,-0.026866668835282322,0.12435647845268248,-0.03530017286539078,-0.2685566246509552,0.14840394258499143,-0.23428152501583097,0.012518916279077528,-0.01603376865386963,-0.01676531694829464,0.1493731588125229,-0.02930992282927036,0.2824978232383728,-0.6792755126953125,1.1330484151840208,0.13334982097148895,-0.05140935257077217,0.2846035957336426,-0.049757402390241616,-0.2256316840648651,0.7519456148147582,1.0275752544403076,-0.10418803244829176,0.033183712512254715,-0.2330265045166016
0.04211379587650299,-0.03874251246452332,0.783513069152832,0.9996460676193235,0.0034203308168798685,-0.026382355019450188,1.697865445748903e-05,0.1093931421637535,0.010771176777780056,0.1247408017516136,0.1449678540229797,-0.20260637998580927,-0.026899540796875957,0.12268776446580885,-0.036074750125408166,-0.26873055100440973,0.15011137723922727,-0.2345087379217148,0.01438458263874054,-0.015638303011655807,-0.017281662672758102,0.14872306585311887,-0.02701669745147228,0.28310471773147583,-0.6763686537742615,1.1323204040527344,0.13357287645339963,-0.05007154121994972,0.2821002304553985,-0.048828799277544015,-0.22534528374671936,0.7499510049819945,1.026472568511963,-0.10495492070913313,0.03361354023218155,-0.232355996966362
0.041787877678871155,-0.03832727670669556,0.7833800315856932,0.999652087688446,0.003255496965721249,-0.02617139369249344,-0.000473552499897778,0.10802731662988661,0.010876678861677647,0.12609224021434784,0.1451849788427353,-0.20304417610168457,-0.025627773255109784,0.12094973027706146,-0.037043333053588874,-0.26869553327560425,0.15279273688793182,-0.235040083527565,0.015778381377458572,-0.016593188047409058,-0.0176804568618536,0.1492704600095749,-0.024272548034787175,0.2823167145252228,-0.6714620590209961,1.1323306560516355,0.13445714116096497,-0.0501917228102684,0.28106844425201416,-0.04792289435863495,-0.2246690988540649,0.7467923164367675,1.026179552078247,-0.10091546177864073,0.033900078386068344,-0.2330719828605652
0.04139002040028572,-0.03770997002720833,0.7832550406455994,0.999655544757843,0.0029841077048331495,-0.026044420897960663,-0.0012444027233868835,0.10707296431064604,0.01086584199219942,0.12745626270771027,0.1453447192907333,-0.20376648008823395,-0.02406753785908222,0.11905084550380705,-0.037717178463935845,-0.2679302394390106,0.15525704622268677,-0.23522576689720157,0.01664099469780922,-0.017973845824599266,-0.017933128401637077,0.14992906153202057,-0.021289955824613568,0.2805606722831726,-0.6664873957633972,1.1330132484436035,0.1337534487247467,-0.04970669746398926,0.28097134828567505,-0.04637142270803452,-0.22339956462383273,0.7426816821098327,1.026622653007507,-0.09700378775596617,0.03313956409692764,-0.2341802269220352
0.041065894067287445,-0.03707144781947136,0.7831676602363585,0.9996590614318848,0.0026439353823661804,-0.02588468790054321,-0.002202592091634869,0.10640323162078856,0.01096243131905794,0.12916725873947144,0.1451842337846756,-0.20450305938720703,-0.02256603166460991,0.11716492474079132,-0.038035400211811066,-0.26610004901885986,0.15702912211418152,-0.23516228795051572,0.01730801910161972,-0.019622210413217545,-0.017995916306972504,0.1505964547395706,-0.01957644335925579,0.27829912304878235,-0.6637157201766968,1.1342172622680664,0.13071496784687042,-0.04921230301260948,0.2817016541957855,-0.044138453900814056,-0.22193558514118197,0.7381661534309387,1.02714204788208,-0.09334348142147064,0.031907014548778534,-0.23489807546138763
0.04063272103667259,-0.036154657602310174,0.7831081748008728,0.9996612668037415,0.002264762762933969,-0.025720924139022827,-0.003262995509430766,0.10606560856103896,0.010962262749671936,0.13082021474838257,0.14471492171287537,-0.2052145749330521,-0.0211234912276268,0.11568176746368408,-0.03820103406906128,-0.2639945149421692,0.1580881029367447,-0.2349504977464676,0.01787543296813965,-0.02202477119863033,-0.017980666831135746,0.15143461525440216,-0.018934758380055428,0.27612277865409846,-0.6637352108955383,1.1355469226837158,0.12710018455982208,-0.04904196411371231,0.2818349301815033,-0.04109539836645126,-0.22031061351299283,0.7328999042510985,1.0279587507247925,-0.09019476920366289,0.03085017204284668,-0.2352575361728668
0.040220163762569434,-0.03511849045753479,0.7831090688705443,0.9996628165245056,0.0018544654594734311,-0.02552451379597187,-0.004401149693876505,0.10561192035675047,0.01087919995188713,0.13245566189289093,0.144267201423645,-0.20586557686328888,-0.019779644906520844,0.11409594863653182,-0.03820451349020004,-0.26188692450523376,0.1588149517774582,-0.23464642465114596,0.018268823623657223,-0.025001073256134983,-0.017848268151283264,0.15246836841106415,-0.019608201459050175,0.2746257781982422,-0.666339635848999,1.1364939212799072,0.12568649649620056,-0.04963121935725212,0.28102368116378784,-0.037714224308729165,-0.21857440471649167,0.726459801197052,1.0295393466949463,-0.0870336890220642,0.02948691137135029,-0.23571461439132688
0.03980862349271774,-0.03407774865627289,0.7831128239631652,0.9996633529663086,0.0014152837684378028,-0.02531176246702671,-0.005522723775357008,0.10513374209403992,0.010830890387296677,0.13442839682102203,0.14374741911888123,-0.20647203922271729,-0.018943486735224724,0.11262506991624832,-0.03815000131726265,-0.25953391194343567,0.1592136174440384,-0.23415060341358185,0.018713152036070824,-0.02867218852043152,-0.017612211406230927,0.1537179797887802,-0.021529868245124817,0.27383744716644287,-0.6722177267074585,1.136986255645752,0.12610113620758057,-0.05091040581464768,0.2792472541332245,-0.03384934365749359,-0.2167911380529404,0.7182161808013916,1.032243013381958,-0.08342467248439789,0.02781151421368122,-0.23603740334510803
0.03965440392494202,-0.033175624907016754,0.7831063866615294,0.9996602535247802,0.000989000778645277,-0.025207573547959328,-0.006557367742061615,0.10501228272914886,0.010705403052270412,0.1365690231323242,0.14330218732357025,-0.2071874439716339,-0.018091674894094467,0.1114361435174942,-0.03834202513098717,-0.2573532164096832,0.15973792970180511,-0.2337764948606491,0.019165905192494392,-0.032879360020160675,-0.0173971951007843,0.15537260472774503,-0.024511521682143208,0.27357497811317444,-0.6812843680381775,1.1372263431549072,0.1277998983860016,-0.05262438580393791,0.27655360102653503,-0.029766675084829327,-0.21493506431579587,0.7084856033325195,1.0360379219055176,-0.07785584777593613,0.0262185949832201,-0.23611518740653992
0.039277151226997375,-0.03218815475702286,0.7830758690834044,0.9996532201766968,0.000598844257183373,-0.025236790999770164,-0.007496435660868883,0.10563650727272032,0.010411238297820091,0.1384950876235962,0.14246149361133575,-0.20762529969215396,-0.017388390377163887,0.11053834855556488,-0.03884904831647873,-0.25575155019760126,0.16049084067344663,-0.23358137905597687,0.01950511895120144,-0.03729555383324623,-0.017148185521364212,0.1573343425989151,-0.028426112607121468,0.273942768573761,-0.692724883556366,1.1374163627624512,0.13070976734161377,-0.05423611402511597,0.2735346257686615,-0.025975218042731285,-0.21332886815071103,0.6988043189048767,1.0404508113861084,-0.07055167853832245,0.024988723918795586,-0.23622617125511167
0.0390128567814827,-0.031269483268260956,0.7830402851104736,0.9996403455734254,0.00027753203175961966,-0.02544153854250908,-0.008475597016513348,0.10714111477136612,0.010005337186157703,0.1407630443572998,0.14126823842525482,-0.20777657628059387,-0.016858188435435295,0.10998459160327911,-0.03953747451305389,-0.2543766498565674,0.16161449253559113,-0.23360806703567505,0.01980109140276909,-0.04137434437870979,-0.01693207211792469,0.1597096472978592,-0.03301393240690231,0.274919867515564,-0.7046093344688416,1.1371861696243286,0.1339145302772522,-0.05543724447488785,0.27098527550697327,-0.0225041788071394,-0.21243102848529813,0.690343976020813,1.0447431802749632,-0.06267806887626648,0.024060280993580815,-0.23654834926128387
0.03880960866808891,-0.03036150522530079,0.7830232381820679,0.9996215701103209,-3.828227636404336e-05,-0.025799050927162167,-0.009549180045723917,0.1092562973499298,0.00958913005888462,0.1432046741247177,0.14019429683685303,-0.2079060524702072,-0.016520889475941658,0.10988663882017136,-0.04011929407715797,-0.25287169218063354,0.16269895434379575,-0.23382240533828733,0.0196033027023077,-0.0450286827981472,-0.01666736789047718,0.16220535337924957,-0.038082253187894814,0.27660602331161493,-0.7156658172607422,1.1364085674285889,0.13644960522651672,-0.0562213771045208,0.26918703317642206,-0.01941809058189392,-0.21238331496715543,0.683541476726532,1.0487003326416016,-0.05782472342252731,0.02379916608333588,-0.23685295879840848
0.03876876831054688,-0.029591064900159836,0.7830207347869873,0.9995992183685303,-0.0003070021339226514,-0.02622583322227001,-0.010658294893801212,0.11145729571580885,0.00906281918287277,0.1455799788236618,0.13933946192264557,-0.207718163728714,-0.01603299006819725,0.11028560250997543,-0.040537573397159576,-0.25111520290374756,0.1632169485092163,-0.2337750941514969,0.019216982647776604,-0.0481085367500782,-0.0163427721709013,0.16453208029270172,-0.04312999546527863,0.27842777967453,-0.7235198616981505,1.1351639032363892,0.13727569580078125,-0.05656260251998901,0.26812243461608887,-0.017086582258343697,-0.21306212246418,0.6785963773727417,1.052303433418274,-0.05595318600535393,0.02419574372470379,-0.23633250594139096
0.03884490579366684,-0.028978206217288967,0.7830570936203003,0.9995744824409485,-0.0005800408544018865,-0.02659880742430687,-0.011954887770116327,0.11339884251356123,0.008795721456408499,0.14845529198646543,0.1386413276195526,-0.20743343234062195,-0.015559309162199495,0.11074024438858032,-0.0407104417681694,-0.24893286824226377,0.16320353746414185,-0.2334837466478348,0.018969457596540448,-0.0504118986427784,-0.015776056796312332,0.16634581983089447,-0.04783252626657485,0.28031912446022034,-0.7288717031478883,1.1333832740783691,0.13744106888771057,-0.0565500408411026,0.2682572901248932,-0.015510105527937412,-0.21440863609313965,0.6754979491233826,1.0551462173461914,-0.056567713618278496,0.024753587320446968,-0.23547495901584625
0.03892093896865845,-0.02840320765972137,0.7831135988235474,0.9995462894439696,-0.0007952218293212353,-0.02698503620922565,-0.013357283547520636,0.11541982740163804,0.008462971076369286,0.15139944851398468,0.13806967437267303,-0.20725040137767792,-0.014954383485019209,0.11137650907039642,-0.04095625877380371,-0.24651783704757688,0.16279655694961548,-0.23313385248184204,0.018977833911776543,-0.05210018530488014,-0.015037015080451964,0.1679682582616806,-0.05210529267787933,0.2821893095970154,-0.7326095104217529,1.1310224533081055,0.1376776248216629,-0.05649404600262642,0.2687952220439911,-0.014892464503645895,-0.2162598669528961,0.6738462448120117,1.0571541786193848,-0.05853871256113052,0.024873264133930206,-0.23456971347332
0.039092108607292175,-0.027768338099122047,0.7831732034683228,0.9995135068893432,-0.0009385276935063303,-0.027423935011029243,-0.014826036058366299,0.11770276725292204,0.00786901731044054,0.1542067676782608,0.13738997280597687,-0.2074386328458786,-0.014501122757792473,0.11220962554216383,-0.041321884840726845,-0.24407365918159485,0.16221089661121368,-0.23303569853305817,0.019030408933758732,-0.05329832062125205,-0.014301873743534088,0.1696319878101349,-0.05591384321451187,0.284272164106369,-0.7357069253921508,1.1280944347381592,0.13823214173316956,-0.05675692856311798,0.2696610987186432,-0.015162300318479536,-0.218482568860054,0.6731603145599365,1.0580017566680908,-0.060539837926626205,0.024954404681921005,-0.23417775332927704
0.03926441073417664,-0.027015604078769684,0.7832299470901489,0.9994782209396361,-0.00108339823782444,-0.027838805690407753,-0.01634210534393787,0.1198689267039299,0.00733156967908144,0.1570337265729904,0.13677966594696045,-0.20806384086608887,-0.014296128414571284,0.11294031143188477,-0.04142268374562264,-0.2413121461868286,0.16165688633918762,-0.23327261209487915,0.01900821179151535,-0.05402061343193054,-0.013526088558137417,0.17112061381340027,-0.059352364391088486,0.2865668833255768,-0.7381356954574586,1.1250215768814087,0.13847355544567108,-0.05713970214128494,0.2704396247863769,-0.016246594488620758,-0.22081270813941956,0.6729316711425781,1.0574710369110107,-0.061517152935266495,0.02460014261305332,-0.23445136845111847
0.039547037333250046,-0.026365725323557854,0.7832795977592467,0.9994415640830993,-0.0012268128339201212,-0.028213191777467728,-0.017861222848296165,0.12196822464466094,0.006919678766280413,0.16012148559093475,0.13619592785835266,-0.20886497199535367,-0.0140756880864501,0.11370107531547546,-0.0414225161075592,-0.23900184035301208,0.1608726382255554,-0.23358237743377683,0.018931014463305477,-0.054128240793943405,-0.012824837118387222,0.1724341511726379,-0.0621994249522686,0.2892053723335266,-0.7395877838134765,1.12237811088562,0.138415589928627,-0.05776058882474899,0.27147939801216125,-0.017791355028748512,-0.22295723855495447,0.6734113693237305,1.0558829307556152,-0.0630127340555191,0.024022432044148445,-0.23535825312137604
0.03993785381317139,-0.025799863040447235,0.7832873463630675,0.9994072914123536,-0.0013903371291235087,-0.02845343202352524,-0.01932799071073532,0.12392524629831314,0.0068953465670347205,0.16361767053604123,0.13553205132484436,-0.20963653922080996,-0.013976712711155415,0.1145309880375862,-0.041349265724420554,-0.2372766882181168,0.15959924459457395,-0.2338726669549942,0.019321102648973465,-0.05363999679684639,-0.012190998531877995,0.17325329780578613,-0.06415503472089767,0.29198595881462097,-0.7400864362716675,1.1200133562088013,0.13736385107040405,-0.05778423696756362,0.2718459665775299,-0.01971050724387169,-0.22475227713584897,0.6742975115776062,1.0531169176101685,-0.06560947000980377,0.023384517058730125,-0.23713354766368863
0.04041122272610664,-0.0253513976931572,0.7832740545272827,0.999381422996521,-0.0015067614149302244,-0.02852417342364788,-0.020516157150268555,0.12551601231098175,0.007006301078945398,0.1666441708803177,0.13462571799755096,-0.21032206714153287,-0.013961507938802242,0.11543387174606325,-0.04139068350195885,-0.2363130748271942,0.15806177258491516,-0.2341714799404144,0.020183240994811055,-0.05273891240358353,-0.01176009513437748,0.1735759675502777,-0.06513961404561996,0.2946518659591675,-0.7391254901885985,1.1177513599395752,0.1350562274456024,-0.057307392358779914,0.27158302068710327,-0.0218505822122097,-0.22624492645263672,0.6759588122367859,1.0493923425674438,-0.06992334872484207,0.022935399785637852,-0.23941138386726377
0.04088291525840759,-0.025029357522726055,0.7832282185554504,0.9993707537651062,-0.0015233306912705302,-0.028510788455605503,-0.021046333014965057,0.1266835480928421,0.007023819722235203,0.1684010624885559,0.1337979286909103,-0.21097879111766812,-0.014126285910606384,0.11696594208478928,-0.04162931814789772,-0.2362855672836304,0.15585938096046448,-0.23438608646392825,0.021492671221494675,-0.051726922392845154,-0.011783470399677752,0.17392802238464355,-0.06604644656181335,0.29739302396774286,-0.7374568581581116,1.1150161027908323,0.13207243382930756,-0.056631408631801605,0.2715214490890503,-0.02431179955601692,-0.22770003974437716,0.6779174208641052,1.0444626808166504,-0.07604561001062393,0.022801410406827927,-0.24236601591110227
0.04141896218061447,-0.02482854388654232,0.7831496596336365,0.9993721842765808,-0.0015119928866624832,-0.028607469052076336,-0.020847959443926808,0.12811292707920074,0.007103859446942806,0.1688511222600937,0.132881298661232,-0.21186426281929016,-0.014964745379984379,0.11945697665214539,-0.04182267561554909,-0.23729221522808075,0.15325187146663663,-0.2342570722103119,0.02326950430870056,-0.05087130889296532,-0.012058760039508343,0.17487400770187375,-0.06744132190942764,0.3000423312187195,-0.7357282638549805,1.1107058525085447,0.12880484759807587,-0.05549426004290581,0.2722488641738892,-0.026721037924289703,-0.22916404902935028,0.6803691983222961,1.0394742488861084,-0.08137425035238267,0.022874938324093815,-0.2456044554710388
0.04204389080405235,-0.02499036304652691,0.7830404639244078,0.9993898868560792,-0.0014589136699214576,-0.028841914609074593,-0.019642747938632965,0.12949173152446747,0.007091767620295286,0.16741682589054108,0.13243795931339264,-0.21298126876354215,-0.015943065285682678,0.12328533083200453,-0.04194962605834007,-0.23992611467838287,0.14989574253559113,-0.23384037613868716,0.025652086362242695,-0.0501290038228035,-0.012391488067805769,0.17662249505519867,-0.07073850929737091,0.3025592565536499,-0.735883891582489,1.1038453578948975,0.12706874310970306,-0.05383126437664032,0.27424290776252747,-0.029095005244016647,-0.23070451617240903,0.6835301518440248,1.0356147289276123,-0.08422530442476273,0.023015612736344337,-0.24883463978767395
0.04285560548305512,-0.02502743899822235,0.7829539775848388,0.9994261860847472,-0.0013309876667335627,-0.029205901548266407,-0.017103517428040504,0.13040682673454285,0.006886362563818693,0.16374219954013824,0.132923424243927,-0.2139753550291061,-0.016443463042378426,0.12814998626708984,-0.042201001197099686,-0.24466885626316073,0.14642462134361267,-0.23333704471588132,0.02821369282901287,-0.049486640840768814,-0.012796305119991302,0.17937614023685455,-0.07701776921749115,0.3049570322036743,-0.7400024533271788,1.0931131839752195,0.12801143527030945,-0.05144011974334717,0.2766837477684021,-0.030817469581961632,-0.23209281265735623,0.6870853304862976,1.0329015254974363,-0.08606598526239395,0.022831296548247337,-0.2519217431545257
0.043634116649627686,-0.025235699489712715,0.7829840183258056,0.9994767308235168,-0.001107573974877596,-0.029575547203421593,-0.013049480505287647,0.13007797300815582,0.006469457410275936,0.15727093815803528,0.13466553390026093,-0.214524045586586,-0.01617542095482349,0.13360348343849182,-0.04269931465387344,-0.2517774105072021,0.14338389039039612,-0.2325310111045837,0.03076590597629547,-0.048723042011260986,-0.013277134858071804,0.18293127417564392,-0.08711840212345123,0.3072612583637237,-0.7492487430572509,1.0771807432174683,0.13503460586071014,-0.048343263566493995,0.2775070369243622,-0.031747084110975266,-0.23309296369552607,0.6909764409065248,1.03102707862854,-0.08705797046422958,0.02166500315070152,-0.254090279340744
0.044349417090415955,-0.025631971657276157,0.7830979824066162,0.9995250701904298,-0.0006577578606083989,-0.029955368489027023,-0.007205157075077295,0.1282426118850708,0.00550359021872282,0.14770871400833127,0.13802582025527954,-0.21491678059101105,-0.015124248340725899,0.13895322382450104,-0.044040516018867486,-0.26220014691352844,0.14236459136009216,-0.23251649737358093,0.033282320946455,-0.048012934625148766,-0.014106021262705326,0.18749490380287168,-0.10228140652179718,0.30982911586761475,-0.7650465965270995,1.0540904998779297,0.15052634477615356,-0.04436318576335906,0.27525317668914795,-0.03200305253267288,-0.2335815280675888,0.6942546367645264,1.0293867588043213,-0.08849842101335524,0.020169440656900402,-0.25591152906417847
0.04499339312314987,-0.026112738996744156,0.7831475138664244,0.9995474219322205,5.246668661129661e-05,-0.030080607160925865,0.0002825050905812532,0.123769611120224,0.0037845952901989217,0.13553999364376068,0.1438303142786026,-0.21605320274829865,-0.013281676918268204,0.14262136816978455,-0.046650961041450494,-0.27589187026023865,0.14555619657039642,-0.235135480761528,0.035684987902641296,-0.047850992530584335,-0.01539284735918045,0.19341126084327695,-0.1245916560292244,0.3126010596752167,-0.7866960167884826,1.0224652290344238,0.1747232973575592,-0.03888709843158722,0.27042922377586365,-0.032948561012744904,-0.23373046517372129,0.6967024803161621,1.0268423557281494,-0.09109754860401152,0.0188665222376585,-0.2586975693702698
0.045340627431869514,-0.026612622663378716,0.7829826474189758,0.9995226263999939,0.0009676928166300057,-0.029606688767671585,0.008774288929998873,0.11506661027669907,0.0012944558402523398,0.1220479980111122,0.15330900251865387,-0.2187075912952423,-0.010825059376657007,0.14127343893051147,-0.05137976258993149,-0.2912465035915375,0.15711167454719543,-0.242814376950264,0.03767158836126328,-0.04883309081196785,-0.016993911936879158,0.2011553794145584,-0.1556718796491623,0.3143206238746643,-0.8113870620727539,0.9835407733917235,0.20304666459560397,-0.03205544874072075,0.26464319229125977,-0.03621811792254448,-0.2342945337295532,0.6983076333999634,1.0214015245437622,-0.09556612372398376,0.017194630578160282,-0.2635341286659241
0.04501881822943688,-0.027113262563943863,0.7825137376785278,0.9994485974311828,0.0021707348059862848,-0.028138868510723117,0.017492244020104408,0.10040612518787384,-0.0023652769159525633,0.10831937938928604,0.16809649765491483,-0.22308401763439176,-0.00888710655272007,0.12900197505950928,-0.060545485466718674,-0.30670228600502014,0.1869198977947235,-0.258455365896225,0.040007788687944405,-0.05108091980218887,-0.018995068967342377,0.21128194034099576,-0.19760590791702273,0.3125609755516052,-0.8370347023010254,0.941326916217804,0.23356084525585172,-0.023417068645358086,0.2594471275806427,-0.043117836117744446,-0.23660843074321744,0.6997543573379517,1.0124926567077637,-0.10013139247894288,0.014188972301781176,-0.2697930932044983
0.04391208663582802,-0.027508173137903214,0.7815607190132141,0.999349534511566,0.0043361582793295375,-0.02585393376648426,0.024764897301793095,0.0807942897081375,-0.008734828792512417,0.09726528078317642,0.1882326304912567,-0.22902996838092804,-0.008148031309247017,0.10044385492801666,-0.07781654596328734,-0.32027554512023926,0.2448562383651733,-0.28322458267211914,0.0439583957195282,-0.05347474291920662,-0.02257152087986469,0.22443619370460513,-0.25047218799591064,0.3045482933521271,-0.8631211519241333,0.9029850363731384,0.265421062707901,-0.011837880127131937,0.25515636801719666,-0.05552055314183235,-0.2415848523378372,0.7030832767486572,1.0013885498046875,-0.10119035094976424,0.010180218145251274,-0.2746873199939728
0.04204441606998444,-0.027473473921418193,0.7800440788269043,0.9992862939834594,0.008687755092978477,-0.023119600489735603,0.028581568971276283,0.06016799807548522,-0.0201324000954628,0.09384295344352722,0.2097870111465454,-0.2348586618900299,-0.007942409254610537,0.05328698456287384,-0.10608579218387604,-0.3263910114765167,0.3342987298965454,-0.3117046356201172,0.05441366881132126,-0.05448371544480324,-0.029572485014796257,0.24061194062232968,-0.3150749206542969,0.2887973487377167,-0.8923830986022949,0.8747957944869995,0.29695388674736023,0.004293972626328468,0.24992209672927856,-0.0773766040802002,-0.24922025203704837,0.7131521701812744,0.9930176138877869,-0.09353117644786833,0.0033501931466162205,-0.27476057410240173
0.03939507156610489,-0.02679203823208809,0.7780552506446838,0.9993068575859069,0.014059334993362427,-0.020335081964731216,0.02783185802400112,0.03810667246580124,-0.0322485975921154,0.101252943277359,0.23583708703517917,-0.24392184615135193,-0.00893434975296259,-0.010479889810085297,-0.13993561267852783,-0.3200432658195496,0.4459909796714783,-0.3370908498764038,0.07538472861051558,-0.054045893251895905,-0.0363440066576004,0.2587372958660126,-0.38781097531318653,0.26722809672355646,-0.9221383333206176,0.8552472591400145,0.32498684525489807,0.02046528272330761,0.24126313626766205,-0.11041332781314848,-0.25769707560539246,0.7243431806564331,0.9871795773506163,-0.07970553636550902,-0.003522157669067383,-0.27291154861450195
0.03637063503265381,-0.025717392563819885,0.775842547416687,0.9994323253631592,0.01783140003681183,-0.01720459945499897,0.02282530069351196,0.014653964899480343,-0.03915635496377945,0.11228267103433608,0.26774996519088745,-0.25614339113235474,-0.010380585677921772,-0.0780743733048439,-0.17280299961566925,-0.32227376103401184,0.5569721460342407,-0.3592989146709442,0.09708362817764282,-0.05564694851636887,-0.03825176134705544,0.27716243267059326,-0.4566695392131805,0.24238203465938568,-0.94613516330719,0.8480093479156494,0.3417335152626037,0.031826261430978775,0.22980767488479611,-0.14967241883277893,-0.26845428347587585,0.7381772994995117,0.9706987738609314,-0.05966608226299286,-0.007489080075174569,-0.2756624221801758
0.034487009048461914,-0.02500630170106888,0.773925542831421,0.9995816349983216,0.018718603998422623,-0.01353794801980257,0.017407305538654327,-0.009033935144543648,-0.039394352585077286,0.12390077114105225,0.2987056076526642,-0.27028742432594294,-0.013047687709331512,-0.12416350841522215,-0.21126845479011533,-0.3581624925136566,0.6174672842025757,-0.3909061551094055,0.09229271858930589,-0.06382755190134048,-0.036022718995809555,0.2898068428039551,-0.5154268145561217,0.2190130203962326,-0.9592208862304688,0.8545838594436644,0.3448186218738556,0.036410152912139886,0.227943018078804,-0.184891939163208,-0.27779003977775574,0.7395874857902528,0.9385376572608948,-0.05017177388072014,-0.00776182347908616,-0.2891884744167328
0.03411802276968956,-0.02475947141647339,0.7733530402183533,0.9997219443321229,0.01719004474580288,-0.009045423939824104,0.01336697768419981,-0.02651054598391056,-0.034221336245536804,0.13255225121974945,0.3162676990032196,-0.27931755781173706,-0.013524788431823252,-0.15489116311073303,-0.23727974295616147,-0.3944655954837799,0.6292064785957336,-0.4120199978351593,0.07335886359214783,-0.08155273646116255,-0.0326756089925766,0.29484894871711725,-0.5543553829193115,0.19698651134967804,-0.9625177979469299,0.8754618167877197,0.3509441912174225,0.04000748693943024,0.23909819126129153,-0.20831048488616943,-0.28216543793678284,0.7268613576889038,0.8813697695732116,-0.05630527809262276,6.059216320863925e-05,-0.3078974485397339
0.03555216267704964,-0.02516887709498405,0.7740120291709901,0.9998492002487183,0.013385123573243618,-0.006414317525923252,0.00901423580944538,-0.03255695849657059,-0.02204160764813423,0.14279067516326904,0.32520338892936707,-0.2858722805976868,-0.012950057163834572,-0.1731595993041992,-0.2314452826976776,-0.3947277963161469,0.5967833399772644,-0.3904089331626892,0.06126216426491737,-0.10510310530662537,-0.028881810605525967,0.29465413093566895,-0.575251579284668,0.1741103231906891,-0.9640621542930605,0.9094938635826112,0.3658149242401123,0.04167527705430984,0.25075915455818176,-0.21965079009532928,-0.28315904736518854,0.715804934501648,0.789407193660736,-0.0786784291267395,0.012107454240322111,-0.32683709263801575
0.038702506572008126,-0.0263958927243948,0.7746831178665161,0.9999479651451111,0.008138371631503105,-0.006031631957739592,0.0011554289376363158,-0.026010533794760704,-0.0034917721059173346,0.1588338166475296,0.3347620964050293,-0.29894113540649414,-0.0141719039529562,-0.1756870597600937,-0.199910506606102,-0.3637725114822388,0.5388367176055908,-0.32024052739143366,0.06972616910934448,-0.13217756152153015,-0.024232646450400352,0.2912721335887909,-0.5799375772476196,0.16023293137550354,-0.9573818445205688,0.9490965604782104,0.3772323727607727,0.03934471681714058,0.26676997542381287,-0.22639155387878415,-0.28390204906463623,0.721373677253723,0.6639032959938049,-0.12547966837882996,0.017300711944699287,-0.3436807096004486
0.043360039591789246,-0.02823853306472301,0.7749285697937012,0.99988716840744,0.001070899190381169,-0.0064271907322108746,-0.013535186648368835,-0.020757855847477913,0.022823110222816467,0.18326555192470553,0.3556950092315674,-0.3219816982746124,-0.018783533945679665,-0.1668877899646759,-0.1667702943086624,-0.3447835147380829,0.5096623301506041,-0.3048274517059326,0.06365495920181273,-0.15035241842269895,-0.015616114251315592,0.28650742769241333,-0.5657250285148621,0.15789812803268433,-0.9409254193305968,0.9948809146881104,0.39208126068115234,0.040128357708454125,0.29010641574859614,-0.23593725264072415,-0.28529658913612366,0.7347216606140136,0.5219259858131409,-0.1928205639123917,0.019624028354883197,-0.3534681797027588
0.048814836889505386,-0.030474506318569183,0.7751895189285278,0.9993377923965454,-0.008953829295933247,-0.006786784622818232,-0.03460899740457535,-0.012187309563159943,0.05879352241754532,0.21647250652313232,0.37882941961288447,-0.3487527370452881,-0.02551620453596115,-0.15203505754470825,-0.12097731232643127,-0.3192022442817688,0.47220996022224426,-0.2874562442302704,0.05927823483943939,-0.159024640917778,0.0023273313418030734,0.28271517157554626,-0.5394768118858337,0.17054943740367887,-0.9060812592506408,1.0391950607299805,0.39957556128501887,0.03813474625349045,0.32833006978034973,-0.25293663144111633,-0.28881034255027765,0.7558183670043945,0.38681808114051813,-0.26984840631484985,0.014565112069249151,-0.3597225546836853
0.05420827493071556,-0.03280419483780861,0.7750406265258789,0.9978358149528505,-0.020387059077620503,-0.006275110878050327,-0.062198232859373086,-0.0009642041404731572,0.1014949083328247,0.2606018781661988,0.4034115970134735,-0.3797093629837036,-0.036283981055021286,-0.139593169093132,-0.06840885430574417,-0.2833118438720703,0.4302465617656708,-0.2669891119003296,0.0553319938480854,-0.15915474295616147,0.027139471843838688,0.2810294032096863,-0.5009801387786865,0.20198495686054227,-0.847327709197998,1.0772085189819336,0.4088060855865479,0.03429093584418297,0.3881657123565674,-0.28548645973205566,-0.29378336668014526,0.7776216864585875,0.26864030957221985,-0.35614895820617676,0.008175024762749672,-0.37758925557136536
0.05852637439966202,-0.03480605036020279,0.7739149332046509,0.9949924349784851,-0.02967417798936367,-0.0041302554309368125,-0.095354363322258,0.009110280312597752,0.14248961210250854,0.317213237285614,0.433310180902481,-0.41302546858787537,-0.04854707419872284,-0.1411127895116806,-0.022475071251392365,-0.23831103742122647,0.405110627412796,-0.25230434536933893,0.04930073767900466,-0.15124979615211487,0.051490988582372665,0.28184360265731806,-0.4423371553421021,0.2558768391609192,-0.7551279067993165,1.0943410396575928,0.416322648525238,0.0299393143504858,0.4789313673973083,-0.3414892554283142,-0.2980601489543915,0.7940077185630798,0.18272985517978668,-0.4507843852043152,0.011514761485159395,-0.4202242493629456
0.06158418208360672,-0.036203891038894646,0.7712565064430237,0.9907668232917785,-0.036192987114191055,-0.0005224936176091433,-0.13065564632415771,0.011833387427031992,0.1806938052177429,0.37998127937316895,0.4786551594734192,-0.45033639669418335,-0.060003574937582016,-0.15985608100891113,0.01326689589768648,-0.19208647310733795,0.4095506370067597,-0.24996972084045407,0.03967699781060218,-0.13664484024047852,0.07347171753644942,0.2887711822986603,-0.34585756063461304,0.3307741582393646,-0.6173651218414307,1.0658326148986816,0.4124558866024017,0.01963210850954056,0.5989490151405334,-0.4230502545833588,-0.2999802827835083,0.7962673902511597,0.14277832210063934,-0.5433615446090697,0.02914610132575035,-0.47847247123718256
0.06354692578315735,-0.036895044147968285,0.7669656872749328,0.9859365820884703,-0.0402383916079998,0.0030790716409683228,-0.16217386722564697,0.006540948990732432,0.2160642296075821,0.43755343556404114,0.5406661033630371,-0.4891474545001984,-0.07124725729227066,-0.19245466589927676,0.03862364962697029,-0.15313422679901123,0.44693401455879206,-0.2616390585899353,0.02740300074219704,-0.11760158836841585,0.09392106533050536,0.30604666471481323,-0.19692732393741608,0.41129314899444575,-0.43238523602485657,0.9708749055862426,0.3806914091110229,-0.0034549655392766,0.7226993441581726,-0.5239916443824768,-0.3034624755382538,0.7796489596366881,0.15260407328605652,-0.617480218410492,0.05863548070192337,-0.5354937314987184
0.06464029848575592,-0.0372665673494339,0.7615843415260315,0.9820611476898192,-0.04196084663271904,0.005392256192862988,-0.1837555766105652,-0.011165694333612919,0.24759772419929504,0.47510471940040583,0.620926022529602,-0.520817220211029,-0.07794881612062454,-0.23251619935035703,0.051865193992853165,-0.12825024127960205,0.5099520087242126,-0.28272271156311035,0.013237841427326202,-0.09409916400909424,0.11082839965820312,0.33409258723258967,-0.0013382972683757544,0.4732610285282135,-0.21903178095817563,0.8252399563789367,0.30390816926956177,-0.040742941200733185,0.8147794604301453,-0.6312259435653688,-0.31806597113609314,0.7490488290786742,0.2001469433307648,-0.661774516105652,0.09262007474899295,-0.5922257304191588
0.06501235067844391,-0.038185153156518936,0.7557619214057921,0.9818196296691895,-0.040065046399831765,0.006604726426303387,-0.1854223757982254,-0.05158514156937599,0.2680617868900299,0.47173443436622614,0.7179386615753174,-0.5395958423614502,-0.07395344972610474,-0.2707034945487976,0.04519454762339592,-0.12700039148330688,0.5832383036613464,-0.3155394792556762,-0.00035716520505957305,-0.07018022984266281,0.11807643622159956,0.35920342803001404,0.19469712674617767,0.5108196139335632,-0.01624002680182457,0.6880375742912292,0.1862249821424484,-0.07843903452157974,0.8649237751960753,-0.7139376401901245,-0.3563620746135712,0.7130822539329529,0.265232115983963,-0.6756266355514526,0.1251581907272339,-0.6459825038909912
0.06542746722698212,-0.040602900087833405,0.7506588101387024,0.9860740900039674,-0.03460885211825371,0.007254121359437704,-0.16250376403331757,-0.1131828874349594,0.26966482400894165,0.4309168457984924,0.8133134841918945,-0.5406000018119812,-0.0634864866733551,-0.29803118109703064,0.010646436363458632,-0.16057690978050232,0.6546697020530701,-0.3582475781440735,-0.012154112569987772,-0.04884658381342888,0.11769598722457884,0.37229922413825994,0.34810301661491394,0.5330219268798828,0.15329693257808685,0.6032344698905945,0.06209761276841164,-0.11605150997638702,0.8815045356750488,-0.7490253448486328,-0.42756339907646174,0.6708922982215881,0.3258293867111206,-0.6651059985160828,0.1506901979446411,-0.6931003332138062
0.06672698259353638,-0.04471932351589202,0.7473011612892151,0.9929102063179016,-0.02503139525651932,0.008909317664802074,-0.11585909873247147,-0.18480132520198825,0.2436915338039398,0.36879804730415344,0.8831442594528198,-0.5221637487411499,-0.04890982806682587,-0.31088176369667053,-0.05175528675317764,-0.2241305708885193,0.7174093127250671,-0.4030089974403381,-0.021349765360355377,-0.029403725638985637,0.11232833564281464,0.3707925081253052,0.4557476341724396,0.54938805103302,0.29410049319267273,0.547443151473999,-0.06342655420303345,-0.1498514860868454,0.8734661340713502,-0.7202972173690796,-0.5345292091369629,0.6138137578964232,0.37342777848243713,-0.6245728731155396,0.16728191077709198,-0.7352672815322877
0.06919655948877335,-0.050554513931274414,0.7464516162872313,0.998441696166992,-0.01329489890486002,0.01142255961894989,-0.05298133194446564,-0.2481656968593597,0.19423167407512665,0.3011748194694519,0.9144412279129027,-0.4891286194324493,-0.03531179204583168,-0.30445936322212214,-0.1250944882631302,-0.30205878615379333,0.7618186473846436,-0.4385830163955688,-0.02890996821224689,-0.007613073103129862,0.1095261499285698,0.35882940888404846,0.5289379358291626,0.5662338733673096,0.3894453048706055,0.47165596485137934,-0.14341333508491516,-0.1687224954366684,0.8609644770622252,-0.6092181205749512,-0.6637057662010193,0.5212411880493164,0.4039052426815033,-0.5559883117675781,0.16236931085586548,-0.7808439135551453
0.07324618846178055,-0.057521723210811615,0.7482702136039734,0.9997563362121582,-0.0019141997909173367,0.013438714668154716,0.01740880496799946,-0.2889155447483063,0.13246411085128784,0.23470686376094815,0.90486079454422,-0.4466051161289215,-0.026617655530571938,-0.27952298521995544,-0.19068565964698792,-0.37702831625938416,0.7856553792953491,-0.46283695101737976,-0.03876766934990882,0.016377195715904236,0.10945497453212738,0.34283193945884705,0.5928263068199158,0.5835550427436829,0.44883346557617193,0.37126362323760986,-0.16485647857189178,-0.1679238528013229,0.8572345972061157,-0.409453421831131,-0.7807089686393738,0.3819239139556885,0.42190536856651306,-0.4578858017921448,0.14111532270908356,-0.8276205658912658
0.07892566919326782,-0.0647217258810997,0.7522302269935608,0.9958342909812928,0.007835409604012966,0.014402391389012337,0.08969533443450926,-0.3042979836463928,0.06661410629749298,0.15963029861450195,0.8592582941055299,-0.4063412845134735,-0.020291389897465702,-0.2503799796104431,-0.2410647124052048,-0.42650288343429565,0.8054332733154298,-0.46956333518028254,-0.05924172699451447,0.04042108356952667,0.1073986440896988,0.3275494575500488,0.6536763310432434,0.6046724915504456,0.4901434183120728,0.27913498878479004,-0.15438269078731537,-0.16388271749019623,0.8840203285217285,-0.14609038829803467,-0.8512988686561584,0.21109399199485776,0.4348732233047485,-0.36239010095596313,0.11279769986867905,-0.8649236559867859
0.08554460108280182,-0.07160413265228271,0.7567172646522523,0.9867087006568909,0.016053790226578712,0.016912346705794334,0.16081707179546356,-0.29748719930648804,-0.0031817371491342783,0.061949782073497765,0.7827223539352418,-0.373215526342392,-0.019652241840958595,-0.269712507724762,-0.2594558000564575,-0.37999263405799866,0.8552561998367308,-0.4563341438770294,-0.10096635669469832,0.06225218251347542,0.09451515227556227,0.3106970191001892,0.6957889795303345,0.6231562495231628,0.5162011384963989,0.2367396503686905,-0.11566092818975449,-0.15859384834766388,0.935409128665924,0.10004858672618865,-0.8492241501808167,0.0800488069653511,0.48799881339073187,-0.29870963096618647,0.08542059361934662,-0.891236662864685
0.0935213565826416,-0.0776323676109314,0.7600765228271484,0.9721511602401731,0.020734585821628567,0.021053465083241463,0.2324843555688858,-0.27184367179870605,-0.0629233717918396,-0.05929465964436531,0.6822143793106079,-0.3603786826133728,-0.042114034295082085,-0.3430442810058594,-0.18733808398246765,-0.18330033123493197,0.9115540385246276,-0.4216326773166656,-0.10734076797962187,0.06745035201311111,0.07084156572818756,0.29679471254348755,0.7062098383903505,0.6346072554588318,0.520037829875946,0.2437889128923416,-0.054773092269897454,-0.16015774011611938,0.9924978017807008,0.2762508690357208,-0.7925378680229187,0.01642170548439026,0.5869263410568237,-0.27316123247146606,0.06613697856664658,-0.888647973537445
0.10258935391902924,-0.08481036871671677,0.7613211870193481,0.9490920305252076,0.02180197276175022,0.02462062239646912,0.31327763199806213,-0.26612114906311035,-0.11054477840662003,-0.19820880889892575,0.6228140592575073,-0.33370211720466614,-0.06775638461112976,-0.39233952760696406,0.007372755091637375,0.14172920584678647,0.9165698289871216,-0.3710636794567108,-0.03014133684337139,0.04236764460802078,0.041818682104349136,0.29083168506622314,0.6840128302574158,0.6429173350334167,0.5067409873008728,0.29705879092216486,0.027603646740317345,-0.16469405591487885,1.0335829257965088,0.39604318141937256,-0.6997488141059875,-0.009872467257082462,0.7012687921524048,-0.2533158659934997,0.05833552777767181,-0.8775990009307861
0.11436567455530167,-0.09221117198467255,0.7617942690849304,0.916329264640808,0.02081621065735817,0.02487150952219963,0.399109959602356,-0.27113592624664307,-0.15526987612247467,-0.3364928960800171,0.5973089337348938,-0.30229103565216064,-0.09671822190284728,-0.35791197419166565,0.19714011251926425,0.5229736566543579,0.8454288840293884,-0.3216314911842346,0.127390056848526,-0.008329050615429878,0.012079493142664433,0.29264530539512634,0.6182781457901001,0.6535833477973938,0.46741190552711487,0.37886214256286627,0.08406261354684828,-0.1595298796892166,1.0409774780273435,0.46928730607032776,-0.5865995883941649,-0.01930771023035049,0.8001883625984192,-0.22681085765361783,0.06234923005104065,-0.8798016905784608
0.12839576601982117,-0.09798008203506467,0.761454999446869,0.8721699714660643,0.024362483993172646,0.02498430013656616,0.4879568219184875,-0.2686639130115509,-0.2176745533943176,-0.4798046946525574,0.5798858404159546,-0.26986047625541687,-0.13318152725696564,-0.2728894352912903,0.3060455918312073,0.8874711394309996,0.7698533535003662,-0.3257785737514496,0.264312207698822,-0.06613822281360626,-0.02908484078943729,0.3017820715904236,0.5149231553077698,0.660780668258667,0.4144427180290222,0.4689225554466248,0.10778512805700302,-0.15239877998828888,1.0109291076660156,0.5249121189117432,-0.4672441482543945,-0.008890528231859207,0.8548569083213806,-0.2165353149175644,0.06670243293046951,-0.902762770652771
0.1440184116363525,-0.1020740196108818,0.7611827850341795,0.8164668083190918,0.02310175448656082,0.021258367225527763,0.5765382647514343,-0.2609560489654541,-0.2596278190612793,-0.6472093462944031,0.5599266290664673,-0.24435411393642423,-0.17992447316646576,-0.2364948093891144,0.3182016909122467,1.0515054464340208,0.739814281463623,-0.34529981017112726,0.2737354040145874,-0.11106922477483748,-0.0610225535929203,0.3160058856010437,0.3946495652198792,0.656458854675293,0.35808974504470825,0.5606703758239746,0.10655932873487473,-0.1699173003435135,0.961392343044281,0.5774761438369751,-0.35512724518775934,0.022610310465097427,0.8586302399635315,-0.2499741166830063,0.06579308956861496,-0.9189226031303405
0.16010023653507233,-0.10394155979156494,0.7614597678184509,0.7602287530899047,0.023206206038594242,0.018989859148859978,0.6489630937576294,-0.2426614612340927,-0.2911219596862793,-0.8053088188171386,0.5244612693786621,-0.2171369791030884,-0.23011748492717743,-0.23757730424404144,0.29474735260009766,1.0310773849487305,0.7704119086265565,-0.37038034200668335,0.2434848099946976,-0.13042601943016052,-0.09609416127204896,0.3268253803253174,0.29637113213539124,0.6404792666435242,0.3146838843822479,0.6382099986076354,0.08509918302297592,-0.19976004958152768,0.915911078453064,0.6267706155776978,-0.28932812809944153,0.06899099051952362,0.7991353273391724,-0.3231848180294037,0.06625216454267502,-0.9286115765571593
0.1764400452375412,-0.1039031147956848,0.7619513869285582,0.7062937617301941,0.029229456558823586,0.021565452218055725,0.7069863080978394,-0.2226252257823944,-0.32132792472839355,-0.9063998460769651,0.4897424280643463,-0.17364202439785004,-0.2594091594219208,-0.21627685427665713,0.2378917932510376,0.9429990649223328,0.7588642835617065,-0.4207227230072021,0.20706576108932492,-0.13144902884960175,-0.14407260715961456,0.3383414149284363,0.22739931941032407,0.6205264925956726,0.2749163806438446,0.7005907893180847,0.060439229011535645,-0.23502087593078613,0.8805183172225952,0.6720491051673889,-0.27377060055732727,0.10995351523160934,0.6949475407600403,-0.39877492189407354,0.07155204564332962,-0.9258823990821838
0.19167280197143555,-0.10356642305850983,0.7621044516563414,0.6556513905525208,0.02918822690844536,0.021638553589582443,0.7541889548301696,-0.2550409734249115,-0.3075563311576843,-0.8377621769905089,0.49150756001472473,-0.1317170113325119,-0.2711864411830902,-0.18629054725170133,0.1881229281425476,0.8359694480895997,0.6996863484382628,-0.45614051818847656,0.14580462872982025,-0.12193008512258528,-0.168160080909729,0.3479228913784027,0.19184263050556183,0.6022776365280151,0.23940759897232053,0.7467212080955505,0.05142663046717644,-0.25381413102149963,0.8590894937515258,0.706233024597168,-0.2912898063659668,0.1058354303240776,0.5829295516014099,-0.4306215345859528,0.06849808245897293,-0.9324747920036318
0.20657664537429807,-0.10574507713317872,0.7635017037391663,0.6141036748886108,0.01572619378566742,0.013571673072874546,0.7889519333839417,-0.35220450162887573,-0.2243746966123581,-0.5706139802932739,0.5648351311683655,-0.11663451790809631,-0.274560421705246,-0.18439419567584991,0.18794830143451688,0.7319517731666565,0.6458042860031128,-0.4421868622303009,0.08643554896116255,-0.10701812803745268,-0.15168818831443787,0.3562699258327484,0.20385314524173737,0.5864101052284241,0.22528524696826932,0.7748435139656067,0.05478745326399803,-0.2698018550872803,0.875943422317505,0.7153553366661072,-0.3231181204319,0.0651155561208725,0.49471443891525274,-0.423676073551178,0.05926645174622536,-0.9552187323570253
0.22045855224132535,-0.10825398564338684,0.7643327713012694,0.5753192901611328,0.00012041431909892708,0.005286477040499449,0.8179118037223816,-0.4581794142723083,-0.08907297998666763,-0.215962752699852,0.7035951018333435,-0.14762689173221588,-0.26050475239753723,-0.2000730335712433,0.19809728860855105,0.6307801008224487,0.6112483143806458,-0.41035360097885126,0.04259499162435532,-0.09812961518764496,-0.13107959926128387,0.3544837832450866,0.23699225485324857,0.584101676940918,0.2068208605051041,0.8084545135498048,0.05892537906765938,-0.271249383687973,0.9064199924468994,0.6987206339836121,-0.3668368756771088,0.012893390841782091,0.4362706243991852,-0.40479901432991033,0.04739049822092056,-0.9696502685546877
0.23428328335285184,-0.1094953566789627,0.7640751600265504,0.5371644496917725,-0.011844903230667114,-0.0017085630679503083,0.8433926701545715,-0.511106014251709,0.03879695385694504,0.06339535862207413,0.8630968332290649,-0.16458813846111295,-0.24425311386585236,-0.22008766233921048,0.20248048007488248,0.5270260572433472,0.5930342674255371,-0.380456417798996,0.0054515041410923,-0.09532938152551651,-0.1180686429142952,0.3463694155216217,0.274320125579834,0.5961724519729614,0.17561613023281095,0.8573089241981505,0.06416092813014984,-0.2537074685096741,0.9430250525474547,0.6798384189605713,-0.41157409548759455,-0.040139205753803246,0.3887852728366852,-0.3714572489261627,0.039398640394210815,-0.967401683330536
0.24704165756702423,-0.10898641496896744,0.7635315656661987,0.5010871291160583,-0.019568726420402527,-0.0063409265130758286,0.8651522994041443,-0.5125685334205627,0.13974787294864655,0.25133073329925537,1.014582872390747,-0.1759442239999771,-0.19509026408195493,-0.2338537722826004,0.19765098392963407,0.4351252615451813,0.5764518976211548,-0.355745404958725,-0.019153792411088943,-0.09253678470849991,-0.1144157126545906,0.33656093478202814,0.3015851080417633,0.6124225854873657,0.14386768639087677,0.9138253927230835,0.06911006569862366,-0.2291700094938278,0.9695290327072144,0.6646785736083984,-0.44866970181465143,-0.08397842943668365,0.3518494665622711,-0.3329709470272064,0.04477432370185852,-0.9536776542663574
0.25739699602127075,-0.10754701495170592,0.7635412812232971,0.4681413471698761,-0.023457832634449005,-0.011963896453380585,0.8832611441612244,-0.4679501056671143,0.21868824958801267,0.35753315687179565,1.1323988437652588,-0.19293849170207977,-0.11313891410827635,-0.22755412757396695,0.1909034997224808,0.36005088686943054,0.548717737197876,-0.335022896528244,-0.03395182266831398,-0.08524024486541747,-0.1125257983803749,0.329163521528244,0.3229204714298248,0.6199402213096619,0.12029340118169785,0.9643383622169495,0.07826102524995805,-0.20976895093917847,0.9819242358207703,0.6456882357597351,-0.4766166806221008,-0.10165565460920332,0.3310583233833313,-0.3074995279312134,0.05823931097984313,-0.9313034415245056
0.2660731077194214,-0.10651519894599915,0.7657649517059326,0.4367809593677521,-0.027262661606073376,-0.01700732484459877,0.8989937901496886,-0.39326807856559753,0.2977578938007355,0.44255298376083374,1.2048401832580566,-0.20200514793396,-0.020658709108829495,-0.21839524805545807,0.18302133679389956,0.2957916557788849,0.5123639702796936,-0.3029117286205292,-0.04038049280643463,-0.07690219581127167,-0.11032520979642868,0.3237547278404236,0.34603527188301086,0.6188088059425354,0.11002912372350691,0.9978518486022947,0.0960160344839096,-0.19667826592922208,0.9862000942230223,0.6220341920852661,-0.4977455139160156,-0.0980898216366768,0.31190237402915955,-0.3075790405273437,0.07646974176168442,-0.8982539176940918
0.27382761240005493,-0.10691817849874496,0.7694109678268432,0.4069949090480805,-0.033621955662965775,-0.01802740432322025,0.9126334190368652,-0.30315476655960083,0.37516608834266657,0.5452398061752319,1.2130149602890015,-0.21457849442958832,0.07543910294771193,-0.22027374804019928,0.1734435260295868,0.24434980750083923,0.48241719603538513,-0.2655193507671356,-0.042295746505260474,-0.07142238318920135,-0.11024695634841918,0.319824755191803,0.3722816109657288,0.6097005605697632,0.10997754335403442,1.0137915611267088,0.12944172322750092,-0.1887924373149872,0.9935799241065981,0.5953785181045532,-0.5148722529411316,-0.07705843448638915,0.2827827036380768,-0.3268781006336212,0.0952162593603134,-0.8604602217674254
0.2817356586456299,-0.1097220629453659,0.7735043168067933,0.3774644434452057,-0.04292302951216698,-0.015251878648996351,0.9249029755592345,-0.2222554236650467,0.4143736064434052,0.6394259333610535,1.1426150798797607,-0.23548598587512967,0.13816840946674347,-0.2422458529472351,0.15844349563121796,0.20133379101753235,0.4733470976352692,-0.23259112238883967,-0.029907016083598137,-0.07273586839437485,-0.11030030250549316,0.31414496898651123,0.40177878737449646,0.5995278358459473,0.10610970109701157,1.0264513492584229,0.17402830719947815,-0.19427376985549927,0.9975625872612,0.5697926282882689,-0.5292487144470215,-0.05640926957130432,0.23698665201663968,-0.34964126348495483,0.1030055582523346,-0.8205119371414183
0.29007333517074585,-0.11417610198259352,0.7766324877738952,0.34651637077331543,-0.05352986603975296,-0.011132260784506796,0.9364491701126098,-0.1795281320810318,0.3915348947048187,0.6747660040855408,1.0063039064407349,-0.2527380585670471,0.1205327734351158,-0.28038087487220764,0.1407756805419922,0.15776880085468292,0.5060216188430786,-0.22217437624931333,-0.01600704155862331,-0.07864119857549667,-0.1095663011074066,0.3128452003002167,0.4228017330169678,0.5948352813720703,0.08602885156869888,1.0423656702041624,0.21373383700847623,-0.2095231115818024,0.9754547476768493,0.5565399527549744,-0.5387105941772461,-0.044697366654872894,0.18409697711467743,-0.3717122077941895,0.1088397428393364,-0.779400646686554
0.2988833785057068,-0.11899275332689284,0.7785205841064453,0.31336176395416254,-0.06331201642751694,-0.005763033870607615,0.9475034475326538,-0.17380060255527496,0.3262108862400055,0.640315055847168,0.8504627346992493,-0.2689292430877685,0.04104484245181084,-0.3279879689216614,0.11904432624578476,0.10466636717319489,0.6025469899177551,-0.23976427316665647,-0.000808928278274834,-0.08726589381694794,-0.11212822794914244,0.3144376575946808,0.4373265206813812,0.5993993878364562,0.05900806561112404,1.0464863777160645,0.25479063391685486,-0.2218334376811981,0.9303593635559082,0.5458534359931946,-0.5414187908172609,-0.03097987174987793,0.12950123846530914,-0.4031866788864136,0.11756618320941924,-0.7453293800354005
0.3083188235759735,-0.12302221357822418,0.7784599661827086,0.27817919850349426,-0.07177940011024475,-0.0011729376856237648,0.957842707633972,-0.20668324828147888,0.2833758592605591,0.5869996547698976,0.7801539301872252,-0.28604015707969666,0.0013751575024798512,-0.36740490794181824,0.0786963179707527,0.01902828551828861,0.7303179502487183,-0.27288755774497986,-0.02526528015732765,-0.09341736137866972,-0.11513334512710573,0.3265932500362396,0.4585784375667572,0.6138724684715271,0.03852338343858719,1.0225887298583984,0.2928294837474823,-0.22781212627887723,0.887905180454254,0.5324615836143494,-0.5448824167251587,-0.01978131756186485,0.08132035285234451,-0.4237857162952423,0.12301798909902573,-0.7162875533103943
0.31731978058815,-0.12572360038757324,0.7758150100708007,0.24324287474155423,-0.07903780788183212,0.0011187460040673611,0.9667391777038574,-0.26484423875808716,0.26937001943588257,0.5329384803771973,0.7909703254699707,-0.2945787012577057,-0.01847974397242069,-0.3736736476421356,0.02525120787322521,-0.07868733257055281,0.8025801181793213,-0.3042142987251282,-0.08978933095932007,-0.09492181986570358,-0.11569289118051528,0.3479965925216675,0.49369740486145014,0.6398279666900635,0.03110097162425518,0.9698221087455747,0.315333753824234,-0.23062969744205475,0.8450336456298829,0.5083977580070496,-0.5547325611114502,-0.008036038838326931,0.040658440440893166,-0.43284544348716736,0.12179099023342133,-0.6952656507492065
0.32516589760780334,-0.1269901990890503,0.7703581452369691,0.21249800920486447,-0.08245688676834105,0.0019760329741984606,0.9736742377281189,-0.33060759305953974,0.2654983699321747,0.4748575687408447,0.8454902172088622,-0.30135044455528254,-0.030208464711904522,-0.3289712369441986,0.009144608862698078,-0.11673127859830856,0.7423874735832214,-0.3359318971633911,-0.08690918236970901,-0.08579536527395248,-0.11606888473033904,0.37234205007553106,0.5408879518508911,0.6753507852554321,0.04268421605229378,0.8954163193702698,0.32142713665962214,-0.24287188053131104,0.8052857518196107,0.4697403609752655,-0.5836922526359558,0.005623736884444952,0.01766195520758629,-0.43824455142021174,0.11600375175476074,-0.6913838982582092
0.3329318165779114,-0.1271775513887405,0.7635464668273925,0.18718823790550232,-0.08298870176076889,0.00010493041918380185,0.9788122773170472,-0.393182635307312,0.2735263705253601,0.43065744638442993,0.9238871932029725,-0.3064063787460327,-0.03406389057636261,-0.261182963848114,0.0222836434841156,-0.12252569943666458,0.6089816689491272,-0.39248847961425776,-0.06444580852985382,-0.0670870915055275,-0.11417583376169203,0.3934666216373444,0.5922260284423828,0.7137300372123718,0.06840425729751587,0.8192233443260192,0.31732615828514094,-0.25829824805259705,0.7673962712287904,0.41215062141418457,-0.6399149298667908,0.027762217447161674,0.030182851478457447,-0.43928965926170344,0.11333604156970976,-0.7082892060279846
0.3412981033325196,-0.12817542254924774,0.7567311525344848,0.1689150035381317,-0.08317264914512634,-0.003464481327682733,0.9821089506149294,-0.4506391286849976,0.28512999415397644,0.3961423933506012,1.001137137413025,-0.3056908249855041,-0.027358449995517727,-0.2269206345081329,0.03323591127991676,-0.1407156139612198,0.5333171486854553,-0.441102921962738,-0.06313621997833252,-0.0473918691277504,-0.1088072508573532,0.40647241473197937,0.6285344958305359,0.7426699995994567,0.1002265214920044,0.7663766145706176,0.3061971366405487,-0.26098141074180603,0.7511730790138244,0.33415848016738886,-0.7228401899337769,0.08064598590135574,0.08563856780529022,-0.4254372119903565,0.11232394725084303,-0.7318012714385985
0.3494745194911957,-0.13020746409893036,0.7538295984268188,0.15685537457466123,-0.08111993223428726,-0.008281768299639225,0.9842496514320371,-0.48442143201828,0.2888988256454468,0.3674575388431549,1.046799659729004,-0.305112898349762,-0.010791046544909475,-0.23417478799819944,0.03236191347241402,-0.1712062507867813,0.5519946217536926,-0.45209488272666926,-0.058594297617673874,-0.0273002702742815,-0.09844528883695601,0.4190967977046967,0.6328318119049072,0.7459936738014221,0.1323726773262024,0.7500508427619934,0.30291885137557983,-0.2500419616699219,0.7669258713722229,0.23595838248729703,-0.8215886950492858,0.16613061726093292,0.16834832727909088,-0.4037202000617981,0.10106848925352097,-0.7428348660469054
0.3538644313812256,-0.1319759637117386,0.7577300667762755,0.13927023112773895,-0.07846280187368393,-0.0073745474219322205,0.9871134757995603,-0.4726822972297669,0.25616690516471863,0.35045376420021057,1.0011452436447144,-0.2905671298503876,0.007791540585458279,-0.23522774875164032,0.014704881235957144,-0.19601480662822723,0.5727938413619995,-0.4287618398666382,-0.05453883484005928,-0.025479083880782127,-0.08963529020547865,0.4246878623962402,0.599155068397522,0.7244018912315368,0.14722058176994324,0.7449684143066406,0.30204057693481445,-0.24467261135578156,0.8044652938842772,0.15951713919639587,-0.884564697742462,0.21264506876468656,0.2415722608566284,-0.36498278379440313,0.08030060678720474,-0.7674220800399779
0.3535718023777008,-0.1337160766124725,0.7659937739372252,0.11775317788124084,-0.07525301724672316,-0.004548528231680393,0.9901770353317261,-0.3961183726787567,0.1927126497030258,0.33557218313217163,0.8422577381134033,-0.2979124188423157,0.001657697488553822,-0.24705977737903595,-0.015184784308075905,-0.22234758734703064,0.6186539530754088,-0.37915751338005066,-0.05204787850379944,-0.02558758668601513,-0.07122215628623961,0.4256041944026947,0.5479301810264587,0.6939231753349304,0.1379016488790512,0.721971571445465,0.2537851631641388,-0.2519223392009735,0.8350068330764769,0.13897310197353363,-0.9001344442367554,0.18595504760742188,0.274332731962204,-0.32814526557922363,0.06264965981245041,-0.8172804713249207
0.3508438766002655,-0.13589537143707275,0.7748652100563049,0.0932314395904541,-0.07097828388214111,-0.00707522127777338,0.9930860996246336,-0.2990589141845703,0.1322951465845108,0.30290091037750244,0.6390541791915894,-0.30234214663505554,-0.003246891777962446,-0.28949412703514094,-0.03731485456228256,-0.22918854653835297,0.7219401597976685,-0.3032001852989197,-0.068080373108387,-0.0363650806248188,-0.04072161391377449,0.4235036373138428,0.516105055809021,0.6556344628334044,0.12322044372558592,0.672111451625824,0.185454860329628,-0.25246903300285334,0.8197429180145263,0.15701746940612793,-0.8789640665054321,0.12573279440402985,0.2632319629192352,-0.30137768387794495,0.0650331899523735,-0.8487600088119507
0.3474180102348328,-0.13716711103916168,0.7801936268806458,0.0668431892991066,-0.06544631719589233,-0.012363504618406296,0.9955379962921143,-0.21226938068866727,0.09151723235845564,0.2606949508190155,0.4624548852443695,-0.2956719398498535,-0.013224977999925612,-0.3392951488494873,-0.025496695190668103,-0.17369768023490903,0.8311715722084044,-0.23026649653911593,-0.06470943987369537,-0.05654548481106758,-0.012467931024730204,0.41624021530151367,0.49361601471900934,0.6308826804161072,0.09089965373277664,0.60572350025177,0.1465187668800354,-0.24618449807167053,0.7799044847488403,0.18745923042297363,-0.8451251983642578,0.0874524638056755,0.21591356396675107,-0.29223713278770447,0.07959185540676117,-0.8688380718231201
0.3435473144054413,-0.13681194186210632,0.781432569026947,0.036704625934362405,-0.0581982396543026,-0.011564469896256924,0.9975630044937133,-0.1588670313358307,0.057075977325439446,0.21835497021675107,0.3647681474685669,-0.2861625850200653,-0.009840303100645542,-0.3777075111865997,-0.0016670167678967118,-0.07522124797105789,0.9257681369781494,-0.23841768503189087,-0.03296393528580665,-0.0870928093791008,-0.00344634847715497,0.40165120363235474,0.4568105936050415,0.6294234991073608,0.026404047384858128,0.5467967987060547,0.15774755179882047,-0.23248787224292755,0.7367912530899047,0.21942980587482447,-0.809508740901947,0.08284227550029753,0.15249933302402496,-0.2971763908863068,0.09438062459230424,-0.8807759881019592
0.3414123356342316,-0.13517519831657407,0.7807040214538574,0.007308776490390301,-0.0488484464585781,-0.010574040934443472,0.9987234473228455,-0.14611966907978055,0.040865331888198846,0.17274120450019836,0.363640159368515,-0.2919031381607056,-0.002730381675064564,-0.3935316801071167,-0.007826008833944798,-0.029748501256108284,0.9953486919403075,-0.28753906488418574,-0.030249210074543953,-0.1103409081697464,0.000320744380587712,0.3897575736045837,0.3937096893787384,0.6504616737365723,-0.060867790132761,0.5141366124153137,0.1881199926137924,-0.22152929008007047,0.6983305811882019,0.2477133274078369,-0.7781850099563599,0.1013014167547226,0.09595349431037904,-0.30496606230735773,0.09966712445020676,-0.8764132261276245
0.3402545154094696,-0.13356192409992218,0.7803418040275573,-0.014966031536459923,-0.04102570191025733,-0.01152158249169588,0.9989795684814451,-0.14039522409439087,0.03470386192202568,0.13739432394504547,0.37710377573966974,-0.2976710498332977,0.00445889076218009,-0.3939896821975708,-0.0285908468067646,-0.01713104173541069,1.0173754692077637,-0.32241690158843994,-0.0333014614880085,-0.11887603998184204,0.004792901687324047,0.379973441362381,0.3320314586162567,0.6679558753967285,-0.13598425686359403,0.5018939971923828,0.2142886817455292,-0.21314242482185364,0.6738330721855164,0.25599873065948486,-0.747978389263153,0.13711826503276825,0.07057227939367294,-0.30849736928939814,0.09702249616384506,-0.8647478818893432
0.3386729955673218,-0.13257956504821777,0.7805072665214537,-0.029574645683169365,-0.03461211919784546,-0.013090829364955424,0.9988773465156556,-0.1291203200817108,0.03347235918045044,0.11461814492940901,0.3806140720844269,-0.3007892370223999,0.010483578778803349,-0.3857332170009613,-0.0439988411962986,-0.005061396863311529,0.9984729886054992,-0.3304736614227295,-0.027239754796028137,-0.1157313585281372,0.008622565306723116,0.3693893849849701,0.28220754861831665,0.6688110232353209,-0.19290943443775177,0.5057411789894104,0.22657236456871033,-0.20632614195346832,0.6607577800750732,0.25021669268608093,-0.7193774580955504,0.17844457924365997,0.07449086010456085,-0.31088343262672424,0.09525369107723235,-0.853143870830536
0.3363226652145386,-0.13157612085342407,0.7808212041854857,-0.040043003857135766,-0.028373790904879567,-0.01324138231575489,0.9987072348594664,-0.11274939775466918,0.031909696757793427,0.09907282143831252,0.3766792714595794,-0.3017755448818207,0.013390286825597286,-0.36895379424095154,-0.05739069730043411,0.0045821270905435085,0.9614787697792051,-0.32956725358963007,-0.014990140683948992,-0.10838518291711809,0.007929529994726181,0.357761412858963,0.24333012104034424,0.6567617058753967,-0.2357004135847092,0.5251068472862244,0.2370455116033554,-0.19945888221263883,0.6539174914360046,0.2394516468048096,-0.6930384635925293,0.218938946723938,0.09511686861515044,-0.3109578788280487,0.09787201881408691,-0.8414874672889708
0.33309853076934814,-0.12990251183509827,0.7811824083328246,-0.049079444259405136,-0.02193525806069374,-0.01291531790047884,0.9984704852104189,-0.09361332654953003,0.03093455731868744,0.08461526036262512,0.3697368502616882,-0.3023401200771332,0.011874092742800713,-0.34622877836227417,-0.07034622877836227,0.00483720051124692,0.9225041270256041,-0.33330011367797846,-0.005445397458970547,-0.100079208612442,0.006186073645949364,0.34371289610862726,0.21271912753582,0.639365553855896,-0.2710968554019928,0.5543072819709778,0.25080227851867676,-0.1928786188364029,0.6523081064224243,0.22665956616401672,-0.6687023043632507,0.2593553066253662,0.12073265016078948,-0.30600565671920776,0.10289293527603148,-0.8256633877754211
0.3294714093208313,-0.12754978239536283,0.7816680073738098,-0.057364027947187424,-0.015150572173297404,-0.01284557394683361,0.9981557130813599,-0.07331555336713792,0.03212670236825943,0.06924925744533539,0.3628104627132416,-0.3029996156692505,0.006488451734185219,-0.3185063898563385,-0.08000019192695618,-0.003630569903180003,0.8859499096870422,-0.3413865566253662,0.0013099695788696408,-0.09244985878467561,0.006542610004544257,0.327698290348053,0.18959209322929385,0.6216357350349425,-0.3038736283779144,0.5883609056472777,0.26063048839569086,-0.18973055481910703,0.6551777124404907,0.21575009822845456,-0.6466677188873291,0.29745322465896606,0.14399771392345428,-0.2942011058330536,0.10435619205236434,-0.8115988373756408
0.3260401487350464,-0.12454895675182343,0.7820392251014708,-0.06484244018793106,-0.00836806558072567,-0.0134721789509058,0.9977694749832152,-0.05657204985618591,0.03672357648611069,0.05271833762526512,0.3637953400611877,-0.30545547604560846,-0.0029759081080555916,-0.2876542806625366,-0.08915851265192032,-0.029777390882372856,0.8529284596443176,-0.34601303935050964,0.0052744001150131226,-0.08546515554189682,0.01055834535509348,0.3112463653087616,0.17203356325626373,0.6054412126541138,-0.33783456683158875,0.6276450157165527,0.2675431966781616,-0.19105039536952967,0.6550509929656982,0.2080998718738556,-0.6264162659645081,0.3331965208053589,0.16912268102169037,-0.27808186411857605,0.10040724277496337,-0.8015950322151184
0.3225894272327423,-0.1207779049873352,0.7819412350654602,-0.07127563655376433,-0.0019847573712468147,-0.013445490971207619,0.9973641037940979,-0.04513361304998398,0.040782157331705086,0.03593410924077033,0.3749248683452606,-0.31111896038055414,-0.012131373398005962,-0.25781553983688354,-0.090663842856884,-0.05811864882707596,0.8245567083358765,-0.3411422371864319,0.010502424091100693,-0.07877638190984726,0.014837982133030891,0.29441142082214355,0.16109320521354675,0.5911282300949097,-0.3738583028316498,0.6700487732887268,0.26947838068008423,-0.1922374218702316,0.6486020684242249,0.19977696239948273,-0.606393337249756,0.36626923084259033,0.20417085289955136,-0.2659062147140503,0.09080583602190016,-0.7941123247146606
0.3192979097366333,-0.11676442623138428,0.7805159687995911,-0.07573279738426208,0.003875076537951827,-0.010365908965468407,0.9970667362213135,-0.03543714061379433,0.03825598210096359,0.02197117730975151,0.39010170102119446,-0.32057976722717285,-0.01913449913263321,-0.22502878308296204,-0.0969117134809494,-0.0930233895778656,0.7936294674873352,-0.327018678188324,0.017981495708227158,-0.07182206958532333,0.013543102890253069,0.277219831943512,0.15537294745445251,0.5794172286987305,-0.4115898609161377,0.7137054800987244,0.26743724942207336,-0.1921929717063904,0.63898766040802,0.18830037117004397,-0.5872913599014281,0.39629101753234863,0.2504287362098694,-0.25944447517395014,0.07789847254753111,-0.787792682647705
0.31555807590484614,-0.11225852370262146,0.7776674032211303,-0.07784771919250488,0.0094289043918252,-0.004085726570338011,0.9969123005867004,-0.024512359872460365,0.0305459126830101,0.016956375911831856,0.40428176522254944,-0.3341106176376343,-0.02566232159733772,-0.17961236834526062,-0.1175529807806015,-0.14440396428108215,0.7493337392807008,-0.3153246343135834,0.023532303050160408,-0.06193538010120392,0.005994430277496576,0.26119717955589294,0.15001933276653287,0.5700705647468567,-0.45697465538978577,0.765125572681427,0.2645806670188904,-0.1896245926618576,0.6248153448104857,0.1748725324869156,-0.5686050653457642,0.4234741926193237,0.3074285686016083,-0.25892403721809387,0.0663694366812706,-0.7828754782676696
0.31178829073905945,-0.10771235823631287,0.7733213901519774,-0.07802101969718933,0.013593358919024467,0.003950143232941628,0.9968512058258056,-0.01775919832289219,0.02066735364496708,0.018369557335972782,0.4213162064552307,-0.3531976044178009,-0.03184022754430771,-0.1134168654680252,-0.13818727433681488,-0.1957026422023773,0.6683686375617981,-0.3701809048652649,0.03517443314194679,-0.05267386138439178,-0.0061876606196165085,0.24259974062442777,0.1413913071155548,0.5639947652816772,-0.5088531374931335,0.8249425888061523,0.2669053971767425,-0.18589122593402865,0.6041626334190369,0.16439807415008545,-0.5505358576774597,0.45015409588813776,0.3700301051139832,-0.2671963572502136,0.059991199523210526,-0.7797453403472899
0.3095189929008484,-0.1025100201368332,0.7698147296905516,-0.07437536120414732,0.014162706211209295,0.006217901594936848,0.9971103072166442,-0.026334116235375404,0.02765310928225517,0.028092227876186367,0.4506273865699768,-0.37400528788566584,-0.041018657386302955,-0.06667517125606537,-0.1328127384185791,-0.22088950872421265,0.5851137042045593,-0.40904569625854487,0.039637606590986245,-0.0380186140537262,-0.008184923790395262,0.2245084643363953,0.12322929501533508,0.559235453605652,-0.5640880465507507,0.8882974982261658,0.2711142599582672,-0.1823386400938034,0.5761178731918335,0.1466471403837204,-0.5340859293937683,0.4851672351360321,0.4405477941036224,-0.26272642612457275,0.0574021115899086,-0.7699584960937501
0.3079507350921631,-0.096561461687088,0.7698318362236024,-0.06696601212024689,0.012208437547087668,0.005174519028514624,0.997667133808136,-0.03328395262360573,0.04457833617925644,0.04692723602056503,0.4632742404937744,-0.37617760896682734,-0.04702379927039146,-0.0519002191722393,-0.11573248356580734,-0.2194900214672089,0.5388880968093872,-0.4056343734264374,0.036531619727611535,-0.02263481914997101,-0.002480641473084688,0.21069747209548953,0.1029740497469902,0.5512658357620239,-0.617280125617981,0.948287546634674,0.27942657470703125,-0.17451219260692596,0.536501944065094,0.11795317381620408,-0.5233696103096008,0.533784806728363,0.5182932019233704,-0.24750362336635587,0.049793630838394165,-0.7410159707069397
0.30644723773002625,-0.08982612192630768,0.7729523777961731,-0.0606897696852684,0.010024237446486948,0.004486818797886372,0.9980962872505189,-0.03081995621323585,0.059438880532979965,0.06105867773294449,0.4529738426208496,-0.3535272479057312,-0.052887868136167526,-0.03910104930400848,-0.09830061346292496,-0.21470536291599276,0.49240216612815857,-0.3805687129497528,0.03173885494470596,-0.014428184367716312,0.00011654257104964925,0.19767141342163083,0.08256647735834122,0.5399880409240723,-0.6657813191413879,1.003879189491272,0.2991088926792145,-0.162623792886734,0.4893897771835327,0.08639968931674957,-0.5099379420280457,0.5908448100090027,0.6031976938247681,-0.2246728092432022,0.04634857922792435,-0.6877646446228027
0.30591651797294617,-0.08349848538637161,0.7771129012107849,-0.05803234130144119,0.0075449361465871325,0.004877210594713688,0.9982743263244629,-0.022974723950028416,0.06810083240270615,0.06681004911661148,0.4256874918937683,-0.3200269341468811,-0.06063084676861763,-0.02069505862891674,-0.08532889187335968,-0.21876040101051328,0.43802773952484125,-0.3523147702217102,0.028878504410386086,-0.012829390354454516,-0.0029205186292529106,0.18331578373909,0.06254499405622481,0.5332496762275696,-0.715400755405426,1.0463013648986816,0.32761716842651367,-0.15278011560440063,0.43306827545166016,0.05981731414794922,-0.4887909889221192,0.6481325030326843,0.6909344792366028,-0.197978675365448,0.04592268913984299,-0.6200519204139708
0.30630427598953247,-0.07815933227539062,0.7809111475944518,-0.058709073811769485,0.004192521795630455,0.007353499997407199,0.99823921918869,-0.014942144975066183,0.06837309151887894,0.06632222980260849,0.38904160261154175,-0.28208357095718384,-0.07011029124259949,-0.0054756784811615935,-0.08033235371112822,-0.2289138585329056,0.39088037610054016,-0.3286862075328827,0.027912948280572888,-0.01562612876296043,-0.010915812104940414,0.16734842956066132,0.03999216109514237,0.5329039692878723,-0.7627957463264465,1.0721616744995115,0.3526139259338379,-0.14635927975177765,0.3758145272731781,0.04432379826903343,-0.4609306454658508,0.6965510249137878,0.7721501588821411,-0.1699196696281433,0.0469997227191925,-0.544316291809082
0.306627094745636,-0.0732499212026596,0.7834476828575134,-0.060733914375305176,-5.5749231250956655e-05,0.009410492144525053,0.9981096386909485,-0.010210567153990269,0.06829371303319931,0.06510156393051147,0.3530832231044769,-0.2512013912200928,-0.08310439437627792,-0.000601540319621563,-0.0773177519440651,-0.23919402062892917,0.3610134720802307,-0.31207072734832764,0.02496222406625748,-0.019918348640203476,-0.01596459187567234,0.15191400051116943,0.018677826970815655,0.53764671087265,-0.7986167073249818,1.0791935920715332,0.36214509606361384,-0.14331823587417603,0.32594987750053406,0.037197422236204154,-0.4321973621845245,0.7294098138809203,0.837837815284729,-0.13262324035167694,0.04801380261778832,-0.4710921347141266
0.3068225681781769,-0.06866338104009628,0.7846919894218445,-0.06342985481023788,-0.0036666309460997586,0.0104713449254632,0.9979246258735656,-0.006920201703906059,0.07106009870767593,0.0666433647274971,0.32366955280303955,-0.23099504411220553,-0.09876029938459395,0.0009227546397596596,-0.07344772666692732,-0.2491496056318283,0.34080514311790466,-0.3029870390892029,0.019641604274511337,-0.025603219866752625,-0.017077451571822166,0.14064328372478485,-0.0004132796311751008,0.5447129607200624,-0.8152889609336853,1.0731887817382812,0.3525063395500183,-0.14083795249462128,0.29627588391304016,0.03638514503836632,-0.4074912369251251,0.7423824071884155,0.8822083473205566,-0.09269628673791885,0.04880564287304878,-0.4120211005210877
0.3073943257331848,-0.06446670740842819,0.7849782705307008,-0.06650625914335251,-0.006258206441998482,0.009998776949942114,0.9977163076400756,-0.01001033466309309,0.07919027656316757,0.06867057830095291,0.31163069605827326,-0.22307324409484863,-0.11188778281211852,0.0019673912320286036,-0.06649981439113617,-0.25994211435318,0.32314303517341614,-0.2980686724185944,0.01018672715872526,-0.03216883167624473,-0.014981374144554138,0.13405968248844147,-0.020565025508403775,0.550010621547699,-0.8122953176498413,1.0669922828674316,0.3270995020866394,-0.1371268481016159,0.28467124700546265,0.03846802189946175,-0.385690301656723,0.7360261082649232,0.9103165268898009,-0.058832574635744095,0.04728604853153229,-0.36586374044418335
0.30820566415786743,-0.06068938970565796,0.7848327159881591,-0.06910273432731628,-0.007294541224837302,0.009616537019610405,0.9975364804267884,-0.018997367471456528,0.08540105074644087,0.06184689700603485,0.3168301582336426,-0.2195279002189636,-0.11856397241353989,0.005533207673579454,-0.06043538451194763,-0.2675653100013733,0.30787187814712524,-0.29475560784339905,0.003143333364278078,-0.03729008138179779,-0.013873093761503696,0.1324177235364914,-0.03993064165115357,0.5509451627731323,-0.789281964302063,1.0590124130249023,0.30038055777549744,-0.13152985274791715,0.2868461608886719,0.040305893868207925,-0.3672446608543396,0.7214143872261046,0.9297744035720824,-0.0300152488052845,0.04753956571221352,-0.33351337909698486
0.30922996997833246,-0.05779746174812317,0.7843239903450013,-0.07055684179067612,-0.007419002708047628,0.009056713432073591,0.9974390864372252,-0.027430057525634766,0.08745553344488144,0.036033835262060165,0.3239562809467316,-0.2176484763622284,-0.12645231187343595,0.009206979535520077,-0.05475321039557457,-0.27314281463623047,0.2950460910797119,-0.29229557514190674,-0.0017126707825809715,-0.04050225019454956,-0.012788070365786552,0.13280300796031952,-0.051904752850532525,0.5475757122039795,-0.7482425570487976,1.0502915382385252,0.2744496762752533,-0.12609165906906128,0.30146458745002747,0.04207698628306389,-0.3518628478050232,0.7022160887718201,0.9431585669517517,-0.008223431184887886,0.04958060011267663,-0.31181907653808594
0.310208797454834,-0.056180134415626526,0.7837440371513367,-0.0704464539885521,-0.006449596956372261,0.007750634104013443,0.9974645972251891,-0.029915153980255127,0.08683354407548904,-0.002679466502740979,0.32593777775764465,-0.22115111351013184,-0.1347246021032333,0.013975336216390131,-0.04773500561714172,-0.2742317020893097,0.28375107049942017,-0.2901747822761536,-0.005844744388014078,-0.04197856038808823,-0.009701518341898918,0.13418081402778623,-0.0517761968076229,0.5403125882148743,-0.6939069628715515,1.0327239036560059,0.242216557264328,-0.12312857061624526,0.32214462757110596,0.04501167684793472,-0.33994227647781367,0.6831715703010559,0.9517778754234314,0.006892016157507896,0.050723012536764145,-0.2998611629009247
0.31105616688728327,-0.05593802034854889,0.7834183573722838,-0.06893429905176163,-0.004859284032136202,0.006096491124480963,0.997590720653534,-0.026675950735807415,0.08717852830886842,-0.03133679926395416,0.32029807567596436,-0.226178839802742,-0.13448575139045715,0.020826268941164017,-0.04139783978462219,-0.2734218239784241,0.2701408863067627,-0.28481394052505493,-0.007250232622027397,-0.043066617101430886,-0.00503498362377286,0.1336464285850525,-0.040274664759635925,0.5288731455802916,-0.6359027028083801,1.0078709125518799,0.1970539391040802,-0.1272505670785904,0.34312745928764343,0.05035192891955376,-0.3306371867656708,0.6651301383972168,0.9555349349975586,0.019549926742911335,0.04771020263433456,-0.29653507471084595
0.31166040897369385,-0.05678024888038635,0.783507227897644,-0.06670349836349487,-0.00320089072920382,0.004200506955385208,0.9977588653564451,-0.019728561863303185,0.0901798903942108,-0.03644660115242004,0.3100934326648712,-0.2305230498313904,-0.12815289199352264,0.029755281284451485,-0.035845883190631866,-0.27132606506347656,0.2544053792953491,-0.27522835135459894,-0.00482353288680315,-0.04398244619369506,0.0008764109225012362,0.131577268242836,-0.021714307367801663,0.5124931335449219,-0.5910375118255615,0.9862976670265197,0.15051397681236267,-0.13611121475696564,0.3574395179748535,0.055213842540979385,-0.3233451843261719,0.6507711410522461,0.9578245878219603,0.03764772415161133,0.042380437254905694,-0.2992483973503113
0.3123708963394165,-0.057977229356765754,0.7838554978370665,-0.06452678889036179,-0.0019312077201902864,0.0023365397937595844,0.9979113936424256,-0.010205541737377644,0.09546056389808655,-0.025736095383763317,0.29480093717575073,-0.22823044657707212,-0.12483584135770796,0.0376175194978714,-0.03150434419512749,-0.26992058753967285,0.2384318709373474,-0.26389443874359125,-0.0014046435244381428,-0.04640534892678261,0.006269438192248344,0.1274302899837494,-0.007743415888398885,0.4945212602615357,-0.5721511244773865,0.9789288640022276,0.12236317992210388,-0.13998976349830627,0.36037594079971313,0.05855180695652962,-0.3174573481082916,0.6415042281150818,0.961585521697998,0.04918492212891579,0.03898415341973305,-0.2972341179847717
0.31332090497016907,-0.05949196219444274,0.7842100262641906,-0.0628393217921257,-0.0007178940577432513,0.0006364670116454363,0.998023211956024,0.001410342869348824,0.09954982995986937,-0.013832097873091696,0.2741858959197998,-0.2246526330709457,-0.12172499299049376,0.04474463686347008,-0.0281235184520483,-0.26781076192855835,0.22384168207645416,-0.25274404883384705,0.0033844902645796537,-0.049724608659744256,0.010776529088616371,0.12294481694698332,0.0005943512078374624,0.4755394756793976,-0.5743662714958191,0.9808309674263,0.1206013336777687,-0.1365038305521011,0.35469016432762146,0.058468807488679886,-0.31137606501579285,0.6373170614242554,0.9680308699607848,0.05061393231153488,0.03947190940380096,-0.29292410612106323
0.31460100412368774,-0.061608970165252686,0.7842320799827575,-0.06149231642484665,0.0006575494189746678,-0.0009279074729420244,0.9981069564819337,0.014364121481776236,0.101557157933712,-0.004881130065768957,0.24999652802944183,-0.221659779548645,-0.12022188305854796,0.05097500234842301,-0.02604670636355877,-0.26613819599151606,0.21079143881797793,-0.2446138709783554,0.009671290405094624,-0.05396391823887825,0.014413143508136272,0.1193557009100914,0.004620827734470368,0.45533499121665955,-0.5926719903945923,0.9882227778434752,0.13724085688591003,-0.12887807190418243,0.34451523423194885,0.05568931624293327,-0.3053794503211975,0.6372659206390381,0.9745225310325623,0.04487458243966103,0.0432966873049736,-0.2871261537075043
0.3160955309867859,-0.06428208202123642,0.7839816212654114,-0.06074609979987144,0.002245060168206692,-0.002280864166095853,0.9981481432914733,0.02760939672589302,0.10170887410640717,0.001729345414787531,0.22605347633361816,-0.21951703727245328,-0.11965421587228776,0.05605028942227364,-0.02544335648417473,-0.26492178440093994,0.1999018341302872,-0.239629328250885,0.016348194330930706,-0.05843773111701012,0.017013313248753548,0.11782776564359664,0.0057108448818326,0.4349305331707001,-0.6205559968948364,0.9974470734596252,0.16098709404468536,-0.1207706555724144,0.3317090570926666,0.05173484608530998,-0.29975074529647827,0.6378213167190552,0.9792557954788208,0.037623059004545205,0.04709155112504959,-0.28113362193107605
0.3177434504032135,-0.06710591912269592,0.7839656472206116,-0.06085507944226265,0.003683459712192416,-0.0027131743263453245,0.9981361627578736,0.03929391875863075,0.09884529560804368,0.006437238305807114,0.20460425317287445,-0.2149240970611572,-0.11759628355503082,0.06021763756871224,-0.027661824598908424,-0.2645147144794464,0.18998877704143524,-0.2342071831226349,0.024206012487411496,-0.06294742971658707,0.01729496754705906,0.11773128807544708,0.005008386448025704,0.41430830955505366,-0.6517202854156494,1.0073142051696775,0.18273890018463132,-0.11284171789884569,0.31653869152069086,0.04852406308054924,-0.29423609375953674,0.636694610118866,0.9828420281410216,0.032415375113487244,0.04719709232449532,-0.2770068049430847
0.31970909237861633,-0.06975513696670532,0.7842808365821838,-0.06153438985347748,0.004517543595284224,-0.002435386180877685,0.9980917572975159,0.047125596553087234,0.09414801746606825,0.009761599823832514,0.1866648644208908,-0.20682144165039065,-0.11498351395130156,0.06335142999887465,-0.031585026532411575,-0.2641982436180115,0.17947065830230713,-0.2264402806758881,0.032462228089571,-0.06705807149410248,0.01612282171845436,0.11819396167993544,0.002866230905056,0.3934595286846161,-0.6819872260093689,1.0168495178222656,0.1989396810531616,-0.10540320724248886,0.2992711663246155,0.04729223623871803,-0.28841710090637207,0.6328381896018982,0.9855555295944212,0.02860669605433941,0.044670198112726205,-0.2760646641254425
0.32185906171798706,-0.07220421731472014,0.7847355604171754,-0.06236240267753601,0.004644253756850958,-0.0022300658747553825,0.99804025888443,0.050320275127887726,0.08977515995502472,0.012685000896453856,0.17308376729488373,-0.19872446358203888,-0.11230824887752532,0.0650084987282753,-0.035397086292505264,-0.2639801502227783,0.16871242225170135,-0.2170114666223526,0.039265528321266174,-0.06996943056583405,0.015473433770239351,0.11880100518465042,6.68698558001779e-05,0.37364414334297186,-0.7093133926391602,1.0242786407470703,0.20704497396945956,-0.10040917992591857,0.2843826115131378,0.0474708080291748,-0.28236255049705505,0.6284798979759216,0.9876351356506349,0.02708137966692448,0.04199520498514176,-0.27577710151672363
0.3242334723472595,-0.07439333945512772,0.7851603031158446,-0.06312857568264008,0.004117936827242374,-0.002154888119548559,0.9979946017265322,0.04991568252444267,0.08562079071998595,0.014982618391513824,0.16302229464054108,-0.19168168306350708,-0.1093570962548256,0.0647212415933609,-0.0389588437974453,-0.2636569738388061,0.15842856466770172,-0.20775125920772552,0.04462598636746407,-0.07160811126232147,0.015499406494200228,0.1197993755340576,-0.0037246225401759143,0.35632631182670593,-0.7310242056846618,1.028803467750549,0.20756036043167117,-0.09791103750467299,0.27634233236312866,0.04729527235031128,-0.2765241265296936,0.6263496279716492,0.9892367720603943,0.02710452862083912,0.04060836136341095,-0.273800253868103
0.3270401656627655,-0.07624491304159164,0.7854887843132019,-0.06393373012542725,0.0030502034351229668,-0.0021056018304079767,0.9979472756385804,0.04684619978070259,0.08144258707761763,0.016951030120253563,0.15525516867637634,-0.18543703854084012,-0.10650132596492767,0.06266715377569199,-0.04269114136695862,-0.2636011838912964,0.14914368093013763,-0.19945083558559415,0.0492657907307148,-0.07230950146913528,0.015698431059718132,0.12127866595983504,-0.00909336842596531,0.3426782786846161,-0.7475083470344542,1.0306551456451416,0.20347727835178372,-0.09634222090244292,0.2740287780761719,0.046107359230518334,-0.271314412355423,0.6278048157691956,0.9906768202781677,0.02798972465097904,0.04001706093549728,-0.27099367976188654
0.3302519619464874,-0.07778569310903549,0.7857109308242797,-0.06489633023738861,0.0015765345888212323,-0.0021653766743838787,0.997888445854187,0.0414433628320694,0.07753726840019226,0.018377773463726044,0.14980947971343994,-0.1799584329128265,-0.10354503989219664,0.058378983289003365,-0.04630409926176071,-0.2635973691940308,0.1424376368522644,-0.19288352131843567,0.05292154848575592,-0.07234741002321243,0.015996528789401054,0.1232250928878784,-0.016002122312784195,0.3331514298915863,-0.7601517438888551,1.0306859016418457,0.198657900094986,-0.09494654089212416,0.2741863429546356,0.04405392706394196,-0.26670199632644653,0.632790207862854,0.9927412271499632,0.028163064271211624,0.03919399529695511,-0.26824361085891724
0.3336390256881714,-0.07937151938676834,0.7858892679214476,-0.06584011018276215,-0.00013324055180419236,-0.0024506975896656518,0.9978271722793581,0.034562449902296066,0.07420362532138824,0.019594946876168248,0.1459845006465912,-0.1751866191625595,-0.10080848634243011,0.052148226648569114,-0.04945848509669304,-0.26327791810035706,0.13811446726322174,-0.18720984458923337,0.056302253156900406,-0.07179225981235504,0.01651749573647976,0.1257278472185135,-0.02359277382493019,0.32727593183517456,-0.7708144187927246,1.0299525260925293,0.1962081491947174,-0.0936245173215866,0.2744129002094269,0.040921039879322045,-0.2628580629825592,0.6396842002868652,0.99538254737854,0.025019569322466847,0.038445789366960526,-0.2659001648426056
0.336881548166275,-0.0810336172580719,0.7860741019248961,-0.06667434424161911,-0.0020233115646988158,-0.002728559076786041,0.9977689981460572,0.027049820870161057,0.071047842502594,0.02040718123316765,0.14281964302062988,-0.17032364010810852,-0.09851810336112976,0.04535666480660439,-0.05228985846042633,-0.26268017292022705,0.1344338208436966,-0.18165677785873413,0.05976281687617302,-0.07098501920700073,0.016751457005739212,0.12816911935806274,-0.030609216541051865,0.3246917724609375,-0.7781474590301514,1.0297486782073975,0.1947574615478516,-0.09216152131557465,0.27418798208236694,0.0373041182756424,-0.2598400413990021,0.6451218128204346,0.9981471896171568,0.02131994999945164,0.03782099485397338,-0.26505643129348755
0.3398934304714203,-0.08284059166908264,0.7863035798072816,-0.06737978011369705,-0.004033991601318121,-0.00292183761484921,0.9977149963378905,0.01960473880171776,0.06783665716648102,0.02107479237020016,0.13936743140220642,-0.16503895819187164,-0.09661179780960083,0.03820411115884781,-0.055180400609970086,-0.261554479598999,0.13093338906764984,-0.17583149671554563,0.06335435807704926,-0.06972645223140717,0.01661469228565693,0.1303194165229797,-0.03635857254266738,0.3245666027069092,-0.7823524475097656,1.0301575660705566,0.19415295124053955,-0.09047272801399232,0.2734852433204651,0.03420621156692505,-0.2576113045215606,0.6482903957366943,1.0008426904678345,0.018568191677331924,0.03766003996133804,-0.2651551067829132
0.3426021933555603,-0.08461655676364897,0.7865602970123291,-0.06790616363286972,-0.006131059490144253,-0.003038053167983889,0.9976682662963868,0.012324077077209948,0.0647849291563034,0.02177614718675613,0.13568726181983948,-0.15930557250976562,-0.09518893063068387,0.03096691519021988,-0.05795807763934136,-0.2600552439689636,0.12753015756607056,-0.1694643348455429,0.06669367104768753,-0.06815505027770996,0.01618961431086063,0.1317204236984253,-0.04036518558859825,0.32620754837989807,-0.7829075455665587,1.0309312343597412,0.19303280115127563,-0.0883735790848732,0.27254146337509155,0.03185972571372986,-0.25583985447883606,0.6492842435836792,1.0032193660736084,0.01819461770355701,0.03766513615846634,-0.26627495884895325
0.3449675738811493,-0.08624546974897385,0.786781907081604,-0.06808613985776901,-0.007944597862660883,-0.003089143196120858,0.997642993927002,0.006242650095373392,0.06201178953051567,0.02277936972677708,0.13200779259204865,-0.15404944121837616,-0.09415149688720705,0.024220764636993408,-0.06050014495849609,-0.258289635181427,0.12456607073545456,-0.1634468138217926,0.06965776532888412,-0.06610822677612305,0.015667814761400223,0.13278250396251678,-0.04207697510719299,0.32921284437179565,-0.7796823382377625,1.0313429832458496,0.18963010609149927,-0.08671709895133971,0.27206259965896606,0.03027205914258957,-0.25453764200210566,0.6494205594062805,1.0052069425582884,0.01977532729506493,0.03765196353197098,-0.2671625912189484
0.34708139300346375,-0.08760376274585725,0.7869523167610168,-0.06791596859693527,-0.009355843067169188,-0.003092721803113818,0.9976423978805541,0.0012140197213739157,0.05958464741706848,0.024293892085552212,0.12926329672336578,-0.14983288943767548,-0.09291913360357283,0.01838023029267788,-0.06269653886556625,-0.25622841715812683,0.12227444350719452,-0.15812090039253235,0.07196991890668869,-0.06368914991617203,0.015028788708150387,0.13334546983242035,-0.04192862659692764,0.33316344022750854,-0.7735136151313781,1.031278133392334,0.1830904185771942,-0.08545096218585968,0.27192166447639465,0.02922886610031128,-0.2535257339477539,0.6494335532188416,1.0067565441131592,0.021337699145078656,0.03743760660290718,-0.2678892016410828
0.34912049770355225,-0.08868623524904251,0.787074327468872,-0.06740379333496094,-0.010229509323835371,-0.002999066608026624,0.9976688623428344,-0.0025618637446314096,0.05735544487833977,0.026023389771580696,0.1274091899394989,-0.14670877158641815,-0.09107233583927153,0.013731468468904495,-0.06482129544019699,-0.2541000247001648,0.12087415158748625,-0.15400797128677368,0.07411308586597441,-0.06105082109570503,0.014208839274942873,0.13359008729457855,-0.04022391512989998,0.3378259539604187,-0.7654212713241577,1.0305448770523071,0.17466488480567932,-0.084736168384552,0.2715635895729065,0.02835669554769993,-0.2527850866317749,0.6503056287765503,1.0079445838928223,0.0209560077637434,0.03726758062839508,-0.2685838341712952
0.3511318266391754,-0.08954906463623047,0.7871584892272949,-0.06649655103683472,-0.010664813220500946,-0.002892171498388052,0.9977254867553712,-0.0052167633548378944,0.05548205971717834,0.02806724049150944,0.12638609111309052,-0.14461219310760498,-0.08885637670755385,0.010090732015669344,-0.06667491793632507,-0.25179654359817505,0.12028024345636368,-0.15120841562747955,0.07584983110427856,-0.05830208957195281,0.013377211056649683,0.13325032591819763,-0.037557680159807205,0.34296014904975886,-0.7565739154815674,1.0298553705215454,0.165174663066864,-0.08461234718561171,0.27099853754043574,0.026931591331958767,-0.25209876894950867,0.6523601412773132,1.0089051723480225,0.01892550103366375,0.03732616826891899,-0.26922172307968134
0.3529634475708008,-0.0903090164065361,0.7872405648231505,-0.06514953821897507,-0.01069173589348793,-0.0028354537207633257,0.9978141784667968,-0.006567098665982485,0.054108183830976486,0.030623346567153927,0.12597140669822693,-0.14354386925697327,-0.08655569702386856,0.007326615974307059,-0.06801457703113556,-0.24880790710449216,0.12038110196590424,-0.14920192956924438,0.07712453603744505,-0.05552381277084351,0.012729785405099392,0.1326029747724533,-0.03503575548529625,0.34822270274162287,-0.7478493452072142,1.0300440788269043,0.1562325358390808,-0.0842619240283966,0.27025479078292847,0.024574536830186844,-0.251340925693512,0.6547752022743225,1.010009765625,0.016593556851148605,0.0373593270778656,-0.26989784836769104
0.35445475578308105,-0.09106627106666565,0.7872985601425171,-0.06348226964473724,-0.010347421281039715,-0.002845350187271833,0.9979252815246582,-0.0067874058149755,0.05326521769165993,0.03376432880759239,0.12607689201831815,-0.14325803518295288,-0.08459961414337158,0.005590294953435659,-0.06878506392240524,-0.24493239820003507,0.12064523994922637,-0.14766089618206024,0.07787144184112547,-0.0529424361884594,0.012304062955081463,0.13187623023986816,-0.033392541110515594,0.35346662998199463,-0.7405681014060974,1.0318480730056763,0.14908936619758603,-0.083720363676548,0.26931679248809814,0.021016417071223256,-0.25019368529319763,0.6569505929946899,1.0110225677490234,0.01601816900074482,0.03700204938650131,-0.2707189619541168
0.3555603325366974,-0.09169837832450865,0.7872796058654785,-0.061586104333400726,-0.009827767498791216,-0.0028651810716837645,0.9980493187904357,-0.006285271141678095,0.05284491553902625,0.03751571476459503,0.12631699442863464,-0.14328333735466003,-0.0828116312623024,0.004250414669513702,-0.0692305937409401,-0.24028730392456052,0.12133974581956863,-0.14641638100147247,0.07818327099084854,-0.05063936486840248,0.011932638473808764,0.13108281791210175,-0.03262963891029358,0.35841450095176697,-0.7351266145706176,1.0351612567901611,0.1447603851556778,-0.08268355578184128,0.26841628551483154,0.01664237678050995,-0.24903246760368347,0.6587351560592651,1.0116746425628662,0.016696536913514137,0.03614525869488716,-0.27186191082000727
0.35633522272109985,-0.09221029281616211,0.7872130870819091,-0.05958596244454384,-0.009192053228616713,-0.0029192061629146338,0.998176634311676,-0.005375238135457039,0.052764926105737686,0.0411841943860054,0.12673138082027435,-0.14372248947620392,-0.08134005963802338,0.0033958426211029287,-0.06929321587085724,-0.23567204177379608,0.12203367799520493,-0.1456405520439148,0.07821933925151825,-0.04874935373663902,0.011589359492063522,0.13038672506809235,-0.032894399017095566,0.3628886342048645,-0.7317436337471008,1.0395084619522095,0.143086239695549,-0.08157990872859955,0.2680530548095703,0.011880592443048954,-0.24799126386642456,0.6597403883934021,1.0118560791015625,0.01758381351828575,0.03492527827620506,-0.2732398509979248
0.35678890347480774,-0.09260671585798264,0.7871129512786865,-0.0575929656624794,-0.008419687859714031,-0.0029701627790927887,0.9983001947402954,-0.003953948151320219,0.05292787775397301,0.0445888601243496,0.12732647359371185,-0.14431829750537872,-0.08025601506233214,0.0031517078168690205,-0.06908626854419708,-0.23118261992931363,0.1224304512143135,-0.1449795961380005,0.07825078815221785,-0.04735793173313141,0.011114136315882204,0.12966163456439972,-0.03337696194648743,0.3667419850826264,-0.7296286821365356,1.044372797012329,0.14313866198062897,-0.08038299530744553,0.2683967351913452,0.00711600948125124,-0.24698850512504575,0.6593079566955566,1.0113775730133057,0.0172730665653944,0.03391123190522194,-0.27512082457542414
0.3570049107074737,-0.09299413859844208,0.7869871854782104,-0.05589734762907028,-0.007584699895232915,-0.0030015697702765465,0.9984031915664672,-0.0024768912699073557,0.05306728929281235,0.04701124131679535,0.12799036502838135,-0.14492103457450867,-0.07983843237161635,0.0034189748112112284,-0.06869123876094818,-0.22729542851448056,0.1222878247499466,-0.14443020522594452,0.07840966433286665,-0.04673208296298981,0.010496861301362514,0.12876969575881958,-0.03367152810096741,0.3702075183391571,-0.7280457019805907,1.0483298301696775,0.1441619098186493,-0.07921430468559265,0.26906856894493103,0.003062882693484425,-0.2458520084619522,0.6568219065666199,1.0095571279525757,0.016747700050473213,0.03349722921848297,-0.27797719836235046
0.357052743434906,-0.09340677410364152,0.786870002746582,-0.054446138441562646,-0.006563833914697169,-0.0030885618180036545,0.9984903335571288,-0.0002055834484053776,0.053438588976860046,0.04890158399939537,0.128517284989357,-0.14578959345817563,-0.08003237843513487,0.004429647233337164,-0.06807214021682739,-0.22450600564479828,0.12167087942361832,-0.14417691528797147,0.07857413589954376,-0.04624644666910172,0.00988015066832304,0.12782980501651764,-0.033194322139024734,0.3735584318637848,-0.7263727784156798,1.0501176118850708,0.14553667604923248,-0.07852765172719955,0.26931849122047424,0.0004930588766001165,-0.2445124387741089,0.6529173851013184,1.0066279172897339,0.015599524602293968,0.03300713002681732,-0.28066378831863403
0.357043594121933,-0.09371380507946014,0.7868484258651732,-0.053135909140110016,-0.005444313865154982,-0.003205580869689584,0.998567283153534,0.0025105595123022795,0.054132923483848565,0.05091601982712746,0.12879638373851776,-0.14666785299777985,-0.08013098686933517,0.00608997093513608,-0.06736971437931061,-0.22268782556056976,0.12093936651945114,-0.1435694545507431,0.07861262559890747,-0.045741967856884,0.009145877324044704,0.1265282928943634,-0.03216620907187462,0.3767251074314117,-0.7241825461387633,1.0498080253601074,0.14608605206012723,-0.07859323918819427,0.26888749003410334,-0.0005764521774835885,-0.24278105795383453,0.648837685585022,1.0026434659957884,0.014142826199531555,0.03222758695483208,-0.2830727994441986
0.3569678068161011,-0.09376555681228636,0.7868823409080505,-0.052057497203350074,-0.004245308693498373,-0.0032765273936092854,0.9986296892166135,0.00565627869218588,0.054936937987804406,0.05262700840830802,0.1289394497871399,-0.14751318097114563,-0.08021126687526704,0.00834848452359438,-0.06686515361070633,-0.2220449894666672,0.1205705553293228,-0.14327280223369598,0.07831525802612305,-0.045118965208530426,0.008131076581776142,0.12497302889823912,-0.030336180701851845,0.3793700933456421,-0.7219161391258239,1.0486104488372803,0.14466778934001923,-0.07907257974147795,0.2684498429298401,-0.00013816139835398644,-0.2406946271657944,0.6460647583007812,0.9983909726142883,0.014164505526423454,0.031009960919618607,-0.2846684455871582
0.35670143365859985,-0.09362710267305374,0.7869174480438232,-0.0511787123978138,-0.003023741533979773,-0.0032311740797013044,0.9986796975135804,0.008938902989029884,0.05564197152853012,0.0540994256734848,0.1289464235305786,-0.14800427854061127,-0.08034028112888336,0.0107844527810812,-0.06673447042703629,-0.2220189869403839,0.1210283190011978,-0.143174946308136,0.07798130810260771,-0.0445558950304985,0.006763053126633167,0.12345466017723083,-0.028605513274669647,0.381142407655716,-0.7200560569763184,1.047807693481445,0.14378151297569275,-0.07897026091814041,0.2679515480995178,0.0008023533737286925,-0.23837363719940183,0.645783007144928,0.9953390359878541,0.015566306188702583,0.030037624761462208,-0.28446006774902344
0.35624736547470087,-0.09338980913162231,0.7868968248367308,-0.0506432056427002,-0.001727815018966794,-0.0030552928801625967,0.9987106919288636,0.012356222607195376,0.05592522397637367,0.05466765910387039,0.12884926795959473,-0.14844082295894623,-0.08062788099050522,0.013403606601059437,-0.0669664815068245,-0.22229851782321927,0.12228333204984664,-0.14396123588085175,0.07760637253522873,-0.0440717488527298,0.005042844917625189,0.1221938356757164,-0.02758772298693657,0.3816998600959778,-0.7190898060798645,1.0475900173187256,0.14377623796463013,-0.07778697460889816,0.26754555106163025,0.0017668718937784431,-0.23561106622219083,0.6477572917938232,0.9947401285171508,0.018263066187500957,0.029896283522248268,-0.2822387218475342
0.355780690908432,-0.09320564568042755,0.786836802959442,-0.050533156841993325,-0.0004780779418069869,-0.002883333247154951,0.9987181425094604,0.015468381345272064,0.055972818285226815,0.05404326692223549,0.12881505489349365,-0.14877697825431824,-0.08115680515766142,0.01589270494878292,-0.06714363396167755,-0.2229713797569275,0.12370344996452332,-0.1452818065881729,0.07696378976106644,-0.04400648921728134,0.0034061355981975794,0.12103085964918137,-0.027451016008853912,0.3809211552143097,-0.7189799547195435,1.0474584102630615,0.14482505619525907,-0.0757310763001442,0.2674659788608551,0.002250685356557369,-0.2324811816215515,0.651021420955658,0.9971845746040344,0.02197156101465225,0.03010409325361252,-0.27956557273864746
0.3553377091884613,-0.09310339391231535,0.7867618203163147,-0.050824984908103936,0.0008634943515062333,-0.002832754049450159,0.9987031817436217,0.018330523744225505,0.05614029243588448,0.05237850546836853,0.12937457859516144,-0.1494392603635788,-0.08166186511516571,0.0185739379376173,-0.06690485775470734,-0.22395358979701996,0.12511469423770905,-0.14686675369739532,0.07614196836948393,-0.044364344328641885,0.002290540607646108,0.12016906589269638,-0.028129536658525463,0.37867322564125055,-0.7201268076896667,1.0476986169815063,0.14675559103488922,-0.07341963052749634,0.2671295404434204,0.0023296738509088755,-0.2292074263095856,0.6543062329292296,1.001838445663452,0.02603064477443695,0.03025764971971512,-0.27734804153442383
0.35490861535072327,-0.0930418223142624,0.7866334915161133,-0.051522497087717056,0.002280464395880699,-0.002907920628786087,0.9986649751663208,0.020863279700279236,0.05647342652082443,0.04968880489468575,0.13084274530410767,-0.15046492218971252,-0.08194340020418166,0.022101975977420807,-0.0662389025092125,-0.22515234351158145,0.12597674131393433,-0.14867877960205078,0.07522030174732208,-0.04509546235203743,0.0016733643133193254,0.11981665343046188,-0.02978663705289364,0.3749790191650391,-0.722284495830536,1.0491288900375366,0.1486322283744812,-0.07126110047101974,0.2669106721878052,0.0021877044346183534,-0.22634291648864743,0.656368613243103,1.0070760250091553,0.03034442476928234,0.02988906018435955,-0.27561900019645685
0.35453978180885315,-0.09288597106933592,0.7864792346954346,-0.05239331349730492,0.00369171448983252,-0.0030923315789550543,0.9986148476600648,0.02323043718934059,0.05702684819698334,0.046670451760292046,0.1330145299434662,-0.15194113552570343,-0.08181291818618774,0.026071904227137566,-0.06533432006835938,-0.22666461765766144,0.1265744715929031,-0.15050773322582245,0.07394411414861679,-0.045983634889125824,0.0013638176023960111,0.11978494375944136,-0.032256130129098885,0.3701209723949432,-0.7257916927337646,1.051616072654724,0.15087255835533142,-0.06910988688468933,0.2665339410305023,0.002033635973930359,-0.2241423577070236,0.6568241119384766,1.0114500522613523,0.03336019441485405,0.029106689617037773,-0.2742255926132202
0.35422566533088684,-0.09267556667327882,0.786332607269287,-0.053251925855875015,0.005009195767343044,-0.0032391941640526056,0.9985633492469789,0.025585610419511795,0.057499472051858895,0.0438404269516468,0.13501065969467163,-0.15344858169555664,-0.08164702355861664,0.030081983655691143,-0.06444821506738663,-0.22798694670200348,0.12690898776054382,-0.1526360064744949,0.07246178388595581,-0.04685521125793457,0.0010092075681313872,0.11973901093006134,-0.03538147732615471,0.36448416113853455,-0.730189323425293,1.0545758008956907,0.15395131707191467,-0.0672328993678093,0.26595357060432434,0.0020767366513609886,-0.22258320450782773,0.6557593941688538,1.014799118041992,0.03465091064572334,0.028138449415564537,-0.27298378944396967
0.3539361357688904,-0.09254416823387146,0.7862294316291809,-0.053983695805072784,0.006208254024386406,-0.003318616189062596,0.9985169768333437,0.027969712391495705,0.0578283853828907,0.04148968681693077,0.13665029406547546,-0.1552061140537262,-0.0815846398472786,0.03372989594936371,-0.06375540047883987,-0.22918175160884857,0.1271299570798874,-0.1546897143125534,0.07080721855163574,-0.04752199724316597,0.0006267032586038113,0.11968711763620377,-0.03847000375390053,0.35853302478790283,-0.7354258894920349,1.057262301445007,0.15709754824638367,-0.06591065227985382,0.26496174931526184,0.0027989218942821026,-0.22151514887809756,0.6543080806732178,1.017413020133972,0.03419336676597595,0.027268646284937855,-0.2717809975147248
0.3535734415054321,-0.0925535410642624,0.7861803770065308,-0.054544705897569656,0.00721790874376893,-0.003315039211884141,0.9984797835350036,0.030163079500198364,0.057951606810092926,0.039764150977134705,0.13767914474010468,-0.15665726363658905,-0.08182652294635773,0.036696210503578186,-0.06332435458898544,-0.23011292517185208,0.1274958997964859,-0.15643659234046936,0.06925706565380096,-0.0479275919497013,0.00023046325077302757,0.11932260543107986,-0.04076430946588516,0.35244479775428766,-0.7402697205543518,1.0589518547058103,0.15970028936862943,-0.06566227227449417,0.2640538215637207,0.0038434788584709167,-0.22092133760452273,0.6534888744354248,1.0194990634918213,0.03308454155921936,0.026629505679011345,-0.27133297920227045
0.35317832231521606,-0.09266871213912964,0.7861442565917968,-0.05491303652524948,0.008074125275015833,-0.0032256669364869595,0.9984533190727232,0.03227027505636215,0.05776796117424965,0.03826972097158432,0.13830715417861938,-0.15772834420204163,-0.0824926942586899,0.03920786455273628,-0.06330135464668274,-0.23102180659770963,0.12802189588546753,-0.15778931975364685,0.06832867860794067,-0.04808427393436432,-0.0001297855342272669,0.11895646154880524,-0.04205244034528732,0.34703510999679565,-0.7444692254066467,1.0593595504760742,0.16158682107925415,-0.06699800491333008,0.263828307390213,0.00491990614682436,-0.22083427011966705,0.6534538865089417,1.021024465560913,0.03203774243593216,0.02627346664667129,-0.2713477611541748
0.3527653813362121,-0.09280502796173096,0.7860919237136842,-0.0550730787217617,0.008789741434156895,-0.0030470271594822407,0.9984390139579774,0.03407590463757515,0.05729626864194869,0.03696803003549576,0.13888897001743317,-0.1584092676639557,-0.08297915756702422,0.04094064980745316,-0.06358066201210022,-0.23176464438438413,0.12872916460037231,-0.15890486538410187,0.06778525561094284,-0.048132535070180886,-0.0005001806421205401,0.11846963316202164,-0.04255564883351325,0.34273356199264526,-0.7470173835754393,1.058953046798706,0.16256538033485413,-0.06881927698850632,0.26418796181678766,0.00570819852873683,-0.2211350649595261,0.6542689204216003,1.0218154191970823,0.030846916139125824,0.026013601571321487,-0.27178388833999634
0.35225698351860046,-0.09297014772891998,0.7860298156738281,-0.05493047088384628,0.009424937888979914,-0.002827938413247466,0.998441696166992,0.0358140729367733,0.05677048489451408,0.03623714298009872,0.13935786485671997,-0.15896353125572205,-0.08314642310142517,0.04219129681587219,-0.06398474425077438,-0.23238545656204224,0.12943388521671295,-0.15976740419864655,0.06774041801691055,-0.04814066737890244,-0.0008399152429774404,0.11808680742979048,-0.042488720268011086,0.3395717144012451,-0.7482407093048095,1.0584001541137695,0.16275638341903687,-0.07042405754327774,0.2652525901794433,0.005981867667287588,-0.22177810966968536,0.655739426612854,1.0221881866455078,0.028933485969901085,0.02569058164954185,-0.2725197970867157
0.35171109437942505,-0.09324397891759872,0.7859566211700438,-0.05464080348610877,0.009965008124709128,-0.002593342447653413,0.9984529614448547,0.03729987516999245,0.056254666298627846,0.03593908250331879,0.13990558683872223,-0.1595640331506729,-0.08293984830379486,0.043099895119667046,-0.06435907632112503,-0.23249492049217224,0.13017792999744415,-0.16064798831939697,0.06792045384645462,-0.04803431779146194,-0.001187065616250038,0.1176287829875946,-0.04249700531363487,0.3372653126716614,-0.7483592629432678,1.0584321022033691,0.1619109809398651,-0.07129263877868652,0.2666888236999512,0.005972888320684433,-0.22249862551689148,0.6574842929840088,1.022148847579956,0.027052622288465496,0.025732591748237606,-0.27326282858848566
0.35117101669311523,-0.09365852177143097,0.7859112620353698,-0.05419453233480453,0.010374304838478563,-0.0024030415806919336,0.998473584651947,0.0385725311934948,0.055961571633815765,0.03611820191144943,0.14051944017410278,-0.16036388278007507,-0.08228731155395508,0.043675556778907776,-0.06453349441289902,-0.23178954422473907,0.13089893758296967,-0.1611265391111374,0.06794564425945282,-0.0478421151638031,-0.0014942194102331996,0.1171823963522911,-0.04239090904593468,0.3357143104076385,-0.7477873563766478,1.0587570667266843,0.16048671305179596,-0.07121821492910385,0.26828283071517944,0.00576885836198926,-0.223079115152359,0.6590484380722046,1.022279977798462,0.024988720193505287,0.025815101340413094,-0.27383774518966675
0.3508372902870178,-0.0940687358379364,0.7859010100364685,-0.053690288215875626,0.010784636251628397,-0.002217798260971904,0.9984969496726989,0.03977824747562408,0.05562546476721764,0.0362294539809227,0.14123059809207916,-0.16132321953773499,-0.0812736302614212,0.04447312653064728,-0.06463147699832916,-0.23088656365871427,0.13143031299114227,-0.16143719851970673,0.06786844879388809,-0.047780591994524,-0.0018452806398272517,0.11683450639247894,-0.04221633449196816,0.3346967101097107,-0.7470753192901611,1.0597317218780515,0.15903732180595395,-0.07068793475627899,0.26940968632698054,0.005589182022958994,-0.22315077483654025,0.6601835489273071,1.022545576095581,0.02428881637752056,0.025856196880340576,-0.2743803560733795
0.35077035427093506,-0.09438483417034148,0.7859192490577698,-0.05317607149481773,0.011127197183668612,-0.0020360662601888175,0.998521089553833,0.04086486622691154,0.055331405252218246,0.03647539019584656,0.14189812541007996,-0.1621643304824829,-0.08017343282699585,0.04531704261898994,-0.06457114219665527,-0.2297372967004776,0.1318796873092651,-0.16185283660888672,0.06748884171247481,-0.04793037846684456,-0.002311320276930928,0.116412416100502,-0.041563484817743294,0.3340517580509186,-0.7457984089851379,1.0611913204193115,0.15724806487560272,-0.07004306465387344,0.26990175247192383,0.005321680102497339,-0.2228529900312424,0.6610147953033447,1.0227861404418943,0.024738915264606476,0.025844717398285862,-0.27486544847488403
0.3509158790111542,-0.0946541279554367,0.7859721183776854,-0.05270029604434967,0.011349303647875784,-0.00189228099770844,0.9985440969467165,0.04159664362668991,0.0550948791205883,0.03671783581376076,0.14267894625663757,-0.16269369423389435,-0.07890692353248595,0.04584316536784172,-0.06435220688581467,-0.22832214832305908,0.1326792538166046,-0.16272422671318054,0.066763736307621,-0.04830821976065636,-0.002832464873790741,0.11587320268154144,-0.040462851524353034,0.33365780115127563,-0.743939697742462,1.062925100326538,0.15458810329437256,-0.06958108395338057,0.27000829577445984,0.00505085987970233,-0.2222856730222702,0.6614375710487366,1.0231602191925049,0.026150552555918694,0.025965439155697823,-0.27529722452163696
0.3510464429855346,-0.09472785890102385,0.7860477566719054,-0.052323490381240845,0.011452742852270603,-0.001761091174557805,0.9985629916191101,0.04166721180081368,0.054911088198423386,0.03673594072461128,0.14361985027790067,-0.16271981596946716,-0.07804949581623077,0.04583432525396347,-0.06417300552129745,-0.2267142683267593,0.1341009885072708,-0.16362705826759338,0.06606939435005188,-0.04899555072188377,-0.0033962074667215347,0.1155015081167221,-0.03922654315829277,0.33370599150657654,-0.7418407201766967,1.06472110748291,0.14999249577522275,-0.06865091621875763,0.26974004507064814,0.004831493366509676,-0.22148901224136353,0.6617462635040283,1.0232343673706055,0.02763558179140091,0.026564255356788635,-0.2743875384330749
0.3511044979095459,-0.09464856982231139,0.7861455082893372,-0.05213076248764992,0.011408352293074133,-0.0016512079164385796,0.9985737204551696,0.04118401184678078,0.05474463850259781,0.036199945956468575,0.14466810226440427,-0.16174866259098053,-0.0773872509598732,0.04533902555704117,-0.06387247145175934,-0.2250784933567047,0.13546665012836456,-0.16412395238876343,0.06584796309471129,-0.05012582242488861,-0.004060227423906326,0.11537781357765196,-0.03811679780483246,0.33441135287284846,-0.7406209707260131,1.0666658878326416,0.14441432058811188,-0.06705526262521744,0.269156277179718,0.004171510227024555,-0.22032605111598969,0.6620876789093018,1.023517608642578,0.028805673122406002,0.027994606643915176,-0.27051720023155207
