0.021401165053248405,-0.013783801347017288,0.7659421563148497,0.9930470585823059,0.0924217700958252,0.07173769921064377,0.01301533542573452,-0.8742888569831848,0.2352338284254074,0.29744401574134827,1.6291834115982056,-0.17251321673393247,-0.28260332345962524,-0.5848900079727173,-0.37331783771514887,-0.11977401375770567,0.8315454721450805,-0.30337622761726374,0.10550536960363388,0.05409765988588333,-0.13974900543689728,0.280595988035202,0.102155365049839,0.33384746313095087,-0.3110890984535217,0.829725682735443,0.18827141821384427,-0.072814904153347,0.14533618092536926,0.06799906492233276,-0.7602132558822631,0.488163948059082,-0.4555729925632477,-0.6664217710494995,-0.045772939920425415,-0.2805467247962952
0.012167277745902538,-0.0068781981244683274,0.7680981755256653,0.9912282824516296,0.10467254370450972,0.07989255338907242,0.011283881962299345,-0.8529306054115294,0.24313195049762723,0.29513859748840326,1.6885638236999512,-0.13573580980300903,-0.274995356798172,-0.6882904171943665,-0.41640537977218633,-0.07740903645753859,0.9067155718803405,-0.18250116705894473,0.15816257894039154,0.0045776162296533585,-0.1369931548833847,0.2853999435901642,0.11755359917879105,0.3204520344734192,-0.2748595178127289,0.8255866765975952,0.1980879306793213,-0.07285772264003754,0.12899726629257202,0.13741974532604215,-0.8501667976379393,0.37658467888832087,-0.42585405707359314,-0.6453922986984253,-0.03813548758625984,-0.32202699780464167
0.004369295667856932,0.0008568468037992717,0.7691043615341185,0.9910680055618286,0.10714435577392578,0.07936707139015196,0.002290260512381792,-0.7659690380096436,0.20603370666503903,0.24550995230674744,1.6261731386184692,-0.08277130126953125,-0.27524983882904047,-0.7635750770568847,-0.4088851809501648,-0.0163730401545763,0.968621790409088,-0.0680462121963501,0.21732695400714877,-0.030164113268256187,-0.11867698282003401,0.2991536259651184,0.14115208387374875,0.3152361810207367,-0.21874915063381195,0.8137567043304443,0.20461554825305936,-0.07788462191820145,0.1214405670762062,0.17261576652526855,-0.9256075024604796,0.23818083107471463,-0.2918081283569336,-0.6081366539001465,-0.024488516151905056,-0.4233457446098328
-0.0001963507384061813,0.007743332535028458,0.7645764350891113,0.9915207028388976,0.10052581131458282,0.07960973680019377,-0.021059967577457428,-0.6248059868812561,0.20478294789791107,0.20377172529697415,1.4537826776504517,-0.05372646450996399,-0.2603885531425476,-0.825073003768921,-0.35113996267318726,0.04036494717001914,1.0180473327636719,-8.583757880842313e-05,0.243085652589798,-0.044552631676197045,-0.08784186840057373,0.31184521317481995,0.16596341133117676,0.31956350803375244,-0.1331075131893158,0.8000665903091431,0.1949821561574936,-0.0855300724506378,0.14147786796092987,0.15071882307529447,-0.9740989208221437,0.094043530523777,-0.04713023081421852,-0.5487343072891235,-0.02692990563809872,-0.6050569415092468
-0.00191892683506012,0.01313570700585842,0.7506675720214844,0.9905766248703003,0.09735121577978134,0.08108807355165482,-0.052012763917446136,-0.4459615051746368,0.211211696267128,0.19698229432106015,1.2014700174331665,-0.053669843822717674,-0.23838163912296292,-0.8861985802650452,-0.2858006060123444,0.09701266884803775,1.0754308700561523,-0.03041047044098377,0.23239666223526,-0.048024896532297134,-0.07059641182422638,0.32139050960540766,0.1899821162223816,0.33928388357162476,-0.03318549692630768,0.8068796396255493,0.16064295172691345,-0.1004091501235962,0.1893942505121231,0.0721728727221489,-0.9941667914390565,-0.03338877856731415,0.24851144850254056,-0.4650574326515198,-0.03883126378059387,-0.7927268147468567
-0.002076889388263225,0.01637744903564453,0.7279819250106812,0.9888123869895936,0.09439144283533096,0.08336138725280762,-0.07994495332241057,-0.249253511428833,0.22301022708415985,0.2226189374923706,0.9481899738311768,-0.10901819914579391,-0.2343265861272812,-0.9237669110298157,-0.22091498970985407,0.14389261603355408,1.117693543434143,-0.17178079485893247,0.1968015134334564,-0.043824128806591034,-0.062298957258462906,0.315080463886261,0.21155804395675656,0.3879770040512085,0.07827559113502502,0.8480623364448547,0.11053214222192764,-0.1156778484582901,0.2591625154018402,-0.02424732595682144,-0.9953442215919495,-0.15871277451515195,0.5038729310035706,-0.3984675705432892,-0.023760342970490452,-0.894692838191986
-0.0033984240144491196,0.017444457858800888,0.6982013583183289,0.9880751967430114,0.09849636256694792,0.07662519067525862,-0.09019095450639725,-0.05968670547008514,0.202324241399765,0.2503072023391724,0.7670642137527466,-0.278940886259079,-0.24561163783073425,-0.9429922103881838,-0.2020571529865265,0.17501309514045715,1.1937568187713623,-0.3768463432788849,0.16688856482505798,-0.05095675215125084,-0.07988537847995758,0.29650241136550903,0.2208864390850067,0.46517395973205566,0.18489618599414823,0.9102140069007872,0.04883509129285812,-0.11290744692087172,0.33473464846611023,-0.05442139506340026,-0.9740834832191468,-0.3144129514694214,0.5870553851127625,-0.401587963104248,0.023560374975204468,-0.945438802242279
-0.007523106411099434,0.01689278706908226,0.6708723902702332,0.9884307384490967,0.11277911812067032,0.06742650270462036,-0.07575782388448715,0.07230569422245026,0.1506919264793396,0.2720329165458679,0.5866622924804688,-0.47374439239501953,-0.2606352567672729,-0.9895048141479491,-0.24133726954460144,0.1827116459608078,1.3233143091201782,-0.5066407322883606,0.1415955275297165,-0.08235986530780792,-0.1204414814710617,0.26157701015472407,0.2249622344970703,0.5342829823493958,0.2598932981491089,0.912064492702484,0.036685246974229806,-0.08156850188970564,0.37957626581192017,-0.014939799904823303,-0.9219516515731812,-0.44267791509628296,0.4296826720237732,-0.4614408612251282,0.0496855154633522,-0.9720221161842345
-0.01275883801281452,0.014542769640684128,0.6581883430480957,0.9894577860832214,0.11735044419765472,0.06583689153194427,-0.05355080217123032,0.12133550643920898,0.13847965002059937,0.2584332525730133,0.4532050490379333,-0.5267761945724487,-0.2668410241603852,-1.0174620151519775,-0.2870805859565735,0.16049842536449432,1.3882116079330444,-0.546188473701477,0.11786509305238724,-0.09716426581144333,-0.1409805715084076,0.21872600913047793,0.2319666147232056,0.5664799213409424,0.31522995233535767,0.8020085096359253,0.1270936131477356,-0.05938892811536789,0.3997385501861572,0.0479518361389637,-0.8524872064590454,-0.48047807812690735,0.1726892739534378,-0.47792395949363703,0.012307418510317802,-0.9528833031654357
-0.017377685755491257,0.007599474862217902,0.6712611317634584,0.9915000796318054,0.10712072253227232,0.05965002626180649,-0.04352683573961258,0.09276650846004486,0.1735207438468933,0.2275954782962799,0.49460506439208973,-0.4543536603450775,-0.2643952071666717,-0.9535841345787048,-0.29796645045280457,0.09090326726436616,1.318752646446228,-0.5154009461402893,0.07068748027086258,-0.05689788609743118,-0.12896664440631866,0.19684693217277527,0.23744858801364896,0.5327276587486267,0.3284170925617218,0.6380271911621094,0.21995100378990173,-0.06889627128839493,0.41665875911712646,0.11574742943048476,-0.750515341758728,-0.41913086175918574,-0.02946169488132,-0.5131857991218567,-0.03458491712808609,-0.9329298734664917
-0.023372378200292587,-0.0038515012711286545,0.7060667872428894,0.9939706921577453,0.09078586101531982,0.05248638242483139,-0.03202078491449356,0.02518283762037754,0.21797312796115875,0.16613297164440155,0.5583561062812805,-0.22374786436557767,-0.2599798142910004,-0.8121654391288757,-0.29557567834854126,-0.01162443682551384,1.1190160512924194,-0.42355832457542414,0.020418576896190643,0.011086171492934225,-0.09970909357070921,0.1896868795156479,0.225000262260437,0.4548746645450592,0.25124385952949524,0.5234501361846924,0.2576873004436493,-0.0923306718468666,0.4218902885913849,0.15812385082244873,-0.6256138682365417,-0.2762621939182281,-0.15900741517543793,-0.4840459525585175,-0.05738922953605652,-0.8958960175514221
-0.029214048758149147,-0.01608949527144432,0.7539457082748413,0.9957805275917053,0.08134617656469345,0.042276348918676376,-0.004080427810549736,-0.10628602653741837,0.21785278618335724,0.034103021025657654,0.664728581905365,0.07086747139692307,-0.25079283118247986,-0.6045684218406677,-0.28493139147758484,-0.0755879208445549,0.7874497175216675,-0.2830529808998108,0.0044803498312830925,0.0728316158056259,-0.08734720200300217,0.19641876220703125,0.2015293687582016,0.3715545833110809,0.0982828289270401,0.5099326968193054,0.24444641172885892,-0.13142552971839905,0.4066229462623596,0.19480521976947784,-0.49050310254096974,-0.13001322746276855,-0.23432666063308716,-0.44036948680877686,-0.07021209597587585,-0.8130572438240051
-0.0363108366727829,-0.02931653521955013,0.7945415377616881,0.9939602613449096,0.09296869486570358,0.03637920692563057,0.04556732997298241,-0.3013581335544586,0.1660001426935196,-0.041443947702646255,0.8875276446342467,0.16230402886867523,-0.24802321195602417,-0.39716193079948425,-0.267940491437912,-0.030961321666836735,0.4851154088973999,-0.20804674923419952,0.035164885222911835,0.1128816157579422,-0.11758600175380705,0.21625879406929016,0.17906323075294495,0.31407430768013,-0.05631576478481293,0.5566275715827942,0.220976784825325,-0.15779580175876615,0.3868319094181061,0.20167703926563263,-0.3710676431655884,-0.017396511510014534,-0.28408297896385193,-0.44407299160957336,-0.06981222331523895,-0.7275716066360474
-0.04697089642286301,-0.041772481054067605,0.820923089981079,0.989428699016571,0.10420089215040206,0.033264122903347015,0.09521826356649399,-0.5587815642356873,0.09137262403964995,-0.0833212062716484,1.2467422485351562,0.18229191005229947,-0.25087660551071167,-0.259802371263504,-0.21845564246177676,0.0383097268640995,0.36636909842491144,-0.16581957042217255,0.07034336775541306,0.15144848823547363,-0.14600211381912231,0.25535336136817927,0.17238105833530426,0.2819966971874237,-0.1666266769170761,0.5840488076210022,0.2187848836183548,-0.18531975150108335,0.39524745941162104,0.14147241413593292,-0.2884509563446045,0.06386951357126236,-0.32540684938430786,-0.49458491802215576,-0.04523172229528427,-0.6778486967086792
-0.05874188244342804,-0.051705174148082726,0.8344927430152893,0.982951045036316,0.1197168156504631,0.025478608906269077,0.1372076719999313,-0.8064306378364563,-0.039353955537080765,-0.09169122576713562,1.6091550588607788,0.2178390324115753,-0.26825663447380066,-0.16294828057289124,-0.13928961753845215,0.1811697334051132,0.33760499954223633,-0.06510978192090988,0.18127132952213287,0.17797859013080597,-0.17667782306671143,0.31604018807411194,0.17792363464832303,0.26588648557662964,-0.22092472016811368,0.5772411823272705,0.23914657533168793,-0.21665292978286743,0.4397513270378113,0.036840379238128655,-0.24743008613586423,0.14651800692081451,-0.38073271512985224,-0.594088077545166,-0.01370710041373968,-0.6292356252670288
-0.06968051195144653,-0.06025321781635285,0.835233986377716,0.9779966473579407,0.12396173924207687,0.01301192119717598,0.16729231178760529,-1.038635492324829,-0.08937588334083557,-0.031392186880111694,1.9317668676376345,0.2022531479597092,-0.26879164576530457,-0.0905395969748497,-0.07480254769325256,0.2299087047576904,0.3424551486968994,0.0017873187316581607,0.19508014619350436,0.1917773336172104,-0.1810312569141388,0.37978273630142206,0.19448439776897433,0.2620393633842468,-0.24648147821426392,0.5704295039176941,0.26576906442642206,-0.2318071275949478,0.500783145427704,-0.09630338102579117,-0.23883481323719025,0.25391319394111633,-0.4359624087810516,-0.7545869350433348,0.0005727237439714372,-0.5751158595085144
-0.08025281876325606,-0.06701397895812988,0.8275287747383117,0.9729840159416199,0.12351373583078384,-0.0012758304364979267,0.1950509548187256,-1.2641375064849851,-0.08447439968585968,0.05927993357181549,2.1789145469665527,0.16958048939704895,-0.2482851445674896,-0.07336943596601486,-0.07497702538967133,0.16029077768325803,0.43277859687805176,-0.0561421811580658,0.0817616656422615,0.18112729489803317,-0.17191381752490997,0.43735358119010925,0.20235879719257355,0.2670871913433075,-0.2623842656612396,0.5856204032897949,0.2885089218616485,-0.22881263494491577,0.5656427145004272,-0.24861903488636017,-0.25327298045158386,0.3702031970024109,-0.4661057889461517,-0.9300630688667296,-0.015443186275660992,-0.5265006422996521
-0.0914694368839264,-0.07193229347467422,0.8153021335601807,0.966227948665619,0.12692363560199735,-0.014883708208799362,0.2237685322761536,-1.4702568054199219,-0.10978585481643675,0.16395823657512665,2.3297219276428223,0.15868721902370453,-0.2422220408916473,-0.07625362277030943,-0.09518937021493912,0.14175666868686676,0.5184378027915955,-0.13173983991146088,-0.0006726332940161228,0.14518792927265167,-0.16356638073921204,0.4836094379425049,0.1970562040805817,0.27369859814643854,-0.2851003408432007,0.6158653497695923,0.29357302188873285,-0.23242123425006864,0.6164765954017639,-0.3874901533126831,-0.28757432103157043,0.4610220193862915,-0.49954912066459656,-1.0355045795440672,-0.040641676634550095,-0.4896616041660309
-0.1033354103565216,-0.07621102780103683,0.8008377552032471,0.9591400027275084,0.1214824765920639,-0.031199613586068157,0.2536117732524872,-1.6321614980697632,-0.10244598984718321,0.28381457924842834,2.4015543460845947,0.15262678265571594,-0.25137901306152344,-0.07746905088424681,-0.08806167542934418,0.12706203758716583,0.574946939945221,-0.22253815829753876,-0.05212586373090744,0.09069626033306122,-0.13699765503406525,0.5138145685195923,0.17869754135608673,0.28894481062889094,-0.3280395567417145,0.6757357120513916,0.3054214417934418,-0.24875390529632568,0.65864360332489,-0.4857394397258759,-0.3448755741119385,0.5001847743988037,-0.5418640971183777,-1.046661615371704,-0.07867190986871718,-0.475473552942276
-0.11443295329809187,-0.08348766714334488,0.7827005982398986,0.9517129659652709,0.09892856329679488,-0.04653780907392502,0.2868621051311493,-1.6812670230865479,0.03304427117109299,0.46117857098579407,2.4482572078704834,0.08715454488992691,-0.26378571987152094,-0.07323378324508667,-0.03753441572189331,0.06777341663837433,0.5845540761947632,-0.29786038398742676,-0.0826641768217087,0.025010529905557632,-0.09241234511137009,0.5256203413009644,0.1347378045320511,0.33546316623687744,-0.4017365276813507,0.7528536915779114,0.3351047933101654,-0.2580552399158478,0.6698201894760132,-0.5230754017829895,-0.4355877935886383,0.4645298421382904,-0.5713670253753662,-0.9799154996871949,-0.11509227007627489,-0.49712601304054255
-0.12162701785564423,-0.09585609287023544,0.7708629369735717,0.9400508403778077,0.06676202267408371,-0.042946144938468926,0.3316667675971985,-1.5181825160980225,0.20101530849933624,0.6859001517295836,2.551727294921875,-0.07137955725193024,-0.21547904610633847,-0.11199745535850524,0.01820283196866512,-0.03868630528450012,0.5896921157836914,-0.31925854086875916,-0.12465491890907288,-0.058012239634990685,-0.07058186084032059,0.5281607508659363,0.05918049067258834,0.43419787287712097,-0.4941853284835816,0.7827517390251159,0.3915928602218628,-0.23218716681003568,0.6239496469497681,-0.4932502210140228,-0.5552705526351929,0.3551008999347687,-0.5565407872200012,-0.9285686612129213,-0.10504220426082612,-0.5662174820899963
-0.12439037859439848,-0.10960273444652556,0.763338804244995,0.91983962059021,0.0437873937189579,-0.02044960483908653,0.3893064558506012,-1.2239524126052856,0.21674700081348416,0.8342537879943847,2.6864604949951167,-0.15157806873321533,-0.1407509595155716,-0.18856507539749143,0.02120768278837204,-0.1557047069072723,0.6221420764923096,-0.33384430408477783,-0.1580161601305008,-0.1529407501220703,-0.08822514116764067,0.5046788454055786,-0.005880188196897507,0.5568941235542296,-0.5621346831321716,0.7185667157173157,0.4516378045082092,-0.18808181583881375,0.5119264125823976,-0.344253808259964,-0.682306706905365,0.17750205099582672,-0.553900957107544,-0.8560490608215331,-0.051605872809886925,-0.6122528314590454
-0.12391237914562224,-0.11829158663749693,0.7579408884048462,0.8951085209846495,0.042558200657367706,0.006590100936591625,0.4437633752822876,-0.8857673406600952,0.0728021189570427,0.8279415965080261,2.7138657569885254,-0.18036907911300656,-0.14579240977764127,-0.26976364850997925,-0.0388629138469696,-0.235888347029686,0.7086272239685059,-0.37283638119697565,-0.1703752726316452,-0.21768975257873532,-0.11103980988264084,0.4549197852611542,0.0026172311045229435,0.6463454365730286,-0.547971785068512,0.5576915144920349,0.47946202754974365,-0.14022038877010343,0.34068441390991205,-0.05147330090403557,-0.7758415341377257,-0.05864779278635979,-0.5765420198440552,-0.716469407081604,0.004239252768456936,-0.6362071633338928
-0.12076374888420104,-0.12033195793628693,0.7518317699432373,0.8767606616020202,0.04101070016622543,0.019221564754843712,0.4787894785404205,-0.5934942364692688,-0.04257918149232864,0.6487231850624084,2.565438270568848,-0.19809430837631223,-0.1980503052473068,-0.32342329621315,-0.07129186391830444,-0.2697831392288208,0.7817260622978209,-0.3850228786468506,-0.19550177454948425,-0.21770986914634705,-0.07873614877462387,0.3984755873680114,0.08319735527038574,0.6785593032836914,-0.454153299331665,0.3255957067012787,0.49622017145156866,-0.06794650107622147,0.1631895899772644,0.26575976610183716,-0.7650022506713867,-0.2529383599758148,-0.524578869342804,-0.585167646408081,0.02539519965648651,-0.661182165145874
-0.11522839963436125,-0.12148822844028472,0.7467220425605774,0.8613286018371582,0.031026650220155716,0.019075514748692513,0.5067410469055176,-0.2887009382247925,-0.011552708223462105,0.4384427070617676,2.2810990810394287,-0.2173718214035034,-0.2063171863555908,-0.3427649140357971,-0.0666627436876297,-0.3097443878650665,0.8028205633163453,-0.37476411461830134,-0.21368187665939328,-0.1881917268037796,-0.02764030732214451,0.34494614601135254,0.18673966825008392,0.6751120090484619,-0.33053067326545715,0.0554061196744442,0.5004521012306212,0.015935668721795082,0.04028278961777687,0.4578999280929565,-0.6865569949150084,-0.2994615435600281,-0.3089233338832855,-0.5104009509086609,0.039541471749544144,-0.6922928094863892
-0.10916124284267424,-0.1264074742794037,0.7458115220069885,0.8371543288230896,0.01856224797666073,0.015346527099609377,0.5464362502098083,-0.03479534015059471,0.13095182180404663,0.3374639749526977,1.8783943653106687,-0.24743005633354187,-0.18785224854946136,-0.3525673449039459,-0.0741424411535263,-0.38462856411933893,0.8005877733230592,-0.3501247465610504,-0.20108981430530548,-0.1676015257835388,0.0007138312794268131,0.2978312969207764,0.26297131180763245,0.6573759913444519,-0.2616807222366333,-0.20733404159545896,0.45208767056465143,0.05220425501465797,0.015950504690408707,0.4808619618415833,-0.6016548871994019,-0.1935497224330902,0.07171753793954849,-0.47999846935272217,0.06206032261252403,-0.7053282260894775
-0.10709074884653091,-0.13535113632678983,0.7487009763717651,0.8009074926376343,0.009219791740179058,0.01950526051223278,0.59839928150177,0.09985603392124176,0.17912892997264862,0.3061564564704895,1.3520890474319458,-0.16642312705516815,-0.1955265700817108,-0.3876241445541382,-0.12614254653453827,-0.46061623096466064,0.835004150867462,-0.313485324382782,-0.169496089220047,-0.16406823694705963,0.001972139114513993,0.260562926530838,0.28953802585601807,0.6322337985038757,-0.2695841491222381,-0.3914609849452973,0.358323335647583,0.01967219449579716,0.06196240708231925,0.4010929167270661,-0.503560483455658,-0.04769060015678406,0.4892106354236602,-0.4131515026092529,0.05599412694573402,-0.6980066299438477
-0.10919952392578124,-0.14752545952796936,0.7477959394454957,0.7619118094444275,-0.00998125784099102,0.019809992983937263,0.6473008990287781,0.19232386350631717,0.1736375093460083,0.2701268494129181,0.811941921710968,-0.08570556342601776,-0.2230806052684784,-0.43895888328552246,-0.17582663893699646,-0.5318081974983215,0.901504099369049,-0.26264476776123047,-0.13710848987102509,-0.15712149441242218,0.02182815596461296,0.2348904758691788,0.2815788686275482,0.6012197732925415,-0.3052990734577179,-0.44533044099807734,0.2865754961967468,-0.02249937690794468,0.0894809365272522,0.3146377205848694,-0.3935995697975159,0.06950262188911438,0.7981254458427429,-0.2852167785167694,0.043906718492507935,-0.602777361869812
-0.11403054744005205,-0.16072519123554227,0.745279848575592,0.7224423885345459,-0.019722729921340942,0.028163429349660877,0.6905757784843445,0.29798591136932373,0.18516536056995392,0.3947728872299194,0.4592040777206421,-0.20527987182140353,-0.15698659420013428,-0.5096184015274048,-0.2624375522136688,-0.55137836933136,1.0079666376113892,-0.22594140470027924,-0.08504244685173033,-0.15389415621757507,0.024125562980771065,0.21418809890747073,0.2516795396804809,0.568516731262207,-0.33216774463653564,-0.38470515608787537,0.25916486978530884,-0.05077167972922325,0.1103050708770752,0.25790226459503174,-0.29683995246887207,0.14448632299900055,0.8915739059448241,-0.15809740126132965,0.04321939498186112,-0.47359681129455566
-0.11776556074619292,-0.1750899851322174,0.7419524192810057,0.6785925030708313,-0.018999166786670685,0.03654957190155983,0.7333589792251587,0.32610881328582764,0.16283121705055237,0.341786652803421,0.27327877283096313,-0.2388913780450821,-0.18119618296623227,-0.5679470300674438,-0.31955942511558527,-0.4986376464366913,1.0649194717407227,-0.20436351001262665,-0.02822278067469597,-0.14832830429077148,0.003890575375407934,0.2096496671438217,0.20113185048103327,0.5436120629310608,-0.3647531867027282,-0.259639173746109,0.22098577022552487,-0.06282714754343033,0.11763115972280502,0.2242641448974609,-0.2135182023048401,0.17754240334033966,0.8145101070404052,-0.06820379942655563,0.04146584495902061,-0.3906804323196411
-0.12096518278121948,-0.1867133677005768,0.7392989993095398,0.6319331526756288,-0.010213571600615978,0.03788730874657631,0.7740288972854614,0.32590192556381226,0.1529280990362167,0.2539912462234497,0.1905718147754669,-0.24812321364879608,-0.22862623631954196,-0.5770524740219116,-0.3883637487888336,-0.4646895825862885,1.1045265197753906,-0.21814633905887604,0.020780386403203007,-0.13251572847366333,-0.02160286344587803,0.2206130474805832,0.15456023812294006,0.5006306767463684,-0.3931337893009186,-0.11072664707899092,0.1453150361776352,-0.06982814520597458,0.13509990274906158,0.20235593616962433,-0.14438630640506744,0.17411519587039948,0.6386932730674744,-0.003793809795752168,0.030964192003011703,-0.34912946820259094
-0.12392323464155196,-0.19504238665103912,0.7393801808357239,0.5966682434082031,-0.010934152640402315,0.02364092506468296,0.8020651936531066,0.2874948978424072,0.19450680911540985,0.1963123232126236,0.2467586249113083,-0.31541585922241205,-0.2558950185775757,-0.5615795254707336,-0.3897218704223633,-0.4305921792984009,1.1105062961578367,-0.21087662875652316,0.05140731856226921,-0.08844736218452452,-0.007824107073247433,0.2405595630407333,0.14733152091503143,0.42784634232521057,-0.3838299512863159,0.018475206568837162,0.031649962067604065,-0.0800538957118988,0.189515084028244,0.182638555765152,-0.11843086779117584,0.18825876712799072,0.420366644859314,0.02795400470495224,0.005102662835270166,-0.33140510320663447
-0.12572111189365387,-0.20217722654342649,0.7440812587738037,0.5721678733825684,-0.01596507802605629,0.01166495867073536,0.8198981285095216,0.20479090511798856,0.24086083471775052,0.16616421937942505,0.3826217651367188,-0.3579045236110687,-0.26352816820144653,-0.57447350025177,-0.3294273912906647,-0.31299924850463867,1.1170142889022827,-0.16030213236808777,0.07926151156425475,-0.02471519075334072,0.015667613595724102,0.25553861260414124,0.2115781009197235,0.35194963216781616,-0.3337458074092865,0.05510513111948967,-0.10816029459238052,-0.09314988553524016,0.25709104537963867,0.15256282687187195,-0.16249805688858032,0.2468675523996353,0.17435961961746216,0.0016377106076106427,-0.026060612872242928,-0.30454087257385254
-0.12384772300720213,-0.2073974162340164,0.7514771819114685,0.5444232821464539,-0.015683632344007492,0.002955232746899128,0.8386588096618652,0.08697619289159775,0.2760215997695923,0.11945294588804244,0.5728785991668701,-0.32680127024650574,-0.24935555458068848,-0.5483953952789307,-0.22936731576919556,-0.15733726322650907,1.098196029663086,-0.13451428711414337,0.13321636617183685,0.02074886485934257,0.025978967547416687,0.274955689907074,0.36647105216979986,0.3324487507343292,-0.28955259919166565,-0.05735223740339279,-0.2371222227811813,-0.10850494354963303,0.248479887843132,0.12368574738502502,-0.27101826667785645,0.3457257151603699,-0.07008043676614761,-0.02817208506166935,-0.05400668457150459,-0.2665343284606933
-0.1187158077955246,-0.21133168041706085,0.7594818472862244,0.5037825703620912,-0.01084128301590681,-0.004888081457465887,0.8637486100196838,-0.09503996372222899,0.29747259616851807,0.0434107668697834,0.8314003348350526,-0.216572105884552,-0.20759151875972748,-0.4590504467487335,-0.1443117707967758,-0.03878206014633179,1.0324642658233643,-0.1590823233127594,0.1792108416557312,0.02785038389265537,0.025408409535884857,0.29540595412254333,0.5564212203025818,0.39182424545288086,-0.26887577772140503,-0.25735145807266235,-0.268713891506195,-0.10979517549276352,0.1880529075860977,0.09889418631792067,-0.4133533835411072,0.46239131689071655,-0.2595793902873993,-0.0873994454741478,-0.06832978874444962,-0.21589945256710047
-0.11330096423625946,-0.21411597728729248,0.7641388773918151,0.4496963918209076,-0.006377897225320339,-0.007013872731477022,0.893131136894226,-0.3254276216030121,0.2768108546733856,-0.04151002317667008,1.1096657514572144,-0.0663532093167305,-0.13677740097045898,-0.36285343766212463,-0.09890908747911453,0.03270186111330986,0.961665630340576,-0.19368404150009155,0.20416685938835144,0.00652157049626112,0.014512157998979092,0.3025859594345093,0.7368704080581666,0.5223722457885742,-0.24981003999710083,-0.46966779232025146,-0.1614663153886795,-0.09141664206981659,0.1301165372133255,0.07706307619810104,-0.576955258846283,0.5898578763008118,-0.3824876248836517,-0.20152753591537476,-0.06445170938968657,-0.1574196219444275
-0.11051727086305618,-0.21686892211437225,0.7643074989318847,0.38915792107582087,-0.0036720233038067818,-0.0002828555298037827,0.9211636781692506,-0.5249613523483276,0.18864984810352323,-0.05614949390292168,1.3072242736816406,0.06743890792131424,-0.15584051609039307,-0.311072051525116,-0.10880696028470992,0.04680155217647552,0.933667540550232,-0.21987937390804288,0.20321001112461087,-0.020459938794374462,-0.007218935992568731,0.30085402727127075,0.8489228487014769,0.7033686041831969,-0.2432214319705963,-0.6419881582260132,0.06790462881326675,-0.08388974517583847,0.10227144509553908,0.05663549154996872,-0.7496728301048279,0.7174932956695557,-0.45432379841804493,-0.29830449819564814,-0.054919447749853134,-0.09473542869091034
-0.11263155937194824,-0.21819327771663663,0.7595229744911194,0.33892232179641724,3.115832805633545e-05,0.006534125190228224,0.9407916665077208,-0.6584967970848083,0.120131216943264,0.03749486058950424,1.479394793510437,0.0786949172616005,-0.18353112041950223,-0.25786852836608887,-0.16238829493522644,-0.019835978746414185,0.8965418338775634,-0.29351913928985596,0.19320906698703763,-0.02355104312300682,-0.021661287173628807,0.3032751679420471,0.8570846319198608,0.8870493769645691,-0.260090172290802,-0.7383397221565247,0.2991178333759308,-0.09612257033586502,0.11185213178396224,0.08060105890035629,-0.9192153215408323,0.826413631439209,-0.5341466665267944,-0.3345722258090973,-0.06142386794090271,-0.012691161595284939
-0.11629509925842284,-0.2179623544216156,0.7531006336212158,0.3067341148853302,0.0034273359924554825,0.00816353876143694,0.9517540335655212,-0.746835470199585,0.16945283114910123,0.1836461126804352,1.6904213428497314,-0.009644278325140476,-0.12000739574432372,-0.17108148336410522,-0.21224300563335416,-0.11858666688203812,0.8188576102256776,-0.3999897241592407,0.18992479145526883,-0.005345845129340887,-0.020565489307045937,0.30659419298172,0.7927030324935913,1.0293121337890625,-0.27791839838027954,-0.7526140213012694,0.42345306277275085,-0.10336570441722868,0.11075060814619064,0.1529306322336197,-1.0839151144027708,0.863573133945465,-0.6336514949798584,-0.29860004782676697,-0.07897282391786574,0.08666553348302841
-0.119722843170166,-0.215878888964653,0.7486660480499268,0.2897319197654724,-0.0027345507405698295,0.006203929428011178,0.957083821296692,-0.8224470615386963,0.27258563041687006,0.29545581340789795,1.8785589933395384,-0.1066744327545166,-0.040952004492282874,-0.11244580149650572,-0.22371387481689453,-0.19143123924732208,0.7458875179290771,-0.4530746936798096,0.18786154687404633,0.024310857057571408,-0.007927415892481806,0.29988229274749756,0.7040563821792603,1.1008925437927246,-0.28081774711608887,-0.6969577074050903,0.4566781520843506,-0.08300308883190155,0.10557904094457626,0.23997582495212555,-1.2030466794967651,0.8073663115501405,-0.6887147426605225,-0.2124271988868713,-0.07992023974657057,0.18245697021484372
-0.12501996755599976,-0.21310225129127505,0.7548832893371582,0.27806994318962097,-0.007012390531599522,0.007980848662555218,0.9605020880699155,-0.8960957527160643,0.28149834275245667,0.31674501299858093,1.93423056602478,-0.11002084612846375,-0.04337950423359871,-0.07316799461841582,-0.23231376707553864,-0.2167494893074036,0.6871506571769713,-0.4232506155967712,0.20733231306076047,0.035333868116140366,-0.0060990750789642325,0.29503008723258967,0.6569420695304872,1.0896352529525757,-0.2579314708709717,-0.6361666917800903,0.4704783260822296,-0.05152900144457817,0.13359513878822327,0.31115597486495966,-1.2006913423538208,0.6920290589332581,-0.6370009183883666,-0.1608063280582428,-0.09363167732954024,0.1991260051727295
-0.1326926052570343,-0.2105029821395874,0.7679196596145629,0.2641446888446808,-0.013846549205482006,0.005749570205807686,0.9643665552139281,-0.9807094931602478,0.23702217638492584,0.25524139404296875,1.8617849349975584,-0.03868746757507324,-0.11415807902812956,-0.035834722220897675,-0.21355029940605164,-0.21284559369087216,0.6004542708396912,-0.32555717229843134,0.230685755610466,0.027730133384466168,0.0011882951948791742,0.28893429040908813,0.6072806119918823,1.0198371410369873,-0.230706050992012,-0.5850316882133484,0.4987407922744751,-0.019085764884948727,0.21983337402343753,0.38827884197235113,-1.0839543342590332,0.5210903882980347,-0.4773125946521759,-0.13203617930412292,-0.11108568310737608,0.08756320178508759
-0.14097262918949127,-0.20765121281147003,0.780519425868988,0.24593147635459897,-0.02418297342956066,-0.001372441998682916,0.9689845442771912,-1.0199707746505735,0.19310319423675537,0.1549464911222458,1.7094076871871948,0.0307454876601696,-0.20368050038814545,0.00590289942920208,-0.17113947868347168,-0.18860986828804016,0.5026527643203735,-0.20135769248008728,0.25110960006713867,0.00512980530038476,0.012999988161027431,0.27806356549263,0.5381584763526917,0.9150391221046448,-0.22792118787765503,-0.5591548085212708,0.5509185194969177,-0.008821694180369377,0.3140327334403992,0.432866245508194,-0.8826826810836792,0.35587483644485474,-0.21363069117069244,-0.09077237546443939,-0.14001691341400146,-0.12378320842981339
-0.14927661418914795,-0.20450352132320404,0.7863540649414062,0.22460566461086276,-0.03393707051873207,-0.009157224558293821,0.9738155603408812,-1.0007095336914062,0.1883525997400284,0.0689048320055008,1.5195810794830322,0.0559864416718483,-0.24939179420471191,0.02913748659193516,-0.1538032293319702,-0.19748315215110776,0.48020976781845087,-0.1559244692325592,0.24285142123699188,-0.02161871828138828,0.01811028085649013,0.2540366649627685,0.44147732853889465,0.80469411611557,-0.2531760632991791,-0.5696436762809753,0.5811746716499329,-0.01394054852426052,0.3768821954727173,0.44216141104698176,-0.6486304998397827,0.26335445046424866,0.11710575222969057,0.03306875377893448,-0.19399285316467285,-0.3625987768173218
-0.15964771807193756,-0.20023964345455167,0.7837641239166259,0.20314764976501465,-0.039959702640771866,-0.02042640559375286,0.9781191349029539,-0.9441797733306884,0.23863448202610013,0.021078566089272496,1.3301554918289185,0.08811868727207184,-0.25514116883277893,0.06355158239603043,-0.1368936449289322,-0.2108771502971649,0.46087521314620966,-0.1608404964208603,0.21647551655769348,-0.0416918583214283,0.026017578318715092,0.2211885750293732,0.31652167439460754,0.7081064581871033,-0.28680264949798584,-0.6084553599357605,0.5769922137260437,-0.026006115600466728,0.38515782356262207,0.46220609545707697,-0.4530803859233856,0.2574157416820526,0.4723704755306244,0.18618097901344297,-0.23953014612197876,-0.5291903614997864
-0.17463934421539307,-0.1967144310474396,0.768824815750122,0.18116746842861173,-0.04512137919664383,-0.03137401863932609,0.981915533542633,-0.8772161602973939,0.2645106613636017,-0.01378798484802246,1.1798282861709595,0.14487622678279877,-0.2582014501094818,0.11510082334280014,-0.10150994360446929,-0.1909837871789932,0.3946056067943573,-0.21457625925540924,0.21485193073749545,-0.05061803385615349,0.035596176981925964,0.1717349737882614,0.17456820607185364,0.6252590417861937,-0.30643245577812195,-0.6726055145263672,0.5380406379699707,-0.0575016587972641,0.3616866767406464,0.5194934606552124,-0.32291561365127563,0.32155874371528625,0.8008840680122374,0.2876824140548706,-0.2472125738859177,-0.5971760749816896
-0.1926375776529312,-0.19331848621368408,0.7416325807571411,0.15499919652938843,-0.047908563166856766,-0.046353135257959366,0.9856629371643065,-0.82766991853714,0.24828878045082087,-0.07379432022571564,1.1454912424087524,0.10799867659807204,-0.2508857846260071,0.2089340388774872,-0.05847341567277908,-0.21479450166225436,0.2892516851425171,-0.3324019312858581,0.22346173226833344,-0.056106802076101296,0.05421295389533042,0.12475062906742096,0.029600854963064197,0.5532175898551941,-0.2908899784088135,-0.7306000590324403,0.4856084883213043,-0.10448353737592696,0.3493683636188507,0.6001687049865723,-0.2326625883579254,0.39450588822364807,1.0397684574127195,0.29758796095848083,-0.24009501934051516,-0.5979820489883423
-0.209271103143692,-0.191858634352684,0.7088589072227478,0.13843338191509247,-0.03898440301418304,-0.07406765222549438,0.9868284463882446,-0.7944630980491638,0.27049300074577326,-0.11388298869132996,1.239359140396118,-0.2331408262252808,-0.2168087214231491,0.303992360830307,0.001401892863214016,-0.22902758419513705,0.22374147176742556,-0.45822304487228394,0.2124865651130676,-0.05105363950133324,0.10086916387081146,0.11549674719572069,-0.09852951765060426,0.4688390791416168,-0.21041697263717649,-0.7420883178710938,0.483599990606308,-0.12027673423290253,0.3985955119132996,0.6639470458030701,-0.17733733355998993,0.40165063738822937,1.1661839485168457,0.3039075434207916,-0.2145677208900452,-0.5340956449508666
-0.2223064452409744,-0.19349628686904907,0.6914327740669249,0.12017552554607391,-0.03378342464566231,-0.0862133502960205,0.9884248971939088,-0.7789588570594788,0.26216763257980347,-0.12369117885828018,1.282572865486145,-0.4171226322650909,-0.1693629026412964,0.3702613413333893,0.033652860671281815,-0.23711705207824707,0.1787719577550888,-0.497609943151474,0.2156837433576584,-0.06770967692136765,0.11788983643054962,0.1259004771709442,-0.1851137727499008,0.3668561577796936,-0.07588759064674377,-0.7084335684776306,0.5440652966499329,-0.11947988718748093,0.5400492548942566,0.6622024178504944,-0.1364561915397644,0.34706106781959534,1.2128046751022339,0.3086824417114258,-0.16670569777488708,-0.4807910025119781
-0.2319361716508865,-0.19935287535190585,0.6975052356719971,0.10669732093811037,-0.0403108112514019,-0.08443224430084227,0.9898797869682312,-0.7608075737953186,0.23180876672267917,-0.11402362585067748,1.2497591972351074,-0.44150081276893616,-0.11793529242277144,0.32707685232162476,0.017386088147759438,-0.24273669719696045,0.25735270977020264,-0.4393298923969269,0.2018537074327469,-0.09109410643577576,0.11399264633655548,0.1406019777059555,-0.19504672288894653,0.26076874136924744,0.02885945327579975,-0.6163812279701233,0.6725943088531494,-0.10485424101352692,0.6570420265197754,0.5712722539901732,-0.10091479122638702,0.26272863149642944,1.1852352619171143,0.24219754338264465,-0.10073789209127426,-0.45078796148300165
-0.24400524795055387,-0.2091933488845825,0.7236875295639038,0.11270941048860549,-0.040229741483926766,-0.06484675407409668,0.9906932115554808,-0.6512189507484436,0.2093128114938736,-0.03452388569712639,1.092890977859497,-0.3845462501049042,-0.055967897176742554,0.199358344078064,-0.056970953941345215,-0.19150976836681363,0.49637913703918457,-0.3116902709007263,0.20012353360652924,-0.08925510942935942,0.08645866066217422,0.16251221299171448,-0.1194097101688385,0.18667127192020416,0.07018585503101349,-0.46905264258384705,0.8234717845916749,-0.048298075795173645,0.7027408480644226,0.45451188087463373,-0.09795887768268584,0.21745692193508148,1.0696508884429932,0.10580839216709136,-0.05264796316623688,-0.42470836639404297
-0.2548665702342987,-0.21969224512577057,0.7604833841323853,0.1410621702671051,-0.04014857113361359,-0.05801363289356232,0.9874836802482606,-0.5121103525161743,0.21357522904872892,0.03500447794795036,0.8635959029197693,-0.25856611132621765,-0.03291362524032593,0.0061611300334334365,-0.13402381539344788,-0.1933363974094391,0.7993613481521606,-0.15224689245224,0.13738033175468445,-0.05751528218388557,0.09455571323633194,0.19477418065071103,-0.04896615073084831,0.16987091302871704,0.06113980710506439,-0.22763249278068545,0.9462308287620544,0.030428014695644375,0.6041584014892578,0.3338053524494171,-0.1293700933456421,0.21846389770507807,0.8723786473274232,-0.08888600766658784,-0.022134907543659207,-0.40086787939071655
-0.26266443729400635,-0.22978821396827695,0.797295570373535,0.17061994969844818,-0.03854198381304741,-0.04435938224196433,0.9835830330848692,-0.3790073692798615,0.17944353818893433,0.06793033331632614,0.5963519811630249,-0.054238110780715935,-0.06813128292560577,-0.21706290543079376,-0.23214176297187805,-0.1881960481405258,1.1791479587554932,-0.13346199691295624,0.048373043537139886,-0.03355080261826515,0.08498445898294447,0.23111855983734128,-0.040948476642370224,0.21205759048461917,0.0041444874368608,0.09183142334222792,0.9567923545837401,0.0890941470861435,0.4315487742424011,0.21677415072917935,-0.19154742360115048,0.23537154495716092,0.6158086657524109,-0.2833535075187683,-0.0004387120134197176,-0.3356478810310364
-0.2679869532585144,-0.23811475932598117,0.8206607699394226,0.18606063723564148,-0.03661658614873886,-0.03923548012971879,0.9810714721679688,-0.3029002845287323,0.1287028044462204,-0.0275484099984169,0.40937492251396174,0.12031543999910355,-0.1894964426755905,-0.4176674783229828,-0.25064966082572937,-0.1305609345436096,1.5787172317504883,-0.15531443059444427,0.030245307832956318,-0.03656419739127159,0.07857308536767958,0.2782611846923828,-0.06713338196277617,0.30155184864997864,-0.13270676136016843,0.420241504907608,0.8544557094573975,0.09544917941093443,0.2775958478450775,0.11577232927083968,-0.2656596302986145,0.24304607510566711,0.3116765320301056,-0.38527646660804743,-0.019096922129392624,-0.2728378772735596
-0.2714044451713562,-0.24426645040512085,0.8275548219680786,0.18847881257534027,-0.029824797064065933,-0.018206851556897163,0.981455385684967,-0.2515552341938019,0.04586393758654594,-0.0930524468421936,0.3314547538757324,0.1583547592163086,-0.22711430490016937,-0.5887879729270935,-0.3051777780056,-0.058323413133621216,2.026384115219116,-0.2509921491146088,0.00021172920241951945,-0.06619930267333984,0.02557488903403282,0.3095192611217499,-0.06999111920595169,0.41688126325607294,-0.34800985455513,0.6669358611106873,0.7362920641899107,0.07858981192111969,0.09875626116991043,0.021284122020006176,-0.34608837962150574,0.25957587361335754,0.011301996186375616,-0.37229767441749567,-0.04411906749010086,-0.19727754592895508
-0.27542510628700256,-0.24661099910736084,0.8236202001571654,0.18499383330345157,-0.01655994728207588,0.004049630369991064,0.9825918078422545,-0.22527331113815308,0.004912556614726782,-0.030443131923675537,0.4030247330665588,0.11539523303508759,-0.12784253060817719,-0.720973551273346,-0.34374776482582087,0.011841798201203346,2.443727731704712,-0.3443693220615387,-0.035516902804374695,-0.10924117267131804,-0.04121250659227371,0.32981720566749567,-0.04668436571955681,0.5229086875915527,-0.5692968964576721,0.8376162648200989,0.6391816735267639,0.05824809893965721,-0.04459809511899948,-0.06572549045085907,-0.4146519005298615,0.277018666267395,-0.2460859417915344,-0.32403719425201416,-0.033113621175289154,-0.09390836954116819
-0.28284141421318054,-0.24809195101261136,0.814596652984619,0.18819452822208405,-0.004213862121105193,0.001104917493648827,0.9821221232414243,-0.16749469935894012,0.011921485885977743,0.014839960262179375,0.4308851361274719,0.027305841445922848,-0.06508366763591766,-0.842991292476654,-0.295283704996109,0.03747530281543732,2.7437636852264404,-0.3835248053073883,-0.0429159514605999,-0.12552478909492493,-0.058984145522117615,0.3480564057826996,0.004151667002588511,0.6003434062004088,-0.6820837259292603,0.9259493947029112,0.5465949773788452,0.049425702542066574,-0.11996134370565414,-0.13165493309497833,-0.47695955634117126,0.27770158648490906,-0.4471794068813324,-0.3227568864822388,-0.026842664927244183,-0.007908391766250134
-0.29297620058059687,-0.2507556080818176,0.802651286125183,0.19333627820014956,0.00863200519233942,0.010260752402245998,0.9810408949851988,-0.10918419063091278,-0.019508121535182,0.056570179760456085,0.42243289947509766,-0.07237324118614195,-0.011523857712745667,-0.9604290723800659,-0.35270923376083374,0.02233669906854629,2.8544750213623047,-0.4017083048820496,-0.08330418914556502,-0.12821795046329498,-0.09076889604330064,0.36026647686958313,0.06976641714572905,0.635798454284668,-0.7075061798095703,0.9682751893997192,0.4740190207958221,0.03707168251276016,-0.08895246684551239,-0.19366998970508573,-0.5231489539146423,0.25336188077926636,-0.5506774187088013,-0.37082287669181824,-0.02716381102800369,0.004514976404607296
-0.3017542064189911,-0.2508371472358704,0.7967200875282286,0.1900166869163513,0.01819762960076332,0.02002085745334625,0.9814079999923706,-0.09740035980939864,-0.04976145550608634,0.06846112757921219,0.45949929952621454,-0.10712811350822447,0.011300785467028616,-1.07045841217041,-0.3490363657474518,-0.018007198348641396,2.725273609161377,-0.3749823272228241,-0.08273845911026001,-0.12528520822525024,-0.11859986186027525,0.3714464008808136,0.12061790376901627,0.6500255465507507,-0.6912864446640015,0.9846726059913635,0.4532061517238617,0.016245443373918533,-0.023080095648765564,-0.20547181367874143,-0.523263454437256,0.21576151251792908,-0.5630837082862854,-0.39073398709297186,-0.03783164918422698,-0.03032717108726501
-0.31181088089942927,-0.24971920251846316,0.7960711121559142,0.18696968257427213,0.027157107368111607,0.014732795767486095,0.981879711151123,-0.09905365109443665,-0.03578357771039009,0.08355385065078734,0.5385569930076599,-0.11946697533130644,0.002831606660038233,-1.0965769290924072,-0.3321724534034729,-0.08966024965047836,2.4269003868103027,-0.2988284230232239,-0.0835806727409363,-0.11285454034805296,-0.11299747973680496,0.3888396918773651,0.16686870157718658,0.6535589694976808,-0.6563460826873779,0.9632161259651184,0.4409708082675934,0.0024583067279309034,0.033101558685302734,-0.19241468608379364,-0.49941596388816833,0.19495995342731476,-0.4985644519329071,-0.3934115469455719,-0.038502752780914314,-0.07066696882247925
-0.3221800029277801,-0.2472863644361496,0.7959309220314026,0.1820247322320938,0.03248780220746994,0.011193380691111088,0.982693374156952,-0.11471973359584808,-0.01934910379350185,0.09899307042360304,0.6267529726028441,-0.10453545302152632,-0.019279766827821728,-1.0392712354660034,-0.28682270646095276,-0.15138015151023865,2.0524277687072754,-0.20840750634670255,-0.04508267343044281,-0.10024406015872955,-0.10123290121555328,0.3965918719768524,0.20922602713108063,0.6433408856391907,-0.6249796152114868,0.9200976490974425,0.4281868040561676,-0.007271204609423875,0.06660281121730804,-0.16904357075691223,-0.46783867478370667,0.1859416216611862,-0.37881264090538014,-0.36002594232559204,-0.02399296686053276,-0.09426089376211166
-0.3320271372795105,-0.24295301735401156,0.7927586436271667,0.17145082354545593,0.03822304308414459,0.011027831584215164,0.9843891859054563,-0.14884299039840698,-0.013720357790589333,0.09716726839542389,0.7396097183227539,-0.08026451617479324,-0.04517762362957001,-0.9166343808174131,-0.22453935444355008,-0.19210818409919736,1.6402220726013184,-0.09008381515741347,0.006977731827646494,-0.08922714740037918,-0.09182194620370863,0.3971818387508392,0.2399010509252548,0.618144690990448,-0.6114543080329895,0.8807553648948668,0.42114597558975214,-0.015972821041941643,0.0877322182059288,-0.1337465941905975,-0.43389683961868286,0.17404817044734955,-0.24508748948574063,-0.2877178490161896,-0.013242090120911598,-0.11547838151454924
-0.3431873023509979,-0.23637136816978452,0.7843292355537415,0.15475767850875854,0.04535476118326187,0.009007419459521769,0.986869752407074,-0.18830886483192444,-0.020258894190192223,0.0645318478345871,0.8722634315490722,-0.07986098527908325,-0.06978662312030792,-0.753271996974945,-0.1692572981119156,-0.2300335317850113,1.2172105312347412,0.10164789110422134,0.0201824102550745,-0.08361855894327164,-0.0765770375728607,0.38891184329986567,0.26235657930374146,0.5782238245010376,-0.6027126312255859,0.8446245193481445,0.4164060652256012,-0.01816186122596264,0.1023448333144188,-0.0871899276971817,-0.3957675993442536,0.1656855195760727,-0.11865662783384325,-0.2051640152931213,-0.012526105158030987,-0.14244984090328217
-0.3571297526359558,-0.23012365400791168,0.7695196270942688,0.13389469683170319,0.05219816789031029,0.00445931451395154,0.9896098375320433,-0.22427684068679807,-0.022028248757123947,0.05241675302386284,1.0092328786849976,-0.13346874713897705,-0.07284888625144958,-0.6006302833557129,-0.1016583815217018,-0.20062828063964844,0.8875347375869752,0.3038305342197418,-0.02958709746599197,-0.07452530413866043,-0.052314355969429016,0.3745875060558319,0.2775329053401947,0.5269281268119812,-0.5758904814720154,0.7980935573577882,0.39122495055198664,-0.024461956694722172,0.11590543389320372,-0.030645990744233128,-0.3525128364562988,0.15559238195419312,-0.015463674440979956,-0.09692054241895677,-0.04179146513342857,-0.1520235538482666
-0.37292149662971497,-0.2263820767402649,0.7494783401489258,0.1001921072602272,0.06377828866243361,0.02557899989187717,0.9925923347473145,-0.21289898455142972,-0.02005914412438869,0.16335147619247437,1.1038250923156738,-0.22932380437850952,0.03268693387508392,-0.5141732692718506,-0.159215971827507,-0.22089625895023343,0.9027018547058104,-0.13382354378700256,-0.1304464340209961,-0.0870789587497711,-0.06941695511341095,0.33913716673851013,0.2888769209384918,0.4690307676792145,-0.5295486450195312,0.7124994993209839,0.4085269570350647,-0.0029125879518687725,0.11908372491598128,0.040121007710695274,-0.3204874098300934,0.1497097909450531,0.06951746344566345,0.008145435713231564,-0.07052091509103775,-0.17323434352874756
-0.3825902938842773,-0.22524987161159515,0.7296836972236633,0.0782739669084549,0.06556350737810135,0.010544120334088802,0.99471777677536,-0.2240049242973328,0.02325304597616196,0.15871679782867432,1.227312445640564,-0.31860789656639094,0.08575299382209779,-0.4935228824615479,-0.15146493911743164,-0.25630566477775574,0.9620987176895139,-0.2804259955883026,-0.1365159302949905,-0.08014743775129318,-0.0018593841232359407,0.3140650987625122,0.2869471311569214,0.39608484506607056,-0.47283306717872614,0.5952080488204956,0.48114922642707825,0.03138762339949608,0.12903998792171478,0.09718666225671768,-0.2916170060634613,0.13833336532115936,0.14787939190864563,0.08626177906990051,-0.08265216648578644,-0.2109612226486206
-0.3875582814216614,-0.2265806943178177,0.7184900641441345,0.07657131552696227,0.06529550999403,-0.02600101567804813,0.9945839643478392,-0.2362923473119736,0.04520256444811821,0.05958197638392448,1.3076462745666504,-0.4142058193683624,0.08512686938047409,-0.4815266132354736,-0.09083440899848938,-0.30690857768058777,0.9783491492271424,-0.3018092215061188,-0.13588581979274747,-0.061642590910196304,0.10047881305217742,0.2968211770057678,0.2933565080165863,0.30754804611206055,-0.44330358505249023,0.44525387883186335,0.6027647256851196,0.0720801055431366,0.13559222221374512,0.13629259169101715,-0.28110772371292114,0.17308127880096436,0.2523193657398224,0.15360099077224731,-0.0645231381058693,-0.25315627455711365
-0.38851451873779297,-0.22740782797336576,0.7214705944061278,0.06140732392668724,0.07046803086996078,-0.022206215187907215,0.9953744411468506,-0.19622458517551425,0.005420573055744171,0.022662388160824772,1.2653310298919676,-0.44010210037231445,0.08738785982131958,-0.44909790158271784,-0.11578422784805296,-0.3150196671485901,0.9655541777610778,-0.32122859358787537,-0.11825361847877502,-0.08409286290407181,0.10479326546192168,0.26861727237701416,0.25140807032585144,0.26326096057891846,-0.4682267308235168,0.32357633113861084,0.6769097447395325,0.07788050174713135,0.1311040073633194,0.1820511817932129,-0.27323636412620544,0.2268172651529312,0.3049859702587128,0.18396826088428497,-0.04519561305642128,-0.254566490650177
-0.38679349422454834,-0.2295755743980408,0.7352107763290405,0.04505148157477378,0.06819508969783783,-0.028087032958865166,0.9962584972381592,-0.16788955032825467,-0.021278720349073407,-0.03816257789731026,1.1796474456787107,-0.41224947571754456,0.08670517802238464,-0.3966997861862183,-0.11665717512369156,-0.35427680611610407,0.8602130413055421,-0.2649211883544922,-0.09833762049674989,-0.11658266931772232,0.1178242340683937,0.24007000029087064,0.16422046720981595,0.28034746646881104,-0.5089389085769653,0.2386236786842346,0.6913129687309265,0.0529019758105278,0.10382522642612456,0.2445726692676544,-0.2553784847259521,0.29121556878089905,0.2629355788230896,0.15010777115821838,-0.04515472054481506,-0.2697920799255371
-0.3809764087200165,-0.23394694924354556,0.758397877216339,0.03975031897425652,0.06697802990674973,-0.030939938500523567,0.9964820742607117,-0.12662024796009064,-0.03975135460495949,-0.06297048926353455,1.047480225563049,-0.32978349924087524,0.11367114633321762,-0.3651574850082397,-0.1162775307893753,-0.36080425977706904,0.7454898953437805,-0.07454995065927505,-0.06597123295068741,-0.1412609815597534,0.12175220996141432,0.22549860179424283,0.05923304334282875,0.3329601585865021,-0.5189210176467896,0.20633524656295776,0.6538373231887816,0.033871546387672424,0.10400737822055817,0.28747820854187006,-0.2419648915529251,0.3533807396888733,0.1785520762205124,0.06504476815462112,-0.05786214023828506,-0.2785805463790893
-0.36924219131469727,-0.24026481807231903,0.7854284644126893,0.06070831418037415,0.06310611963272095,-0.03724116086959839,0.9954622983932496,-0.09642418473958968,-0.017948949709534645,-0.02838369831442833,0.9104914665222169,-0.21160441637039185,0.15120500326156616,-0.40492984652519226,-0.102942056953907,-0.31870803236961365,0.6671821475028992,0.2272940278053284,-0.02523689530789852,-0.14418382942676544,0.13521137833595276,0.2332007437944412,-0.025075118988752365,0.38761278986930847,-0.4840330183506012,0.22114573419094083,0.6134272217750549,0.020553627982735637,0.11428454518318176,0.2742707133293152,-0.24413423240184784,0.4089701771736145,0.08623442053794861,-0.024192357435822487,-0.07978232949972151,-0.246000736951828
-0.3538954854011536,-0.2465614080429077,0.8065060973167419,0.09855993092060088,0.05683586373925209,-0.05008412525057793,0.9922435283660888,-0.08629089593887329,0.019405998289585117,0.011060315184295176,0.8196215033531189,-0.12386656552553175,0.1804903596639633,-0.4951684772968292,-0.07575421035289763,-0.28301501274108887,0.6675613522529602,0.3697651922702789,-0.002191137988120317,-0.13202954828739166,0.16024914383888245,0.2611430287361145,-0.08444713801145554,0.44633236527442927,-0.4315940141677856,0.2729339897632599,0.5703672766685486,0.0011593725066632032,0.09261640906333923,0.21561387181282043,-0.2577150762081146,0.4603892266750336,-0.034161489456892014,-0.10972186923027039,-0.09708988666534425,-0.18268521130084991
-0.33676162362098694,-0.2542040944099426,0.8164317011833192,0.13519825041294095,0.05294455215334892,-0.05901838093996048,0.9876412153244017,-0.08933074027299881,0.00685435812920332,-0.02777823433279991,0.7666466832160949,-0.10011028498411179,0.18258944153785703,-0.6604037880897522,-0.08297853171825409,-0.26628151535987854,0.9048170447349548,0.2827761769294739,-0.03057039156556129,-0.12340116500854492,0.1630283147096634,0.3084561824798584,-0.1302814930677414,0.518324613571167,-0.393074095249176,0.3633425235748291,0.5170059800148009,-0.02726452611386776,0.054599564522504807,0.12889093160629272,-0.2692762613296509,0.5005952119827272,-0.19131347537040713,-0.1840451955795288,-0.09853173047304152,-0.10313571244478224
-0.3190247714519501,-0.2613360583782196,0.8147563338279725,0.1598460078239441,0.054016489535570145,-0.05726410076022148,0.9839981198310851,-0.07461541891098022,-0.03669209405779839,-0.09881962090730669,0.6985251307487488,-0.09748451411724089,0.15878520905971527,-0.8787115216255189,-0.1035596653819084,-0.20085966587066648,1.3226966857910156,0.13095517456531525,-0.06943315267562866,-0.1245494782924652,0.12385619431734084,0.3591076135635376,-0.16568906605243683,0.5970327258110046,-0.3828357756137848,0.500562846660614,0.4469267427921295,-0.07399579882621765,0.0489836111664772,0.015144531615078448,-0.2653170824050904,0.5189573764801024,-0.3468320965766907,-0.24475246667861936,-0.08430196344852446,-0.038417641073465354
-0.3027767837047577,-0.26667970418930054,0.8043994903564453,0.18632958829402924,0.057639878243207925,-0.06107471883296967,0.9788916110992432,-0.03033197671175003,-0.04322545602917671,-0.1479722559452057,0.6075454354286194,-0.16603122651576996,0.1058839038014412,-1.0933603048324585,-0.05332130566239357,-0.1145416870713234,1.743391752243042,-0.02104261703789234,-0.06261573731899261,-0.12125765532255171,0.08250962197780609,0.4092482328414917,-0.1882108300924301,0.6782593727111816,-0.39956384897232056,0.6859637498855591,0.3845879733562469,-0.11518911272287367,0.05740741640329361,-0.12219532579183578,-0.25439974665641785,0.5260443091392517,-0.46675345301628113,-0.3042539954185486,-0.07065311819314957,0.0004402473568916321
-0.28801825642585754,-0.27144515514373774,0.7906308770179747,0.21436280012130737,0.05967527255415917,-0.05978277325630188,0.9730948209762573,-0.02571523934602737,-0.03026759810745716,-0.11203602701425552,0.5753232836723328,-0.2720942795276642,0.085519939661026,-1.2883727550506592,0.0557437501847744,-0.03832978755235672,2.0840880870819087,-0.14857783913612363,-0.008011222817003729,-0.1151588037610054,0.0346200168132782,0.44480961561203,-0.20709335803985596,0.7521368861198425,-0.4535679221153259,0.8818098902702332,0.3464657664299011,-0.13788309693336487,0.05913565680384636,-0.2736371457576752,-0.2512308359146118,0.542639434337616,-0.5172063112258911,-0.3447152078151703,-0.05557289347052574,0.01927150599658489
-0.2745021879673004,-0.27614840865135193,0.7772847414016724,0.24140337109565732,0.060121439397335046,-0.04399874061346054,0.9675608873367308,-0.07352358102798462,-0.04511051625013352,-0.03795643523335457,0.6095530390739441,-0.3316200375556946,0.0937267690896988,-1.455256462097168,0.17165561020374298,0.0367719940841198,2.3182015419006348,-0.24774764478206637,0.10062047094106674,-0.10637672990560532,-0.033674661070108414,0.4686673283576965,-0.2183527648448944,0.8150162696838379,-0.5509287714958191,1.0417993068695068,0.3516331613063812,-0.14624416828155515,0.04700440540909767,-0.40217089653015137,-0.2575214803218841,0.5717896819114685,-0.5192255973815918,-0.3662598133087158,-0.052500277757644646,0.022914154455065727
-0.2618825733661652,-0.2812589704990387,0.7679105997085571,0.27087223529815674,0.055016979575157166,-0.03086305409669876,0.96054607629776,-0.1423615664243698,-0.047854013741016395,0.027932982891798016,0.6767982244491577,-0.35985440015792847,0.0937736928462982,-1.5469292402267456,0.22115579247474673,0.07418061047792433,2.444708108901977,-0.299299031496048,0.17309188842773435,-0.08788563311100006,-0.08468039333820343,0.4800683856010437,-0.19923074543476105,0.8493921160697938,-0.6573505997657776,1.1600943803787231,0.40384662151336664,-0.1414172649383545,0.023526975885033607,-0.4729741215705872,-0.27813220024108887,0.5939719080924988,-0.5055331587791443,-0.37411865592002874,-0.06982026994228363,0.009625808335840702
-0.25142872333526606,-0.28777921199798584,0.760885715484619,0.3047352731227875,0.04619224742054939,-0.024456800892949104,0.9510018229484558,-0.19819918274879453,-0.03019015304744244,0.08873404562473297,0.7360817790031433,-0.3829412460327149,0.09525907784700392,-1.5412958860397339,0.19514286518096924,0.07395608723163603,2.494298219680786,-0.339557021856308,0.1946160197257996,-0.0535736046731472,-0.1071958765387535,0.4757786393165588,-0.14310503005981445,0.8388985395431519,-0.7061958909034729,1.224234104156494,0.4631860554218292,-0.11855329573154448,0.005285727325826883,-0.4949501156806946,-0.30199694633483887,0.5908465385437012,-0.47513139247894287,-0.3727749586105346,-0.09207770973443985,0.001538085169158876
-0.24320629239082336,-0.29460382461547846,0.7564275860786438,0.3384135365486145,0.03407912701368332,-0.0216903667896986,0.9401299953460691,-0.2342005670070648,-0.005608648993074894,0.14212144911289215,0.7420728802680969,-0.398451030254364,0.09703814983367921,-1.4416134357452393,0.12842415273189545,0.058462489396333694,2.478793144226074,-0.37662401795387274,0.17826777696609497,-0.01400594599545002,-0.10491096973419188,0.45583149790763855,-0.06293733417987823,0.7910842895507811,-0.6850570440292358,1.211099863052368,0.4996967613697052,-0.10195688903331757,0.013910092413425444,-0.4787435829639434,-0.3142715096473694,0.5507750511169434,-0.40303963422775274,-0.3711982667446136,-0.09615014493465424,0.017009468749165535
-0.23592752218246457,-0.3001469373703003,0.7535459399223327,0.3636585175991058,0.02021679654717445,-0.02112930826842785,0.9310732483863831,-0.2738696038722992,0.021980214864015576,0.1776434630155563,0.7505596876144409,-0.4070287346839905,0.09960817545652387,-1.2696837186813354,0.04665779694914818,0.05033800005912781,2.413240432739258,-0.39562296867370605,0.15289629995822906,0.02012071944773197,-0.09003245085477829,0.4261271357536316,0.024030661210417747,0.7253079414367675,-0.62690532207489,1.1268122196197508,0.5020113587379456,-0.09868795424699783,0.05415033176541328,-0.43921226263046254,-0.3077103793621063,0.47356373071670527,-0.2900458574295044,-0.35664072632789606,-0.08229508250951768,0.037957444787025445
-0.22999535501003265,-0.3028783500194549,0.7501530051231384,0.3723074793815613,0.009862644597887993,-0.02060358598828316,0.9278283119201661,-0.32226109504699707,0.045801207423210144,0.19420450925827024,0.7913699150085449,-0.40458402037620544,0.10721290856599808,-1.0313684940338135,-0.040713995695114136,0.03358028084039688,2.286517143249512,-0.39429652690887446,0.15038518607616425,0.03519422188401222,-0.07561570405960083,0.3961687386035919,0.09812981635332109,0.6509543657302856,-0.5774064064025879,1.0097978115081787,0.4783410429954529,-0.10899696499109268,0.109418585896492,-0.3868218660354614,-0.280423641204834,0.3652684986591339,-0.13802354037761688,-0.3262021541595459,-0.05943940207362175,0.0445793941617012
-0.224788099527359,-0.30089879035949707,0.747210681438446,0.3680613338947296,0.005633439868688583,-0.020680928602814674,0.9295544028282163,-0.3674977719783783,0.05729449540376663,0.18393370509147644,0.8531607985496522,-0.40741103887557983,0.10304534435272215,-0.7397406697273254,-0.1282726377248764,-0.01995687745511532,2.084979295730591,-0.38902324438095087,0.15798786282539368,0.04101134091615677,-0.06151382997632027,0.36860892176628113,0.15239731967449188,0.5783551931381226,-0.5554124116897583,0.899117410182953,0.44507649540901184,-0.12345702946186064,0.15209168195724487,-0.3283974528312683,-0.2426322251558304,0.2406420856714249,0.051125358790159225,-0.28179219365119934,-0.04908024147152901,0.0050966525450348845
-0.22094021737575528,-0.29568982124328613,0.742388904094696,0.36057326197624207,0.006152905058115721,-0.016776854172348976,0.9325597286224365,-0.4042690694332122,0.04939582943916321,0.1649123728275299,0.922294020652771,-0.4285251796245575,0.08784869313240051,-0.43331983685493464,-0.20713707804679873,-0.10458524525165556,1.8210777044296265,-0.41528487205505366,0.15740762650966644,0.052788272500038154,-0.0553099401295185,0.33830112218856806,0.19469453394412997,0.5132430195808411,-0.5490142703056335,0.8186239004135133,0.42278027534484863,-0.12565912306308746,0.16741104423999786,-0.2736623585224152,-0.2107679396867752,0.11486931145191193,0.2627973556518554,-0.22322605550289157,-0.060466092079877846,-0.06135943904519081
-0.21773216128349304,-0.289801687002182,0.7331846356391906,0.3632430136203766,0.007276688702404499,-0.012862993404269218,0.9315772056579588,-0.4312267005443573,0.045382879674434655,0.15337514877319336,0.9944243431091309,-0.4699336290359497,0.06237143278121948,-0.16414596140384674,-0.23998476564884183,-0.20195893943309784,1.5140546560287476,-0.4386066198348999,0.15765562653541565,0.08257584273815155,-0.049351949244737625,0.30598074197769165,0.23400765657424927,0.4508220255374909,-0.5309503674507141,0.7598486542701721,0.4294787645339966,-0.10791172832250596,0.1621347814798355,-0.2318768799304962,-0.19357019662857053,0.0036034735385328527,0.4831070005893707,-0.1256784051656723,-0.07663754373788834,-0.11592346429824828
-0.21483245491981504,-0.28483763337135315,0.7198810577392578,0.3823019564151764,0.007771275006234647,-0.011699228547513483,0.9239307045936584,-0.45689514279365534,0.05646658316254616,0.14654119312763214,1.083786368370056,-0.5278708934783936,0.03175365552306175,0.06526856124401093,-0.20131155848503113,-0.24758581817150116,1.1535098552703855,-0.45075833797454834,0.18168784677982328,0.1311824917793274,-0.040654275566339486,0.2737586498260498,0.2718854546546936,0.393370509147644,-0.48251181840896606,0.6991324424743652,0.4667566120624542,-0.06623677164316177,0.14105190336704254,-0.20007401704788208,-0.19608686864376068,-0.07468181848526001,0.6848410964012146,0.015876853838562965,-0.08340145647525787,-0.13314442336559296
-0.2120840549468994,-0.2806083858013153,0.7060257792472839,0.41450864076614374,0.0030787552241235967,-0.01884677819907665,0.9098449945449827,-0.5088159441947937,0.10825295746326447,0.13612546026706696,1.213451623916626,-0.5697523355484009,0.008270464837551119,0.2615860104560852,-0.10699138790369032,-0.22283828258514404,0.7547728419303894,-0.5237504839897156,0.19919331371784207,0.1894960105419159,-0.01775127276778221,0.24111922085285184,0.31283852458000183,0.33814108371734614,-0.39259502291679377,0.6033022403717041,0.5709804892539978,-0.002483297372236848,0.0958789214491844,-0.17057819664478302,-0.2117076963186264,-0.122432142496109,0.8543941378593444,0.16660194098949432,-0.07917904108762741,-0.12106597423553465
-0.20666857063770291,-0.2785656452178955,0.6936942338943481,0.4448379576206207,-0.011053736321628092,-0.03883453458547592,0.8947004675865173,-0.6099310517311096,0.14056356251239777,0.027629535645246502,1.368205428123474,-0.5449406504631041,-0.00808339100331068,0.3922295570373535,-0.006264248862862586,-0.18723706901073453,0.422170490026474,-0.5786694884300232,0.16497154533863068,0.22376748919487,0.03471507504582405,0.21390517055988312,0.3500228226184845,0.2708122730255127,-0.2907796800136566,0.4517001807689666,0.7527163028717042,0.07984752207994461,0.023060107603669167,-0.13923202455043793,-0.24303679168224332,-0.13802658021450043,0.9731142520904541,0.2740791141986847,-0.06451214849948883,-0.11986875534057616
-0.20352087914943692,-0.27724674344062805,0.6854673027992249,0.46972188353538513,-0.03140059858560562,-0.06005611643195152,0.8802094459533691,-0.7054844498634337,0.030292363837361332,-0.21802796423435208,1.465243577957153,-0.48569393157958973,-0.11062906682491302,0.4564712345600128,0.06543906033039093,-0.1716077625751495,0.21945467591285703,-0.5821245312690735,0.1565852016210556,0.23158627748489377,0.0976380780339241,0.19394952058792117,0.3558781147003174,0.21001046895980835,-0.22198027372360227,0.23418065905570984,0.9807447791099548,0.1545346826314926,-0.08700712025165558,-0.08780017495155334,-0.27565771341323847,-0.12092994898557662,1.0452543497085571,0.3218202292919159,-0.05763482302427292,-0.13287289440631866
-0.2035119980573654,-0.2777221798896789,0.6893615126609801,0.4936222136020661,-0.048924975097179406,-0.06788217276334763,0.8656416535377502,-0.7128301858901978,-0.040247440338134766,-0.34117642045021057,1.4359934329986572,-0.4711362421512604,-0.1812386214733124,0.42802450060844416,0.07773800194263458,-0.1496240347623825,0.19266873598098755,-0.5527516603469849,0.16379983723163605,0.21004147827625275,0.14838652312755585,0.1861034482717514,0.2923327088356018,0.16612723469734192,-0.19726397097110748,-0.013022398576140404,1.1451820135116575,0.15348947048187256,-0.1823040395975113,-0.0211227722465992,-0.2935508191585541,-0.06889370083808899,1.0868937969207764,0.3390302360057831,-0.04905983805656433,-0.15745557844638824
-0.20751518011093137,-0.2781731188297272,0.7000778913497925,0.5214760899543761,-0.06762376427650452,-0.06598269194364548,0.8480188250541686,-0.7004969716072083,-0.00944291427731514,-0.3481590151786804,1.3641142845153809,-0.4933587312698364,-0.14123173058032987,0.3649117350578308,0.06833554804325104,-0.10910532623529434,0.21208126842975616,-0.4999761879444122,0.1898238509893417,0.1699182689189911,0.18757790327072144,0.17427390813827515,0.17095254361629486,0.14590027928352356,-0.19385848939418793,-0.20832732319831848,1.212271213531494,0.11834153532981873,-0.13445831835269928,0.03914766758680344,-0.2955246865749359,0.008861707523465155,1.1091731786727903,0.3485013544559479,-0.03430824354290962,-0.19242586195468905
-0.21428878605365756,-0.2795169949531555,0.7184023261070251,0.5537829995155334,-0.08583375066518782,-0.05668076872825623,0.8262833952903748,-0.6662279367446899,0.04544322192668914,-0.30503010749816895,1.2460458278656004,-0.4979261755943298,-0.091725654900074,0.2561282515525818,0.04366828501224518,-0.08050044625997542,0.3009053170681,-0.4193501770496368,0.22434253990650177,0.10594713687896729,0.2117728888988495,0.16073690354824066,-0.0027069556526839733,0.17808952927589417,-0.16814823448657987,-0.29691618680953974,1.212357997894287,0.0669412612915039,0.060129698365926736,0.09088354557752608,-0.2802967131137848,0.08742449432611465,1.1095354557037351,0.3384977579116821,-0.026137113571166992,-0.23488719761371607
-0.2205858379602432,-0.2816184461116791,0.7410361170768738,0.5914382338523865,-0.09652045369148254,-0.04862725362181664,0.7990744709968567,-0.6117957830429077,0.09615340828895567,-0.2536907196044922,1.1117266416549683,-0.4490269720554352,-0.06739722937345505,0.10569744557142256,0.0027555450797081,-0.09742171317338943,0.5028313398361206,-0.32620367407798767,0.24913592636585236,0.030026456341147423,0.2210825681686401,0.15604177117347717,-0.1820196956396103,0.2956408262252808,-0.11021612584590912,-0.28297293186187744,1.1512436866760252,0.005986768752336502,0.22923564910888672,0.1368609219789505,-0.26088058948516846,0.15532152354717255,1.0792052745819092,0.3140274584293365,-0.019069587811827656,-0.2574010193347931
-0.2251231074333191,-0.2824341058731079,0.7649187445640565,0.6371711492538452,-0.0983753502368927,-0.04186379536986351,0.7632709741592406,-0.5270698666572571,0.1540682166814804,-0.17687974870204923,0.9553205370903016,-0.37246975302696234,-0.05549146234989166,-0.0882449224591255,-0.060752023011446,-0.12236072868108748,0.8334153890609741,-0.32246103882789606,0.23539406061172485,-0.03558597341179848,0.2079932391643524,0.15911456942558289,-0.31047573685646057,0.4796323478221893,-0.07919849455356598,-0.2226019650697708,1.0538482666015625,-0.03920164331793785,0.32683330774307245,0.17591188848018646,-0.25046876072883606,0.2174401134252548,1.0222514867782593,0.26746106147766113,-0.003955892287194729,-0.2531626522541046
-0.22873874008655548,-0.2816361784934997,0.7874521017074586,0.6875398755073547,-0.09469838440418243,-0.0343218669295311,0.7191266417503357,-0.4266744256019592,0.20505528151988983,-0.08048472553491592,0.7929821610450744,-0.2790031433105469,-0.05322807282209396,-0.28905072808265686,-0.12792503833770752,-0.12480461597442626,1.217674970626831,-0.40044516324996954,0.1924729198217392,-0.08400596678256989,0.17972020804882047,0.16901640594005585,-0.36447760462760925,0.6754278540611267,-0.07899290323257446,-0.1874500662088394,0.9456228613853455,-0.06892557442188263,0.39876759052276606,0.2025627493858337,-0.2588605284690857,0.2839052975177765,0.9438520073890686,0.19822271168231964,0.009032480418682098,-0.22082243859767917
-0.23316338658332825,-0.2800477147102356,0.806516408920288,0.7388013601303101,-0.09617934376001358,-0.027148393914103508,0.6664721965789795,-0.3440782129764557,0.21365663409233093,-0.09931857883930206,0.6205848455429077,-0.18376503884792328,-0.09491642564535141,-0.4745514690876007,-0.1772549599409103,-0.13567136228084564,1.5797109603881836,-0.4680544137954712,0.1260232925415039,-0.1077352985739708,0.16094107925891876,0.17744861543178558,-0.32423579692840576,0.8631681203842163,-0.0853501856327057,-0.19612571597099304,0.8243218660354614,-0.0971166267991066,0.4395955801010132,0.21574498713016513,-0.2834007143974304,0.33906957507133484,0.8473022580146788,0.08445324003696442,0.010226261802017689,-0.17283667623996735
-0.23907984793186188,-0.27811378240585327,0.8200321197509765,0.7842403054237365,-0.1020439565181732,-0.022940339520573616,0.6115782856941223,-0.27952912449836725,0.19392880797386167,-0.24480874836444852,0.47207829356193537,-0.1285765171051025,-0.15314452350139615,-0.6179823875427246,-0.18679001927375796,-0.1394588202238083,1.908092737197876,-0.5202677845954895,0.06297788769006729,-0.11056848615407944,0.15396766364574432,0.1875280886888504,-0.21521160006523127,1.0070931911468504,-0.09519248455762865,-0.1973780691623688,0.7235319018363952,-0.13546150922775269,0.44412198662757874,0.22061653435230252,-0.311862975358963,0.3760628700256348,0.7450726628303527,-0.029487263411283493,0.0053507802076637745,-0.12370252609252928
-0.24552856385707852,-0.27634191513061523,0.8244356513023376,0.8249506354331969,-0.10265597701072691,-0.02072414755821228,0.5554175972938538,-0.24076798558235168,0.18012270331382751,-0.35158160328865046,0.4473570287227631,-0.11558781564235689,-0.15851320326328275,-0.7254515290260315,-0.04102762416005135,-0.07965929806232451,2.1891894340515137,-0.5800620913505553,0.10715185850858688,-0.10119574517011642,0.14138688147068024,0.21006593108177185,-0.09335269778966904,1.1183276176452637,-0.12543214857578275,-0.17369163036346436,0.6503780484199524,-0.17878809571266174,0.4350856244564056,0.23452195525169367,-0.3412921130657196,0.4158652424812317,0.6252741813659668,-0.11933172494173049,-0.007747030816972254,-0.09531823545694353
-0.25225135684013367,-0.2725975811481476,0.8202306628227235,0.8674961328506469,-0.10191113501787184,-0.02005068585276604,0.48647972941398626,-0.23234595358371732,0.17676225304603577,-0.36380288004875183,0.5196439027786255,-0.12850555777549744,-0.158476322889328,-0.8222136497497559,0.1548834890127182,-0.06015964224934578,2.404895544052124,-0.6387182474136353,0.1662096232175827,-0.0686299055814743,0.13440190255641937,0.23340301215648648,0.03720629587769508,1.2086114883422852,-0.17783932387828827,-0.1631077080965042,0.6040770411491394,-0.19756831228733063,0.3635197579860687,0.25318148732185364,-0.38776049017906183,0.4580976963043213,0.4705723822116852,-0.21248437464237213,-0.01597210206091404,-0.06876999884843825
-0.26044270396232605,-0.26505777239799494,0.8161203861236572,0.9020463228225709,-0.08417019248008728,-0.01328094769269228,0.42314460873603826,-0.21347129344940183,0.16176088154315948,-0.2456545382738113,0.5727084875106812,-0.15704376995563507,-0.10521397739648818,-0.8703622221946716,0.16339144110679626,-0.10709321498870848,2.454951047897339,-0.648202121257782,0.14981651306152344,-0.038412682712078094,0.1026146337389946,0.24813619256019592,0.16578239202499387,1.2669793367385864,-0.22727508842945096,-0.19771736860275269,0.5666178464889526,-0.18318943679332733,0.2722868025302887,0.2659018933773041,-0.4596558511257172,0.48978531360626226,0.30278730392456055,-0.3138745427131653,-0.015125948935747147,-0.04115848615765572
-0.2686156928539276,-0.25534942746162415,0.8148758411407471,0.92647123336792,-0.053250752389431,-0.00957375019788742,0.3724563419818878,-0.16983690857887268,0.1098073124885559,-0.14343459904193878,0.5904350876808168,-0.137421578168869,-0.049410399049520486,-0.8572553396224974,0.028609048575162888,-0.15033550560474396,2.3166794776916504,-0.6030218005180359,0.08979829400777815,-0.02665082737803459,0.04497293382883072,0.26423415541648865,0.23297619819641116,1.2733614444732666,-0.3348278999328613,-0.1756705492734909,0.5377052426338196,-0.1782078593969345,0.2052229195833206,0.26846817135810846,-0.5306169390678406,0.5032144784927368,0.15476945042610168,-0.3705656230449677,0.0005820902879349887,-0.04414112865924835
-0.27550381422042847,-0.24546357989311215,0.8167254328727721,0.9480570554733276,-0.028537657111883163,-0.012212113477289677,0.3165821433067322,-0.11902181804180144,0.06982085108757019,-0.07880136370658873,0.5753312110900879,-0.10051310807466506,-0.00977000780403614,-0.7792941927909851,-0.08788204938173294,-0.20523481070995328,2.04580307006836,-0.5335708260536194,0.06919563561677933,-0.019763743504881855,-0.001570097403600812,0.2776895761489868,0.2619009613990784,1.2194960117340088,-0.47378745675086975,-0.08067474514245987,0.5398126244544983,-0.17110447585582733,0.18394170701503756,0.24911288917064664,-0.5847103595733643,0.5018130540847777,0.04269225150346756,-0.39970099925994873,0.005443474743515253,-0.05452326685190201
-0.2789976894855499,-0.23716634511947632,0.8160564899444579,0.9684267640113831,-0.012412874959409235,-0.01068898569792509,0.24875959753990173,-0.0666058212518692,0.04051569104194641,-0.058239780366420746,0.507789134979248,-0.08830669522285461,0.008658498525619507,-0.6936665773391724,-0.13324783742427823,-0.244075670838356,1.71523118019104,-0.4151136577129364,0.06417208909988403,-0.007356146816164254,-0.03503359481692314,0.268196702003479,0.28735110163688654,1.1184625625610352,-0.577010452747345,0.0689346119761467,0.5488008856773376,-0.160411536693573,0.18459297716617584,0.18737243115901947,-0.5901762843132019,0.495939165353775,-0.031257953494787216,-0.4210563898086548,-0.01304288115352392,-0.06711561977863312
-0.27925279736518854,-0.22931060194969177,0.8096185326576234,0.9847548007965088,-0.002190763596445322,-0.006376895122230053,0.17381758987903595,-0.019147785380482677,0.016136717051267624,-0.07444589585065842,0.4525788128376007,-0.13444526493549347,0.01778496988117695,-0.6053595542907715,-0.1211344450712204,-0.2413467913866043,1.3989127874374387,-0.30995655059814453,0.02219415456056595,0.00686572352424264,-0.05973830446600913,0.23824277520179749,0.3175610303878784,0.9772567152976989,-0.6219804286956787,0.26986393332481384,0.5515136122703552,-0.1602010428905487,0.19793012738227844,0.10889475792646408,-0.5454913377761841,0.4901962578296661,-0.10886937379837036,-0.4249913394451141,-0.043826326727867126,-0.08916406333446503
-0.27761244773864746,-0.22264301776885984,0.7965312600135803,0.9957339167594909,0.004182700999081135,0.002629830501973629,0.09213933348655699,0.045085329562425606,-0.005122710485011339,-0.07725760340690611,0.3774668276309967,-0.20561906695365903,-0.003223627107217908,-0.5413581728935242,-0.10941366851329803,-0.21016897261142728,1.1725434064865112,-0.23089732229709625,-0.09354016929864883,0.027534635737538338,-0.07779286056756973,0.18710897862911224,0.34212580323219294,0.8081901669502257,-0.6214078068733215,0.50982666015625,0.5468668937683105,-0.17345575988292694,0.2341421991586685,0.022881897166371346,-0.46956032514572144,0.4906372129917145,-0.22322455048561096,-0.39254048466682434,-0.05377853289246559,-0.10900737345218658
-0.2758529484272003,-0.21769604086875916,0.7795299887657164,0.999556005001068,0.01662929356098175,0.01059893239289522,0.02233560010790825,0.12678560614585876,-0.030476000159978863,0.041143760085105896,0.25906670093536377,-0.29188320040702814,-0.0118322791531682,-0.493259996175766,-0.09578659385442732,-0.11714410036802292,1.040817618370056,-0.19560065865516665,-0.1509358435869217,0.03367597982287407,-0.10302498936653136,0.1430000215768814,0.35447195172309875,0.6422061920166016,-0.584309995174408,0.7170848250389099,0.5570420622825624,-0.18388187885284424,0.29058852791786194,-0.03961597383022308,-0.3858712613582611,0.49587160348892206,-0.3638257384300232,-0.35110849142074585,-0.061311915516853326,-0.13622546195983887
-0.27407824993133545,-0.214302122592926,0.7610026597976685,0.9992773532867432,0.02970490790903568,0.0148051418364048,-0.018525918945670128,0.1469398736953735,-0.05128932371735573,0.17030896246433258,0.2513154447078705,-0.39507627487182617,-0.014672476798295975,-0.4037431478500366,-0.07475492358207703,-0.02238188497722149,0.9163780212402344,-0.3988425731658936,-0.06317692250013351,0.018457332625985146,-0.1206660270690918,0.1161411851644516,0.35270631313323975,0.5273051261901855,-0.5422860980033875,0.7935332059860228,0.6298054456710817,-0.16942881047725675,0.3429585695266724,-0.057116929441690445,-0.3106884062290192,0.47677385807037354,-0.5042536854743958,-0.34785372018814087,-0.05101507529616356,-0.1522342711687088
-0.2775986194610596,-0.21299983561038968,0.7507429122924804,0.9987877011299133,0.028192630037665367,0.013478859327733517,-0.03803524747490882,0.05231506377458572,-0.014417828060686588,0.24161764979362488,0.4847606718540192,-0.49107193946838373,-0.033337563276290894,-0.35219457745552063,-0.06743472069501877,-0.025663001462817192,0.8331075906753539,-0.49489891529083246,-0.03087838552892208,0.012462800368666649,-0.10151953250169754,0.1325660943984985,0.3104592561721802,0.4802258908748626,-0.5472865700721741,0.7477710247039795,0.7431067228317261,-0.12502314150333405,0.33948639035224915,-0.02611491829156876,-0.27158287167549133,0.4494907855987549,-0.5818233489990233,-0.3441120982170105,-0.05164717510342597,-0.17979635298252103
-0.2828022241592407,-0.21464818716049197,0.7579670548439027,0.9985881447792051,0.02947766333818436,0.010444276966154575,-0.04293832182884216,-0.08240319788455963,0.02770020626485348,0.2634786367416382,0.7612652778625488,-0.40434461832046503,-0.03763221576809883,-0.3195631206035614,-0.0715181902050972,-0.031203143298625943,0.7565611004829407,-0.43423992395401,-0.026983365416526794,0.019359411671757695,-0.08857101947069168,0.17790904641151428,0.2599017024040222,0.48654940724372864,-0.5684358477592468,0.6037835478782654,0.8391402959823608,-0.07480321079492569,0.2819739282131195,0.05594531074166298,-0.2580029964447021,0.43680173158645624,-0.5283926725387573,-0.3064672648906708,-0.026761401444673535,-0.20026633143424988
-0.2908129394054413,-0.21900229156017303,0.7776805758476257,0.9990112185478209,0.028053369373083115,0.00574877904728055,-0.034006908535957336,-0.2811511754989624,0.08518192917108534,0.22254987061023712,1.064666748046875,-0.18150743842124936,-0.06151069700717927,-0.2435365468263626,-0.0667145773768425,-0.04527868330478668,0.6010009050369263,-0.32454779744148254,-0.03851370885968208,0.0326680950820446,-0.07161960750818253,0.22715984284877777,0.202306404709816,0.5227730870246887,-0.576387882232666,0.4050239324569702,0.9066517949104307,-0.021931812167167664,0.19025179743766785,0.11970290541648863,-0.2563847303390503,0.43907395005226135,-0.30555620789527893,-0.2746988832950592,0.007533506024628877,-0.2088788449764252
-0.29772669076919556,-0.22177842259407043,0.7980164885520934,0.999379515647888,0.029795562848448757,0.0031612704042345285,-0.018514441326260567,-0.4622453451156616,0.18004286289215088,0.2389794290065765,1.3360846042633057,-0.13645681738853455,-0.04380147904157639,-0.19158384203910828,-0.07107943296432495,-0.05313500761985778,0.48243287205696106,-0.1960313469171524,-0.04327033460140228,0.044387415051460266,-0.06470251828432083,0.276760995388031,0.1547774076461792,0.5686027407646179,-0.5445830225944519,0.19866192340850833,0.9114551544189453,-0.00910341925919056,0.12536698579788208,0.11857130378484725,-0.2784864604473114,0.44847553968429565,0.015455110929906368,-0.2625985145568848,0.012481483630836008,-0.21976877748966217
-0.3039067089557648,-0.2235247641801834,0.8119953274726868,0.9994297623634337,0.03358203172683716,0.003223692299798131,-0.0013968837447464466,-0.632530152797699,0.28334304690361023,0.27170804142951965,1.6200604438781738,-0.2048032581806183,0.017793091014027596,-0.16884879767894745,-0.0827101394534111,-0.0492321215569973,0.412299394607544,-0.09635780751705168,-0.025764647871255875,0.045964278280735016,-0.06421560049057007,0.31658294796943665,0.1154104471206665,0.6123267412185669,-0.48153576254844666,0.009164761751890182,0.8453007340431212,-0.03540359809994697,0.10520290583372116,0.07195461541414261,-0.3237020075321197,0.4859896600246429,0.3158981502056122,-0.2591038644313812,0.022065339609980583,-0.20274481177330017
-0.3079648017883301,-0.2250851392745972,0.8147087693214417,0.9993832111358641,0.031247688457369804,-0.0010247578611597419,0.01599127985537052,-0.827739417552948,0.29413628578186035,0.20648254454135892,1.9367700815200803,-0.24838910996913907,0.01905505172908306,-0.11826322227716445,-0.07891633361577988,-0.03996234014630318,0.3319806456565857,-0.05363158136606216,0.011748835444450378,0.0426483228802681,-0.05614393576979637,0.34375745058059687,0.09494318068027496,0.6574255228042603,-0.3999631404876709,-0.1770379543304443,0.69170743227005,-0.08683594316244125,0.1154319867491722,0.020691728219389915,-0.3801579177379608,0.5376849174499512,0.5775032639503479,-0.2519517242908478,0.042135320603847504,-0.16587665677070615
-0.3077014982700348,-0.22492852807044983,0.8090206384658812,0.9992528557777405,0.02113052085042,-0.007227262482047082,0.03154301270842552,-1.012474536895752,0.24448953568935397,0.11281190067529678,2.262922763824463,-0.3021901249885559,-0.007530922535806894,-0.05694057419896126,-0.06624601781368256,-0.0846935287117958,0.26149311661720276,-0.09341688454151152,0.014357298612594604,0.029444323852658272,-0.0383014939725399,0.3525915741920471,0.0787578746676445,0.6990521550178528,-0.3164791762828827,-0.3279719650745392,0.5033682584762573,-0.1284887194633484,0.1457119584083557,-0.01583763211965561,-0.4266386330127716,0.5556567907333374,0.8140435814857483,-0.2715640664100647,0.09118863195180894,-0.1346844583749771
-0.3050031065940857,-0.22405047714710236,0.8003270626068115,0.9989975690841674,0.011010510846972464,-0.007150868885219097,0.042796656489372246,-1.1639713048934937,0.1588658094406128,0.03856609761714935,2.520629405975342,-0.33133500814437866,-0.04396599903702736,-0.03480983152985573,-0.05180807039141655,-0.122644804418087,0.2506590187549591,-0.1490702927112579,0.004178113769739865,0.007002889178693295,-0.024099962785840034,0.3378559350967407,0.05070459097623825,0.7448562979698181,-0.2546234428882599,-0.38983654975891113,0.3789075314998626,-0.14146035909652707,0.1731481701135635,-0.02253889851272106,-0.4694162905216217,0.514009416103363,0.9756711721420288,-0.2826335430145264,0.12703143060207367,-0.13092868030071259
-0.30249363183975214,-0.224222332239151,0.7956011891365051,0.9988224506378173,-0.0018468714552000165,-0.0012142519699409604,0.048463281244039536,-1.270524501800537,0.07123180478811264,-0.02459975704550743,2.636158943176269,-0.30073845386505127,-0.09393276274204254,-0.053375892341136925,-0.02955570258200169,-0.1418810486793518,0.27660202980041504,-0.17228408157825467,-0.007045671343803406,-0.02322462946176529,-0.003630701452493668,0.3065778613090515,0.0265800803899765,0.798313558101654,-0.2137510031461716,-0.3541955351829529,0.3315789997577667,-0.12998808920383453,0.20283682644367215,-0.008353665471076965,-0.5148423314094543,0.42288422584533686,1.0520334243774414,-0.241019144654274,0.13040684163570404,-0.17590349912643433
-0.29940468072891235,-0.2239971160888672,0.7941485643386842,0.9987955093383789,-0.006357948761433362,0.00039205525536090136,0.04865105077624321,-1.2852100133895874,-0.014963282272219656,-0.07146212458610535,2.5523698329925537,-0.19596213102340695,-0.1434255093336105,-0.0655781701207161,-0.02282096073031425,-0.14184680581092834,0.29854592680931086,-0.18635611236095428,-0.01779959909617901,-0.048112936317920685,0.001967727206647396,0.28027480840682983,0.03149009868502617,0.845673382282257,-0.19404402375221247,-0.2541017234325409,0.3367432951927185,-0.11557474732398985,0.22888720035552976,0.019481610506772995,-0.5463060140609741,0.29781970381736755,1.074826955795288,-0.10648324340581893,0.10046202689409256,-0.2701866030693054
-0.29419440031051636,-0.22165523469448087,0.7934176921844481,0.9990070462226868,-0.0046118986792862415,-0.0006982278428040445,0.04430782422423363,-1.1953282356262207,-0.03865053877234458,-0.09704502671957017,2.3151226043701167,-0.060857977718114846,-0.1620369404554367,-0.07225734740495682,-0.024778081104159355,-0.12118948996067049,0.32197150588035583,-0.20841328799724576,-0.023617813363671303,-0.06781575828790665,-0.007439827546477319,0.25098371505737305,0.0649227648973465,0.8712798357009887,-0.1786038428544998,-0.11587049812078476,0.3489930033683777,-0.11291448771953581,0.26146450638771057,0.05531340092420577,-0.5518304109573364,0.1809475868940353,1.0851541757583618,0.058579470962286,0.05394123867154121,-0.34930893778800964
-0.28644353151321406,-0.2174896001815796,0.792906105518341,0.9994201064109801,-0.005525934975594281,-0.004476883448660374,0.033300913870334625,-1.0067851543426511,-0.0014893910847604275,-0.11477740854024888,1.98211407661438,0.024828210473060608,-0.15327326953411102,-0.06370504945516585,-0.017892228439450264,-0.09322541952133177,0.33037376403808594,-0.22895018756389615,-0.016329769045114517,-0.07533986121416093,-0.014436008408665655,0.22250673174858093,0.10850390791893004,0.8604136705398558,-0.15638737380504608,0.0521712638437748,0.3407013416290283,-0.11692743003368376,0.3195994794368744,0.09580100327730179,-0.5282956957817078,0.0974249392747879,1.1004830598831177,0.15944312512874603,0.01642465591430664,-0.36621412634849543
-0.275979220867157,-0.2117569595575333,0.7913660407066345,0.9997254014015197,-0.014103214256465437,-0.01251025591045618,0.013916291296482086,-0.7665591239929198,0.08183823525905609,-0.1176868751645088,1.5846713781356812,0.07606087625026704,-0.12975051999092102,-0.03530098497867584,0.005854366347193718,-0.06659677624702454,0.3197137713432312,-0.24678280949592593,0.0012475784169510007,-0.07306119799613953,-0.002666799584403634,0.19920252263545987,0.1379317045211792,0.8046213984489442,-0.1549396961927414,0.26613280177116394,0.30599385499954224,-0.1197150945663452,0.3710773587226868,0.13314360380172727,-0.4864445626735687,0.05020933225750923,1.126875877380371,0.19717276096343997,0.0016253376379609108,-0.34176248311996454
-0.2645705044269562,-0.20426464080810544,0.783687174320221,0.9994750022888184,-0.02258877642452717,-0.021916525438427925,-0.0076866503804922095,-0.49050146341323847,0.1660871058702469,-0.08289016038179396,1.1442614793777464,0.06567535549402237,-0.11628808081150054,-0.01899951323866844,0.021835340186953545,-0.042866505682468414,0.357781320810318,-0.29638853669166565,0.028362931683659557,-0.07473348826169966,0.015634404495358467,0.17853030562400815,0.13650457561016083,0.717620313167572,-0.18075725436210632,0.5163085460662842,0.2325282841920853,-0.1083972081542015,0.3880191147327423,0.17196285724639893,-0.43809014558792114,0.047007180750370026,1.14217209815979,0.20474065840244293,0.005382115487009287,-0.31291243433952326
-0.2547215521335602,-0.1981763690710068,0.7700317502021788,0.9984682798385619,-0.03352572023868561,-0.02868792414665222,-0.0333789587020874,-0.2570425868034363,0.2234602123498917,-0.021844126284122467,0.8812465667724609,-0.27878037095069885,-0.16646583378314972,-0.04114414379000664,0.03559751808643341,-0.0199125949293375,0.46431007981300354,-0.37481251358985906,0.04816645383834839,-0.07362424582242964,0.04585645720362663,0.15614426136016843,0.12909585237503052,0.6144943237304688,-0.22901850938797,0.7499651908874511,0.14380113780498505,-0.10661327838897704,0.3653571605682373,0.2041099518537521,-0.4027747809886932,0.06796859204769135,1.1613550186157227,0.1918296366930008,0.010740594007074831,-0.2842395305633545
-0.25114357471466064,-0.1925928890705109,0.7584213614463806,0.9980502128601073,-0.027551580220460888,-0.03323008120059967,-0.045082084834575646,-0.16835111379623413,0.21498049795627597,0.03032080829143524,0.7966864705085753,-0.41005873680114746,-0.17423416674137115,-0.08864609152078627,0.012875422835350037,-0.004851147532463074,0.5948771238327025,-0.4460354447364807,0.06409566104412079,-0.08277525007724763,0.03888525441288948,0.14793138206005096,0.10196615755558013,0.5292220711708069,-0.30190330743789673,0.9243430495262146,0.08468207716941833,-0.10925634950399397,0.305944949388504,0.22204244136810303,-0.369210422039032,0.0774710327386856,1.1853855848312376,0.1592665463685989,0.022135868668556213,-0.2511960566043854
-0.25042289495468134,-0.1875932812690735,0.7568878531455994,0.9988812804222107,-0.009658941999077797,-0.0312885157763958,-0.034115441143512726,-0.16556304693222043,0.16026630997657776,0.03187406063079833,0.7756869196891784,-0.406281441450119,-0.1578454226255417,-0.11258698254823685,-0.04064425453543663,-0.007709354162216186,0.6485785245895386,-0.4738819897174835,0.07618801295757292,-0.10086312890052795,0.00531616248190403,0.13938415050506592,0.060333456844091415,0.45897430181503296,-0.3806264102458954,1.0651657581329343,0.06155608594417572,-0.10024654865264893,0.23392625153064728,0.23328356444835663,-0.3180438280105591,0.07410391420125961,1.2202818393707275,0.11386428773403168,0.042013775557279594,-0.22271099686622617
-0.24938246607780457,-0.1840423196554184,0.761149525642395,0.9992204308509826,-0.003910806495696305,-0.029364008456468586,-0.026095353066921238,-0.15108737349510193,0.13667961955070496,0.02914950810372829,0.736027956008911,-0.383259654045105,-0.1564081907272339,-0.0980113074183464,-0.06226508691906929,-0.015117456205189228,0.618796944618225,-0.45952150225639343,0.07905916124582289,-0.10184951871633528,0.0017991146305575967,0.13125041127204895,0.03264109417796135,0.390888512134552,-0.44823697209358215,1.1656458377838135,0.06822784990072249,-0.08170577138662338,0.162527859210968,0.2457258254289627,-0.2676450312137604,0.09240268170833588,1.235803723335266,0.06135155633091927,0.0589463859796524,-0.1933651715517044
-0.2486058175563812,-0.18168462812900543,0.7687164545059203,0.9994333386421204,-0.0020462030079215765,-0.024125488474965092,-0.023381305858492848,-0.12295357137918472,0.12731586396694183,0.035985879600048065,0.6568874716758728,-0.34608525037765503,-0.15099424123764038,-0.07088758051395416,-0.06954631209373474,-0.018959797918796536,0.5399861335754395,-0.41731753945350647,0.08011911064386366,-0.0879755988717079,0.009419950656592846,0.11436931788921356,0.02567458152770996,0.32234519720077515,-0.4985838234424591,1.2297040224075315,0.08607324212789534,-0.0669623613357544,0.10453791916370392,0.2594984471797943,-0.22288027405738833,0.1548676639795303,1.2146943807601929,-0.018053634092211723,0.06818611174821854,-0.16529147326946259
-0.24766260385513303,-0.1803853064775467,0.7775195837020874,0.9995668530464172,0.0041572945192456245,-0.017846431583166122,-0.023029150441288948,-0.08099783957004547,0.10968527197837828,0.050240159034729,0.5412293076515198,-0.2880977988243103,-0.14210456609725952,-0.039946768432855606,-0.08419506996870042,-0.01928321272134781,0.44416031241416926,-0.3666565120220184,0.08582623302936555,-0.06848520040512085,0.00613480107858777,0.092122383415699,0.040564417839050286,0.26739564538002014,-0.5321153998374938,1.2493278980255127,0.10230877995491028,-0.07604865729808806,0.07714230567216873,0.27042269706726074,-0.18822653591632843,0.24194875359535217,1.1659618616104124,-0.10003977268934248,0.06080800667405128,-0.1416407823562622
-0.2458700239658356,-0.17929032444953918,0.7848391532897949,0.9995328187942506,0.011392096988856792,-0.013423243537545204,-0.024982614442706108,-0.034639503806829446,0.09053859859704973,0.06483381986618042,0.4233388900756836,-0.22636537253856656,-0.13607080280780792,-0.012155977077782154,-0.10119692236185072,-0.018073389306664463,0.361960232257843,-0.32267874479293823,0.09498663991689682,-0.0477130152285099,-0.0010819957824423907,0.07656655460596083,0.06402631103992462,0.23490120470523837,-0.5514821410179137,1.2340261936187744,0.09682688117027281,-0.10233141481876372,0.07299987226724625,0.27026706933975214,-0.16779716312885284,0.31246405839920044,1.1199316978454588,-0.14245860278606415,0.046119868755340576,-0.12431605160236359
-0.24429814517498016,-0.17823445796966553,0.7892286777496339,0.9993767142295836,0.018148159608244892,-0.012333867140114307,-0.02765369042754173,0.008942526765167713,0.07246686518192291,0.07570313662290573,0.32566070556640625,-0.17732281982898712,-0.1314212679862976,0.011093861423432829,-0.11791139841079712,-0.016208531334996223,0.30748534202575684,-0.2952026128768921,0.10669441521167757,-0.02811330556869507,-0.006405186373740435,0.07170620560646057,0.08375563472509384,0.21933861076831815,-0.5617479681968689,1.2071356773376465,0.0802418515086174,-0.12256012856960297,0.0813792422413826,0.2515273690223694,-0.16470998525619507,0.3656129539012909,1.0962177515029907,-0.15758809447288513,0.03498777747154236,-0.12179880589246748
-0.24358804523944852,-0.1771153062582016,0.7904931902885437,0.9992431402206419,0.02273639477789402,-0.014563338831067084,-0.02800079807639122,0.045464504510164254,0.05848977714776993,0.07996915280818939,0.25804492831230164,-0.15018558502197263,-0.12453562766313551,0.03286242112517357,-0.13120895624160767,-0.0192841961979866,0.27508243918418884,-0.2844187915325165,0.1133423000574112,-0.014630707912147043,-0.00733568100258708,0.07651697844266891,0.09605398029088974,0.2140424996614456,-0.5698981881141664,1.1851241588592527,0.06349119544029236,-0.12815330922603607,0.09216614812612531,0.22203500568866727,-0.17654475569725037,0.4006601572036743,1.088014006614685,-0.16828128695487976,0.031024735420942303,-0.13351817429065704
-0.2433568388223648,-0.1761433184146881,0.7900132536888121,0.9992374181747437,0.0238062534481287,-0.018842522054910656,-0.024552881717681885,0.07063744962215424,0.05253953859210014,0.07591144740581512,0.22333647310733795,-0.1429651230573654,-0.11721905320882796,0.05552032589912415,-0.13785479962825775,-0.030758557841181755,0.2519421577453613,-0.27954828739166254,0.11437942832708357,-0.0072528552263975135,-0.0031304731965065,0.08537381142377853,0.09912405908107756,0.21382963657379153,-0.5823302268981934,1.1771892309188843,0.05560910329222679,-0.1232931911945343,0.0999457761645317,0.19334565103054047,-0.19541949033737183,0.4183090329170227,1.0848838090896606,-0.1698821187019348,0.0321832112967968,-0.15222914516925812
-0.24345898628234863,-0.17560607194900513,0.7888059020042419,0.9993043541908264,0.02202424965798855,-0.02393088489770889,-0.018250096589326855,0.08471576869487761,0.05363227054476737,0.06457671523094177,0.21431390941143036,-0.14951390027999875,-0.11315833032131196,0.07963136583566666,-0.1378633975982666,-0.046333353966474526,0.23243021965026853,-0.2755690515041352,0.11475712060928343,-0.00576746417209506,0.0033888686448335648,0.0948267877101898,0.09466541558504105,0.21536757051944727,-0.5968578457832336,1.1836576461791992,0.05500785261392593,-0.11445781588554382,0.10117023438215256,0.1727655678987503,-0.21461738646030423,0.4213322401046753,1.0807106494903564,-0.167549267411232,0.03615637123584747,-0.17093876004219055
-0.24362850189208984,-0.17528551816940308,0.787489652633667,0.999321401119232,0.01973252184689045,-0.029040805995464325,-0.011135993525385857,0.09395220875740051,0.05637914314866065,0.052278175950050354,0.2139344960451126,-0.15959495306015015,-0.11110180616378784,0.10296755284070969,-0.13567687571048737,-0.06100746989250183,0.21721696853637693,-0.2734251618385315,0.11611966043710709,-0.008231500163674353,0.007183676585555077,0.10328809916973114,0.08729397505521774,0.21710731089115143,-0.6098020672798157,1.199373722076416,0.05189631506800652,-0.10827741026878356,0.09732363373041153,0.15843281149864197,-0.23199668526649475,0.41879141330718994,1.0741145610809326,-0.16704396903514862,0.04026607051491737,-0.18213291466236117
-0.24351897835731504,-0.17483186721801755,0.7865303754806519,0.9992681741714476,0.0187032837420702,-0.032953627407550805,-0.005235351622104645,0.10223260521888732,0.05666212365031242,0.04258411005139351,0.21017135679721832,-0.16595155000686643,-0.10931941866874693,0.12018220871686935,-0.13537105917930603,-0.07228589057922363,0.2084670513868332,-0.2739844918251037,0.1179480329155922,-0.011382498778402804,0.006060235667973757,0.1092233508825302,0.07904763519763945,0.2183178812265396,-0.6210928559303284,1.21834397315979,0.04568414017558098,-0.10477405786514282,0.0903901234269142,0.14592798054218292,-0.2456533908843994,0.4155845940113068,1.0667123794555664,-0.16778582334518433,0.0426173210144043,-0.18500916659832
-0.2432591021060944,-0.1739719659090042,0.7859046459197998,0.999213933944702,0.017907893285155296,-0.035309825092554085,-0.0020014604087919,0.10952573269605637,0.057117763906717293,0.03690803796052933,0.20317603647708887,-0.16937197744846344,-0.1089862585067749,0.13020920753479004,-0.13472309708595276,-0.07863427698612213,0.2034960091114044,-0.27443715929985046,0.11874376982450484,-0.013197427615523338,0.004519409500062466,0.11253967881202696,0.07203973829746246,0.21926118433475492,-0.6306704878807068,1.2339606285095215,0.04055066034197807,-0.10223399102687836,0.08188305050134659,0.13315236568450928,-0.2559143602848053,0.4138365089893341,1.0602858066558836,-0.16862793266773224,0.0438142828643322,-0.18254810571670527
-0.24305029213428497,-0.17265188694000244,0.785615861415863,0.999189853668213,0.01683041639626026,-0.036531463265419006,-0.0013188337907195091,0.11494819819927216,0.058824148029088974,0.03495016321539879,0.19655530154705048,-0.17081975936889648,-0.10923120379447936,0.1357979029417038,-0.13278470933437347,-0.0806010887026787,0.1985364258289337,-0.2724849283695221,0.11891374737024309,-0.013159777969121931,0.004942788742482662,0.11412100493907928,0.06708326935768127,0.2203107178211212,-0.638029158115387,1.2423923015594482,0.03860905393958092,-0.10029610246419907,0.07480813562870026,0.12011796236038208,-0.263191431760788,0.4145192205905914,1.054843187332153,-0.16966697573661804,0.04441028460860252,-0.17817559838294983
-0.2431368976831436,-0.17112696170806885,0.7854992151260376,0.9991836547851561,0.015483565628528593,-0.03724087402224541,-0.0023169140331447124,0.11934886127710342,0.06131771579384804,0.03551553189754486,0.19083696603775024,-0.17147094011306763,-0.10940171778202055,0.1396171897649765,-0.12979012727737427,-0.07916527986526489,0.19205406308174133,-0.26831021904945374,0.11845334619283676,-0.011688683182001112,0.007214080076664686,0.11497969180345537,0.06424490362405777,0.2217833548784256,-0.6439060568809509,1.2443443536758423,0.04039137810468674,-0.09933933615684509,0.06951086223125458,0.10816233605146408,-0.2676674425601959,0.4184454083442688,1.0489087104797363,-0.17172475159168243,0.04463024437427521,-0.17339614033699036
-0.24354133009910583,-0.16967369616031647,0.7855196595191956,0.9991788864135742,0.014231403358280659,-0.037722133100032806,-0.0040055918507277966,0.12359099090099333,0.06345028430223465,0.03676408529281616,0.18467323482036593,-0.1711285263299942,-0.10893040150403976,0.14244744181632996,-0.12687842547893524,-0.07598711550235747,0.18512263894081116,-0.2629118859767914,0.11788206547498704,-0.009772304445505142,0.010079845786094664,0.11543184518814086,0.06332367658615112,0.22390533983707428,-0.6460997462272644,1.2410331964492796,0.0425882264971733,-0.09941649436950685,0.06576597690582275,0.09833581745624542,-0.26917147636413574,0.42354938387870794,1.0421818494796753,-0.17539341747760773,0.04442243650555611,-0.16880680620670319
-0.24412068724632263,-0.16839699447155,0.7856622338294984,0.9991742372512816,0.013463584706187248,-0.037937145680189126,-0.005507057532668114,0.1264725923538208,0.06437855958938599,0.037282224744558334,0.17939446866512299,-0.1696382761001587,-0.1078159287571907,0.14365355670452115,-0.1252422034740448,-0.07276384532451628,0.17992594838142395,-0.25814399123191833,0.11731999367475508,-0.008421019650995731,0.01207059621810913,0.11554672569036484,0.06363027542829514,0.2267213612794876,-0.64423930644989,1.2345247268676756,0.04266427457332611,-0.1005866527557373,0.06435198336839676,0.09119918942451476,-0.26736760139465326,0.4282766580581665,1.0353329181671143,-0.17985554039478302,0.04325976967811584,-0.165615975856781
-0.24477046728134155,-0.1674479842185974,0.7857930660247802,0.9991629123687744,0.013220097869634628,-0.03818314149975777,-0.006383166182786225,0.1278255432844162,0.06405651569366455,0.03617551922798157,0.17595863342285156,-0.16785433888435364,-0.10710200667381287,0.1437082141637802,-0.12530493736267087,-0.07093703746795654,0.17762543261051175,-0.255247175693512,0.11688383668661116,-0.008008044213056563,0.012316460721194744,0.11601597070693968,0.06344092637300491,0.2297619581222534,-0.6395695209503174,1.2274287939071655,0.04003115743398666,-0.10255462676286696,0.06503497809171677,0.08647490292787552,-0.2618127465248108,0.433984100818634,1.0296680927276611,-0.18463508784770963,0.04107410088181496,-0.16421066224575043
-0.24544772505760193,-0.16679643094539642,0.7857508659362794,0.99914413690567,0.013307319022715092,-0.03861923888325691,-0.006514115259051322,0.12818682193756104,0.06305758655071259,0.03407999128103256,0.17456914484500885,-0.1668870896100998,-0.10703429579734802,0.14334966242313385,-0.12651169300079343,-0.07094492018222809,0.17807637155056,-0.2547129094600677,0.1165960505604744,-0.008169787935912609,0.010918122716248035,0.11714893579483032,0.06117726117372513,0.2324601411819458,-0.6350556015968323,1.2227903604507446,0.035778727382421494,-0.10422194004058837,0.06709332019090652,0.08342541754245758,-0.2527827322483063,0.44310981035232544,1.0277369022369385,-0.18877191841602323,0.03882533684372902,-0.1638437062501907
-0.24620221555233,-0.1663299947977066,0.785561978816986,0.999125897884369,0.013401219621300696,-0.03911685198545456,-0.006140829063951969,0.12809410691261292,0.06232899427413941,0.03158507123589516,0.17420601844787595,-0.1668720841407776,-0.1076432541012764,0.1432632952928543,-0.1276682615280151,-0.07229998707771301,0.17909805476665497,-0.2552168071269989,0.11671932786703108,-0.008604055270552635,0.008618177846074104,0.1185515969991684,0.05710374563932418,0.23421470820903775,-0.6323702335357666,1.2211604118347168,0.0305465180426836,-0.104423388838768,0.06952190399169922,0.08153379708528519,-0.24144749343395236,0.4574169516563416,1.0300664901733398,-0.19330634176731107,0.03736438974738121,-0.16242657601833344
-0.24703305959701535,-0.16596980392932892,0.7852542996406555,0.999117076396942,0.013213095255196095,-0.03949565812945366,-0.005522354040294886,0.12829245626926422,0.06248646974563599,0.029232287779450417,0.17316852509975433,-0.16817902028560638,-0.10874920338392256,0.14358162879943848,-0.12780524790287015,-0.07411507517099379,0.17926092445850372,-0.255580872297287,0.11688024550676344,-0.009587964974343777,0.00646982854232192,0.11928893625736237,0.05201701819896697,0.23432256281375885,-0.6301347613334656,1.2217613458633423,0.02444678358733654,-0.1025381088256836,0.07161884009838104,0.08031703531742096,-0.22884751856327057,0.4753833711147308,1.0364305973052979,-0.20051050186157224,0.0378803201019764,-0.15830323100090027
-0.24774792790412903,-0.16584259271621704,0.784927725791931,0.9991173148155212,0.013004079461097716,-0.03964817523956298,-0.004853415302932262,0.12942923605442047,0.062754787504673,0.02693538926541805,0.16952596604824066,-0.1688605695962906,-0.10912498086690901,0.14401891827583313,-0.12761902809143066,-0.07551439851522444,0.17902415990829468,-0.2555176913738251,0.1172199323773384,-0.010791524313390253,0.004278562963008881,0.11928705871105194,0.04606608673930168,0.23279111087322235,-0.6283579468727112,1.2227290868759155,0.01866947114467621,-0.09878636896610259,0.07253985852003098,0.0793256014585495,-0.21654571592807767,0.4918552339076996,1.0444536209106443,-0.2101188749074936,0.040274772793054574,-0.15177772939205167
-0.24829509854316711,-0.1658412665128708,0.7847471833229066,0.9991324543952941,0.012886760756373404,-0.03939508274197578,-0.004038061015307903,0.13010384142398834,0.06257162988185883,0.02390450425446033,0.1650404781103134,-0.16844710707664487,-0.10840872675180437,0.14375923573970795,-0.1274750977754593,-0.07650817930698393,0.17837290465831757,-0.25471827387809753,0.11711638420820236,-0.012624977156519888,0.0021546876523643728,0.11833707243204115,0.04000209644436836,0.23053196072578433,-0.6268438696861267,1.221271276473999,0.014975646510720251,-0.09451741725206377,0.07122490555047989,0.07819408923387526,-0.20629468560218808,0.5024954676628113,1.0520466566085815,-0.21951869130134585,0.043812036514282234,-0.14512930810451508
-0.24879786372184756,-0.16593284904956815,0.7847414016723632,0.9991539120674131,0.01275084912776947,-0.03897855058312416,-0.003092003986239433,0.13000930845737457,0.0620010681450367,0.01959104649722576,0.1615094244480133,-0.1674334853887558,-0.10735557228326796,0.14321739971637723,-0.12700873613357544,-0.07705985009670258,0.17719988524913788,-0.25320157408714294,0.11638757586479188,-0.014827051199972628,0.0005493953358381987,0.11698200553655624,0.03460634872317314,0.2284943759441376,-0.6262284517288208,1.2158823013305664,0.015519763343036175,-0.09204687923192978,0.06711078435182571,0.07781051099300385,-0.19955348968505857,0.5066062211990356,1.058345913887024,-0.22650294005870816,0.04670353606343269,-0.1395600289106369
-0.2493035197257996,-0.16596435010433197,0.7848901152610778,0.9991740584373474,0.01264356356114149,-0.038553915917873376,-0.0022097507026046515,0.12913906574249268,0.06126170232892037,0.015094618313014507,0.1591259390115738,-0.1659330278635025,-0.1062815934419632,0.1422419399023056,-0.1264435350894928,-0.07736176997423173,0.1760960966348648,-0.2514958083629608,0.11492469906806944,-0.016980215907096863,-0.0007197775412350893,0.11575730144977568,0.030545081943273544,0.22755166888237,-0.6262217164039612,1.2064766883850095,0.018735123798251152,-0.09217292815446851,0.061061736196279526,0.0782489702105522,-0.1970217525959015,0.5048122406005859,1.0627923011779783,-0.22966358065605164,0.04823685809969903,-0.13590380549430847
-0.24992431700229645,-0.16572681069374084,0.7851050496101379,0.9991833567619325,0.012634135782718658,-0.03834816440939903,-0.0015452716033905745,0.12771280109882355,0.0605974718928337,0.011696582660079002,0.15788324177265167,-0.16416268050670624,-0.10527017712593079,0.1408080756664276,-0.12600843608379364,-0.0774722546339035,0.1760454773902893,-0.25027990341186523,0.11334823071956635,-0.01870787516236305,-0.0018936580745503304,0.11539243906736373,0.027458908036351204,0.2283138185739517,-0.6272273063659668,1.1948558092117307,0.022536711767315865,-0.09426641464233398,0.05546855553984641,0.07901845127344131,-0.199204295873642,0.49959367513656616,1.065246343612671,-0.22684854269027707,0.04789534956216812,-0.1355019211769104
-0.2506940960884094,-0.16537663340568542,0.785249650478363,0.9991848468780515,0.012691117823123932,-0.03830470144748688,-0.0011578991543501616,0.12613962590694427,0.06037558615207672,0.010195625014603136,0.15698634088039398,-0.16214720904827115,-0.10492683202028275,0.13917736709117887,-0.12557002902030945,-0.07705585658550262,0.1765434592962265,-0.2496017962694168,0.11253808438777924,-0.019729098305106163,-0.0030195319559425116,0.11585284024477004,0.02446015551686287,0.23020800948143005,-0.6274855732917786,1.18414306640625,0.026920322328805923,-0.09674975275993347,0.05305817723274231,0.07945634424686432,-0.2042984962463379,0.49519535899162287,1.066941738128662,-0.22080256044864652,0.04716788232326508,-0.13695602118968964
-0.2517697811126709,-0.16500036418437955,0.7853190898895263,0.9991871118545533,0.01275387592613697,-0.03822658583521842,-0.001074718777090311,0.1244666874408722,0.060738857835531235,0.010048103518784046,0.15594173967838287,-0.15997518599033356,-0.10509589314460754,0.1374433934688568,-0.12473194301128387,-0.07551335543394087,0.17707683145999908,-0.24911193549633023,0.11230674386024476,-0.020134497433900837,-0.0041104541160166255,0.11650113761425018,0.02170082740485668,0.2321663349866867,-0.6266137957572937,1.1760379076004028,0.031242372468113896,-0.09823532402515411,0.05377699062228202,0.07998649030923843,-0.2102195620536804,0.49267885088920593,1.0680065155029297,-0.2111075073480606,0.047213539481163025,-0.13748951256275177
